DDC,Title,description
870,Author and audience in Latin literature /,
870,Beyond Greek :,"""We take the existence of a literature in the Latin language for granted, but the emergence of this literature is a very strange moment in history. Latin literature should probably not have come into being in the form it took. This book explores the opening phase of Latin literature, from 240 to 140 BCE. The period begins with the first stage productions of Greek plays translated into Latin, which were also the first translations of Greek literary texts into any other language; it closes with the Romans in possession of a large-scale literature in Latin based on the literature of the Greeks, together with a developed historical tradition about their past and a mythology that connected them to the inheritance of the Greeks. The book uses a range of comparative evidence from both the ancient and the modern worlds in order to provide a context for understanding what the Romans did. The book recovers a great range of possibilities for cultural interaction in the ancient Mediterranean, with languages and texts sometimes interchanging quite freely and sometimes being blocked. The book argues that the Roman translation project and the resulting literature were highly anomalous in an ancient context: translation of literature was extremely rare in the world known to the Romans, and the ancient Mediterranean hosted many very successful cultures that had no kind of equivalent to the widely diffused text-based literary systems of the Greeks. The transformation of the Romans' Italian alliance into a Mediterranean imperial power provides the context for the revolution in their cultural life that led to what we call ""Latin literature."""" --"
870,The Cambridge critical guide to Latin literature /,"""The Cambridge Critical Guide to Latin Literature offers a critical overview of work on Latin literature. Where are we? How did we get here? Where to next? Fifteen commissioned chapters, along with an extensive introduction and Mary Beard's postscript, approach these questions from a range of angles. They aim not to codify the field, but to give snapshots of the discipline from different perspectives, and to offer provocations for future development. The Critical Guide aims to stimulate reflection on how we engage with Latin literature. Texts, tools and territories are the three areas of focus. The Guide situates the study of classical Latin literature within its global context from late antiquity to Neo-Latin, moving away from an exclusive focus on the pre-200 CE corpus. It recalibrates links with adjoining disciplines (history, philosophy, material culture, linguistics, political thought, Greek), and takes a fresh look at key tools (editing, reception, intertextuality, theory)""--"
870,The Celtic Latin tradition of biblical style /,
870,Collected papers on Latin literature /,
870,A commentary on the Satyrica of Petronius /,
870,Cry out and write :,
870,Empire and memory :,
870,England and the 12th-century renaissance /,
870,Explorations in Latin literature /,"""Aeneas' speech of defence before Dido (Aen. 4.333-61) is the longest and most controversial he delivers. Although by no means typical, it can open up some revealing perspectives over the rest of the poem. The exchange between the two, having as its kernel a dispute over obligations and responsibilities, requires some words of context""--"
870,Fasti romani :,
870,Fiction as history :,
870,Fighting for Rome :,
870,Florilegium Neolatinum :,
870,From topography to text :,"From Topography to Text: The Image of Jerusalem in the Writings of Eucherius, Adomnán and Bede' uses topographical detail to examine the source material, religious imagination and the image of Jerusalem in three related Latin texts from the fifth, seventh and eighth centuries. The work introduces an original methodology for analyzing the Jerusalem pilgrim texts, defined by their core interest in the commemorative topography of the Christian holy places. By newly identifying the topographical material in Adomnán's description of Jerusalem, the study exposes key distortions in the text, its exclusive intramural focus on the Holy Sepulchre and the eschatological image of New Jerusalem that emerges from its description of contemporary Jerusalem. The study verifies the post-Byzantine provenance of Adomnán's topographical material, namely, the oral report of Arculf, thus redressing scholarly ambivalence regarding Adomnán's contemporary source. The new insights into Adomnán's 'De locis sanctis', including its mental map of Jerusalem, provide a template with which to analyze the text's relationship with the writings of Eucherius and Bede. While Bede's 'De locis sanctis' has commonly been regarded as an epitome of Adomnán's work, when the sequence, structure and images of the texts are compared, Eucherius not Adomnán is, for Bede, the authoritative text. 'From Topography to Text' offers a significant discussion on the Jerusalem pilgrim texts and the Christian topography of the Holy City, while analyzing the image of Jerusalem in the writings of three remote authors who never set foot in the city. -- Back cover."
870,Generic interfaces in Latin literature :,
870,Genres and readers :,
870,Guardians of language :,
870,A handbook of Latin literature :,
870,"A handbook of latin literature, from the earliest times to the death of st. augustine /",
870,History and literature in late antiquity and the early medieval West :,
870,"A history of Anglo-Latin literature, 597-1066.","Taking as its chronological and geographical limits the period and area of Anglo-Saxon domination, this study provides a guide to the Latin literature that existed alongside the vernacular. It does so through a chronological survey of known works, based on a thorough examination of documents and of modern scholarship. It includes ample illustrative ""ations, with accompanying English translations, and the forms associated with individual (although sometimes anonymous) writers, the histories, biographies, letters, poetry, treatises, and some liturgies. An important feature of the book is the very full bibliography, which is keyed to the text discussions.Originally published in 1967.The Princeton Legacy Library uses the latest print-on-demand technology to again make available previously out-of-print books from the distinguished backlist of Princeton University Press. These editions preserve the original texts of these important books while presenting them in durable paperback and hardcover editions. The goal of the Princeton Legacy Library is to vastly increase access to the rich scholarly heritage found in the thousands of books published by Princeton University Press since its founding in 1905."
870,A history of Latin literature /,
870,Intratextuality and Latin literature /,"Recent years have witnessed an increased interest in classical studies in the ways meaning is generated through the medium of intertextuality, namely how different texts of the same or different authors communicate and interact with each other. Attention (although on a lesser scale) has also been paid to the manner in which meaning is produced through interaction between various parts of the same text or body of texts within the overall production of a single author, namely intratextuality. Taking off from the seminal volume on Intratextuality: 'Greek and Roman Textual Relations', edited by A. Sharrock / H. Morales (Oxford 2000), which largely sets the theoretical framework for such internal associations within classical texts, this collective volume brings together twenty-seven contributions, written by an international team of experts, exploring the evolution of intratextuality from Late Republic to Late Antiquity across a wide range of authors, genres and historical periods. Of particular interest are also the combined instances of intra- and intertextual poetics as well as the way in which intratextuality in Latin literature draws on reading practices and critical methods already theorized and operative in Greek antiquity."
870,Kiss my relics :,
870,Latin for Americans first book /,
870,Latin literature :,
870,Latin literature :,
870,Latin literature from Seneca to Juvenal :,
870,Latin literatures of medieval and early modern times in Europe and beyond :,"""The textual heritage of Medieval Latin is one of the greatest reservoirs of human culture. Repertories list more than 13,174 authors from about 20 modern countries. Until now, there has been no introduction to this world in its full geographical extension. Forty contributors fill this gap by adopting a new perspective, making available to specialists (but also to the interested public) new materials and insights. The project presents an overview of Medieval (and post-medieval) Latin Literatures as a global phenomenon including both Europe and extra-European regions. It introduces to the Latin Middle Ages' complex and multi-layered culture, whose attraction has been underestimated until now. Traditional overviews mostly flatten specificities, yet in many countries medieval Latin literature is still studied with reference to the local history. Thus the first section presents about 20 regional surveys, including chapters on authors and works of Latin Literature in Eastern Central Europe, Africa, the Middle East, Asia, and the Americas. Following chapters highlight shared patterns of circulation, adaptation, and exchange, and underline the appeal of medieval intermediality, evidenced in manuscripts, maps, scientific treatises and iconotexts, and its performativity in narrations, theatre, sermons and music. The last section deals with literary ""interfaces,"" that is motifs or characters that exemplify the double-sided or the long-term transformations of medieval Latin mythologemes in vernacular culture, both medieval and modern, such as the legends about King Arthur, Faust, and Hamlet""--"
870,Latinity and literary society at Rome /,
870,Lectures and essays on subjects connected with Latin literature and scholarship /,
870,Literary language & its public in late Latin antiquity and in the Middle Ages /,"In this, his final book, Erich Auerbach states, ""My purpose is always to write history."" Tracing the influence of classical Latin rhetoric throughout literary history from late antiquity to the modern era, Auerbach continues to explore many of the issues presented in his Mimesis. For example, he draws attention to the historical and social contexts in which writings were received, and raises issues of aesthetics, semantics, stylistics, and sociology that anticipate the concerns of the new contemporary historicism."
870,Literary texts and the Roman historian /,
870,Medieval mythography :,
870,Neo-Latin literature and literary culture in early modern Scotland /,
870,The Oxford anthology of literature in the Roman world /,
870,The Oxford handbook of medieval Latin literature /,
870,The Oxford handbook of medieval Latin literature /,
870,The Oxford handbook of Neo-Latin /,
870,The Oxford handbook of Neo-Latin /,"From the dawn of the early modern period around 1400 until the eighteenth century, Latin was still the European language and its influence extended as far as Asia and the Americas. At the same time, the production of Latin writing exploded thanks to book printing and new literary and cultural dynamics. Latin also entered into a complex interplay with the rising vernacular languages. This Handbook gives an accessible survey of the main genres, contexts, and regions of Neo-Latin, as we have come to call Latin writing composed in the wake of Petrarch (1304-74). Its emphasis is on the period of Neo-Latin's greatest cultural relevance, from the fifteenth to the eighteenth centuries. Its chapters, written by specialists in the field, present individual methodologies and focuses while retaining an introductory character. The Handbook will be valuable to all readers wanting to orientate themselves in the immense ocean of Neo-Latin literature and culture. It will be particularly helpful for those working on early modern languages and literatures as well as to classicists working on the culture of ancient Rome, its early modern reception and the shifting characteristics of post-classical Latin language and literature. Political, social, cultural and intellectual historians will find much relevant material in the Handbook, and it will provide a rich range of material to scholars researching the history of their respective geographical areas of interest."
870,The politics of Latin literature :,
870,Printed commonplace-books and the structuring of Renaissance thought /,"Commonplace-books were the information-organizers of Early Modern Europe, notebooks of quotations methodically arranged for easy retrieval. From their first introduction to the rudiments of Latin to the specialized studies or leisure reading of their later years, the pupils of humanist schools were trained to use commonplace-books, which formed an immensely important element of Renaissance education. The commonplace-book mapped and resourced Renaissance culture's moral thinking, its accepted strategies of argumentation, its rhetoric, and its deployment of knowledge. In this ground-breaking study Ann Moss investigates the commonplace-book's medieval antecedents, its methodology and use as promulgated by its humanist advocates, its varieties as exemplified in its printed manifestations, and the reasons for its gradual decline in the seventeenth century. The book covers the Latin culture of Early Modern Europe and its vernacular counterparts and continuations, particularly in France."
870,The rhetoric of space :,
870,"Roman and German humanism, 1450-1550 /",
870,Roman literary culture :,
870,"Roman literature, gender, and reception :","""This cutting-edge collection of essays offers provocative studies of ancient history, literature, gender identifications and roles, and subsequent interpretations of the republican and imperial Roman past. The prose and poetry of Cicero and Petronius, Lucretius, Virgil, and Ovid receive fresh interpretations; pagan and Christian texts are re-examined from feminist and imaginative perspectives; genres of epic, didactic, and tragedy are re-examined; and subsequent uses and re-uses of the ancient heritage are probed with new attention: Shakespeare, Nineteenth Century American theater, and contemporary productions involving prisoners and veterans. Comprising twenty essays collectively honoring the feminist Classical scholar Judith Hallett, this book will interest the Classical scholar, the ancient historian, the student of Reception Studies, and feminists interested in all periods. The authors from the United States, Britain, France and Switzerland are authorities in one or more of these fields and chapters range from the late Republic to the late Empire to the present""--"
870,Roman readings:,
870,The Roman stage :,
870,The Roman way /,"""In this now-classic history of Roman civilization, Edith Hamilton vividly depicts Roman life and spirit as they are revealed by the greatest writers of the age. Among these literary guides are Cicero, who left an incomparable collection of letters; Catullus, who was the quintessential poet of love; Horace, who chronicled a cruel and materialistic Rome; and the Romantics: Virgil, Livy, and Seneca. Hamilton concludes her work by contrasting the high-mindedness of Stoicism with the collapse of values as witnessed by the historian Tacitus and the satirist Juvenal.""--Back cover."
870,The Roman way /,"""In this now-classic history of Roman civilization, Edith Hamilton vividly depicts Roman life and spirit as they are revealed by the greatest writers of the age. Among these literary guides are Cicero, who left an incomparable collection of letters; Catullus, who was the quintessential poet of love; Horace, who chronicled a cruel and materialistic Rome; and the Romantics: Virgil, Livy, and Seneca. Hamilton concludes her work by contrasting the high-mindedness of Stoicism with the collapse of values as witnessed by the historian Tacitus and the satirist Juvenal.""--Back cover."
870,Rome,
870,Sex and gender in medieval and Renaissance texts :,
870,Slavery and the Roman literary imagination /,
870,Teuffel's History of Roman literature.,
870,Teuffel's History of Roman literature.,
870,The tongue of the fathers :,
870,Understanding Latin literature /,"Understanding Latin Literature is a highly accessible, user-friendly work that provides a fresh and illuminating introduction to the most important aspects of Latin prose and poetry. This second edition is heavily revised to reflect recent developments in scholarship, especially in the area of the later reception and reverberations of Latin literature. Chapters are dedicated to Latin writers such as Virgil and Livy and explore how literature related to Roman identity and society. Readers are stimulated and inspired to do their own further reading through engagement with a wide selection of translated extracts and through understanding the different ways in which they can be approached. Central throughout is the theme of the fundamental connections between Latin literature and issues of elite Roman culture. The versatile and accessible structure of Understanding Latin Literature makes it suitable for both individual and class use."
870,Unspoken Rome :,"""Latin literature is a hotbed of holes and erasures. Its sensitivity to politics leaves it ripe for repression of all sorts of names, places and historical events, while its dense allusivity appears to hide interpretative clues in a network of texts that only the reader's consciousness can make present. The showcases innovative approaches to the field of Latin literature, all of which are refracted through this prism of absence, which functions as a fundamental generative force both for the hermeneutics and the ongoing literary aftermath of these texts. Reviewing and working with various influential approaches to textual absence, the contributors to Unspoken Rome treat these texts as silent types, listening out for what they do not say, and how they do not speak, whilst also tracing the ill-defined borders within which scholars and modern authors are legitimized to fill in the silences around which they are built.""--"
870,The virgin and the bride :,"During the last centuries of the Roman Empire, the prevailing ideal of feminine virtue was radically transformed: the pure but fertile heroines of Greek and Roman romance were replaced by a Christian heroine who ardently refused the marriage bed. How this new concept and figure of purity is connected with - indeed, how it abetted - social and religious change is the subject of Kate Cooper's lively book. The Romans saw marital concord as a symbol of social unity - one that was important to maintaining the vigor and political harmony of the empire itself. This is nowhere more clear than in the ancient novel, where the mutual desire of hero and heroine is directed toward marriage and social renewal. But early Christian romance subverted the main outline of the story: now the heroine abandons her marriage partner for an otherworldly union with a Christian holy man. Cooper traces the reception of this new ascetic literature across the Roman world. How did the ruling classes respond to the Christian claim to moral superiority, represented by the new ideal of sexual purity? How did women themselves react to the challenge to their traditional role as matrons and matriarchs? In addressing their questions, Cooper gives us a vivid picture of dramatically changing ideas about sexuality, family, morality - a cultural revolution with far-reaching implications for religion and politics, women and men. The Virgin and the Bride offers a new look at central aspects of the Christianization of the Roman world, and an engaging discussion of the rhetoric of gender and the social meaning of idealized womanhood."
870,Writing Rome :,
875,101 smoothies to mix and enjoy /,"Is there any beverage more delightfully refreshing and nutritious than a thick and delicious smoothie? 101 Smoothies by food and desserts expert Eliq Maranik is the ultimate book on the subject. The author guides you through each of these 101 mouthwatering recipes, packed with fresh and delicious ingredients, with tips on combinations, preparation and preservation. In addition, you can rate the smoothies according to your taste and take notes about your own versions of each particular smoothie. Relying on the natural sweetness of fruits and the nutritional benefits of vegetables, you can enjoy smoothies in large glasses without any pangs of guilt."
875,Actors in the audience :,
875,Biochemical analysis of membranes /,
875,The biochemistry of membrane transport /,
875,Biological horizons in surface science /,
875,Biological membranes :,
875,Biophysics and physiology of excitable membranes /,
875,Born together--reared apart :,"An overview of the Minnesota Study of Twins Reared Apart, which posits that, across a number of traits, twins reared separately are as alike as those raised together--"
875,Brill's companion to Cicero :,"This volume is intended as a companion to the study of Cicero's oratory and rhetoric for both students and experts in the field: for the neophyte, it provides a starting point; for the veteran Ciceronian scholar, a place for renewing the dialogue about issues concerning Ciceronian oratory and rhetoric; for all, a site of engagement at various levels with Ciceronian scholarship and bibliography. The book is arranged along roughly chronological lines and covers most aspects of Cicero's oratory and rhetoric. The particular strength of this companion resides in the individual, often very original approach to sundry topics by an array of impressive contributors, all of whom have spent large portions of their careers concentrating upon the oratorical and rhetorical oeuvre of Cicero. A bibliography of relevant items from the past 25 years, keyed to specific Ciceronian works, completes the volume. Brill's Companion to Cicero will become the standard reference work on Cicero for many years."
875,The Cambridge companion to Cicero /,"""Cicero was one of classical antiquity's most prolific, varied and self-revealing authors. His letters, speeches, treatises and poetry chart a political career marked by personal struggle and failure and the collapse of the republican system of government to which he was intellectually and emotionally committed. They were read, studied and imitated throughout antiquity and subsequently became seminal texts in political theory and in the reception and study of the Classics. This Companion discusses the whole range of Cicero's writings, with particular emphasis on their links with the literary culture of the late Republic, their significance to Cicero's public career and their reception in later periods""--"
875,Cicero  :,"In this Very Short Introduction, Yelena Baraz presents a concise and integrated account of Cicero's life and accomplishments, locating him within the political and intellectual contexts of his time. It shows that in all his pursuits Cicero saw himself as a mediating figure: between theory and practice, philosophy and politics, Greek and Roman, and among political interest groups. Baraz tackles each area of Cicero's activity on its own terms while showing how overarching ideas and priorities permeate the apparently separate endeavours. (Fonte: editore)."
875,Cicero :,
875,"A commentary on ""Panegyrici Latini II(12)"" :","""The renowned Gallic poet Pacatus Drepanius journeyed to Rome in the summer of AD 389 to deliver a speech to the Emperor Theodosius; both men stood for the first time before the Roman Senators. It was a moment of high political charge. The Latin speech survives and is here presented both in the original and with facing English translation; the introduction and commentary capture the groundbreaking character of the work and set it in its historical, rhetorical and literary contexts. Roger Rees is a Professor of Classics at the University of St Andrews. He is a leading authority on the Latin oratorical collection known as the XII Panegyrici Latini. His publications include Layers of Loyalty in Latin Panegyric 289-307 (2002) and Latin Panegyric (ed., 2012)""--"
875,Current topics in membranes and transport.,
875,Current topics in membranes and transport.,
875,Current topics in membranes and transport.,
875,De imperio :,
875,De Oratore.,
875,Defence speeches /,"Cicero (106-43 BC) was the greatest orator of the ancient world. He dominated the Roman courts, usually appearing for the defense. His speeches are masterpieces of persuasion. They are compellingly written, emotionally powerful, and sometimes hilariously funny. This book presents five of his most famous defenses: of Roscius, falsely accused of murdering his father; of the consul-elect Murena, accused of electoral bribery; of the poet Archias, on a citizenship charge; of Caelius, ex-lover of Clodia Metelli, on charges of violence; and of Milo, for murdering Cicero's hated enemy Clodius. Cicero's clients were rarely innocent; but so seductive is his oratory that the reader cannot help taking his side. In these speeches we are plunged into some of the most exciting courtroom dramas of all time. These new translations preserve Cicero's literary artistry and emotional force, while achieving new standards of accuracy. Each speech has its own introduction, and a general introduction discusses Cicero's public career and the criminal courts. The substantial explanatory notes smoothly guide the reader through the speeches, allowing a clearer understanding of the text."
875,Explorer's guide Yellowstone & Grand Teton National Parks /,"Wondrous scenery, incomparable wildlife viewing, riveting geology, and the chance to observe a natural environment hard at work all await travelers at Yellowstone and Grand Teton National Parks. And if readers are looking for a thrill, these parks won’t disappoint—below the serene, peaceful surfaces of these parks are megatons of pent- up geothermal fury, just waiting to explode. That’s right, the entire region could be obliterated in a cataclysmic instant—so this vacation destination should be at the top of your list!A complete guide for an explorer’s next visit to the Yellowstone and Grand Teton area, this book includes detailed tips for traversing the spring, geyser, and travertine terrace-filled parks, the best dining options nearby, and suggestions for places to lodge overnight. Paired with clearly marked maps and beautiful photographs, this guidebook helps travelers make the most of their time at Yellowstone and Grand Teton."
875,The funky fresh juice book /,
875,Helping young refugees and immigrants succeed :,
875,How to tell a joke :,"""Everyone knows that Marcus Tullius Cicero was one of the great statesmen, lawyers, and effective orators in the history of Rome. But did you also know he was regarded as one of the funniest people in Roman society as well? Five hundred years after his death, in the twilight of antiquity, the writer Macrobius ranks him alongside the comic playwright Plautus as the one of the two greatest wits ever. In this book, classicist Michael Fontaine, proposes to translate selections from Cicero's great rhetorical treatise, On the Ideal Orator (De Oratore). That larger work covered the whole of rhetoric and effective public speaking and debate. However, contained within it, is a long section focused on the effective use of humor in public speaking. In it, Cicero is concerned not just with various kinds of individual jokes, but with jokes that are advantageous in social situations. He advises readers on how to make the most effective use of wit to win friends, audiences, and achieve their overall ambitions. Cicero wants to teach his readers how to tell a joke without looking like a buffoon, and how to prevent or avoid jokes from backfiring. Hence, he does give scores of examples of jokes-some of which are timeless and translate easily, others that involve puns in Latin that challenged the translator's creativity. But overall, this work brings to the fore a little known, but important part of Cicero's classic work.""--"
875,Impoverishment and asylum :,"""Impoverishment and Asylum argues that a shift has taken place in recent decades from construing asylum as primarily a political and/or humanitarian phenomenon, to construing it as primarily an economic phenomenon, and that this shift has had led to the purposeful impoverishment, by the state, of people seeking asylum in the UK. This shift has had far reaching consequences for people seeking asylum, who have been systematically impoverished as part of the effort to strip out any possibility of an economic 'pull factor' leading to more arrivals, but also for those administering their support system, and for civil society organisations and groups who seek to ameliorate the worst effects of the resulting asylum regimes. This book argues that within this context asylum support policies in the UK which are meant to help and protect, in fact do serious harm to their recipients. It argues that the shift from construing asylum seekers as economically, rather than politically, motivated migrants across the West, is part of a much broader set of historical and philosophical worldviews than has previously been articulated. The book offers a rigorously researched and richly theorised analysis drawing on postcolonial and decolonial perspectives in making sense of the purposeful impoverishment by the state of a particular group of people, and why this continues to be tolerated in the fourth richest country in the world""--"
875,In defence of the republic /,
875,Israel and the Palestinian refugee issue :,"""Examining the development of Israel's policy toward the Palestinian refugee issue, this book spans the period following the first Arab-Israeli War until the mid-1950s, when the basic principles of Israel's policy were finalized. Israel and the Palestinian Refugee Issue outlines and analyzes the various aspects that, together, created the mosaic of the ""refugee problem"" with which Israel has since had to contend. These aspects include issues of repatriation, resettlement, compensation, blocked bank accounts, internal refugees and family reunification. Drawing on extensive archival research, this book uses documents from Israeli government meetings, from the Foreign Affairs and Defense Committee and files from the office of the Prime Minister's advisor on Arab affairs to address the many diverse aspects of this topic, and will be essential reading for academics and researchers with an interest in Israel, the Middle East, and political science more broadly""--"
875,"Juices, smoothies and shakes /",
875,The lively membranes /,
875,M. Tulli Ciceronis :,
875,Managing the undesirables :,"Official figures classify some fifty million of the world s people as 'victims of forced displacement'. Refugees, asylum seekers, disaster victims, the internally displaced and the temporarily tolerated - categories of the excluded proliferate, but many more are left out of count. In the face of this tragedy, humanitarian action increasingly seems the only possible response. On the ground, however, the 'facilities' put in place are more reminiscent of the logic of totalitarianism. In a situation of permanent catastrophe and endless emergency, 'undesirables' are kept apart and out of sight, while the care dispensed is designed to control, filter and confine. How should we interpret the disturbing symbiosis between the hand that cares and the hand that strikes? After seven years of study in the refugee camps, Michel Agier reveals their 'disquieting ambiguity' and stresses the imperative need to take into account forms of improvisation and challenge that are currently transforming the camps, sometimes making them into towns and heralding the emergence of political subjects. A radical critique of the foundations, contexts, and political effects of humanitarian action."
875,Marriages & families in the 21st century :,"""Marriages and Families in the 21st Century provides an in-depth exploration of a traditional field of study using a new and engaging approach. The text covers all the important issues--including parenting, divorce, aging families, balancing work and family, family violence, and gender issues--using a bioecological framework that takes into account our status as both biological and social beings. Using this lens, which emphasizes the individual's interactions with a series of larger systemic influences--from family, peers, neighbors and teachers, to schools, media, institutions and culture--the book creates a cohesive overview of modern family life and helps students visualize the complex influences affecting all people in families. It also examines the state of modern families using a strengths-based approach, which allows students to evaluate the health and functioning of a family considering the biological and cultural milieu in which it exists, rather than on its observable structure or appearance alone. Individual chapters cover historical and cultural trends and also explore the biological, personal, and social forces that shape individuals and families. Each chapter investigates the wide diversity of human relationships and integrates discussions of ethnicity, culture, sexual orientation, and gender seamlessly into the main narrative. In addition, the book explores recent research in neuroscience, medicine, and biopsychology to examine how family relationships are shaped by and also influence individuals' biological functioning""--"
875,Membrane biochemistry /,
875,Membrane fluidity in biology.,
875,Mother Emanuel :,"""A sweeping history of one of the nation's most important African American churches and a profound story of grace and perseverance amidst the fight for racial justice-from Pulitzer Prize winning journalist Kevin Sack""-- Provided by publisher."
875,Perspectives in membrane biology :,
875,The physical chemistry of membranes /,
875,Political speeches /,"Cicero (106-43 BC) was the greatest orator of the ancient world and a leading politician of the closing era of the Roman republic. This book presents nine speeches which reflect the development, variety, and drama of his political career,among them two speeches from his prosecution of Verres, a corrupt and cruel governor of Sicily; four speeches against the conspirator Catiline; and the Second Philippic, the famous denunciation of Mark Antony which cost Cicero his life. Also included are On the Command of Gnaeus Pompeius, in which he praises the military successes of Pompey, and For Marcellus, a panegyric in praise of the dictator Julius Caesar."
875,Potassium transport :,
875,Pro Marco Caelio /,
875,The refugee challenge in post-cold war America /,
875,"Refugee governance, state and politics in the Middle East /",
875,"Refugees, civil society and the state :","Ludger Pries explores the important moral, social and political challenge facing Europe and the international community: the protection of refugees as one of the most vulnerable groups on the planet. Combining an in-depth analysis of current research, own empirical studies in several European countries, and a critical review of the policies of nation-states as well as international and transnational organizations, the author analyses the 2015 so-called refugee crisis and its continuing impact. Who are the refugees, how and why did they come? Which parts of civil society were actively involved and why? What are the future responsibilities of the state for arriving refugees and their successful integration? This book examines the limitations of structural settings with perspectives on collective actors' behaviour and strategies. Offering a critical view on the historical embedding of the refugee issue, as well as the current and future challenges for Europe, Pries provides an insightful overview of all aspects of the so-called European refugee crisis and its aftermath. Refugees, Civil Society and the State merges perspectives from political science and international relations with international humanitarian law, the sociology of migration and action theory. Scholars, journalists and political actors who want to further understand the ongoing challenge of refugee protection will greatly benefit from the distinguished author's research. --"
875,Representations :,
875,Rhetoric at Rome :,
875,The Role of membranes in cell growth and differentiation /,
875,Selected political speeches of Cicero /,
875,Sibling relationships across the life span /,"The first book to gather studies on siblings from diverse areas of research, Sibling Relationships across the Life Span examines the course of the sibling relationship from childhood to the end of life. Author Victor Cicirelli outlines the factors that influence the sibling relationship, considering the sibling dyad alone, as well as in relation to a larger kinship. He provides information gleaned from studies of stepsiblings wherever possible. Chapter highlights include a broad framework for viewing sibling research, including the kin rather than the family network, the total life span rather than segments of it, and the development and aging of relationships; new insights into sibling interactions through the study of a family with nine adult siblings, their spouses, and their elderly parents and an integration of research on siblings in the first part of the life span (childhood and adolescence) with that on the latter part (adulthood and old age). This comprehensive volume also encompasses a discussion of methodological problems confronting the sibling researcher; cross-cultural evidence for the universality of the sibling relationship; sibling-helping relationships; and special aspects of sibling relationships, including chronic illness and disabilities, conflict, violence and abuse, incest and sexual abuse, death, and sibling therapy"
875,Transport and diffusion across cell membranes /,
875,UNHCR :,
875,Vermiculture technology :,"""Exploring the dramatic growth and changes in the field of vermicomposting since 1988, this comprehensive review assesses the advancements made in government-funded projects in the U.S. and UK. It discusses outdoor or indoor windows, container systems, wedge systems, and low labor-requirement, fully-automated continuous flow vermicomposting reactor systems that can process more than 1000 tons of organic wastes per reactor. It also highlights the science and biology behind the use and efficacy of vermicomposting and details the technology of the past, present, and future""--"
875,Vermiculture technology :,"""Exploring the dramatic growth and changes in the field of vermicomposting since 1988, this comprehensive review assesses the advancements made in government-funded projects in the U.S. and UK. It discusses outdoor or indoor windows, container systems, wedge systems, and low labor-requirement, fully-automated continuous flow vermicomposting reactor systems that can process more than 1000 tons of organic wastes per reactor. It also highlights the science and biology behind the use and efficacy of vermicomposting and details the technology of the past, present, and future""--"
875,Water transport in cells and tissues /,
897,Against extraction :,"""Against Extraction traces the story of a vibrant tradition of Ojibwe writing and art-making in Minneapolis-St. Paul, from the mid-nineteenth century to the present, in order to challenge the supposed stability and permanence of everyday colonial life. In this account, modernist Indigenous texts are not a minor cultural artifacts of a city's cultural history, but are theoretical engines that antagonize the political and cultural fantasies that establish colonial world as a given. Ojibwe artists also interrogate the logics of colonial extraction that undergird relations between, for example, the cities' large Somali, Hmong, Hispanic and white populations. Linking readings of Indigenous cultural production with legal and cultural theory, Against Extraction shows that the ways we narrate histories of places are intimately bound up with the extractive colonial systems that reproduce the violence that unfolds within and through them""--"
897,Ancient Maya teeth :,"""Dental modification was common across ancient societies, but perhaps none were more avid practitioners than the Maya. They filed their teeth flat or pointy, polished and drilled them, and crafted decorative inlays of jade and pyrite. Unusually, Maya of all social classes, ages, and professions engaged in dental modification. What did it mean to them? Ancient Maya Teeth is the most comprehensive study of Maya dental modification ever published, based on thousands of teeth recovered from 130 sites spanning three millennia. Esteemed archaeologist Vera Tiesler sifts the evidence--much of it gathered with her own hands and illustrated here with more than a hundred photographs. Exploring the underlying theory and practice of dental modification, Tiesler raises key questions. How did modifications vary across the individual's lifespan? What tools were used? How did the Maya deal with pain--and malpractice? How did they keep their dentitions healthy, functioning, and beautiful? What were the relationships among gender, social identity, and particular dental-modification choices? Addressing these and other issues, Ancient Maya Teeth reveals how dental-modification customs shifted over the centuries, indexing other significant developments in Mayan cultural history""--"
897,Anxieties of experience :,
897,Anxieties of experience :,
897,Between Indian and white worlds :,
897,Book of the fourth world :,
897,Borderline :,
897,"Childhood, autobiography and the Francophone Caribbean /",
897,Contemporary Caribbean writing and Deleuze :,
897,Cultural logics and global economies :,
897,"Culturicide, resistance, and survival of the Lakota (""Sioux Nation"") /",
897,Deciding to be legal :,
897,Delusional disorder :,
897,Delusions and beliefs :,"What sort of mental state is a delusion? What causes delusions? Why are delusions pathological? This book examines these questions, which are normally considered separately, in a much-needed exploration of an important and fascinating topic, Kengo Miyazono assesses the philosophical, psychological and psychiatric literature on delusions to argue that delusions are malfunctioning beliefs. Delusions belong to the same category as beliefs but - unlike healthy irrational beliefs - fail to play the function of beliefs."
897,Do the Americas have a common literary history? /,
897,Earth's mind :,
897,Encounters at the heart of the world :,"""A book that radically changes our understanding of North America before and after the arrival of Europeans Encounters at the Heart of the World concerns the Mandan Indians, iconic Plains people whose teeming, busy towns on the upper Missouri River were for centuries at the center of the North American universe. We know of them mostly because Lewis and Clark spent the winter of 1804-1805 with them, but why don't we know more? Who were they really? In this extraordinary book, Elizabeth A. Fenn retrieves their history by piecing together important new discoveries in archaeology, anthropology, geology, climatology, epidemiology, and nutritional science. Her boldly original interpretation of these diverse research findings offers us a new perspective on early American history, a new interpretation of the American past. By 1500, more than twelve thousand Mandans were established on the northern Plains, and their commercial prowess, agricultural skills, and reputation for hospitality became famous. Recent archaeological discoveries show how they thrived, and then how they collapsed. The damage wrought by imported diseases like smallpox and the havoc caused by the arrival of horses and steamboats were tragic for the Mandans, yet, as Fenn makes clear, their sense of themselves as a people with distinctive traditions endured. A riveting account of Mandan history, landscapes, and people, Fenn's narrative is enriched and enlivened not only by science and research but by her own encounters at the heart of the world""--"
897,The ethnography of tale-telling at Zuni /,
897,Everyday life in the classic Maya world /,"""Using the most up to date information from a variety of disciplines, Ardren uses stories of individual Maya people, to create a narrative that takes the reader from rural homestead to agricultural field and forest, and on to the marketplace, palace, and trading port of a royal Maya city""--"
897,Faith and boundaries :,
897,Finding the center :,
897,From news to newsprint :,
897,Handbook of Native American literature /,
897,A history of literature in the Caribbean /,
897,In search of first contact :,
897,The insistence of the Indian :,
897,Inter-American literary history :,"Inter-American literary study is an exciting and fast-growing area of comparative scholarship. The Americas are tied together by a common historical heritage and by a history of social, political, economic, and cultural interaction. As a contribution to this field, this book brings together the literatures and literary histories of English and French Canada, the United States, Spanish America, the Caribbean, and Brazil. The periods focused on include the Colonial Period, the Nineteenth Century, Modernism and Modernity, the 1960s, and the Contemporary Moment. The author contrasts the different European heritages that were brought to the New World. In addition, the literature and culture of Native America is referred to in each of these sections that will be of use to the reader interested in this important topic, which we can rightly think of as the common denominator of all American literature."
897,"Learning to be an anthropologist and remaining ""Native"" :",
897,The Maya :,"The Maya have lived in parts of Mexico and Central America for thousands of years, forging one of the greatest societies in the history of the Americas -- indeed, of humankind. Long before European contact, Mayas built spectacular cities, created complex agricultural systems, mastered the visual arts, and developed a sophisticated writing system that recorded calendrical, mathematical, and astronomical knowledge. Yet there was never a Maya empire or unified state, only numerous, evolving ethnicities speaking dozens of distinct Mayan languages. So how did ""the Maya"" come to be invented and how have they persisted to this day? In this Very Short Introduction, Matthew Restall and Amara Solari reveal the triumphs and tribulations of Maya culture and history from ancient to colonial to modern times. -- From publisher's description."
897,Mesoamerican voices :,
897,Museums and the representation of native Canadians :,
897,Native American studies in higher education :,
897,Native American verbal art :,
897,Native peoples of the Olympic Peninsula :,"Publisher's description: The Native tribes of Washington State's Olympic Peninsula share complex histories of trade, religion, warfare, and kinship. Yet few books have depicted the indigenous people of this region from a Native perspective. Native Peoples of the Olympic Peninsula introduces readers to nine tribes: the Elwha Klallam, Jamestown S'Klallam, Port Gamble S'Klallam, Skokomish, Squaxin Island, Quinault, Hoh, Quileute, and Makah. Written by members of the Olympic Peninsula Intertribal Cultural Advisory Committee and enhanced by photographs and maps, the book is divided into sections focusing on each of the tribes. Each section relates the tribe's history, its current cultural and political issues, and its tribal heritage programs. Each section also includes information about places to visit and offers suggestions for further reading."
897,The Oxford handbook of indigenous American literature /,"Over the course of the last twenty years, Native American and Indigenous American literary studies has experienced a dramatic shift from a critical focus on identity and authenticity to the intellectual, cultural, political, historical, and tribal nation contexts from which these Indigenous literatures emerge. The Oxford Handbook of Indigenous American Literature reflects on these changes and provides a complete overview of the current state of the field."
897,People of the desert /,
897,Performance and personhood in Caribbean literature :,"Focusing on the literary representation of performance practices in anglophone, francophone, and hispanophone Caribbean literature, Jeannine Murray-Romn shows how a shared regional aesthetic emerges from the descriptions of music, dance, and oral storytelling events. Because the historical circumstances that led to the development of performance traditions supersede the geopolitical and linguistic divisions of colonialism, the literary uses of these traditions resonate across the linguistic boundaries of the region. The author thus identifies the aesthetic that emerges from the act of writing about live arts and moving bodies as a practice that is grounded in the historically, geographically, and culturally specific features of the Caribbean itself. Working with twentieth- and twenty-first-century sources ranging from theatrical works and novels to blogs, Murray-Romn examines the ways in which writers such as Jacques Stephen Alexis, Zo Valds, Rosario Ferr, Patrick Chamoiseau, and Marlon James experiment with textually compensating for the loss of the corporeality of live relationship in performance traditions. Through their exploration of the interaction of literature and performance, she argues, Caribbean writers themselves offer a mode of bridging the disjunction between cultural and philosophical approaches within Caribbean studies."
897,Publishing with students :,
897,Reworlding America :,
897,The rites of cricket and Caribbean literature /,
897,"Ruins, revolution, and manifest destiny :",
897,Scholastic journalism /,
897,Scholastic journalism /,
897,Scholastic journalism /,
897,Scholastic journalism /,
897,The schreber case /,
897,Separate but unequal :,"""Separate but Unequal provides an in-depth critique of the ideology of parallelism--the prevailing view that Indigenous cultures and the wider Canadian society should exist separately from one another in a ""nation-to-nation"" relationship. Using the Final Report of the Royal Commission on Aboriginal Peoples as an example, this historical and material analysis shows how the single-minded pursuit of parallelism will not result in a more balanced relationship between Indigenous and non-Indigenous peoples. On the contrary, it merely restores archaic economic, political, and ideological forms that will continue to isolate the Indigenous population. This book provides an alternative framework for examining Indigenous dependency. This new perspective--the political economy of neotribal rentierism--shows that Indigenous Peoples' circumstances have been inextricably linked to the development of capitalism in Canada. While Indigenous Peoples were integral participants in the fur trade, the transition from mercantilism to industrial capitalism led to their marginalization.""--"
897,"Slavery and the evolution of Cherokee society, 1540-1866 /",
897,The sounds of Navajo poetry :,
897,Spirits of our whaling ancestors :,"Her analysis includes major Native studies and contemporary Native rights issues, and addresses environmentalism, animal rights activism, anti-treaty conservatism, and the public's expectations about what it means to be ""Indian."" These thoughtful critiques are intertwined with the author's personal reflections, family stories, and information from indigenous, anthropological, and historical sources to provide a bridge between cultures. This work, by an Indigenous scholar who also has hereditary rights to particular kinds of information and who shares the traditions of her own family and community, makes a powerful contribution to Northwest Coast Indigenous and environmental history.""--pub. desc."
897,Spirits of our whaling ancestors :,"Her analysis includes major Native studies and contemporary Native rights issues, and addresses environmentalism, animal rights activism, anti-treaty conservatism, and the public's expectations about what it means to be ""Indian."" These thoughtful critiques are intertwined with the author's personal reflections, family stories, and information from indigenous, anthropological, and historical sources to provide a bridge between cultures. This work, by an Indigenous scholar who also has hereditary rights to particular kinds of information and who shares the traditions of her own family and community, makes a powerful contribution to Northwest Coast Indigenous and environmental history.""--pub. desc."
897,Start the presses! :,
897,Venture to the interior.,
127,About Foshan /,
127,Activity-based intelligence :,"This new resource presents the principles and applications in the emerging discipline of Activity-Based Intelligence (ABI). This book will define, clarify, and demystify the tradecraft of ABI by providing concise definitions, clear examples, and thoughtful discussion. Concepts, methods, technologies, and applications of ABI have been developed by and for the intelligence community and in this book you will gain an understanding of ABI principles and be able to apply them to activity based intelligence analysis. The book is intended for intelligence professionals, researchers, intelligence studies, policy makers, government staffers, and industry representatives. This book will help practicing professionals understand ABI and how it can be applied to real-world problems."
127,America's information wars :,"""This book narrates the development of science and intelligence information systems and technologies in the U.S. from World War II through today. The story ranges from a description of the information systems and machines of the 1940s to the rise of a huge international science information industry, and to the 1990's Open Access-Open Culture""--"
127,The art of intelligence :,
127,Assessing young learners :,
127,The Bible and the gun :,"This book takes a new look at the impacts of Christianity in the late-nineteenth-century China. Using American Baptist and English Presbyterian examples in Guangdong province, it examines the scale of Chinese conversions, the creation of Christian villages, and the power relations between Christians and non-Christians, and between different Christian denominations. This book is based on a very comprehensive foundation of data. By supplementing the Protestant missionary and Chinese archival materials with fieldwork data that were collected in several Christian villages, this study not only highlights the inner dynamics of Chinese Christianity but also explores a variety of crisis management strategies employed by missionaries, Christian converts, foreign diplomats and Chinese officials in local politics."
127,Black ops :,"""A memoir by the highest-ranking covert warrior to lift the veil of secrecy and offer a glimpse into the shadow wars that America has fought since the Vietnam Era. Enrique Prado found himself in his first firefight at age seven. The son of a middle-class Cuban family caught in the midst of the Castro Revolution, his family fled their war-torn home for the hope of a better life in America. Fifty years later, the Cuban refugee retired from the Central Intelligence Agency as the CIA equivalent of a two-star general. Black Ops is the story of Ric's legendary career that spanned two eras, the Cold War and the Age of Terrorism. Operating in the shadows, Ric and his fellow CIA officers fought a little-seen and virtually unknown war to keep USA safe from those who would do it harm. After duty stations in Central, South America, and the Philippines, Black Ops follows Ric into the highest echelons of the CIA's headquarters at Langley, Virginia. In late 1995, he became Deputy Chief of Station and co-founding member of the Bin Laden Task Force. Three years later, after serving as head of Korean Operations, Ric took on one of the most dangerous missions of his career: re-establish a once-abandoned CIA station inside a hostile nation long since considered a front line of the fight against Islamic terrorism. He and his team carried out covert operations and developed assets that proved pivotal in the coming War on Terror. A harrowing memoir of life in the shadowy world of assassins, terrorists, spies and revolutionaries, Black Ops is a testament to the courage, creativity and dedication of the Agency's Special Activities Group and its elite shadow warriors""--"
127,Brain drain and brain gain :,
127,Castro's secrets :,"""In this riveting Cold War history, highly acclaimed author Brian Latell offers us a new and surprising look at Fidel Castro. Latell draws his narrative on personal interviews with high level defectors from Cuba's intelligence, many of whom have not spoken out for over nearly five decades. The result is a vivid and revelatory account that revises our understanding of how Fidel operated, what his goals were, and how he imagined the future for his tiny island nation. Latell takes us from from the crimes Fidel allegedly committed as a youth in the anti-Battista movement, to how quickly he built up an intelligence system that rivaled the Soviet Union's KGB and Britain's M15 in effectiveness, and how that translated into a feud with JFK's administration and the CIA, and the ultimate confrontation during the Cuban Missile Crises that brought the world to the brink of a nuclear holocaust""--"
127,Changes and challenges of cross-border mobility within the European Union /,"""This book presents the results of the MIDA-project - the impact of labour migra-tion from the Central and Eastern European (CEE) countries to the Danish labour market. In addition, it includes chapters that focus on labour mobility in other EU countries. The project stems from collaboration between researchers from the former CoMID (the Research Center for the Study of Migration and Diversity) at Aalborg University and the Department of Occupational Medicine at the Regional Hospital West Jutland""--"
127,Code name Blue Wren :,"""Like spies Aldrich Ames and Robert Hanssen before her, Ana Montes blindsided her colleagues with brazen acts of treason. For nearly 17 years, Montes succeeded in two high-stress jobs. By day, she was one of the government's top Cuba experts, a buttoned-down GS-14 with shockingly easy access to classified documents. By night, she was on the clock for Fidel Castro, listening to coded messages over shortwave radio, passing US secrets to handlers in local restaurants, and slipping into Havana wearing a wig. In Code Name Blue Wren, investigative journalist Jim Popkin weaves the tale of two sisters who chose two very different paths, plus the unsung heroes who had to fight to bring Ana to justice""--"
127,Dual selection criteria with multiple alternatives :,
127,Employment and citizenship in Britain and France /,
127,Forced migration in the history of 20th century neuroscience and psychiatry :,"""The forced migration of neuroscientists, both during and after the Second World War, is of growing interest to international scholars. Of particular interest is how the long-term migration of scientists and physicians has affected both the academic migrants and their receiving environments. As well as the clash between two different traditions and systems, this migration forced scientists and physicians to confront foreign institutional, political, and cultural frameworks when trying to establish their own ways of knowledge generation, systems of logic, and cultural mentalities. The twentieth century has been called the century of war and forced-migration, since it witnessed two devastating world wars, prompting a massive exodus that included many neuroscientists and psychiatrists. Fascism in Italy and Spain beginning in the 1920s, Nazism in Germany and Austria between the 1930s and 1940s, and the impact of the Soviet occupation of Eastern Europe all forced more than two thousand researchers with prior education in neurology, psychiatry, and the basic brain research disciplines to leave their scientific and academic home institutions. This edited volume, comprising of thirteen chapters written by international specialists, reflects on the complex dimensions of intellectual migration in the neurosciences and illustrates them by using relevant case studies, biographies, and surveys. This book was originally published as a special issue of the Journal of the History of the Neurosciences.""--Provided by publisher."
127,"Gender, mobilities, and livelihood transformations :","""This book demonstrates how current neoliberal policies are making people increasingly on the move - whether voluntarily or forced, and whether individually, as family, or as whole communities - and how such mobility is changing the livelihoods of indigenous people, focussing on how these transformations are gendered. Based on multi-sited ethnographic research it compares indigenous people in India, China and Laos that are rapidly being exposed to structural adjustments, neoliberal policies, and reform. It queries how state policies and cross-border and cross-regional connections have shaped and redefined rights, identities, and gender relations of indigenous peoples""--"
127,"Global ""body shopping"" :",
127,Guangzhou's new look in the programme of reform and opening to the outside world.,
127,The hidden hand :,
127,High blood pressure /,
127,High mobility in Europe :,"Travelling intensively to and for work helps but also challenges people to find ways of balancing work and personal life. Drawing on a large European longitudinal study, Mobile Europe explores the diversity and ambivalence of mobility situations and the implications for family and career development."
127,How can talent abroad induce development at home :,
127,Insurance regulation :,
127,Intelligence and U.S. foreign policy :,"Discusses the interaction between intelligence gathering and policy making, showing how little policy-making is guided by intelligence and what intelligence reform will do (and has done) to the creation of policy."
127,The international mobility of talent and innovation :,"The international mobility of talented individuals is a key part of globalization. In the quest to promote innovation and entrepreneurship, many governments have sought to attract skilled migrants from abroad, inciting both a global competition for talent and concerns about the displacement of domestic workers. This important new work investigates why skilled individuals migrate and how they shape innovation around the world. Using patent data from the World Intellectual Property Organization (WIPO), it charts patterns of high-skilled migration worldwide. In addition, contributions by leading migration scholars review the latest research insights, discuss new approaches to studying high-skilled migration and present fresh evidence on the causes and consequences of greater talent mobility. This book will prove invaluable to policymakers seeking to understand how migration policy choices affect innovation outcomes as well as academic researchers interested in the migration-innovation nexus."
127,"Labor migration, EU enlargement, and the great recession /","This volume extends and deepens our knowledge about cross-border mobility and its role in an enlarged EU. More specifically, its main purpose is to enlighten the growing and yet rather uninformed debate about the role of post-enlargement migration for economic adjustment in the crisis-stricken labor markets of the Eurozone and the EU as a whole. The book addresses the political economy aspects of post-enlargement migration, including its broader political contexts, redistributive impacts, but also nationalization of the enlargement agenda. It also covers the experience of receiving and sending countries with post-enlargement migration and its role during the current crisis. Renowned experts in the field study, whether and how post-enlargement mobility has enabled the EU to absorb asymmetric economic shocks, how it has affected the European welfare systems, and whether it has contributed to the sustainability of the Eurozone. The authors also evaluate brain circulation as a sought-after vehicle of improved allocative efficiency of EU labor markets and propose a policy agenda for mobility in an enlarged EU."
127,Labour adjustment and gradual reform :,
127,Labour mobility in the enlarged single European market /,"The 2004 reunification of Eastern and Western Europe and the subsequent economic crisis caused a surge in intra-European labour mobility and a profound shift in preceding patterns of migration in Europe. While previous decades of European integration brought very modest cross-border flows of labour, the past decade has engendered the largest European movements of labour in modern time - mostly from East to West, but eventually also from South to North. In a situation of record high European unemployment, this has sparked controversy about the very notion of free movement, one of the basic foundations of the European Community, and has unleashed heated debates about the conditions, causes, and consequences of large-scale labour migration for receiving as well as sending societies. Against this background, this volume of Comparative Social Research will contribute to improve our understanding of the drivers, mechanisms, and effects of the past decade's surge in cross-border labour mobility and work related migration within Europe."
127,Labour transfer and economic development :,
127,The macroeconomics of open economies under labour mobility /,
127,Mismatch and labour mobility /,
127,Moving up or moving on :,
127,Permanent record /,"In 2013, twenty-nine-year-old Edward Snowden shocked the world when he broke with the American intelligence establishment and revealed that the United States government was secretly pursuing the means to collect every single phone call, text message, and email. The result would be an unprecedented system of mass surveillance with the ability to pry into the private lives of every person on earth. Six years later, Snowden reveals how he helped to build this system and why he was moved to expose it. Spanning the bucolic Beltway suburbs of his childhood and the clandestine CIA and NSA postings of his adulthood, Permanent Record is the account of a bright young man who grew up online -- a man who became a spy, a whistleblower, and, in exile, the Internet's conscience.--From dust jacket."
127,Shore of pearls /,
127,Short story criticism :,"Presents literary criticism on the works of short-story writers of all nations, cultures, and time periods. Critical essays are selected from leading sources, including published journals, magazines, books, reviews, diaries, newspapers, pamphlets, and scholarly papers."
127,The sisterhood :,"""The New York Times bestselling author of Code Girls reveals the untold story of how women at the CIA ushered in the modern intelligence age, a sweeping story of a ""sisterhood"" of women spies spanning three generations who broke the glass ceiling, helped transform spycraft, and tracked down Osama Bin Laden. Upon its creation in 1947, the Central Intelligence Agency instantly became one of the most important spy services in the world. Like every male-dominated workplace in Eisenhower America, the growing intelligence agency needed women to type memos, send messages, manipulate expense accounts, and keep secrets. Despite discrimination-even because of it-these clerks and secretaries rose to become some of the shrewdest, toughest operatives the agency employed. Because women were seen as unimportant, they moved unnoticed on the streets of Bonn, Geneva, and Moscow, stealing secrets under the noses of the KGB. Back at headquarters, they built the CIA's critical archives-first by hand, then by computer. These women also battled institutional stereotyping and beat it. Men argued they alone could run spy rings. But the women proved they could be spymasters, too. During the Cold War, women made critical contributions to U.S. intelligence, sometimes as officers, sometimes as unpaid spouses, working together as their numbers grew. The women also made unique sacrifices, giving up marriage, children, even their own lives. They noticed things that the men at the top didn't see. In the final years of the twentieth century, it was a close-knit network of female CIA analysts who warned about the rising threat of Al Qaeda. After the 9/11 attacks, women rushed to join the fight as a new job, ""targeter,"" came to prominence. They showed that painstaking data analysis would be crucial to the post-9/11 national security landscape-an effort that culminated spectacularly in the CIA's successful efforts to track down Osama Bin Laden and, later, Ayman al-Zawahiri. With the same meticulous reporting and storytelling verve that she brought to her New York Times bestseller Code Girls, Liza Mundy has written an indispensable and sweeping history that reveals how women at the CIA ushered in the modern intelligence age""--"
127,"Spies, lies, and algorithms :",
127,Study courses and counselling :,
127,Teaching literature to adolescents /,
127,Teaching literature to adolescents /,"This popular textbook introduces prospective and practicing English teachers to current methods of teaching literature in middle and high school classrooms. It underscores the value of providing students with a range of different critical approaches and tools for interpreting texts and the need to organize literature instruction around topics and issues of interest to them. Throughout the textbook, readers are encouraged to raise and explore inquiry-based questions in response to authentic dilemmas and issues they face in the critical literature classroom. New in this edition, the text shows how these approaches to fostering responses to literature also work as rich tools to address the Common Core English Language Arts Standards. Each chapter is organized around specific questions that English educators often hear in working with pre-service teachers. Suggested pedagogical methods are modelled by inviting readers to interact with the book through critical-inquiry methods for responding to texts. Readers are engaged in considering authentic dilemmas and issues facing literature teachers through inquiry-based responses to authentic case narratives. A Companion Website [http: //teachingliterature.pbworks.com] provides resources and enrichment activities, inviting teachers to consider important issues in the context of their current or future classrooms."
127,Uncompromised :,"""When Nada Prouty came to the United States as a young woman, she fell in love with the democracy and freedom of her new home. After a childhood in war-torn Lebanon with an abusive father, and facing the prospect of an arranged marriage, she jumped at the chance to forge her own path in America--a path that led to exciting undercover work in the FBI, then the CIA. As a leading agent widely lauded by her colleagues, she worked on the most high-profile terrorism cases in recent history, including the hunt for Saddam Hussein and the bombing of the U.S.S. Cole, often putting her life on the line and usually getting her man. But all this changed in the wake of 9/11, at the height of anti-Arab fervor, when federal investigators charged Prouty with passing intelligence to Hezbollah. With no evidence to support these claims, the prosecutors grossly overstated the charges against her to the media, suggesting that she had committed treason. Prouty, dubbed ""Jihad Jane"" by The New York Post, was quickly cast as a terrorist mastermind by the relentless 24-hour news cycle, and a scandal-hungry public ate it up. Though the CIA and federal judge eventually exonerated Prouty of all charges, she was dismissed from the agency and stripped of her citizenship. In Uncompromised, Prouty tells her whole story in a bid to restore her name and reputation in the country that she loves. Beyond a thrilling story of espionage and betrayal, this is a sobering commentary on cultural alienation, the power of fear, and what it means to truly love America""--"
127,Why families move :,
127,Wise gals :,"""From the New York Times bestselling author of Rise of the Rocket Girls comes the never-before-told story of a small cadre of influential female spies in the precarious early days of the CIA--women who helped create the template for cutting-edge espionage (and blazed new paths for equality in the workplace) in the treacherous post-WWII era""--"
127,Wise gals :,"""From the New York Times bestselling author of Rise of the Rocket Girls comes the never-before-told story of a small cadre of influential female spies in the precarious early days of the CIA--women who helped create the template for cutting-edge espionage (and blazed new paths for equality in the workplace) in the treacherous post-WWII era""--"
159,20 years of Tomb Raider :,"Relive the excitement of Lara Croft's incredible adventures and the legacy of Tomb Raider with 20 Years of Tomb Raider, the ultimate guide to the iconic game franchise. Explore every element of the best-selling Tomb Raider games and their place in pop culture. Rediscover Lara Croft's greatest moments with fascinating coverage of the smash hit Tomb Raider movies, fiction, comics, and collectibles, and be enthralled by the legacy of Tomb Raider across the decades."
159,"Ansea, la décennie prodigieuse :",
159,Applied international finance :,"This text is designed for use in a course in an applied international corporate finance for managers and executives. Instead of the encyclopedic approach, the text focuses on the two main issues of interest to managers who deal with overseas operations. The first main issue is how uncertain foreign exchange (FX) rate changes affect a firm's ongoing cash flows and equity value, and what can be done about that risk. The second main issue is the estimation of the cost of capital for international operations and the evaluation of overseas investment proposals. Numerous examples of real world companies are used."
159,ASEAN economic co-operation :,
159,ASEAN economic co-operation :,
159,ASEAN economic co-operation :,
159,The ASEAN economic community :,
159,ASEAN trade policy options :,
159,Banking for family business :,
159,Bridging the entrepreneurial financing gap :,"This title was first published in 2001: Governments world-wide have developed policies to encourage innovation, entrepreneurship, and small firm growth, and to increase access to small firm finance. However, the effectiveness of small firms and entrepreneurs as innovators depends on their incentives and the effective governance of relations between entrepreneurs, investors, and employees. This book links these regulatory policies to the ethical and governance practices of small firms, in order to explain the impact and success these policies might be expected to enjoy. The book examines the empirical and theoretical nature of governance practices in small firms, as well as a range of regulatory policy areas, including intellectual property, insolvency law, taxation, securities regulation, and directors' duties in Australia, Europe, and North America."
159,Budgeting and financial management for nonprofit organizations :,
159,Cashing in across the Golden Triangle :,
159,Competitiveness of the ASEAN countries :,
159,Customer-driven budgeting :,"This comprehensive budgeting book emphasizes that the customer drives the business organization and processes and becomes the overriding purpose for a company's existence and success. Inside, you'll find a lot of details that sum up a complete guide that covers every step in the budgeting cycle from the basics of organization, processes, and funding to budget execution and monitoring. The author believes that the budget is the starting point and catalyst for gaining customers and that the budget prepares the company to supply the sales and marketing team reinforcements for giving a compelling reason for customers to buy from it. This book can be used immediately in business budgeting that presents you with a modular format-starting at the beginning of the budget process and working through it entirely; or select a budget area most challenging to the business and work from there to other areas of priority."
159,Domestic political structures and regional economic co-operation /,
159,Econophysics :,
159,Enhancing ASEAN's connectivity /,"ASEAN has a goal to create an economic community by 2015. To achieve the goal, connectivity among the member states needs to be given due importance. In 2010, ASEAN adopted the Master Plan on ASEAN Connectivity (MPAC), which looked at physical, institutional and people-to-people connectivity. It pinned down fifteen priority projects which can potentially transform the ASEAN region, providing the conditions for a single market and production base. But MPAC is an expensive initiative, and funding remains a major challenge. The private sector needs to be actively involved as a number of infrastructure projects identified in the MPAC are lacking substantial investment. This book looks at the current state of ASEAN's physical connectivity and challenges in building better infrastructure. It contains a collection of papers that discuss specific issues pertaining to each kind of physical connectivity - transportation infrastructure, telecom connectivity, ICT and energy infrastructure. The book concludes with the steps needed to be taken for implementation of the various plans, and policy recommendations."
159,Entrepreneurial finance :,
159,Entrepreneurial finance :,
159,Entrepreneurial finance :,
159,Financial administration of the enterprise /,
159,Financial management for nonprofit organizations :,"Financial Management for Nonprofit Organizations provides students, professionals, and board members with a comprehensive reference for the field. Identifying key objectives and exploring current practices, this book offers practical guidance on all major aspects of nonprofit financial management. As nonprofit organizations fall under ever-increasing scrutiny and accountability, this book provides the essential knowledge and tools professional need to maintain a strong financial management system while serving the organization’s stated mission. Financial management, cash flow, and financial sustainability are perennial issues, and this book highlights the concepts, skills, and tools that help organizations address those issues. Clear guidance on analytics, reporting, investing, risk management, and more comprise a singular reference that nonprofit finance and accounting professionals and board members should keep within arm’s reach."
159,"Financial markets, SME financing and emerging economies /","This book investigates small and medium sized enterprises (SMEs) access to credit, the earning quality, and the cost of debt in the european union."
159,Foundations of multinational financial management /,
159,Foundations of multinational financial management /,
159,From APEC to Xanadu :,
159,Fundamentals of multinational finance /,
159,Global corporate finance :,"Global Corporate Finance, 2nd edition written by a son-father team introduces students and practitioners to those principles essential to the understanding of global financial problems and the policies that global business managers contend with. The objective of this book is to equip current and future business leaders with the tools they need to interpret the issues, to make sound global financial decisions, and to manage the wide variety of risks that modern businesses face in a competitive global environment. In line with its objective, the book stresses practical applications in a concise and straightforward manner, without a complex treatment of theoretical concepts. Instructors who want students to possess practical, job-oriented skills in international finance will find this unique text ideal for their needs. Suitable for both undergraduate- and graduate-level courses in international finances, this book is clearly the 'go-to' book on one most important aspect of corporate finance.The revised, 2nd edition offers updates to the chapters, answers to some end-of-chapter problems, and a number of practical case-studies. It also comes with a complete set of online ancillary materials, including an Instructor's Manual, a test bank of 500 multiple-choice questions, two sets of PowerPoint lecture slides, and separate, detailed lecture notes.The ancillary materials are available upon request for instructors who adopt this book as a course text."
159,Global corporate finance :,"""Global Corporate Finance, 3rd edition written by a son-father team, introduces students and practitioners to principles essential to the understanding of global financial problems and the policies that global business managers contend with. The objective of this book is to equip current and future business leaders with the tools they need to interpret the issues, to make sound global financial decisions, and to manage the wide variety of risks that modern businesses face in a competitive global environment. In line with its objective, the book stresses practical applications in a concise and straightforward manner, without complex treatment of theoretical concepts. Instructors who want students to possess practical, job-oriented skills in international finance will find this unique textbook ideal for their needs. Suitable for both undergraduate- and graduate-level courses in international finances, this book is clearly the ""go-to"" book on one of the most important aspects of corporate finance. It comes with a complete set of online ancillary materials, including an Instructor's Manual, a test bank of 500 multiple-choice questions, two sets of PowerPoint lecture slides, and separate, detailed lecture notes""--"
159,International financial management /,
159,International financial management /,
159,International financial management /,
159,International financial management /,
159,International financial management /,
159,International financial management /,
159,International financial management /,
159,International financial management /,
159,International financial management /,"This new and fully updated edition of International Financial Management blends theory, data analysis, examples and practical case situations to equip students and business leaders with the analytical tools they need to make informed financial decisions and manage the risks that businesses face in today's competitive global environment. Combining theory and practice, the authors offer the reader a multitude of real-world examples and case studies, emphasising fundamental concepts, principles and analytical theories to enable students to understand not only what to do when confronted with an international financial decision, but why that choice is the correct one. Features include: real data analysis - all fully updated for the third edition; extended cases illustrating practical application of theory; point-counterpoints offering insight into contentious issues; concept boxes that explore and illustrate key concepts; and end-of-chapter questions. Suitable for M.B.A and advanced undergraduate business students taking a course in international financial management or international finance."
159,International financial management /,
159,International financial management /,"The fourth edition of Madura and Fox's International Financial Management provides the ideal introduction to the study of interaction between firms of all sizes and global finance. Real life examples, critical debate questions and project workshop activities help improve engagement and the wide range of cases from across the globe ensures this edition has a wide international appeal. This fourth edition also comes with MindTap and a comprehensive companion website, including a Testbank, Instructor's Manual, Running your Own MNC and Discussion in the Boardroom activities."
159,International financial management /,
159,International financial management /,
159,International financial management /,
159,International financial management /,Prepare for success in international finance with this best-selling book's effective presentation of in-depth theory and practical applications. This edition builds on the fundamental principles of corporate finance to provide the timely information and contemporary insights needed to prosper in today's global business environment. This book discusses a wide range of managerial topics using a strong corporate perspective and highlights financial reform and its impact on the international finance today. An emphasis on the most recent financial industry trends further prepares readers to understand and effectively manage within the dynamic field of international finance.
159,International financial management /,Prepare for success in international finance with this best-selling book's effective presentation of in-depth theory and practical applications. This edition builds on the fundamental principles of corporate finance to provide the timely information and contemporary insights needed to prosper in today's global business environment. This book discusses a wide range of managerial topics using a strong corporate perspective and highlights financial reform and its impact on the international finance today. An emphasis on the most recent financial industry trends further prepares readers to understand and effectively manage within the dynamic field of international finance.
159,International financial management /,
159,International financial management /,
159,International financial management /,
159,International financial management.,
159,Interpreting subsurface seismic data /,"Interpreting Subsurface Seismic Data presents recent advances in methodologies for seismic imaging and interpretation across multiple applications in geophysics including exploration, marine geology, and hazards. It provides foundational information for context, as well as focussing on recent advances and future challenges. It offers detailed methodologies for interpreting the increasingly vast quantity of data extracted from seismic volumes.Organized into three parts covering foundational context, case studies, and future considerations, Interpreting Subsurface Seismic Data offers a holistic view of seismic data interpretation to ensure understanding while also applying cutting-edge technologies. This view makes the book valuable to researchers and students in a variety of geoscience disciplines, including geophysics, hydrocarbon exploration, applied geology, and hazards."
159,Interpreting subsurface seismic data /,"Interpreting Subsurface Seismic Data presents recent advances in methodologies for seismic imaging and interpretation across multiple applications in geophysics including exploration, marine geology, and hazards. It provides foundational information for context, as well as focussing on recent advances and future challenges. It offers detailed methodologies for interpreting the increasingly vast quantity of data extracted from seismic volumes.Organized into three parts covering foundational context, case studies, and future considerations, Interpreting Subsurface Seismic Data offers a holistic view of seismic data interpretation to ensure understanding while also applying cutting-edge technologies. This view makes the book valuable to researchers and students in a variety of geoscience disciplines, including geophysics, hydrocarbon exploration, applied geology, and hazards."
159,Legal aspects of trade finance /,
159,Leveraging good will :,
159,The life and games of Mikhail Tal /,"Mikhail Tal, the 'magician from Riga, ' was the greatest attacking World Champion of them all, and this enchanting autobiography chronicles his extraordinary career with charm and humor."
159,Luther's chess reformation /,"Becoming a Grandmaster is the dream of every young chess talent. Thomas Luther achieved this goal despite the added challenge of being born with a disability. Using the experiences and insights gained from his remarkable career, Luther offers an insider's view into the world of grandmaster chess. Readers will enjoy his chatty style, while also benefiting from invaluable advice about what it takes to achieve one's chess goals."
159,Making money in small business :,
159,Management accounting for hotels and restaurants /,
159,Management of financial institutions /,
159,"Motives in fantasy, action, and society :",
159,Multinational business finance /,
159,Multinational business finance.,"Authoritative, Comprehensive Coverage of Contemporary International Finance Renowned for its authoritative, comprehensive coverage of contemporary international finance, Multinational Business Finance trains the leaders of tomorrow's multinational enterprises to recognize and capitalize on the unique characteristics of global markets. Because the job of a manager is to make financial decisions that increase firm value, the authors have embedded real-world mini-cases throughout to apply chapter concepts to the types of situations managers of multinational firms face. The Fourteenth Edition, now with MyFinanceLab, attempts to capture the rapid evolution of our global marketplace, taking a closer look at the types of organizations that permeate the widespread arena, competition and opportunities in emerging markets, and how financial leadership can integrate the strategic and financial challenges that global businesses face today. MyFinanceLab (R) not included. Students, if MyFinanceLab is a recommended/mandatory component of the course, please ask your instructor for the correct ISBN and course ID. MyFinanceLab should only be purchased when required by an instructor. Instructors, contact your Pearson representative for more information. MyFinanceLab is an online homework, tutorial, and assessment product designed to personalize learning and improve results. With a wide range of interactive, engaging, and assignable activities, students are encouraged to actively learn and retain tough course concepts."
159,Multinational finance :,"Deep coverage and rigorous examination of international corporate finance Multinational Finance offers an advanced exploration of international corporate finance concepts and operations. Despite its status as one of the most rigorous texts on the topic, this book remains accessible and readable without sacrificing depth of coverage. Sidebars, key terms, essays, conceptual questions, and problems with solutions help aid in the learning process, while suggested readings and PowerPoint handouts reinforce the material and offer avenues for further exploration. This new sixth edition includes Excel templates that allow students to use real-world tools in a learning environment, and the modular structure facilitates course customization to individual objectives, interests, and preparatory level. The emphasis is on the basics of financial management, but coverage includes unique chapters on treasury management, asset pricing, hedging, options, and portfolio management in addition to traditional finance topics. International finance is a diverse field with myriad specialties and a vast array of possible interests. This book allows students to view the field through the lens of a financial manager with investment or financial options in more than one country to give them a practical feel for real-world application. * Understand the nature and operations of international corporate finance * Evaluate opportunities, costs, and risks of multinational operations * See beyond the numbers and terminology to the general principles at work * Learn the markets, currencies, taxation, capital structure, governance, and more Comprehensive, adaptable, and rigorously focused, this book gives students a solid foundation in international corporate finance, as well as a sound understanding of the tools and mechanics of the field. Designed for MBA and advanced undergraduate courses, Multinational Finance provides the deep coverage so essential to a solid education in finance."
159,Multinational finance :,
159,Multinational financial management /,"""Multinational Financial Management, 10th Edition provides corporate managers with a conceptual framework within which the key financial decisions of the multinational firm can be analyzed. It contains charts and illustrations of corporate practice that are designed to highlight specific techniques. Numerous real-world examples and vignettes provide actual applications of financial concepts and theories. Seven longer illustrations of actual company practices appear at the end of key chapters to demonstrate different aspects of international financial management. Corporate managers will also benefit from the mini cases in each chapter that illustrate important concepts""--"
159,My 60 memorable games /,"One of the most important chess books ever written, reissued in celebration of a chess genius, Bobby Fischer. The American takes the reader through 60 of his games, describing his thoughts, the intricacies behind his and his opponent's strategies, the tactical justification of moves and the psychological battle in each one. You''ll find beautifully simple positional play next to out-of-this-world combinations that are just breathtaking. Fischer played nearly all of these games as a grandmaster so they are at the very highest level, but his lucid commentary makes every move and idea both accessible and understandable. Every player will learn huge amounts from this book. It is essential for each chess enthusiast, competitor and professional. The controversial alterations that were made to Bobby Fischer's words in the last edition have been omitted in this book, so only the author's own words are expressed, giving a true insight into one of the most gifted, troubled and controversial minds of the 20th century."
159,New models of financing and financial reporting for European SMEs :,"This book looks at the 23 million registered Small and Medium Enterprises (SMEs) that make up 98 per cent of the EU economy. Addressing the high end of SMEs in terms of new models for SME funding and financial reporting, this merged way of looking at SMEs reveals a 'myopic' thinking in terms of net present value and (future) cash flows generating short-termism and low risk appetite for business. This is not an accounting issue, but rather a preference toward certain financial tools. A segment of SMEs, the ones that seek new ways of funding possibilities, as well as modern technologies (MTFs listing, blockchain, ICOs, etc.) do require, even without knowing, IFRS for SMEs. This book reveals how market conditions impact the financial performance and sustainability of SMEs and also generate innovative policy interventions and financing strategies for SME integrity and efficiency. The authors frame their arguments in the context of the Capital Markets Union, looking at the Innovation Triangle, SME growth ecosystem and business models. They conclude by advocating for closing the circle of financing and financial reporting for SMEs, while considering if new financial models of financing and financial reporting are good for all the SMEs or only for some."
159,Not afraid :,
159,Oliver Twist :,"The editor has corrected printers' errors and annotated unfamiliar terms and allusions. Three illustrations by George Cruikshank and a map of Oliver's London accompany the text. ""Backgrounds and Sources"" focuses on The Poor Law Amendment Act of 1834, central both to Dickens and to the characters in Oliver Twist. The act's far-reaching implications are considered in source materials that include parlimentary debates on The Poor Laws, a harrowing account of an 1835 Bedfordshire riot, and ""An Appeal to Fallen Women,"" Dickens' 1847 open letter to London's prostitutes urging them to turn their backs on ""debauchery and neglect."" Ten letters on Oliver Twist, written between 1837 and 1864, are reprinted, including those to the novel's publisher, the novel's illustrator, and John Forster, Dickens' close friend and future biographer. In addition, readers can trace the evolution of the novel by examining Dickens' installment and chapter-division plans and enjoy ""Sikes and Nancy,"" the text of a public reading Dickens composed and performed often to large audiences. ""Early Reviews"" provides eight witty, insightful, and at times impassioned responses to the novel and to Oliver's plight by William Makepeace Thackeray and John Forster (anonymously), among others."
159,The Oxford handbook of entrepreneurial finance /,
159,Personal growth and adjustment /,
159,Practical financial management /,
159,Practical financial management /,"Let a professor who used to be a financial executive and CFO introduce you to today's most important financial management topics within the pages of PRACTICAL FINANCIAL MANAGEMENT, Eighth Edition. Author William R. Lasher uses his experience as a CFO to give you an insider's look into the issues and challenges facing financial managers every day. From hidden agendas to decision maker biases and their effect on the analyses of financial proposals, you will see principles in action in this dynamic text. You will examine the latest developments, like activist investors who put pressure on companies to change their ways and behavioral finance which uses psychological ideas to explain financial markets."
159,Questioning development in Southeast Asia /,
159,Realizing the ASEAN Economic Community :,
159,"Red book, middle way :","""Red Book, Middle Way offers a new interpretation of Jung's Red Book, in terms of the Middle Way, as a universal principle and embodied ethic, paralleled both in the Buddha's teachings and elsewhere""--"
159,Regional Outlook Forum 2007 :,
159,Research handbook on entrepreneurial finance /,"Drawing upon current cutting-edge theories, knowledge and research findings, this Handbook provides an analysis of the interaction between small and medium-sized enterprises (SMEs), entrepreneurs and financial institutions globally. The contributors consider regional and international perspectives within and between Europe, North America, New Zealand, the Middle East, as well as South, Central and East Asia on a chapter-by-chapter basis. In so doing, they provide a contextualized, up-to-date snapshot of research into entrepreneurial finance across the world. This book is aimed at both established and emergent researchers, as well as undergraduate and postgraduate students looking for avenues of future research into entrepreneurial finance. It will also be of use to policymakers and practitioners seeking a global perspective in their work."
159,The rise of the hybrid domain :,"""By conceptualizing the rise of the hybrid domain as an emerging institutional form that overlaps public and private interests, this book explores how corporations, states, and civil society organizations develop common agendas, despite the differences in their primary objectives. Using evidence from India, it examines various cases of social innovation in education, energy, health, and finance, which offer solutions for some of the most pressing social challenges of the twenty-first century.""--Back cover."
159,Road to ASEAN-10 :,
159,Shâmaran :,"""This book serves as a concise exploration of the Shâmaran's enduring presence, resilience, and the ongoing efforts to reclaim her cultural significance from the shadows of colonization. Thus the study is a valuable resource for future studies on feminine spirituality and eco-spirituality""--"
159,Short story criticism :,
159,SME funding :,"This book explores current financing options for small and medium size enterprises (SMEs), with particular insight into the European market. The authors position SME funding within a risk-averse lending environment with high regulatory costs on business loans, which has arisen from the recent financial crisis and new European bank capital regulations. Chapters in the book demonstrate how and why SMEs may be forced to leave the market and posit that shadow banking and other alternative funding options are viable channels for raising funds. A new and innovative SME credit risk model is also presented. This book will appeal to all who share an interest in sustainable solutions to issues in SME financing."
159,Statistical physics /,"This book is essentially based on the lecture course on ""Statistical Physics"", which was taught by the author at the physical faculty of the Ural State University in Ekaterinburg since 1992. This course was intended for all physics students, not especially for those specializing in theoretical physics. In this sense the material presented here contains the necessary minimum of knowledge of statistical physics (also often called statistical mechanics), which is in author's opinion necessary for every person wishing to obtain a general education in the field of physics. This posed the rather difficult problem of the choice of material and compact enough presentation. At the same time it necessarily should contain all the basic principles of statistical physics, as well as its main applications to different physical problems, mainly from the field of the theory of condensed matter. Extended version of these lectures were published in Russian in 2003. For the present English edition, some of the material was rewritten and several new sections and paragraphs were added, bringing contents more up to date and adding more discussion on some more difficult cases."
159,Statistical physics /,"""This book presents an introduction to the main concepts of statistical physics, followed by applications to specific problems and more advanced concepts, selected for their pedagogical or practical interest. Particular attention has been devoted to the presentation of the fundamental aspects, including the foundations of statistical physics, as well as to the discussion of important physical examples. Comparison of theoretical results with the relevant experimental data (with illustrative curves) is present through the entire textbook. This aspect is facilitated by the broad range of phenomena pertaining to statistical physics, providing example issues from domains as varied as the physics of classical and quantum liquids, condensed matter, liquid crystals, magnetic systems, astrophysics, atomic and molecular physics, superconductivity and many more. This textbook is intended for graduate students (MSc and PhD) and for those teaching introductory or advanced courses on statistical physics""--"
159,Studies in motivation.,
159,The quest for self-control : classical philosophies and scientific research /,
159,Understanding ASEAN /,
159,Understanding ASEAN /,
159,Wojo's weapons :,
159,The Yezidis :,
225,Adobe InDesign CS6 illustrated /,
225,Adobe InDesign CS6 interactive :,
225,Adobe PageMaker 7.0.,
225,Adversaria critica sacra :,
225,An analysis of N.T. Wright's The new Testament and the people of God /,"Wright's The New Testament and the People of God is the first volume of his acclaimed series ?Christian Origins and the Question of God' comprehensively addressing the historical and theological questions surrounding the origins of Christianity. The text outlines Wright's hermeneutical theory and discusses the history of the Jews stressing the close connection with Judaism and developing this to examine the treatment of early Christians. Wright's work has played a significant role in challenging prevailing assumptions relating to the religious thought of first-century Jews. On a more technical level, Wright provides a reappraisal of literary and historical readings of the New Testament."
225,Archaeology and the letters of Paul /,"""'Archaeology and the Letters of Paul' illuminates the social, political, economic, and religious lives of those to whom the apostle Paul wrote. Roman Ephesos provides evidence of slave traders and the regulation of slaves; it is a likely setting for the household of Philemon, to whom a letter about the slave Onesimus is addressed. In Galatia, an inscription seeks to restrain the demands of travelling Roman officials, illuminating how the apostolic travels of Paul, Cephas, and others disrupted communities. At Philippi, a list of donations from the cult of Silvanus demonstrates the benefactions of a community that, like those in Christ, sought to share abundance in the midst of economic limitations. In Corinth, a landscape of grief extends from monuments to the bones of the dead, and provides a context in which to understand Corinthian practices of baptism on behalf of the dead and the provocative idea that one could live ""as if not"" mourning or rejoicing. Rome and the Letter to the Romans are the grounds for an investigation of ideas of time and race not only in the first century, when we find an Egyptian obelisk inserted as a timepiece into the mausoleum complex of Augustus, but also of a new Rome under Mussolini that claimed the continuity of Roman racial identity from antiquity to his time and sought to excise Jews. Thessalonike and the early Christian literature associated with the city demonstrates what is done out of love for Paul-invention of letters, legends, and a cult in his name. The book articulates a method for bringing together biblical texts with archaeological remains. This method reconstructs the lives of the many 'adelphoi' (brothers and sisters) whom Paul and his co-writers address. Its project is informed by feminist historiography and gains inspiration from thinkers such as Claudia Rankine, Judith Butler, Giorgio Agamben, Wendy Brown, and Katie Lofton""--"
225,Artisans of Israel :,"""Artisans of Israel is a very special book on crafts: author Lynn Holstein is in search of a national identity in the artisanry of the still young country - and she finds it in the unifying pursuit for innovation. Forty artists - including Jews, Muslims and Christians - tell their stories and show in five different trades how emancipation can be promoted through creativity. Working with one's hands stands unfailingly at the centre of this reflection. From the hybrid of cultural and religious backgrounds emerges a unique compilation from the fields of metalwork and jewellery, ceramics, textiles, paper and wood, one that portrays a sensitive and inspiring portrait of Israel and its inhabitants""--Publisher's website."
225,The Bible hunter :,"""In 1844, academic and fundamentalist Christian Constantin Tischendorf, who was driven by his obsession with the origins of the Bible to a remote monastery in the middle of the Sinai Desert, discovered the manuscript in a basket said to have been discarded by the monks ... Part travelogue, part historical study and part critique, The Bible hunter tells of the author's trip to Sinai, the history of the Bible and early Church and the lives and liturgies of the monks of St. Catherine's Monastery""--Jacket flap."
225,The bible knowledge commentary :,
225,A brief introduction to the New Testament /,"Featuring vibrant full color throughout, A Brief Introduction to the New Testament, Fourth Edition, is a concise version of Bart D. Ehrman's best-selling The New Testament: A Historical Introduction to the Early Christian Writings, Sixth Edition. Retaining the approach of the longer textbook while condensing and simplifying much of its material, this volume looks at the New Testament from a consistently historical and comparative perspective and emphasizes the rich diversity of the earliest Christian literature. Distinctive to this study is its emphasis on the historical, literary, and religious milieux of the Greco-Roman world, including early Judaism."
225,A brief introduction to the New Testament /,
225,The Cambridge companion to the New Testament /,"""This Companion volume offers a concise and engaging introduction to the New Testament. Including twenty-two especially-commissioned essays, written by an international team of scholars, it examines a range of topics related to the historical and religious contexts in which the contents of the Christian canon emerged. Providing an overview of the critical approaches and methods currently applied to the study of biblical texts, it also includes chapters on each of the writings in the New Testament. The volume serves as an excellent resource for students who have some familiarity with the New Testament and who wish to gain a deeper understanding of the state of academic discussion and debate. Readers will also gain a sense of the new research questions that are emerging from current scholarship""--"
225,Chirality :,
225,Design writing research :,
225,Designing for newspapers and magazines /,
225,Discovering the lead codices :,"""In March 2011, The Sunday Times ran an article on the discovery of a mysterious cache of palm-sized, ring-bound books made of lead. These lead codices, as they have become known, contain mysterious symbols and inscriptions. One tablet in particular features a portrait of Jesus and has preserved the seven seals that would have bound it together along its left-hand side. David and Jennifer Elkington photographed the books, brought samples to the UK for analysis, and assembled a team of eminent scholars to study them. At the same time, the books were quickly becoming an international phenomenon, the Israelis and Jordanians began a very public dispute over the location of the site where they were discovered. Convinced that the codices are the earliest Christian documents ever found, the Elkingtons put their reputations on the line as they raced to authenticate the find amidst an array of vested interests which sought to suppress them. In their quest to crack the code, the Elkingtons have been subjected to personal threat but they have continued the fight to ensure the world understands the importance of the codices, which may well pre-date the New Testament. Their significance in our understanding of early Christianity cannot be underestimated""--"
225,Encountering the manuscripts :,"“[Encountering the Manuscripts] focuses on the most significant New Testament manuscripts from the perspective of paleography and textual criticism. Paleography pertains to the dating of the manuscripts, as well as to the calligraphic features of the manuscripts themselves. Each manuscript has a story to tell; each manuscript gives us a window into the transmission of the New Testament text in the earliest centuries. Textual criticism pertains to the critical evaluation of the trustworthiness of the text of each manuscript with respect to recovering the original wording of the Greek New Testament. This volume merges the two areas of study by looking at both paleography and textual criticism as we encounter the New Testament manuscripts.”"
225,The erotic life of manuscripts :,"""The Erotic Life of Manuscripts explores the curious relationship between the field of New Testament textual criticism and the biological sciences, beginning in the eighteenth century and extending to the present""--"
225,Good News :,
225,The Greek new testament :,
225,Guide to LATEX /,
225,Information design journal,
225,Into the world of the New Testament :,
225,An introduction to the New Testament /,"A long-awaited abridgement of Raymond Brown's classic and best-selling introduction to the New Testament Since its publication in 1997, Raymond Brown's Introduction to the New Testament has been widely embraced by modern readers seeking to understand the Christian Bible. Acknowledged as a paragon of New Testament studies in his lifetime, Brown was a gifted communicator who wrote with ease and clarity. Abridged by Marion Soards, who worked with Brown on the original text, this new, concise version maintains the essence and centrist interpretation of the original without tampering with Brown's perspective, insights, or conclusions. The biblical writings themselves remain the focus, but there are also chapters dealing with the nature, origin, and interpretation of the New Testament texts, as well as chapters concerning the political, social, religious, and philosophical world of antiquity. Furthermore, augmenting Brown's commentary on the New Testament itself are topics such as the Gospels' relationship to one another; the form and function of ancient letters; Paul's thought and life, along with his motivation, legacy, and theology;"
225,The Jewish annotated New Testament :,"""First published in 2011, The Jewish Annotated New Testament was a groundbreaking work, bringing the new Testament's Jewish background to the attention of students, clergy, and general readers. In this new edition, eighty Jewish scholars bring together unparalleled scholarship to shed new light on the text. This thoroughly revised and greatly expanded second edition brings even more helpful information and new insights to the study of the new Testament."" -- Back cover."
225,Johann Jakob Wettstein's Principles for New Testament textual criticism :,"""In Johann Jakob Wettstein's Principles for New Testament Textual Criticism Silvia Castelli investigates the genesis, development, and legacy of Wettstein's criteria for evaluating New Testament variant readings. Wettstein's guidelines, the Animadversiones et cautiones, are the first well-organized essay on New Testament text-critical methodology, first published in the Prolegomena to his New Testament in 1730 and republished with some changes in 1752. In his essay, Wettstein presents a new text-critical method based on the manuscripts' evidence and on the critic's judgment. Moving away from the authority invested in established printed editions, Wettstein's methodology thus effectively promotes and enhances intellectual freedom. The second part of this volume offers a critical text and an annotated English translation of Wettstein's text-critical principles""--"
225,Knowing the spirit /,
225,Language and television series :,"""A comprehensive analysis of contemporary US television series. Combining an interdisciplinary and multi-methodological approach, Monika Bednarek brings together linguistic analysis of the new Sydney Corpus of Television Dialogue with analysis of scriptwriting manuals, interviews with Hollywood scriptwriters, and a survey undertaken with university students about their consumption of TV series. In so doing, she creates five new and original empirical studies. The focus on language use in a professional context (the television industry), on scriptwriting pedagogy, and on learning and teaching provides an applied linguistic lens on TV series that is complemented by perspectives taken from media linguistics, corpus linguistics and sociocultural linguistics/sociolinguistics. Throughout the book, multiple dialogue extracts are presented from a wide variety of well-known fictional television series including The Big Bang Theory, Grey's Anatomy and Bones. Researchers in applied linguistics, discourse analysis, CDA, corpus linguistics, sociolinguistics and media linguistics will find the book both stimulating and unique in its approach""--"
225,LATEX :,
225,The Latin New Testament :,"""In The Latin New Testament, H.A.G. Houghton provides a comprehensive introduction to the history and development of the Latin New Testament. Drawing on major editions and recent advances in scholarship, he offers a new synthesis which brings together evidence from Christian authors and biblical manuscripts from earliest times to the late Middle Ages. All manuscripts identified as containing Old Latin evidence for the New Testament are described in a catalogue, along with those featured in the two principal modern editions of the Vulgate. A user's guide is provided for these editions and the other key scholarly tools for studying the Latin New Testament.""--Publisher description."
225,Layout for graphic designers :,"Layout for graphic design concerns the arrangement of text and images on a page. How these elements are positioned, both in relation to one another, and within the overall design scheme, will affect how content is viewed and received. Whether in print or online, it is key to powerful visual communication. Layout for Graphic Designers provides visual arts students with a theoretical and practical underpinning of this design subject. Packed with over 200 examples from key contemporary practices, and fully illustrated with clear diagrams and inspiring imagery, it offers an essential exploration of the subject. This third edition has been updated to include 25 new images and 6 new case studies from Lundgren + Lindqvist, TwoPoints.Net, Bruce Mau Design, Non-Format, Mind Design and Plau."
225,Layout now :,
225,Letter assembly in printing /,
225,Der Markusschluss :,"Der ursprüngliche Schluss des Markusevangeliums steht seit jeher in der Diskussion und hat bereits frühe Rezipientenkreise dazu animiert, alternative Schlüsse zu erdenken. Die vorliegende Studie unterzieht die Schlussgebung des Markusevangeliums einer methodengeleiteten narratologischen Analyse und kommt so zu einem traditionsgeschichtlichen Vergleich mit Erzähltexten aus dem literarischen Umfeld des zweiten Evangeliums. Davon ausgehend bestimmt sie die Funktion von Mk 16.1-8 im Rahmen der Gesamterzählung. Dazu wird in Auseinandersetzung mit altphilologischen und literaturwissenschaftlichen Ansätzen ein Analysemodell entwickelt, mit dessen Hilfe sich Erzählschlüsse frühchristlicher Texte systematisieren lassen."
225,Modern diesel technology :,"The book focuses on off-highway mobile equipment systems, giving you in-depth coverage of service and repair essentials for heavy equipment, agricultural equipment, and powered lift truck technology. Written by experienced technicians, this trusted text includes both universal and manufacturer-specific information on everything from hydraulics, heavy-duty brakes, drivetrains, steering, suspension, and track systems, to safety and best practices. Now featuring a visually appealing, full-color design, the Third Edition is also newly updated with information on the latest computer-controlled hydraulics, GPS, electronic controls, J1939 multiplexing, and electric drive vehicle systems, offering insights into important trends and technology you need to know for success as a specialty technician in today's ever-evolving industry."
225,The New Testament :,"The New Testament writings are the foundation documents of early Christianity, and to fully understand them readers need a broad historical awareness of the wider social, economic, political and religious context that produced them. Here, Telford paints a fascinating portrait of the Roman and Hellenistic Empires and the growth of the early church, elucidating the composition and content of the Synoptic Gospels — those of Matthew, Mark, and Luke. Furnishing the reader with an appreciation of the methods contemporary scholars apply to the Gospels, he also offers an assured, in-depth guide to the texts themselves. Punctuated by charts and tables and unlike other introductions for the general reader, this richly contextualized and accessible narrative is an invaluable starting point for anyone looking to understand the Gospels and the roots of Christianity."
225,The New Testament :,"Featuring vibrant full color throughout, the sixth edition of Bart D. Ehrman's highly successful introduction approaches the New Testament from a consistently historical and comparative perspective, emphasizing the rich diversity of the earliest Christian literature. Distinctive to this study is its unique focus on the historical, literary, and religious milieux of the Greco-Roman world, including early Judaism. As part of its historical orientation, the book also discusses other Christian writings that were roughly contemporary with the New Testament, such as the Gospel of Thomas, the Apocalypse of Peter, and the letters of Ignatius."
225,The New Testament :,
225,The New Testament as literature :,
225,New Testament history and literature /,
225,The New Testament in Greek :,
225,The New Testament in the original Greek /,"The publication in 1881 of The New Testament in the Original Greek, by the Cambridge scholars Brooke Foss Westcott (1825-1901) and Fenton John Anthony Hort (1828-1892), marked the culmination of twenty-eight years of work and an innovation in the theory and methods of New Testament textual criticism. This first of two volumes contains a detailed discussion of the theories and methods behind the reconstructed text, sets out the editors' theory of text-types, and justifies their choice to break with the dominant use of the Textus Receptus. It argues for the Neutral Text, represented by the uncials Codex Vaticanus and Codex Sinaiticus, as being the earliest and least corrupt form. Westcott and Hort's claim to reconstruct the o"
225,New Testament story :,
225,Newsletter design :,
225,Newspaper design /,
225,Novum Testamentum graece :,
225,Novum Testamentum Graece et Latine /,
225,Oral and manuscript culture in the Bible :,
225,Paul :,"The Apostle Paul has shaped the course of Christian ethics for centuries and is widely regarded as the most influential theologian in the Christian tradition. In this authoritative introduction, Morna D. Hooker offers a female perspective on a figure often portrayed as a conservative misogynist. Original and thought-provoking, this concise study is essential reading for all who seek to learn more about one of the most controversial figures in Christianity. Morna D. Hooker is Lady Margaret's Professor of Divinity Emerita at Cambridge University. She is fellow of Robinson College, Cambridge, and the author of thirteen books and numerous papers."
225,Paul :,
225,Paul :,
225,Paul the Apostle :,"""This book is a controversial new biography of the apostle Paul that argues for his inclusion in the pantheon of key figures of classical antiquity, along with the likes of Socrates, Alexander the Great, Cleopatra, and Augustus""--"
225,A plain introduction to the criticism of the New Testament :,
225,Robin Williams design workshop /,
225,Robin Williams design workshop /,
225,The Rust fungi /,
225,Scene-writing for film and TV /,"""Focusing on an integral aspect of screenplays, this book takes students and writers at all levels through the process of understanding and writing better scenes. It interrogates the functions of a scene and how writers can then apply this knowledge to their own film and television scripts. Author Simon van der Borgh familiarises the screenwriter with the aspects of a scene, looking at what a scene is, the characters involved, the action depicted, dialogue, setting, and style. Featuring original scenes which show the practice of scene-writing and the application of ideas and approaches alongside in-depth analysis and critique, the book explores the process and approach to scene-writing and how to learn and improve methods of telling dynamic, engaging and moving stories of diverse types and formats on screen. With a strong focus on practice-based advice, the book includes exercises at every step to enable writers to build on and extend their knowledge and skills with confidence and clarity chapter by chapter. Exploring the film and TV scene with its different types, forms, and functions, it is the ideal book for aspiring screenwriters and students of screenwriting and filmmaking at all levels, as well as directors, producers and actors looking to better understand the contextual and sub-textual motivations intended by the writer""--"
225,Screen writing for television and film /,
225,Scribal practices and social structures among Jesus adherents :,
225,Short story criticism :,"Presents literary criticism on the works of short-story writers of all nations, cultures, and time periods. Critical essays are selected from leading sources, including published journals, magazines, books, reviews, diaries, newspapers, pamphlets, and scholarly papers."
225,Simply come copying :,"Over 5,000 copies of the New Testament exist today and not one matches the other exactly. Determining how a copyist made changes to a manuscript - or, a scribe's habits - is an essential step in recovering the original text of the New Testament and for appreciating how it has changed over time. For the vast majority of manuscripts, there is no way to know which manuscript copied from which manuscript or, which manuscript is the child manuscript and which is the parent manuscript. Alan Taylor Farnes, however, has discovered twenty-two child manuscripts whose parent version is still known today. His letter-by-letter examination of four of these manuscripts sheds invaluable light on how scribes went about their work and provides a methodology for future studies. Now we can virtually look over the scribe's shoulder and watch the work as it unfolds. --"
225,Special technology /,
225,St. Paul and the Church of Jerusalem /,
225,Successful television writing /,
225,Successful television writing /,
225,The taxation of urban land /,
225,Television and screen writing :,
225,Television writing from the inside out :,
225,The TV writer's workbook :,"Why is TV writing different from any other kind of writing? How will writing a spec script open doors? What do I have to do to get a job writing for TV? Writing for television is a business. And, like any business, there are proven strategies for success. In this unique hands-on guide, television writer and producer Ellen Sandler shares the trade secrets she learned while writing for hit shows like Everybody Loves Raymond and Coach. She offers concrete advice on everything from finding a story to getting hired on a current series. Filled with easy-to-implement exercises and practical wisdom, this ingenious how-to handbook outlines the steps for becoming a professional TV writer, starting with a winning script. Sandler explains the difference between ""selling"" and ""telling,"" form and formula, theme and plot."
225,The two horizons :,
225,The verses formerly inscribed on twelve windows in the choir of Canterbury Cathedral :,
225,Write to TV :,
225,Writing for TV and radio :,"""This companion offers invaluable insights and solid, practical guidance to those keen to write for TV and radio. Part 1 explores the nature of the media. It looks at the history of writing drama and comedy for radio and TV through a consideration of its key elements and some of the most successful dramas and comedies of past and present. Part 2 includes reflections and tips from award-winning writers of film, television and radio from the UK, the US and Scandinavia. Part 3 offers practical advice on technical aspects of writing for TV and radio including character development, structure and dialogue. It also gives guidance on how to deal with branches of the broadcasting industry, from agents and actors to producers and script editors""--"
225,Writing long-running television series :,
225,XML and InDesign /,"Discover the power of XML publishing with InDesign, and create content for multiple applications - including digital-first publishing workflows. With this book, XML evangelist Dorothy Hoskins teaches you several techniques for working with the built-in XML capabilities of InDesign CS6, using real examples from a college course-catalog project. Learn how to import database content into InDesign, and tag existing InDesign content as XML for export to other applications. InDesign also lets you apply attractive styling to XML content that can't be done with XSL-FO. Through step-by-step instructions, code examples, and lots of screen shots, you'll discover how using XML with InDesign increases the value of your content. Get an overview of structured (XML) content Learn InDesign's XML import options, including XML image information Mingle XML and non-XML content in a text flow Use InDesign as an XML skin by making templates with new style definitions Put content in XML order for export to EPUB, with InDesign CS5.5 and CS6 Dive into advanced topics, such as how to transform XML with XSL Understand InDesign's potential and limitations with complex content models such as DocBook and DITA."
435,"Die affirmativen Modalpartikeln doch, ja und schon :",
435,Aging successfully.,
435,BETA story :,
435,Bioluminescence :,
435,Bioluminescence :,
435,Bioluminescence :,
435,Cinema verite in America :,"One of the first full-length critical studies of a documentary technique, it discusses the filmmakers who pioneered in this genre and the films they created."
435,Cognitive theory and documentary film /,
435,Comparative studies in Germanic syntax :,
435,Complete book of throws /,
435,The contrastive grammar of English and German /,
435,Critical dreaming :,"""Critical Dreaming is an incisive study connecting feminist Indigenous performance practices across colonial borders""--"
435,Deutsch macht spaB! :,
435,Downtown Ann Arbor /,
435,"Empty, expletive, and missing subjects in German /",
435,Every other Thursday:,
435,"Evolution of style in the early work of Dziga Vertov, with a new appendix /",
435,Festschrift für Karl Schneider :,
435,Flash! :,
435,The garbage collection handbook :,
435,German grammar 1 /,
435,The German perfect :,"""This book provides an extensive account of perfect constructions in German, of its numerous meaning effects, and of its interaction with temporal adverbials and temporal subclauses. By doing this, it takes the semantics of the whole German tense system into account, provides analyses of several temporal adverbials and their intricate behavior and offers new ideas concerning the semantics of temporal subclauses. Although one of the main goals of the book is to integrate the results of the study into a formal semantic framework, it also considers many pragmatic factors as well as aspects concerning German syntax."" ""The book will be of interest to scholars and advanced students interested in issues regarding tense, aspect, temporal adverbials and temporal subclauses.""--BOOK JACKET."
435,German temporal semantics :,"First published in 1985, this book analyses temporal meaning in German. The framework is that of a model-theoretic semantics, more specifically one incorporating a multi-dimensional tense logic. The first chapter presents this logic and argues that three dimensions are optimal for the description of natural language temporalia. The second chapter applies this theory to the analysis of temporal meaning in German. Frame adverbials, the Present and Past Tenses, duratives, aspectual adverbials using in, and the adverbials particle schon are examined. Chapter 3 provides a formal syntax to bear the semantic analysis proposed in the second chapter and the final chapter explores syntactic and semantic extensions of the fragment, showing how the Perfect, the particle noch, the passive, and a distinct reading of frame adverbials may be accommodated."
435,German temporal semantics :,
435,Germanic future constructions :,
435,Germanistische Sprachpflege :,
435,The great movie serials :,
435,Hindi verb classes and their argument structure alternations /,
435,A history of the Hindi grammatical tradition :,
435,Incomplete category fronting :,"Incomplete Category Fronting is a detailed investigation of the syntax of incomplete category fronting in German, carried out from a cross-linguistic perspective. The study presents a wealth of empirical evidence involving unbound traces created by remnant topicalization, wh-movement, scrambling, left dislocation, and extraposition. Four characteristic properties of remnant movement are identified that pose severe problems for a representational movement theory. It is argued that these properties can be fruitfully addressed on the basis of Chomsky's minimalist program, and that they follow from a derivational movement theory that incorporates the Barriers Condition, the Strict Cycle Condition, Fewest Steps, Last Resort, and the Minimal Link Condition but completely dispense with surface filters. Incomplete Category Fronting provides an empirical underpinning for the minimalist program and presents a powerful argument for a derivational theory of grammar. Incomplete Category Fronting will interest all linguistics working on theoretical syntax, Germanic syntax or the syntax-semantic interface."
435,Intelligent memory systems :,
435,The international distribution of news :,"""Based on newly available and extensive archival evidence, this book traces the history of international news agencies and associations around the world from 1848 to 1947. Jonathan Silberstein-Loeb argues that newspaper publishers formed news associations and patronized news agencies to cut the costs of news collection and exclude competitors from gaining access to the news. In this way, cooperation facilitated the distribution of news. The extent to which state regulation permitted cooperation, or prohibited exclusivity, determined the benefit newspaper publishers derived from these organizations. This book revises our understanding of the operation and organization of the Associated Press, the BBC, the Press Association, Reuters, and the United Press. It also sheds light on the history of competition policy respecting the press, intellectual property, and the regulation of telecommunications""--"
435,International news wires and Third World news in Asia /,
435,The invention of Hebrew prose :,
435,Left political filmmaking in France in the 1930s /,
435,Left political filmmaking in France in the 1930s /,
435,Lexical template morphology :,
435,Living on a deadline :,
435,The locative alternation in German :,
435,Making national news :,"For almost a century, Canadian newspapers, radio and television stations, and now internet news sites have depended on the Canadian Press news agency for most of their Canadian (and, through its international alliances) foreign news. This book provides the first-ever scholarly history of CP, as well as the most wide-ranging historical treatment of twentieth-century Canadian journalism published to date. Using extensive archival research, including complete and unfettered access to CPs archives, Gene Allen traces how CP was established and evolved in the face of frequent conflicts among the powerful newspaper publishers C John Ross Robertson, Joseph Atkinson, and Roy Thomson, among others C who collectively owned it, and how the journalists who ran it understood and carried out their work. Other major themes include CPs shifting relationships with the Associated Press and Reuters; its responses to new media; its aggressive shaping of its own national role during the Second World War; and its efforts to meet the demands of French-language publishers. Making National News makes a substantial and original contribution to our understanding of journalism as a phenomenon that shaped Canada both culturally and politically in the twentieth century."
435,Methoden des fremdsprachlichen Deutschunterrichts :,
435,The nation's newsbrokers /,
435,New challenges for documentary /,
435,Nominalstil :,
435,Old English and its closest relatives :,
435,On extraction and extraposition in German /,
435,On particle verbs and similar constructions in German /,
435,On the formal syntax of the Westgermania :,
435,Only yesterday /,
435,Only yesterday /,"When Israeli Nobel Laureate S. Y. Agnon published the novel Only Yesterday in 1945, it quickly became recognized as a major work of world literature, not only for its vivid historical reconstruction of Israel's founding society. The book tells a seemingly simple tale about a man who immigrates to Palestine with the Second Aliya--the several hundred idealists who returned between 1904 and 1914 to work the Hebrew soil as in Biblical times and revive Hebrew culture. This epic novel also engages the reader in a fascinating network of meanings, contradictions, and paradoxes all leading to the question, what, if anything, controls human existence? Seduced by Zionist slogans, young Isaac Kumer imagines the Land of Israel filled with the financial, social, and erotic opportunities that were denied him, the son of an impoverished shopkeeper, in Poland. Once there, he cannot find the agricultural work he anticipated. Instead Isaac happens upon house-painting jobs as he moves from secular, Zionist Jaffa, where the ideological fervor and sexual freedom are alien to him, to ultra-orthodox, anti-Zionist Jerusalem. While some of his Zionist friends turn capitalist, becoming successful merchants, his own life remains adrift and impoverished in a land torn between idealism and practicality, a place that is at once homeland and diaspora. Eventually he marries a religious woman in Jerusalem, after his worldly girlfriend in Jaffa rejects him."
435,Only yesterday /,"When Israeli Nobel Laureate S. Y. Agnon published the novel Only Yesterday in 1945, it quickly became recognized as a major work of world literature, not only for its vivid historical reconstruction of Israel's founding society. The book tells a seemingly simple tale about a man who immigrates to Palestine with the Second Aliya--the several hundred idealists who returned between 1904 and 1914 to work the Hebrew soil as in Biblical times and revive Hebrew culture. This epic novel also engages the reader in a fascinating network of meanings, contradictions, and paradoxes all leading to the question, what, if anything, controls human existence? Seduced by Zionist slogans, young Isaac Kumer imagines the Land of Israel filled with the financial, social, and erotic opportunities that were denied him, the son of an impoverished shopkeeper, in Poland. Once there, he cannot find the agricultural work he anticipated. Instead Isaac happens upon house-painting jobs as he moves from secular, Zionist Jaffa, where the ideological fervor and sexual freedom are alien to him, to ultra-orthodox, anti-Zionist Jerusalem. While some of his Zionist friends turn capitalist, becoming successful merchants, his own life remains adrift and impoverished in a land torn between idealism and practicality, a place that is at once homeland and diaspora. Eventually he marries a religious woman in Jerusalem, after his worldly girlfriend in Jaffa rejects him."
435,Die Partikeln der deutschen Sprache /,
435,Photoproteins in bioanalysis /,
435,Pissing figures 1280-2014 /,"Jean-Claude Lebensztejn's history of the urinating figure in art, 'Pissing Figures 1280-2014', is at once a scholarly inquiry into an important visual motif, and a ribald statement on transgression and limits in works of art in general. Lebensztejn is one of France's best-kept secrets. A world-class art historian who has lectured and taught at major universities in the United States, his work has remained almost entirely in French, his American audience limited to a small but dedicated group of cognoscenti."
435,"Practical living, for today and tomorrow.",
435,Preparation for retirement.,
435,Random harvest :,
435,Right node raising and gapping :,
435,San Antonio in color /,"San Antonio in Color contains ninety paintings of San Antonio landmarks, neighborhoods, and local attractions painted by Trinity alumnus Bill Thompson ('88). Thompson uses flamboyant colors to paint animated, evocative scenes that have a touch of van Gogh and a hint of Raoul Dufy. Thompson works in a bold mixed-media style that incorporates watercolor, pastels, acrylics, and oil paint sticks."
435,Shira /,
435,"Situations, tense, and aspect :",
435,The structure of German /,
435,Studien uber das deutsche Verbum infinitum /,
435,Studies in comparative Germanic syntax.,
435,Symmetry breaking in syntax /,
435,The technique of documentary film production.,
435,The theory of German word order from the Renaissance to the present /,
435,Tradition and trauma :,
435,Twenty-one stories /,
435,The V2 conspiracy :,
435,Verb movement and expletive subjects in the Germanic languages /,"This book is the study of two different kinds of variation across the Germanic languages. One involves the position of the finite verb, and the other the possible positions of the ""logical"" subject in constructions with expletive (or ""dummy"") subjects. The book applies the theory of principles and parameters to the study of comparative syntax. Several languages are considered, including less frequently discussed ones like Danish, Faroese, Icelandic, and Yiddish."
435,Verb movement and expletive subjects in the Germanic languages /,
435,The winter king :,
435,Women in science & technology :,
435,Word order and constituent structure in German /,
435,Working on Mars :,
494,The age of paper :,"""In the first detailed examination of Britain's transition to paper currency, Hiroki Shin explores how state, nation and community played a role in its introduction. He demonstrates how paper money derived its value from the community of users, highlighting the social and cultural factors that accelerated the use of the Bank of England note""--"
494,Almost ancestors : the first Californians /,
494,Appointing central bankers :,
494,Arabic and Islamic Influence on Modern Turkish,"This book analyzes the influence of Islam and the Arabic language on modern Turkish.Although Arabic and Turkish stem from entirely different language families Arabic has had great influence on Turkish. Not only do loan words often carry over their morphological patterns Arabic also introduces aspects of word gender, irregular plurals, and the definite article--all of which are alien to pure Turkish. For the student of Turkish as a second language, treating Arabic influence as a separate subject may be more helpful than subsuming it into Turkish grammar as the source of multiple incomprehensible exceptions."
494,ART IN BASLE.,
494,Aspects of cohesion and coherence in translation :,"This book deals with the (re)production of cohesion and coherence in translation. Building on the theories and methods of Translation Studies and Discourse Analysis it answers some basic, still much debated questions related to translational discourse production. Such a question is whether it is possible to analyse the (re)production of coherence, and if yes, how? Can the models devised for the study of English original (not translated) and independent texts (unlike translations and their sources) be applied for the analysis of translation? How do cohesive, rhetorical and generic structure ""behave"" in translation? How do particular components of coherence relate to translation universals? The volume proposes a complex translational discourse analysis model and presents findings that bring new insights primarily for the study of news translation, translation strategies and translation universals. It is recommended for translation researchers, discourse analysts, practicing translators, as well as professionals and students involved in translator training."
494,Asymmetric monetary transmission in Europe /,
494,Australian politics and government :,
494,"Balance of payments, exchange rates, and competitiveness in transition economies /","""Integrating transition economies into the global commercial and trade market system is a prolonged and risky process. This book is a collection of studies dealing with the different issues related to the liberalization of external relations in economies moving from a socialist to a market-based system. The focus is on external sector developments, and the topics deal with balance of payments conditions, exchange rate policies and regimes, international competitiveness, international capital flows, foreign trade, and other matters related to the integration of transition economies into the world economy.""--BOOK JACKET."
494,The big problem of small change /,"The Big Problem of Small Change offers the first credible and analytically sound explanation of how a problem that dogged monetary authorities for hundreds of years was finally solved. Two leading economists, Thomas Sargent and Francois Velde, examine the evolution of Western European economies through the lens of one of the classic problems of monetary history--the recurring scarcity and depreciation of small change. Through penetrating and clearly worded analysis, they tell the story of how monetary technologies, doctrines, and practices evolved from 1300 to 1850; of how the ""standard formula"" was devised to address an age-old dilemma without causing inflation. One big problem had long plagued commodity money (that is, money literally worth its weight in gold): governments were hard-pressed to provide a steady supply of small change because of its high costs of production. The ensuing shortages hampered trade and, paradoxically, resulted in inflation and depreciation of small change. After centuries of technological progress that limited counterfeiting, in the nineteenth century governments replaced the small change in use until then with fiat money (money not literally equal to the value claimed for it)--ensuring a secure flow of small change. But this was not all. By solving this problem, suggest Sargent and Velde, modern European states laid the intellectual and practical basis for the diverse forms of money that make the world go round today. This keenly argued, richly imaginative, and attractively illustrated study presents a comprehensive history and theory of small change. The authors skillfully convey the intuition that underlies their rigorous analysis. All those intrigued by monetary history will recognize this book for the standard that it is."
494,The birth of the Euro /,
494,Breaking up the euro :,
494,The challenge of globalization and institution building :,
494,The concrete Euro :,
494,Crisis cycle :,"""How the euro survived a series of crises, and how to make it more resilient. The euro has survived crises unimagined at its founding: the financial meltdown of 2007-2009, the sovereign debt crisis of 2010-2012, the pandemic, and the Russian invasion of Ukraine. The European Central Bank fought these crises with dramatic policy innovations, buying up vast amounts of debt and providing large loans to banks. But now everyone expects the ECB to intervene routinely, and the euro is more fragile as a result. Crisis Cycle recounts this history and offers recommendations for restoring a durable monetary union.Monetary and fiscal policy are intertwined, especially in a currency union like the eurozone. Member states can be tempted to borrow and spend too much, and then count on the ECB to rescue them by printing money to buy their bonds. To avoid these disincentives, the ECB was founded with a narrow mandate: use interest rates to pursue price stability, and don't buy sovereign debt. Debt and deficit rules would keep countries from getting into trouble.The ECB's emergency innovations brought back these disincentives. How can the EU avoid larger and larger bailouts? The authors argue that Europe needs a joint fiscal institution that can provide temporary help to sovereigns, a resolution mechanism so sovereign default is a motivating possibility, and bank reform that ensures sovereign default will not bring down the financial system. This timely book shows how to restore the euro's ambitious and effective founding framework. The unique group of authors combine extensive policy experience and authoritative academic credentials""--"
494,"Democracy, sovereignty and the European Union /",
494,Dictionary of Sonom Gara's Erdeni-yin sang :,"This then is the first full dictionary of the earliest Mongol version of the thirteenth-century moral guide Sa skya Legs bshad that was compiled in Tibetan by the famous high priest and scholar Sa skya Pandita, and as such an indispensable tool for the study of Tibeto-Mongol translation techniques, and Mongol language history in general. The medieval Mongol translator Sonom Gara s words written in Uygur letters or printed in Kubilai s Square Script are listed here in transcription together with an English interpretation and their equivalents in the Tibetan original. Parallel passages are quoted from later seventeenth- and eighteenth-century Mongol translations. The foreword extensively discusses the strophic structure, notions and values, discrepancies between the Tibetan and the Middle Mongol versions, Uygur elements and other peculiarities of Sonom Gara s language. --Cover."
494,Dollarization :,
494,Dollarization :,
494,De Dunhuang à Istanbul :,"L. Bazin, Hommage a James Russell Hamilton - J. Russell Hamilton & P. Zieme, Bibliographie des uvres de James Russell Hamiton - J. Ebert, Sogdische Bildfragmente der Aranemi-Legende aus Qoco in Turfan - G. Shimin, Materials on Tuvan of China - M. Hamada, L'inscription de Xiate (Shata) - G. Hazai, A propos du vocalisme des mots d'emprunts dans le vieux turc anatolien - G. Kara, Late Mediaeval Turkic Elements in Mongolian - S.G. Kljashtornyj, Les etapes initiales dans l'histoire des Turcs - J.P. Laut, Uigurische Sunden - T. Moriyasu, Uighur Buddhist Stake Inscriptions from Turfan - N. Ruji, A Fragment of a Buddhist Refuge Formula in Uighur in the Pelliot Collection - J. Oda, A Genealogy of Texts of the Bayangjing Sutra - G.-J. Pinault, Tocharo-Turcica - K. Rohrborn, Kausative Verben des Altturkischen in elliptischen Satzen - R. Xinjiang, The Relationship of Dunghuang with the Uighur Kingdom in Turfan in the Tenth Century - K.T. Schmidt, Die westtocharische Version des Aranemi-Jatakas in deutscher Ubersetzung - N. Sims-Williams, Avestan suara-, Turkish suvre - W. Sundermann, Eine soghdische Version der Aranemi-Legende - S. Tezcan, Kimran, alkolsuz bir icki - A. van Tongerloo & J. Dshambinowa, Hermaphroditische Merkmale im kalmuckischen Marchen - E. Tryjarski, Armeno-Kipchak Advices about Growing of Fruits and Flowers (17th cent.) - W. Chiyu, Legend in the Old Testament and in the Huainan zi on the stopping of the solar movement - P. Zieme, Aranemi-Jataka und ein Sundenbekenntnistext in einer altturkischen Sammelhandschrift."
494,The earliest missionary grammar of Tamil :,
494,Early Tamil epigraphy :,
494,Econometric modelling of European money demand :,
494,ECU :,
494,Die Eidgenossenschaft zwischen Rütli und EWR :,
494,Elusive union :,
494,"EMU, getting the end-game right /",
494,The end of the euro :,
494,Der Euro :,
494,The euro :,
494,The Euro and the battle of ideas /,
494,Euro crash :,
494,Euro crash :,
494,Euro on trial :,
494,"Ein Europa, eine Währung :",
494,Europe's orphan :,
494,Europe's orphan :,
494,"European integration, monetary co-ordination, and the demand for money /",
494,European monetary integration :,
494,The European monetary system :,
494,The European monetary system /,
494,European monetary unification /,
494,European monetary unification and its meaning for the United States /,
494,European monetary union :,
494,European monetary union in a turbulent world economy.,
494,Eurozone dystopia :,"Eurozone Dystopia traces the origin of the Eurozone and shows how the historical Franco-German rivalry combined with the growing dominance of neo-liberal economic thinking to create a monetary system that was deeply flawed and destined to fail. William Mitchell argues that the political class in Europe is trapped in a destructive groupthink. Based on a flawed understanding of macroeconomic fundamentals, groupthink extols the virtues of the erroneous concept of the self-regulating free market and prevents Europe from seeing its own policy failures. As a result, millions are unemployed, with imperilled member states caught in a cycle of persistent stagnation and rising social instability."
494,Facing the music :,
494,Fillers and reinforcements for plastics :,
494,Finnish :,
494,Fire this time :,"In August 1965 the predominantly black neighborhood of Watts in Los Angeles erupted in flames and violence following an incident of police brutality. This is the first comprehensive treatment of that uprising. Property losses reached hundreds of millions of dollars and the official death toll was thirty-four, but the political results were even more profound. The civil rights movement was placed on the defensive as the image of meek and angelic protestors in the South was replaced by the image of ""rioting"" blacks in the West. A ""white backlash"" ensued that led directly to Ronald Reagan's election as governor of California in 1966. In Fire This Time Horne delineates the central roles played by Ronald Reagan, Tom Bradley, Martin Luther King, Jr., Edmund G. Brown, and organizations such as the NAACP, Black Panthers, Nation of Islam, and gangs. He documents the role of the Cold War in the dismantling of legalized segregation, and he looks at the impact of race, region, class, gender, and age on postwar Los Angeles. All this he considers in light of world developments, particularly in Vietnam, the Soviet Union, China, and Africa."
494,Fire this time :,"In August 1965 the predominantly black neighborhood of Watts in Los Angeles erupted in flames and violence following an incident of police brutality. This is the first comprehensive treatment of that uprising. Property losses reached hundreds of millions of dollars and the official death toll was thirty-four, but the political results were even more profound. The civil rights movement was placed on the defensive as the image of meek and angelic protestors in the South was replaced by the image of ""rioting"" blacks in the West. A ""white backlash"" ensued that led directly to Ronald Reagan's election as governor of California in 1966. In Fire This Time Horne delineates the central roles played by Ronald Reagan, Tom Bradley, Martin Luther King, Jr., Edmund G. Brown, and organizations such as the NAACP, Black Panthers, Nation of Islam, and gangs. He documents the role of the Cold War in the dismantling of legalized segregation, and he looks at the impact of race, region, class, gender, and age on postwar Los Angeles. All this he considers in light of world developments, particularly in Vietnam, the Soviet Union, China, and Africa."
494,First Turkish reader for beginners:,"The book consists of Elementary and Pre-intermediate courses with parallel Turkish-English texts. The author maintains learners' motivation with funny stories about real life situations such as meeting people, studying, job searches, working etc. The ALARM method (Approved Learning Automatic Remembering Method) utilize natural human ability to remember words used in texts repeatedly and systematically. The author composed each chapter using words explained in previous chapters only. The second and the following chapters of the Elementary course have about thirty new words each."
494,The fragmented metropolis :,
494,The future of global currency :,
494,The future of the Euro /,
494,Geldwertstabilität für Europa :,
494,A grammar of Old Turkic /,"For the first time, a linguistic description of Old Turkic (7th to 13th centuries) is presented, dealing with phonology, morphophonology and subphonemic phenomena as reflected in numerous scripts, derivational and inflectional morphology, syntax and coherence, the lexicon and stylistic, dialect and diachronic variation."
494,Grundlagen der euröpaischen Währungsintegration :,
494,Handbook of the Ainu language /,"The volume is aimed at preserving invaluable knowledge about Ainu, a language-isolate previously spoken in Hokkaido, Sakhalin, and Kurils, which is now on the verge of extinction. Ainu was not a written language, but it possesses a huge documented stock of oral literature, yet is significantly under-described in terms of grammar. It is the only non-Japonic language of Japan and is typologically different not only from Japanese but also from other Northeast Asian languages. Revolving around but not confined to its head-marking and polysynthetic character, Ainu manifests many typologically interesting phenomena, related in particular to the combinability of various voice markers and noun incorporation. Other interesting features of Ainu include vowel co-occurrence restrictions, a mixed system of expressing grammatical relations, which includes the elements of a rare tripartite alignment, nominal classification distinguishing common and locative nouns, elaborate possessive classes, verbal number, a rich four-term evidential system, and undergrammaticalized aspect, which are all explained in the volume. This handbook, the result of unprecedented cooperation of the leading experts of Ainu, will definitely help to increase the clarity of our understanding of Ainu and in a long-term perspective may provide answers to problems of human prehistory as well as open the field of Ainu studies to the world and attract many new students. Table of Contents Masayoshi Shibatani and Taro KageyamaPreface Masayoshi Shibatani and Taro KageyamaIntroduction to the Handbook of Japanese Language and Linguistics Contributors Anna BugaevaIntroduction I Overview of Ainu studies Anna Bugaeva1. Ainu: A head-marking language of the Pacific Rim Juha Janhunen2. Ainu ethnic origins Tomomi Satō3. Major old documents of Ainu and some problems in the historical study of Ainu Alfred F. Majewicz4. Ainu language Western records José Andrés Alonso de la Fuente5. The Ainu language through time Alexander Vovin6. Ainu elements in early Japonic Hidetoshi Shiraishi and Itsuji Tangiku7. Language contact in the north Hiroshi Nakagawa and Mika Fukazawa8. Hokkaido Ainu dialects: Towards a classification of Ainu dialects Itsuji Tangiku9. Differences between Karafuto and Hokkaido Ainu dialects Shiho Endō10. Ainu oral literature Osami Okuda11. Meter in Ainu oral literature Tetsuhito Ōno12. The history and current status of the Ainu language revival movement II Typologically interesting characteristics of the Ainu language Hidetoshi Shiraishi13. Phonetics and phonology Hiroshi Nakagawa14. Parts of Speech – with a focus on the classification of nouns Anna Bugaeva and Miki Kobayashi15. Verbal valency Tomomi Satō16. Noun incorporation Hiroshi Nakagawa17. Verbal number Yasushige Takahashi18. Aspect and evidentiality Yoshimi Yoshikawa19. Existential aspectual forms in the Saru and Chitose dialects of Ainu III Appendices: Sample texts Anna Bugaeva20. An uwepeker “Retar Katak, Kunne Katak” and kamuy yukar “Amamecikappo” narrated in the Chitose Hokkaido Ainu dialect by Ito Oda Elia dal Corso21. “Meko Oyasi”, a Sakhalin Ainu ucaskuma narrated by Haru Fujiyama Subject index"
494,Harumi Gals /,
494,The history of European Monetary Union :,
494,Impact of EMU on selected non-European Union countries /,
494,Inclusion of Central European countries in the European Monetary Union /,
494,The interaction of monetary policy and wage bargaining in the European Monetary Union :,
494,Introduction to Altaic philology :,"There are many excellent books dealing with Old Turkic, Preclassical and Classical Mongolian and Literary Manchu individually, but none providing in a single volume a comprehensive survey of all the three major Altaic languages. The present volume attempts to fill this gap; at the same time it reviews also the much debated Altaic Hypothesis. The book is intended for use by students at university level as well as by general readers with a basic knowledge of linguistics. The 39 language texts analysed in the volume are discussed within their historical and cultural context, thus vastly enlarging the scope of the purely linguistic investigation."
494,"Keynes, the Keynesians and monetarism /","Keynes, the Keynesians and Monetarism is a major contribution to the continuing debate on macroeconomic policy-making. Tim Congdon has been a strong supporter of monetarist economic principles for over 30 years. His writings - in the newspapers and for parliamentary committees, as well as in academic journals - played an influential role in the transformation of British macroeconomic policy in the 1980s and 1990s.This book brings together the main papers written by the author since his 1992 collection, Reflections on Monetarism. It challenges several 'conventional wisdoms' about UK macroeconomic policy (and thinking about policy), arguing - for example - that the Keynesians' advocacy of incomes policy and fiscal activism in the immediate post-war decades did not have a clear basis in Keynes's own writings. The book denies that the UK had a 'Keynesian revolution', in the sense of a deliberately pursued fiscal activism to promote 'full employment'. Implicit throughout the volume is a distinctive view of how the economy works, with an account of the transmission mechanism (from money to the economy) in which movements in asset prices and aggregate demand are strongly influenced by the quantity of money. Congdon uses this approach to demonstrate that monetary policy has had more powerful effects on macroeconomic activity in the post-war period than fiscal policy. He also suggests that the now fashionable 'New Keynesian' view of policy-making acknowledges the primacy of monetary policy and would be better termed 'output gap monetarism'. In short, Keynes, the Keynesians and Monetarism contends that monetarism defeated Keynesianism in the battle of ideas in the 1970s and 1980s. The achievement of greater macroeconomic stability in the last 15 years is largely due to the impact of monetarist thinking on policy-making.The book is clearly and attractively written, and covers topics that are fundamental to macroeconomic thinking and policy-making. It will be a provocative and appealing read for scholars at all levels of economics, macroeconomics and monetary theory. It will also find an audience among policymakers in central banks and finance ministries, business economists working in companies, and financial economists in the City of London and other centres."
494,The Kitan language and script /,"The Kitan language and script have disappeared from history for more than 800 years. Recent research has partially deciphered a number of Kitan inscriptions, reveal significantly more of its lexicon and morphology. This book summarises the current state of research."
494,Landscapes of desire :,"""To those of us who look at Los Angeles and see no sense at all, Landscapes of Desire offers a vivid account of the particular visions that drove the period of Anglo dominance in the Los Angeles region, from about 1850 to about 1985. William McClung's essay, supported at every point by illustrations, shows that Anglo settlers and developers wanted nothing more than to make sense of their surroundings, but that their two dominant paradigms were at war with each other. Anglophone Los Angeles, McClung says, has tried strenuously to reconcile two competing mythologies of place and space: one of an acquired Arcadia - a found natural paradise - and the other of an invented Utopia - an empty space inviting development. Examining designed spaces, including buildings, parks, freeways, and whole neighborhoods and communities, McClung gives readers a strong sense of the contradictions, failures, and triumphs that continue to govern L.A.'s image of itself.""--BOOK JACKET."
494,"Language, society, and religion in the world of the Turks :",
494,Languages in contact :,
494,"Lexikon über die europäische Währungsunion, ECU/EURO :",
494,Los Angeles transformed :,
494,"Maastricht II-- Entwicklungschancen und Risiken der EU : Erweiterung, Vertiefung oder Stagnation? :",
494,Making EMU happen :,
494,Making payments and managing cash in the euro :,
494,Making the European monetary union /,
494,Manchu grammar /,"With the help of this long-awaited comprehensive grammar of Manchu, the official language in China during the Qing dynasty, access can be gained to the numerous official documents of more than 250 years of Chinese history immediately preceding the Republic. Taking into full account the scholarship on the subject from both China and Russia, the volume provides full coverage of the Manchu writing system, morphology and phonology. Special attention is given to syntax, until recently a conspicuous hiatus in Manchu linguistic studies. Also dealt with is Sibe, which the author convincingly argues to be a direct successor of Manchu vernacular, and its relation with classical Manchu. Many grammatical problems of Manchu are considered in a wider framework of the Manchu-Tungusic languages - the group to which Manchu belongs. Dr. Gorelova's grammar is a true reference work, indispensable for students of (Qing) China and Oriental languages."
494,The Manchu language at court and in the bureaucracy under the Qianlong emperor /,"""This is the first book-length study of the roles played by the Manchu language at the center of the Qing empire at the height of its power in the eighteenth century. It presents a revisionist account of Manchu not as a language in decline, but as extensively and consciously used language in a variety of areas. It treats the use, discussion, regulation, and philological study of Manchu at the court of an emperor who cared deeply for the maintenance and history of the language of his dynasty""--"
494,Monetary implications of the 1992 process /,
494,Monetary integration in Europe :,"This book provides a fully revised and up-to-date analysis of the Economic and Monetary Union (EMU). With four entirely new chapters on responses to the financial crisis and the debate on reform options, Tomann assesses the EMU in comparison with other currency regimes through the adoption of a historical analysis. The book discusses in detail basic issues with currency and comprehensively analyzes monetary policy, highlighting problems of policy coordination. Tomann explores new monetary institutions that have been established in response to the financial crisis, before addressing long-term issues and reviewing reform proposals. By focusing on monetary issues the book offers a better understanding of macroeconomic policies and international policy cooperation, and, by extension, provides a thorough economic assessment of the EMU as an institution as it stands today."
494,Monetary policy and interest rates :,
494,Monetary policy in an integrated world economy :,
494,Monetary policy in Europe after Maastricht /,
494,Monetary theory and practice /,
494,The monetary transmission process :,
494,"Monetary union, employment and growth :",
494,Money demand in Europe /,
494,Money in the medieval English economy 973-1489 /,
494,The Money Museum of the Deutsche Bundesbank.,"Money, whether in the form of banknotes, coins, or digital credits in our bank accounts, is at the heart of nearly everything we do in modern life. But we rarely give it any sustained thought. What, after all, is money, really? How does it work? Where does it come from? Who controls the banks? How does monetary policy work, and what roles do central banks play in its use?"
494,Money over two centuries :,
494,"Money, banking and finance :",
494,The Mongolic languages /,
494,North Sámi :,"The book provides: a clear and comprehensive overview of modern Sámi grammar including examples drawn from authentic texts of various genres. a systematic order of topics beginning with the alphabet and phonology, continuing with nominal and verbal morphology and syntax, and concluding with more advanced topics such as discourse particles, complex sentences, and word formation. full explanations of the grammatical terminology for the benefit of readers without a background in linguistics. Suitable for linguists, as well as independent and classroom-based students, North Sámi: An Essential Grammar is an accessible but thorough introduction to the essential morphology and syntax of modern North Sámi, the largest of the Sámi languages."
494,Number our days /,
494,On money and credit in Europe :,"""In this book, Martin Fase, a notable academic and practitioner, draws together his most important contributions to monetary economics over two decades, using empirical evidence to assert his unique style in designing monetary policy."" ""One of the main themes of Professor Fase's work, covered in the first part of the book, is the empirical analysis of the demand for money. The second part of the book uses empirical evidence to address a variety of monetary issues, including the system approach to money demand, the demand for bank loans, payment patterns and the demand for banknotes and coins."" ""On Money and Credit in Europe will be of great value to scholars and practitioners of monetary and financial economics, the economics of European integration and money and banking.""--BOOK JACKET."
494,The ostrich and the EMU :,
494,The other side :,
494,Ottoman translations :,"Studies translation into and amongst the Ottoman Empire's many languagesOffers eight collaboratively written, in-depth case studies of translation between Ottoman and associated languages, from scholars with diverse linguistic expertiseFocuses on texts translated or adapted from Ottoman Turkish, Arabic, English, French, and Greek into Arabic, Urdu, Hindi, Bengali, Ottoman Turkish, Greek, Karamanlidika, Persian, Bosnian and French Displaces the epicentre of Translation Studies and Comparative Literature eastward, challenging views of translation and text dissemination that centre 'the West' Includes case studies of Bunyan's Pilgrim's Progress, Shakespeare's Othello, Eugène Sue's Mystères de Paris, Khayr al-Din Pasha's Muqaddima, Abdulhak Hamit's Tarik, Qasim Amin's Tahrir al-Mar'a, Muhammad Farid Wajdi's The Muslim Woman and Fatima Aliye's Nisvan-ı İslamA vigorous translation scene across the nineteenth-century Ottoman Empire--government and private, official and amateur, acknowledged and anonymous--saw many texts from European languages rewritten into the multiple tongues that Ottoman subjects spoke, read and wrote. Just as lively, however, was translation amongst Ottoman languages, and between those and the languages of their neighbours to the east. This proliferation and circulation of texts in translation and adaptation, through a range of strategies, leads us to ask: What is an 'Ottoman language'?This volume challenges earlier scholarship that has highlighted translation and adaptation from European languages to the neglect of alternative translations, re-centring translation as an Ottoman 'hub'. Collaborative work has allowed us to peer over the shoulders of working translators to ask how they creatively transported texts between as well as beyond Ottoman languages, with a range of studies stretching linguistically and geographically from Bengal to London, Istanbul to Paris, Andalusia to Bosnia."
494,Ottoman-Turkish conversation-grammar ;,"This work has been selected by scholars as being culturally important, and is part of the knowledge base of civilization as we know it. This work was reproduced from the original artifact, and remains as true to the original work as possible. Therefore, you will see the original copyright references, library stamps (as most of these works have been housed in our most important libraries around the world), and other notations in the work.This work is in the public domain in the United States of America, and possibly other nations. Within the United States, you may freely copy and distribute this work, as no entity (individual or corporate) has a copyright on the body of the work.As a reproduction of a historical artifact, this work may contain missing or blurred pages, poor pictures, errant marks, etc. Scholars believe, and we concur, that this work is important enough to be preserved, reproduced, and made generally available to the public. We appreciate your support of the preservation process, and thank you for being an important part of keeping this knowledge alive and relevant."
494,Perspektive Schweiz :,
762,Africa undermined :,
762,American turnaround :,"CEO Ed Whitacre shares his story of his corporate success at AT&T and his assignment by President Barack Obama to turn around the failing General Motors. He delves candidly into the business tactics he used to bring GM back from the brink, and discusses the people and events that have influenced his life."
762,Basic documents on international law and the environment /,
762,The BMW century :,"""Relive the first one hundred years of Germany's best two- and four-wheeled rides. Established in 1916, BMW is one of the auto and motorcycle industry's oldest and most-respected car and motorcycle manufacturers. Over the past century, the company went through myriad developments. The BMW Century chronicles this remarkable transportation company through images of the cars and motorcycles it manufactured, from the 1923 R32 motorcycle to sleek electric cars of today. This handsome volume is filled with images, history, and in-depth looks at the incredible machines BMW created year after year. The BMW Century showcases how the company's new visionary team systematically rebuilt BMW in the post-World War II years into the spectacular success we know today - that is, a company with sales projected to be upwards of two million cars annually by 2016, led by its 3-series, the best-selling luxury-performance car in the world. BMW's motorcycle division is no less legendary. It began with the 1923 avant-garde R32, which featured a 180-degree, horizontally opposed twin, the engine configuration that would become BMW's hallmark. Along the way, BMW would use that configuration to power groundbreaking machines like the R90S, R100RS, and R80GS. Beginning in 1983, they would add three- and four-cylinder machines to their offerings, culminating in today's spectacular S1000RR sport bike. From the pre-war motorcycles to the iconic R-series twins of the 1970s and 80s to the mighty M-series cars and superbikes of today, The BMW Century offers a full review of German engineering at its finest. The book is illustrated with hundreds of historic, contemporary, and racing photographs - many sourced from BMW's archives - and detailed text relating the BMW's full history. This is the one volume no BMW aficionado can be without""--"
762,The British miner in the age of de-industrialization :,"The British coal industry no longer exists and yet the figure of the coal miner lives on in the British cultural imagination. In feature films and documentaries, miners are typically portrayed as proletarian traditionalists working in a dying industry. Taking this perspective, the 1984/85 miners' strike seems a desperate last stand against forces much bigger than the miners themselves - not just the Thatcher government but the tide of historical change itself.00In this ground-breaking study, Jörg Arnold challenges a declinist reading of the people working in one of Britain's most important energy industries. The study makes extensive use of previously inaccessible records to offer a new account of the British miner in the age of de-industrialisation. The book situates the miners in broader structures of feeling, and reconstructs the miners' sense of the past and the future. 00Arnold argues that Britain's miners went through a cyclical movement as Britain underwent a de-industrial revolution in the final decades of the twentieth century. The book reinserts the industry's 'new dawn' of the 1970s into the story of coal and shows that the miners wielded real power. The industry's reversal of fortunes, inscribed in Plan for Coal (1974). Its significance, the book argues, did not lie in affecting the long-term trajectory of the coal industry. Rather, the 'new dawn' was important in raising the political and cultural stakes. 00The miners found themselves at the centre of sharply conflicting visions of the future at a critical juncture in Britain's history. The figure of the coal miner became invested with sharply contrasting characteristics. The miners, thought to be uniquely powerful by their numerous opponents, and half believing in this power themselves. The miners' special nature, however, jarred with the aspiration to lead an ordinary life, producing tensions that were most cruelly exposed in the year-long strike of 1984/1985."
762,Child neglect :,
762,A Chinese village :,
762,A Chinese village :,
762,La Communauté européenne et l'environnement :,
762,Compatibility of international and national environmental law /,
762,Differential treatment in international environmental law /,"""This book is a comprehensive study of differential treatment for developing countries in international environmental law. It offers a compelling analysis of the legal dimension of the relationship between developed and developing countries in the environmental field and beyond. It first critically examines the principle of legal equality of states and then explores the conceptual framework behind the notion of differential treatment in international law and its relevance in bringing about substantive equality. The book examines the development of differentiation in international environmental law, considers its application in various environmental treaties and evaluates the legal status of existing differential norms. It also examines the contribution of differentiation to the implementation of environmental treaties and the extent to which differential treatment fosters the decentralization of international environmental policy making. It is an indispensable resource for all actors involved in environmental law and policy making, scholars and students.""--BOOK JACKET."
762,Direct from Dell :,
762,Direct from Dell :,
762,Driven :,
762,Driving excellence :,
762,The East Asian computer chip war /,"""This book focuses on the globalization of the strategic semiconductor industry and the security ramifications of this process. It examines in particular the migration of the Taiwanese chip industry to China as part of the globalization of production processes, and the extent to which such a globalization process poses security challenges to the United States, China and Taiwan""--"
762,An ecological approach to international law :,
762,The effectiveness of international environmental regimes :,
762,Elon Musk :,
762,Environmental issues in insolvency proceedings /,"At the October 1996 meeting of the Section on Business Law of the International Bar Association, Committee J presented a programme on environmental issues in insolvency proceedings. The success of the programme encouraged the participants to expand their papers into this book which offers an up-to-date current analysis of the treatment of environmental issues in bankruptcy and insolvency proceedings in six jurisdictions: Canada, Denmark, Germany, Spain, the United Kingdom and the United States. Each of the contributors outline the environmental concerns and legal issues within their jurisdiction, address the insolvency issues that arise and the impact of environmental concerns. The book also includes useful insights from a major international bank - Bank of Nova Scotia - into the handling of international credits where environmental concerns are raised in insolvency proceedings."
762,Enzo :,"This is the definitive account of how Enzo Ferrari became the master of motor racing, and one of the most complex, important and imposing figures in the 20th century. The book draws upon years of original research, conducted in Italy and abroad, and unveils hidden aspects of Ferrari's career - from his early days as a racer, to how he founded the Ferrari company, and even his dealings with the Italian Fascist government and Communist leaders. Learn how Ferrari pushed his drivers to the brink of disaster, revolutionised the automobile industry and overcame family and company infighting on his rise to greatness."
762,Epistolary Korea :,"By expanding the definition of ""epistle"" to include any writing that addresses the intended receiver directly, JaHyun Kim Haboush introduces readers to the rich epistolary practice of Chosŏn Korea. The Chosŏn dynasty (1392-1910) produced an abundance of epistles, writings that mirror the genres of neighboring countries (especially China) while retaining their own specific historical trajectory. Written in both literary Chinese and vernacular Korean, the writings collected here range from royal public edicts to private letters, a fascinating array that blurs the line between classical and everyday language and the divisions between men and women. Haboush's selections also recast the relationship between epistolography and the concept of public and private space. Haboush groups her epistles according to where they were written and read : public letters, letters to colleagues and friends, social letters, and family letters. Then she arranges them according to occasion : letters on leaving home, deathbed letters, letters of fiction, and letters to the dead. She examines the mechanics of epistles, their communicative space, and their cultural and political meaning. With its wholly unique collection of materials, ""Epistolary Korea"" produces more than a vivid chronicle of pre- and early modern Korean life. It breaks new ground in establishing the terms of a distinct, non-European form of epistolography."
762,Exploiting linkages for building technological capabilities :,
762,Farmers and village life in twentieth-century Japan /,
762,Ferrari 70 years /,
762,Ford tough :,
762,The frackers :,"The riveting, untold story of the men who are transforming global energy. In five years, the United States has seen a historic burst of oil and natural gas production, easing our insatiable hunger for energy. A new drilling process called fracking has made us the world's fastest growing energy power, on track to pass Saudi Arabia by 2020. But despite headlines and controversy, no previous book has shown how the revolution really happened. The Frackers tells the dramatic tale of how a group of ambitious and headstrong wildcatters ignored the ridicule of experts and derision of colleagues to pursue massive, long-overlooked deposits. Against all odds, they changed the world-and made astonishing fortunes in the process. Zuckerman's exclusive access enabled him to get close to men like George Mitchell, who developed a new way to drill for gas in shale rock; Harold Hamm, who discovered so much oil he's now worth more than the estate of Steve Jobs; and Aubrey McClendon, who lost more than $2 billion on a misguided gambit. Zuckerman shows how the frackers are now using their wealth to shake up Hollywood, education, politics, sports, and other fields, much like the Rockefellers and Gettys before them. He also explores the debate over the environmental risks of fracking, and whether those risks are worth it for the United States to achieve energy independence and for the rest of the world to follow."
762,Future firms :,
762,Getting the bugs out :,
762,The global commons :,
762,"Gopalpur, a south Indian village /",
762,The Halliburton agenda :,
762,Henry and Edsel :,
762,The Huawei story /,
762,Inside the Third World village /,
762,Integrated pollution prevention and control :,
762,International environmental diplomacy :,
762,International environmental law and regulations /,
762,International environmental law in a nutshell /,
762,"International environmental law, policy, and ethics /",
762,International law and the environment /,
762,Jack :,
762,A Japanese village :,
762,John Chambers and the CISCO way :,
762,"Law, values, and the environment :",
762,Lexus :,
762,"Local lives, parallel histories :","""The division of Germany separated a nation, divided communities and inevitably shaped the life histories of those growing up in the socialist dictatorship of the East and the liberal democracy of the West. This peculiarly German experience of the Cold War has so far mostly been seen through the lens of the divided Berlin or other border communities. What has been much less explored, however, is what division meant to the millions of Germans in East and West who lived far away from the Wall and the centres of political power. This book is the first comparative study to examine how villagers in both Germanies dealt with the imposition of two very different systems in their everyday lives. Focusing on two villages, Neukirch (Lausitz) in Saxony and Ebersbach (Fils) in Baden-Württemberg, it explores how local residents experienced and navigated social change in their localities in the postwar era. Based on a wide range of archival sources as well as oral history interviews, the book argues that there are parallel histories of responses to social change among villagers in postwar Germany. Despite the different social, political and economic developments, the residents of both localities desired rural modernisation, lamented the loss of 'community' and became politically active to control the transformation of their localities. The book thereby offers a bottom-up history of the divided Germany which shows how individuals on both sides of the Wall gave local meaning to large-scale processes of change""--"
762,Malay peasant society and leadership /,
762,Marine pollution and international law : principles and practice /,
762,Mississippi's natural heritage :,"""Mississippi's Natural Heritage: Photographs of Flora and Fauna glories in the plants and animals of the state. Featuring four hundred beautiful color photographs and a complete index of included species, Mississippi's Natural Heritage is the first book of its kind dedicated to Mississippi's natural world. Photographer Wesley L. Shoop spent years photographing a vast array of invertebrates, fossils, amphibians and reptiles, birds, mammals, plants, and fungi, and the book features a section dedicated to each group. The photographs in this book were taken in LeFleur's Bluff State Park, a dazzling, well-known Mississippi park and urban natural area that exemplifies the biota of Mississippi. Over a thousand species of flora and fauna have been identified on the Park's bluff and floodplain. All of these species can be found in forests, parks, and backyards across the state. LeFleur's Bluff is a fascinating microcosm of Mississippi's ecological community. Shoop has created this breathtaking collection of images in the hope that by illustrating the living diversity found in Mississippi, it can inspire a greater appreciation of what we have and how impoverished we will be if we do not protect it""--"
762,Mississippi's natural heritage :,"""Mississippi's Natural Heritage: Photographs of Flora and Fauna glories in the plants and animals of the state. Featuring four hundred beautiful color photographs and a complete index of included species, Mississippi's Natural Heritage is the first book of its kind dedicated to Mississippi's natural world. Photographer Wesley L. Shoop spent years photographing a vast array of invertebrates, fossils, amphibians and reptiles, birds, mammals, plants, and fungi, and the book features a section dedicated to each group. The photographs in this book were taken in LeFleur's Bluff State Park, a dazzling, well-known Mississippi park and urban natural area that exemplifies the biota of Mississippi. Over a thousand species of flora and fauna have been identified on the Park's bluff and floodplain. All of these species can be found in forests, parks, and backyards across the state. LeFleur's Bluff is a fascinating microcosm of Mississippi's ecological community. Shoop has created this breathtaking collection of images in the hope that by illustrating the living diversity found in Mississippi, it can inspire a greater appreciation of what we have and how impoverished we will be if we do not protect it""--"
762,New technology-based firms at the turn of the century /,
762,Perspectives on the small community :,
762,Porsche :,
762,Principles of international environmental law.,
762,Private empire :,"The first hard-hitting examination of ExxonMobil, this book is the masterful result of Coll's indefatigable reporting. He draws here on more than four hundred interviews, field reporting from the halls of Congress to the oil-laden swamps of the Niger Delta, more than one thousand pages of previously classified U.S. documents obtained under the Freedom of Information Act, heretofore unexamined court records, and many other sources. A penetrating, newsbreaking study, this book is a defining portrait of ExxonMobil and the place of Big Oil in American politics and foreign policy."
762,Profit from experience :,"In this bestselling book, Gil Amelio outlines the innovations he introduced at National Semiconductor that guided the company from the brink of bankruptcy to its highest earnings in history in just three years. ""A remarkable firsthand account""."
762,Religion and mental health :,"Religion and Mental Health: Research and Clinical Applications summarizes research on how religion may help people better cope or exacerbate their stress, covering its relationship to depression, anxiety, suicide, substance abuse, well-being, happiness, life satisfaction, optimism, generosity, gratitude and meaning and purpose in life. The book looks across religions and specific faiths, as well as to spirituality for those who don't ascribe to a specific religion. It integrates research findings with best practices for treating mental health disorders for religious clients, also covering religious beliefs and practices as part of therapy to treat depression and posttraumatic stress disorder."
762,Religious literacy in hospice care :,"""This is the first book to explore how religion, belief and spirituality are negotiated in hospice care. Specifically, it considers the significant place that spiritual care has in hospice care and claims that the changing role of religion and belief in society highlights the need to re-examine how such identities are integrated in professional practice. Using religious literacy as a framework, the author explores how healthcare professionals in hospice care respond to religion, belief and spiritual identities of service users. Part 1 provides a comprehensive account of the content and history of the place of religion, belief and spirituality in hospice care. Part 2 examines how these topics are negotiated in hospice care by looking at three key areas: environment, professional practice and organisation. Part 3 proposes a religious literacy model applicable to hospice care and explores implications for practice and policy. Lastly, the author identifies future trends in research, policy and practice. Drawing on a range of theories and concepts and proposing a working model that can impact on the training of future and current professionals, Religious Literary in Hospice Care should be considered essential reading for students, researchers and practitioners""--"
762,The rise of the Sunbelt cities /,
762,Sacred science :,"Sacred Science is an analysis of post-war discourses concerning health and illness. These discourses are an attempt to grasp the meaning of health in our modern human condition, and as such they provide both new insights into the genealogy of conceptualizations of both health and illness, but also serve as a viable hermeneutic summary of many important textual moments in the recent history of health studies, including Foucault, Gadamer, Illich, Sontag, and others. This book is the result of a phenomenological disquisition of the ideas employed by health scholars and philosophers, and its import rests both on its uniqueness in the relevant fields and its new ideas, including ‘indefinitude’, ‘deontic facticity’, and illness as the experience of the simultaneous ‘inexistence’ of both life and death."
762,Safeguarding children living with trauma and family violence :,
762,Samsung rising :,"""An explosive expose of one of the biggest and most secretive companies in the world, Samsung, as the Korean juggernaut battles Apple and Sony to rule the world of technology""--"
762,Sematech :,
762,Shadows on the grass /,
762,The small community :,
762,Small town Africa :,
762,Sovereignty over natural resources :,
762,Sovereignty over natural resources /,
762,The space barons :,"The Space Barons is the story of a group of billionaire entrepreneurs who are pouring their fortunes into the epic resurrection of the American space program. Nearly a half-century after Neil Armstrong walked on the moon, these Space Barons-most notably Elon Musk and Jeff Bezos, along with Richard Branson and Paul Allen-are using Silicon Valley-style innovation to dramatically lower the cost of space travel, and send humans even further than NASA has gone. These entrepreneurs have founded some of the biggest brands in the world-Amazon, Microsoft, Virgin, Tesla, PayPal-and upended industry after industry. Now they are pursuing the biggest disruption of all: space. Based on years of reporting and exclusive interviews with all four billionaires, this authoritative account is a dramatic tale of risk and high adventure, the birth of a new Space Age, fueled by some of the world's richest men as they struggle to end governments' monopoly on the cosmos. The Space Barons is also a story of rivalry-hard-charging startups warring with established contractors, and the personal clashes of the leaders of this new space movement, particularly Musk and Bezos, as they aim for the moon and Mars and beyond."
762,The strip :,
762,Sustainable development and international law /,"The results of the Rio Summit of 1992 brought a major conceptual breakthrough: environmental protection as a field of international co-operation expanded into ""sustainable development"" through the involvement of developing countries. This evolution has a major impact on international law as one of the prime means of co-operation between states. Scholars and practitioners are reviewing the directions into which the emerging order is moving: a stronger role for equity and justice, for compliance-control, for dispute-avoidance and capacity-building. Rule-making will only be successful if it includes all interested parties, and if it takes account of other important concerns such as international trade. This volume contains the revised and edited papers presented at a symposium held in Baden bei Wien in April 1994. The Austrian Government convened this meeting of prominent scholars and practitioners to contribute to the work of the United Nations Commission on Sustainable Development."
762,Taking responsibility :,"""In this book, two environmental lawyers explain the various legal responsibilities and potential liabilities faced by company directors under United Kingdom and European environmental law. The authors outline what steps can be taken to avert liabilities and what to do in the event of environmental problems, surveying issues such as whistle-blowing by employees and senior officers, liabilities for activities overseas and insurance and indemnity."" ""Particularly suitable for non-lawyers, the book makes use of numerous examples and case studies to clarify the law governing this crucial issue and it provides an essential and reliable reference and guide for company directors and senior officers within companies and local authorities."" --Book Jacket."
762,Tibetan village communities :,
762,Titan :,"A biography of America's first billionaire, John D. Rockefeller, Sr., drawing from Rockefeller's personal papers to provide information about his rustic origins, his creation of Standard Oil, his often controversial business tactics, and his personal relationships and attributes."
762,Toyota supply chain management :,
762,Transboundary damage in international law /,"""The Chernobyl disaster and the ""Amoco Cadiz"" oil spill are examples of environmental catastrophes that have crossed national borders and resulted in complex legal disputes in international law. Xue Hanqin details the international rules and compensation procedures that apply to transboundary environmental disputes in this well researched and comprehensive book. As she discusses existing laws on international liability, she also considers those underlying legal issues that require further development. Written from the perspective of a country coping with rapid economic and social development, this book offers an examination of the problems of transnational environmental damage from a fresh and challenging new perspective. As well as scholars and upper-level students, this book will interest government officials, international lawyers and jurists.""--BOOK JACKET."
762,Urban problems :,
762,Village India :,
762,Village life in Hong Kong :,
762,Wannabe backpackers :,
762,Welch :,
831,"The ""War on terror"" narrative :",
831,20 best short stories in Ray Long's 20 years as an editor.,
831,21 great stories /,
831,50 great short stories /,
831,Adventures in interpretation :,
831,"Ageing, dementia and the social mind /","""Groundbreaking exploration of the sociology of dementia -- with contributions from distinguished international scholars and practitioners. Organised around the four themes of personhood, care, social representations and social differentiation, Ageing, Dementia and the Social Mind provides a critical look at how modern concepts and assumptions regarding dementia can benefit from sociology and other disciplines. This collection addresses the gaps in our sociological knowledge of dementia and provides a forum for the development of new themes and perspectives within the health social sciences. This important work breaks new ground in giving specific attention to the social and cultural dimensions of responses to dementia""--"
831,Ahead of all parting :,
831,"Alzheimer talk, text, and context :",
831,Alzheimer's disease :,
831,Alzheimer's disease :,
831,Alzheimer's disease :,
831,Animal symbolism in Hofmannsthal's works /,
831,The auto-biography of Goethe :,
831,Breaking boundaries :,
831,Breakthrough :,
831,Brecht's poetry of political exile /,
831,The Cambridge companion to Goethe /,"The Cambridge Companion to Goethe provides a challenging yet accessible survey of this versatile figure, not only one of the world's greatest writers but also a theatre director and art critic, a natural scientist and state administrator. The volume places Goethe in the context of the Germany and Europe of his lifetime. His literary work is covered in individual chapters on poetry, drama (with a separate chapter on Faust), prose fiction and autobiography. Other chapters deal with his work in the Weimar Theatre, his friendship with Schiller, his scientific studies and writings, his engagement with the visual arts, with religion and philosophy, the controversies surrounding his political standpoint and the impact of feminist criticism. A wide-ranging survey of reception inside and outside Germany and an extensive guide to further reading round off this volume, which will appeal to students and specialists alike."
831,The Cambridge companion to Rilke /,"""Often regarded as the greatest German poet of the twentieth century, Rainer Maria Rilke (1875-1926) remains one of the most influential figures of European modernism. In this Companion, leading scholars offer informative and thought-provoking essays on his life and social context, his correspondence, all his major collections of poetry including most famously the Duino Elegies and Sonnets to Orpheus, and his seminal novel of Modernist anxiety, The Notebooks of Malte Laurids Brigge. Rilke's critical contexts are explored in detail: his relationship with philosophy and the visual arts, his place within modernism and his relationship to European literature, and his reception in Europe and beyond. With its invaluable guide to further reading and a chronology of Rilke's life and work, this Companion will provide an accessible, engaging account of this extraordinary poet whose legacy looms so large today""--Provided by publisher."
831,The Cambridge introduction to German poetry /,
831,Care giving for Alzheimer's disease :,"Veteran clinicians offer a unique framework for understanding the psychological origins of behaviors typical of Alzheimer's and other dementias, and for providing appropriate care for patients as they decline. Guidelines are rooted in the theory of retrogenesis in dementia--that those with the condition regress in stages toward infancy--as well as knowledge of associated brain damage. The objective is to meet patients where they are developmentally to best be able to address the tasks of their daily lives, from eating and toileting to preventing falls and wandering. This accessible information gives readers a platform for creating strategies that are respectful, sensitive, and tailored to individual needs, thus avoiding problems that result when care is ineffective or counterproductive. Featured in the coverage: Abilities and disabilities during the different stages of Alzheimer's disease. Strategies for keeping the patient's finances safe. Pain in those with dementia, and why it is frequently ignored. ""Help! I've lost my mother and can't find her!"" Sexuality and intimacy in persons with dementia. Instructive vignettes of successful caring interventions. Given the projected numbers of individuals expected to develop dementing conditions, Care Giving for Alzheimer?s Disease will find immediate interest among clinical psychologists, health psychologists, psychiatrists, social workers, and primary care physicians."
831,A Century of short stories /,
831,Children in the poetry of Bertolt Brecht :,
831,China and Germany : a study of images and influences of China in German literature /,
831,The classical centre :,
831,Cognitive stimulation therapy for dementia :,
831,A companion to the works of Hugo von Hofmannsthal / edited by Thomas A. Kovach.,
831,Comparisons :,
831,Controls and art :,"Dancing humanoids, robotic art installations, and music generated by mathematically precise methods are no longer science fiction; in fact they are the subject of this book. This first-of-its-kind anthology assembles technical research that makes such creations possible. In order to mechanize something as enigmatic and personal as dance, researchers must delve deeply into two distinct academic disciplines: control theory and art. Broadly, this research uses techniques from the world of art to inspire methods in control, enables artistic endeavours using advanced control theory and aids in the analysis of art using metrics devised by a systems theoretic approach. To ensure that artistic influences are well represented, the individual chapters are focused so that they relate their contribution to the arts meaningfully and explicitly. Specially composed introductions set up the contributions either in terms of inspiration by artistic principles or their contribution to the arts through new analysis tools. To facilitate this, the majority of the chapters are authored jointly by experts in control theory and by artists, including dancers, choreographers, puppeteers and painters. Connections between controls and art then permeate the text so that these important relationships play a central role in the book."
831,"Correspondence between Goethe and Schiller, 1794-1805 /",
831,Dare to be happy! :,
831,Dear friend :,"""In 1908, Rainer Maria Rilke wrote his ""Requiem for a Friend"" in memory of Paula Modersohn-Becker, the German painter who had had a profound effect on him, both personally and artistically, and who had died a year earlier. Modersohn-Becker, despite being one of the great modern painters, is today remembered primarily as she is portrayed in that poem. In Dear Friend, Eric Torgersen looks at the relationship of these two great artists whose vexed seven-year friendship was extraordinarily productive for both, and offers an introduction to the life and work of Modersohn-Becker, a gifted and determined woman whose work stands comparison with that of any painter of her day."" ""Included in the book are sixteen illustrations as well as new translations by Torgersen of Rilke's ""Requiem for a Friend"" and of the love poems Rilke wrote for Becker shortly after they met. Torgersen discusses Modersohn-Becker's vital paintings, including her unfinished portrait of Rilke. He quotes extensively from the letters and journals of both figures, translating many of Rilke's into English for the first time. Finally, Torgersen addresses the unanswered question of whether the two were ever lovers, and offers new insights into Rilke's writing of ""Requiem for a Friend.""""--BOOK JACKET."
831,Dementia :,"""Dementia: A Very Short Introduction explains how dementia is diagnosed, its different types and symptoms, and its effects on sufferers and their families. Why is dementia resistant to treatment? Why has the most successful scientific hypothesis not led to a cure? Are there variations between different countries, and given the rise in the ageing population, are there more or less cases than we think? This VSI looks at the history of dementia research and examines the genetic, physiological, and environmental risk factors and how individuals might reduce them. It also investigates developments in diagnosis and symptom management, and the economic and political context of dementia care""--Provided by publisher."
831,Dementia :,"Person-centered care for persons with dementia has been developed and expanded over the last few decades. Speech-language pathologists are uniquely positioned to understand the striking impact that communication challenges have on persons with dementia and their caregivers, and can lead the charge to improve access to communication and participation. This volume serves as a starting point and reference manual for those who want to provide person-centered and life-enhancing services to persons with dementia, and to inspire the continued generation of quality research to demonstrate the value of cognitive-communication, behavioral, and caregiver interventions. It serves as a call to action for an interprofessional team of healthcare providers across healthcare settings to promote meaningful life engagement in persons with dementia using evidence-based assessment and intervention approaches. This volume provides background on the evolution of caring for persons with dementia, as well as a description of the diagnostic process for dementia syndromes and the cognitive and communication characteristics of dementias with an emphasis on Alzheimer’s dementia. Its chapters cover the person-centered assessment process for persons with cognitive and communicative disorders of dementias; intervention approaches for the wide variety of cognitive, communicative, eating/swallowing, and behavioral symptoms and consequences of dementia syndromes; reimbursement and documentation issues for various settings in which persons with dementia are seen; and issues and challenges of quality of life and end-of-life care."
831,Dictations :,
831,Diderot's cat :,
831,Digital control applications illustrated with MATLAB /,"""Covers the modeling, analysis, and design of linear discrete control systems. Illustrating all topics using the micro-computer implementation of digital controllers aided by MATLAB®, Simulink®, and FEEDBACK®""--Back cover."
831,Discoveries :,
831,Duino elegies /,"""Rilke continues to be the most read and discussed German poet of the modern period. The Duino Elegies, together with the Sonnets to Orpheus, remain his greatest achievement. The themes of the ten elegies - and the conceptual world unique to Rilke from which they emerge - can best be understood through their poetic form: their imagery and neologistic formations, their angular syntax, their abrupt changes of tone and linguistic register, their use of multiple personae and speaking voices, and the often-ironic self-presentation of the author. Commentators, however, have often treated these features as mere formal devices that we can somehow see through to get to what really matters, that is, to what Rilke has to say about the human condition or the meaning of life, to his philosophy or worldview. On the contrary, they are constitutive of meaning in the elegies, and understanding them is crucial to our experience of reading Rilke's work. The purpose of this book is to make such features visible and to explain them to the reader as clearly as possible. This is the first full-length book in English devoted to the elegies in over thirty years. It offers an entirely new translation of each elegy, paired with the original German text, and a close reading of each""--"
831,"The effects of individualized vs. classical ""relaxation"" music on the frequency of agitation in elderly persons with Alzheimer's disease and related disorders /",
831,Eight short stories /,
831,Einfache deutsche Gedichte /,
831,Erotic poems /,
831,Essays on Goethe /,
831,Essays on mediaeval German poetry /,
831,The eternal feminine :,
831,Sonnets to Orpheus /,
831,The feminine in Heine's life and oeuvre :,
831,Fiction /,
831,Fiction 100 :,
831,Fiction 100 :,
831,Fiction 100 :,
831,Fiction 100 :,
831,Fiction 100 :,
831,Fictions /,
831,Frequency-response methods in control systems /,
831,Friedrich Holderlin,
831,Friedrich Schiller :,
831,Friedrich von Schiller and the drama of human existence /,
831,From my life /,
831,Gedichte :,
831,Gedichte /,
831,Georg Trakl :,
831,German history unbound :,"""A polycentric German history that pointedly decenters the nation-state.  It includes communities of Germans far beyond its borders, and it emphasizes that for generations many who considered themselves to be German also felt themselves to be other things. Taking up a decidedly counter-hegemonic position, Glenn calls for a greater integration of mobilities, migration flows, and pluralities of belonging into our narratives of Germans' histories. He also argues for greater attention to the transcultural spaces many Germans helped to fashion and the various networks that tied them together.""--"
831,The German minority in interwar Poland /,"""The German Minority in Interwar Poland analyzes what happened when Germans from three different empires - the Russian, Habsburg, and German - were forced to live together in one, new state. After the First World War, German national activists made regional distinctions among these Germans and German-speakers in Poland, with preference initially for those who had once lived in the German Empire. Rather than becoming more cohesive over time, Poland's ethnic Germans remained divided and did not unite within a single representative organization. Polish repressive policies and unequal subsidies from the German state exacerbated these differences, while National Socialism created new hierarchies and unleashed bitter intra-ethnic conflict among German minority leaders. Winson Chu challenges prevailing interpretations that German nationalism in the twentieth century viewed ""Germans"" as a homogeneous, single group of people. His revealing study shows that nationalist agitation could divide as well as unite an embattled ethnicity""--Provided by publisher."
831,Global cultures :,
831,Global issues :,
831,"Global issues, local arguments :",
831,Goethe :,"In 1878 the Victorian critic Matthew Arnold wrote: 'Goethe is the greatest poet of modern times ... because having a very considerable gift for poetry, he was at the same time, in the width, depth, and richness of his criticism of life, by far our greatest modern man.' In this Very Short Introduction Ritchie Robertson covers the life and work of Johann Wolfgang von Goethe (1749-1832): scientist, administrator, artist, art critic and supreme literary writer in a vast variety of genres. Looking at Goethe's poetry, novels and drama pieces, as well as his travel writing, autobiography, and essays on art and aesthetics, Robertson analyses some of the key themes in his works: love, nature, religion and tragedy. Dispelling the misconception of Goethe as a sedate Victorian sage, Robertson shows how much of his art was rooted in turbulent personal conflicts, and draws on recent research to present a complete portrait of the scientific work and political activity which accompanied Goethe's writings"
831,Goethe :,"Here, Rudiger Safranski sets his sights on the writer considered the Shakespeare of German literature. Goethe (1749-1832) awakened a burgeoning German nation and the European continent with his electrifying novel The Sorrows of Young Werther. Safranski scoured Goethe's oeuvre, relying on primary sources as well as his correspondence with contemporaries and their comments to one another, to produce an illuminating portrait of the avatar of the Romantic era. Set against the cultural and political turmoil of Europe in the late eighteenth and early nineteenth centuries, Goethe, who intersected with almost every great figure of his age, is thrillingly re-created here. As Safranski shows, Goethe's greatest creation, even in comparison to his masterpiece Faust, was his own life."
831,Goethe :,
831,Goethe and his age /,
831,Goethe in the twentieth century /,
831,Goethe reviewed after sixty years /,
831,Goethe yearbook : publications of the Goethe Society of North America.,
831,Goethe yearbook : publications of the Goethe Society of North America.,
831,Goethe yearbook : publications of the Goethe Society of North America.,
831,Goethe yearbook : publications of the Goethe Society of North America.,
831,Goethe yearbook : publications of the Goethe Society of North America.,
831,Goethe yearbook : publications of the Goethe Society of North America.,
831,Goethe yearbook : publications of the Goethe Society of North America.,
831,Goethe yearbook : publications of the Goethe Society of North America.,
831,Goethe yearbook : publications of the Goethe Society of North America.,
831,Goethe yearbook : publications of the Goethe Society of North America.,
831,Goethe yearbook : publications of the Goethe Society of North America.,
831,Goethe yearbook : publications of the Goethe Society of North America.,
831,Goethe yearbook : publications of the Goethe Society of North America.,
831,"Goethe, sein leben und seine werke / von Albert Bielschowsky.",
831,"Goethe, the alchemist :",
831,Goethe.,
831,Goethe's collected works /,"Goethe's early plays bear witness to his urgent desire to enliven German theater--an ambition that followed him to the National Theater in Weimar, where he was named director in the early 1790s. This volume contains eight of these plays, written between 1771 and 1787. Not only do they demonstrate Goethe's unprecedented versatility in experimenting with new forms of dramatic expression, but they also give insight into his development from ""Sturm und Drang to classicism. These works include prose plays (""Goetz von Berlichingen with the Iron Hand and ""Egmont), tragedies and comedies (""Clavigo, ""Stella, and ""Brother and Sister), and dramatic verse forms (""Prometheus, Jery and Betty, and ""Proserpina)."
831,Goethe's naturalistic anthropology :,"Dr Bell's fresh readings of Goethe's major and lesser-known texts are set against the background of the science and philosophy of the age, and the writer's debts to other thinkers are analysed. The development of Goethe as a writer and thinker is traced from his sentimental epistolary novel Werther - read in the context of the rise of psychological theory in the Englightment - to the emergence of his own theory of `empirical psychology' in the great roman a clef of 1809, Die Wahverwandtschaften. In a major new interpretation of Wilhelm Meisters Lehriahre, Matthew Bell follows the ideal of organic growth from the novel's origins in Engligtenment optimism to its revision in an atmosphere of post-revolutionary scepticism."
831,Goethe's naturalistic anthropology :,"""For many readers in the English-speaking world, Goethe is somehow separate from the European intellectual and literary tradition. In this unique and wide-ranging study, Matthew Bell aims to correct this view by showing how Goethe portrayed human beings as part of a natural continuum, very much in the spirit of the Enlightenment.""--BOOK JACKET. ""Dr Bell's fresh readings of Goethe's major and lesser-known texts are set against the background of the science and philosophy of the age, and the writer's debts to other thinkers are analysed. The development of Goethe as a writer and thinker is traced from his sentimental epistolary novel Werther - read in the context of the rise of psychological theory in the Enlightenment - to the emergence of his own theory of 'empirical psychology' in the great roman a clef of 1809, Die Wahlverwandtschaften. In a major new interpretation of Wilhelm Meisters Lehrjahre, Matthew Bell follows the ideal of organic growth from the novel's origins in Enlightenment optimism to its revision in an atmosphere of post-revolutionary scepticism.""--BOOK JACKET. ""Placing Goethe in an anthropological context, Goethe's Naturalistic Anthropology demonstrates that eighteenth-century anthropological thought provides an essential, hitherto overlooked context for the understanding of Goethe's literary enterprise from Werther to Die Wahlverwandtschaften.""--BOOK JACKET."
831,Goethe's path to creativity :,"Goethe's Path to Creativity provides a comprehensive psycho-biography of Johann Wolfgang von Goethe, a giant of modern German and European literary, political, and scientific history. The book brings this influential work by Rainer Matthias Holm-Hadulla to the English language for the first time in a newly elaborated edition. Goethe's path to creativity was difficult and beset by a multitude of crises, beginning with his birth, which was so difficult that he was initially not thought to have survived it, and ending with an infatuation that left him, at the age of 74, toying with the same kind of suicidal thoughts he had entertained as a 20-year-old. Throughout his long life, he suffered bitter disappointments and was subject to severe mood swings. Despite being a gifted child, a widely recognized poet, and an influential scientist and politician, he spent his entire life loving and suffering; nonetheless, he had the exceptional ability to endure emotional pain and to transform his sufferings creatively. The way in which he mined his passions for creative impulses continues to inspire modern readers. Readers can apply the lessons they have learned from his life and use Goethe's strategies for their own creative art of living. Goethe's Path to Creativity: A Psycho-Biography of the Eminent Politician, Scientist and Poet will be of great interest to all engaged in the fields of creativity, literature, psychoanalysis, psychology, psychotherapy, and personal growth."
831,Goethes musikalische Reise in Italien /,
831,Goethes Werke :,
831,"Gottfried von Strassburg, Tristan /",
831,Gregorius /,
831,A guide to Romantic poetry in Germany /,
831,A handbook on Old High German literature /,
831,Harmonious tensions :,
861,100 love sonnets =,
861,有岛武郎作品选 :,
861,A companion to Pablo Neruda :,
861,Accounts of medieval Constantinople :,
861,After-dinner declarations /,"Poetry. Latin American Studies. Bilingual edition. Translated from the Spanish by Dave Oliphant. Renowned Chilean ""antipoet"" Nicanor Parra has delivered as a series of five ""verse speeches"" poems that eschew literary ostentation in favor of playful, conversational musings. In a language steeped in colloquialisms, Parra's declarations employ a range of discourses in order to expose the hypocrisy of human institutions and challenge those who remain satisfied with the status quo. Parra uses his linguistic brilliance to confront the most serious problems of our day: ecology, human rights, and the limits of scientific knowledge. The antipoet moves from one topic to another with inventiveness, discovers for us a wealth of political, philosophical, and literary insights, as well as connections between ideas that shape our lives."
861,Alcohol and human memory /,
861,Alcohol problems :,
861,Alcohol use among adolescents /,"`The beauty of the book is in the detail and the selection of research findings which encourage one to go to the 12 pages of references to seek out the original papers' - `Alcohol & Alcoholism Covering the latest research and literature on the use of alcohol by adolescents, this concise book provides leads for understanding its aetiology and effective interventions, as well as pointing to future lines of research. Topics covered include: an introduction to the scope of issues related to alcohol use; a review of approaches to the measurement of alcohol-related behaviours among adolescents; and social policy interventions and major conceptual and methodological issues that need to be addressed. The book at once conveys the significance of adolescent alcohol use as a social and clinical problem but also points to promising leads for its amelioration."
861,"Alcohol, power and public health :","In recent years, the reduction of alcohol-related harm has emerged as a major policy issue across Europe. Public health advocates, supported by the World Health Organisation, have challenged an approach that targets problem-drinking individuals, calling instead for governments to control consumption across whole populations through a combination of pricing strategies, restrictions on retail availability and marketing regulations."
861,Alcoholism /,
861,Alcoholism explained /,
861,Andrés Bello :,
861,Assimilation/generation/resurrection :,
861,Astonishing world :,
861,A bilingual anthology of Spanish poetry :,
861,"The body in biblical, Christian and Jewish texts /",
861,Breaking new ground :,
861,The Cambridge companion to Latin American poetry /,"The Cambridge Companion to Latin American Poetry provides historical context on the evolution of the Latin American poetic tradition from the sixteenth century to the present day. It is organized into three parts. Part I provides a comprehensive, chronological survey of Latin American poetry and includes separate chapters on Colonial poetry, Romanticism/modernism, the avant-garde, conversational poetry, and contemporary poetry. Part II contains six succinct essays on the major figures Sor Juana Inés de la Cruz, Gabriela Mistral, César Vallejo, Pablo Neruda, Carlos Drummond de Andrade, and Octavio Paz. Part III analyses specific and distinctive trends within the poetic canon, including women's, LGBT, Quechua, Afro-Hispanic, Latino/a and New Media poetry. This Companion also contains a guide to further reading as well as an essay on the best English translations of Latin American poetry. It will be a key resource for students and instructors of Latin American literature and poetry."
861,The Cambridge introduction to Spanish poetry /,
861,Catastrophic historicism :,"""Catastrophic Historicism unsettles the historicist constitution of Julia de Burgos (1914-53), Puerto Rico's most iconic writer - a critical task that necessitates redefining the concept of historicism. Through readings of Aristotle, Walter Benjamin, Jacques Derrida, Werner Hamacher, and Frank Ankersmit, Mendoza-de Jesús shows that historicism grounds historical objectivity in the historian's capacity to compose totalizing narratives that domesticate the contingency of the past. While critiques of historicism as a realism leave untouched the sovereignty of the historian, the book insists that reading the text of history requires an attunement to danger - a modality that interrupts historicism by infusing the past with a contingency that evades total appropriation. After desedimenting the monumental tradition that has reduced de Burgos to a totemic figure, Catastrophic Historicism reads the poet's first collection, Poema en 20 surcos (1938). Mendoza-de Jesús argues that the historicity of Poema crystallizes in the lyrical speaker's self-institution as an embodied ipseity, which requires producing racialized/gendered allegorical figures - the bearers of an abject flesh - that lack any ontological resistance to modern alienation. Rather than treating de Burgos's poetics of selfhood as the ideal image of Puerto Rican sovereignty, Mendoza-de Jesús endangers this idealization by drawing attention to the abjection that sustains our attachments to ipseity as the form of a truly sovereign life. In this way, Catastrophic Historicism not only resets the terms of ongoing critiques of historicism in the humanities - it also intervenes in Puerto Rican historicity for the sake of its transformation""--"
861,Cervantes and the burlesque sonnet /,
861,Claribel Alegria and Central American literature :,
861,Cognitive behavioural therapy for problem drinking :,
861,A companion to the Poema de mio Cid /,"This volume brings together a number of distinguished scholars in the field of Poema de mio Cid studies. It provides an informed introduction to key literary aspects of the poem, and thoroughly examines many of the complex issues that are crucial for a comprehensive understanding of the work (historical context, ideological motivations, prosification in medieval chronicles, the poem's place in the canon of Spanish literature). Equally important are the new findings that have been put forward since the 1970s, when scholars started to challenge Ramon Menendez Pidal's theories that had dominated the philological discourse since the beginning of the twentieth century."
861,Contemporary art Colombia /,"Colombia's contemporary art scene remains relatively unknown outside that country. Including ninety profiles of key players and four critical essays, this book captures the renewed dynamism of the Colombian art world. After fifty years of violent civil conflict, in 2002 the Colombian authorities initiated an ambitious peace process with the armed guerrillas. Between 2010 and the start of 2015, the Colombian economy saw the fastest rate of growth in Latin America, and one of the fastest in the world. This buoyant economic climate has benefited the art world, resulting in a proliferation of private and public initiatives over the past decade.Contemporary Art Colombia features key figures, institutions, and spaces in the reemergence of the Colombian art scene."
861,Contemporary Spanish American poets :,
861,The course of alcoholism :,
861,The diagnosis and treatment of alcoholism /,
861,"A draft of shadows, and other poems /",
861,The Drinking man /,
861,Dynamic approaches to the understanding and treatment of alcoholism /,
861,The essential handbook of treatment and prevention of alcohol problems /,
861,Fields of castile =,
861,Flame of love :,"St. John of the Cross considered his poetry to be the most authentic expression of his theology and his ineffable mystical experience. St. Teresa's poetry has not received the same acclaim and attention as John's. But like him, she used poetry as a way of expressing the ineffable -- the divine flame of love which consumed her. These translations accurately preserve the meaning of the original poems, retain their rhyming schemes and utilize meters as close to the original as possible. Each page of English translation faces the original Spanish text of the poems."
861,Frames of referents :,
861,From denial to recovery :,
861,From romanticism to surrealism :,
861,Garcilaso de la Vega and the Italian Renaissance /,
861,The gathering of voices :,
861,"Gender, politics, and poetry in twentieth-century Argentina /",
861,Genome organization and function in the cell nucleus /,
861,A great and growing evil :,
861,Group therapy with alcoholics :,
861,"Gypsy ballads, songs =",
861,Hispanic feminist poems from the Middle Ages to the present :,
861,I'll quit tomorrow /,
861,The Image of Black women in twentieth-century South American poetry :,
861,Introduction to Spanish poetry /,
861,Kinship and polity in the Poema de mío Cid /,
861,Libro de buen amor /,"This edition is designed to open the enchanting book to all readers of modern Spanish. Raymond Willis has regularized and brought the medieval text as close as possible, without falsification, to modern canons. The text is printed integrally, without annotation. Mr. Willis' English paraphrase, printed on facing pages, is written in syntactical constructions that exactly parallel the Spanish verses, and thus functions as both a glossary and a key to puzzling constructions."
861,Libro de buen amor /,"This edition is designed to open the enchanting book to all readers of modern Spanish. Raymond Willis has regularized and brought the medieval text as close as possible, without falsification, to modern canons. The text is printed integrally, without annotation. Mr. Willis' English paraphrase, printed on facing pages, is written in syntactical constructions that exactly parallel the Spanish verses, and thus functions as both a glossary and a key to puzzling constructions."
861,Libro de poemas (1921),
861,A little larger than the entire universe :,
861,Love poetry of the literary academies in the reigns of Philip IV and Charles II /,
861,Medieval Spanish epic :,
861,Melodious women /,
861,Mexican poetry :,
861,Miracles of Our Lady /,
861,Neruda's garden :,"The beloved odes written by Chilean poet and 1971 Nobel Laureate Pablo Neruda demonstrate his astonishing ability to present ordinary items in new and surprising ways. The poems are gathered from Odas elementales (Elemental Odes), 1954; Nuevas odas elementales (New Elemental Odes), 1956; Tercer libro de odas, (Third Book of Odes), 1957; and Navegaciones y regresos (Voyages and Homecomings), 1959. This anthology is the most complete selection of Neruda's work to appear in English, in an excellent bilingual format featuring translations by Maria Jacketti, an expert on Pablo Neruda's work."
861,A new companion to the Libro de buen amor /,"""The New Companion to the Libro de buen amor provides a platform for exploring current, innovative approaches to this classic poem. It is designed for specialists and non-specialists from a variety of fields, who are interested in investigating different aspects of Juan Ruiz's poem and developing fruitful new paths for future research. Chapters in the volume show how the book engages with Christian, Jewish and Muslim cultures, and delve into its legacy in the twentieth and twenty-first centuries. Part One sheds light on intersecting cultural milieux, from the Christian court of Castile, to the experience of Jewish and Muslim communities. Part Two illustrates how the poem's meaning through time can be elucidated using an array of theoretical and interdisciplinary approaches. Contributors are Nora C. Benedict, Erik Ekman, Denise K. Filios, Ryan D. Giles, Michelle Hamilton, Carlos Heusch, José Manuel Hidalgo, Gregory S. Hutcheson, Veronica Menaldi, Simone Pinet, Michael R. Solomon""--"
861,Octavio Paz /,
861,"On this modern highway, lost in the jungle :",
861,Only mystery :,
861,Orphans of Petrarch :,
861,Overcoming alcohol misuse :,"How to regain control when alcohol is taking over your life. Statistics show that misuse of alcohol is a very common problem. Using alcohol unwisely can have long-term effects on your health, career and family life. This self-help book helps you take a healthier approach to drinking. Using methods based on real clinical practice and proven cognitive behavioural therapy (CBT) techniques, this revised and updated edition shows you how to regain control of your alcohol consumption."
861,The Oxford book of Latin American poetry :,
861,Pablo Neruda /,"Pablo Neruda (1904-1973) is Latin America's best known and, for many, greatest poet. He was also perhaps its most controversial. Adored by readers the world over for the sumptuous love lyrics penned during his early years in his native Chile, and revered by fellow poets and literary critics for the dark, hypnotic verse he composed during his lonely years as a diplomat in the Far East, his later life was marked by an increasingly militant communism, the seeds of which can be traced to his experiences in Spain during the early months of the Spanish Civil War, and which was later reflected in a radically simplified poetic idiom aimed directly at the working masses. Throughout the 1950s and '60s he became a literary torch-bearer for the International Left, and his iconic status at times caused him to turn a blind eye to the ugly Realpolitik implemented in name of the supposedly humanitarian creed to which he so ardently adhered. He spent his final years campaigning to bring socialism to his beloved Chile, but lived just long enough to see his hero Salvador Allende unseated by Augusto Pinochet's bloody coup. Rarely are the life and works of a writer so intimately and dramatically bound up as they were in Neruda's case, and in this study Dominic Moran takes a detailed and often critical look at the relationship between them, focusing as much on what the poetry sometimes strategically hides about Neruda the creator, the lover and the political proselytiser, as on what it reveals. What emerges is a fascinating if not always flattering picture of one of the most prodigiously gifted but also one of the most equivocal literary figures of the twentieth century."
861,The Penguin book of Spanish verse /,
861,The poem of the cid /,
861,The poems of St. John of the Cross /,
861,Poems of the night :,
861,Poet in New York /,
861,Poet in New York /,
861,Poet-chief :,
861,The poetics of self-consciousness :,"Twentieth-century poetry engages in a highly self-conscious meditation on the nature of poetic language. Spanish poetry, however, has sometimes been considered an exception to this tendency. This book, with its focus on linguistic self-reflexivity, refutes the notion that major Spanish poets such as Jorge Guillen and Vicente Aleixandre are theoretically naive creators. In a series of nuanced readings, Jonathan Mayhew demonstrates the extent to which modern Spanish poets are conscious of their linguistic medium. Previous books on Spanish poetry published in English have been more limited in scope, usually including poets of a single ""generation."" The Poetics of Self-Consciousness is the first to study well-known writers of the earlier part of the century along with more recent poets such as Jose Angel Valente, Jaime Gil de Biedma, Jose Maria Alvarez, and Juan Lamillar. Interpreting poetic texts written from the 1920s through the 1980s, Mayhew is able to trace the evolving function of literary self-consciousness in Spanish poetry while remaining attentive to the differences among writers of the same historical moment. The modernist poets of the earlier part of the century are preoccupied by the problem of literary mimesis: the representation of reality through language. In the postwar years, poets turned their attention to the social and ethical dimensions of poetic language. The postmodernists of more recent decades, finally, are increasingly concerned with their own belatedness with respect to cultural traditions of the past. Critics hailed Jonathan Mayhew's first book, Claudio Rodriguez and the Language of Poetic vision, as an ""enlightening and timely book on perhaps Spain's greatest living poet,"" and ""a signal first effort from a critic with high scholarly standards and a penetrating insight into contemporary poetry."" With The Poetics of Self-Consciousness: Twentieth-Century Spanish Poetry, readers will discover another probing study of other modern and postmodern Spanish poets."
861,The poetry of Antonio Machado :,
861,The poetry of Francisco Brines :,
861,Poets of contemporary Latin America :,"""What came after Neruda and Vallejo? This is the first book of answer that question, presenting the new movements in Latin American poetry since 1950. Eight poets are selected, with substantial excerpts from their work and parallel translations in English: the test for inclusion is whether their writing expands the possibilities of poetry. Together they display the new forms and languages of poetry which have been emerging in contemporary Latin America."" ""Revealing the freshness of the poems, as they invite new perceptions of the world and of language, is paramount in this study. Its method is to bring together poetics with cultural studies, presenting detailed readings of the work of each poet, as well as exposition and discussion of their poetics, especially where they grapple with the tensions between the inner self and history in the later twentieth century.""--BOOK JACKET."
861,Politics and verbal play :,
861,A queer mother for the nation :,
861,Rafael Alberti's poetry of the thirties :,
861,Reality in movement :,"""Comprehensive study of Octavio Paz's essayistic work and his role as a public intellectual""--"
861,The responsibility trap :,
861,Romancero gitano /,
861,Ruin and restitution :,
861,Selected poems /,
861,Selected poems /,
861,Selected poems of Gabriela Mistral /,
861,Selected prose and prose-poems /,
861,Six masters of the Spanish sonnet :,
861,Small hours of the night :,
861,The song of the Cid :,"One of the finest of epic poems, and the only one to have survived from medieval Spain, ""The Song of the Cid"" recounts the adventures of the warlord and nobleman Rodrigo Diaz de Vivar both - 'Mio Cid'. A forceful combination of heroic fiction and historical fact, the tale seethes with the restless, adventurous spirit of Castile, telling of the Cid's unjust banishment from the court of King Alfonso, his victorious campaigns in Valencia and the crowning of his daughters as queens of Aragon and Navarre - the high point of his career as a warmonger. An epic that sings of universal human values, this is one of the greatest of all works of Spanish literature."
861,Song of the simple truth :,
861,Sor Juana Inés de la Cruz :,
861,A Spanish anthology :,
861,Spanish ballads /,
861,Spanish golden age poetry in motion :,"""The fourteen essays of this volume engage in distinct ways with the matter of motion in early modern Spanish poetics, without limiting the dialectic of stasis and movement to any single sphere or manifestation. Interrogation of the interdependence of tradition and innovation, poetry, power and politics, shifting signifiers, the intersection of topography and deviant temporalities, the movement between the secular and the sacred, tensions between centres and peripheries, issues of manuscript circulation and reception, poetic calls and echoes across continents and centuries, and between creative writing and reading subjects, all demonstrate that Helgerson's central notion of conspicuous movement is relevant beyond early sixteenth-century secular poetics, By opening it up we approximate a better understanding of poetry's flexible spatio-temporal co-ordinates in a period of extraordinary historical circumstances and conterminous radical cultural transformation""--Back cover."
861,Spiritual sonnets =,
861,Studies in the translations of Juan Ramón and Zenobia Jiménez /,
861,A tale of two gardens :,
134,A critical study of the Hsi-yu pu /,
134,Advertising and new media /,
134,Advertising outdoors :,
134,Aircraft propulsion /,"""Aircraft Propulsion, Second Edition is a comprehensive textbook covering aircraft gas turbine engine and rocket propulsion from the basic principles to more advanced treatments in engine components""--"
134,Army badges and insignia of World War 2 /,
134,Beyond the garden wall : a critical study of three Ts'ai-tzu chia-jen novels /,
134,Beyond the golden lotus :,
134,Carnival in China :,
134,Celebrations at the gate of death : symbol and structure in Chin p'ing mei /,
134,A Christmas Carol and other holiday treasures /,
134,Clinton :,
134,Demonic warfare :,
134,"Don Juan of China : an amour from the ""Chin P'ing Mei"" /",
134,A dream in red mansions :,
134,Dream of the red chamber :,"""This edited volume contains an excellent collection of contributions and presents various informative topics under the central theme: literary and translation approaches to China's greatest classical novel Hongloumeng. Acclaimed as one of the Four Great Classical Novels of Chinese literature, Hongloumeng (known in English as The Dream of the Red Chamber or The Story of the Stone) epitomizes 18th century Chinese social and cultural life. Owing to its kaleidoscopic description of Chinese life and culture, the novel has also exerted a significant impact on world literature. Its various translations, either full-length or abridged, have been widely read by an international audience. The contributors to this volume provide a renewed perspective into Hongloumeng studies by bringing together scholarship in the fields of literary and translation studies. Specifically, the use of corpora in the framework of digital humanities in a number of chapters helps readdress many issues of the novel and its translations, from an innovative angle. The book is an insightful resource for both scholars of Chinese literature and for linguists with a focus on translation studies""--"
134,Dream of the red chamber /,
134,Economics of forest resources /,
134,Escape from blood pond hell :,
134,Fading ads of Milwaukee /,"""Across the city, fading advertisements and ghost signs tell the story of Milwaukee as it was in years gone by. Near Riverside Park, Schlitz still touts its national dominance decades after the brewery's dissolution. A recently restored downtown sign reminds passersby of the John Ernst Café, a once-beloved German eatery. In West Allis, Sealtest makes an expired pitch for its ice cream. On the northwest side of the city, a sign for Roundy's Foods stands as tall, bright and clear as the day it first went up. Join Milwaukee native and ghost sign hunter Adam Levin as he explores the national brands and local shops of the Cream City's past.""--Page 4 of cover."
134,Fundamentals of aircraft and airship design /,
134,Further adventures on the journey to the west /,"As the audacious Monkey King battles his way through a landscape of inexplicable places and unfamiliar passions, Further Adventures on the Journey to the West offers a wry, revisionist critique of the late-Ming fascination with desire. Building on the great sixteenth-century novel Journey to the West, which recounts the escapades of a monk and three companions traveling to India in search of Buddhist scriptures to carry back to China, this sequel is a parable of self-delusion that explores the tension between desire and emptiness from a Buddhist perspective. The consummate literati novel, written by an accomplished artist for a well-educated readership, it is filled with allusions and parodies and features a dream-sequence narrative that is innovative and sophisticated even by modern standards.This new, fully annotated translation by two acclaimed scholars and translators brings to life this remarkably inventive, playful early modern text. The volume includes the original commentaries and illustrations, a critical introduction and afterword, and notes that highlight the sources of the novel's intertextual references, revealing the author's erudition and versatility."
134,The gap in the wall :,
134,A Greek ballad :,"This is the first English-language collection of work by the renowned Greek poet Michális Ganás. Originally from a remote village on the northwest border of Greece, Ganás witnessed the Greek Civil War as a young child, and was taken into enforced exile in Eastern Europe with his family. Weaving together subtle references to the events and places that have defined his life’s story, Ganás’s terse and technically accomplished poems are a combination of folklore, autobiography, and recent history. Whether describing the mountains of his youth or the difficulties of acclimation in Athens of the 1960s and 1970s, Ganás’s writing is infused with striking and original imagery inspired by love, memory, and loss. Featuring expert translations—made in collaboration with Ganás himself—by David Connolly and Joshua Barley, this volume also includes a scholarly introduction to the poet’s life and work."
134,The Hsi-yu chi :,
134,Intellectual property rights protection and endogenous economic growth /,
134,An international comparison of the development and role of audit committees in the private corporate sector /,
134,The Jin Ping Mei and the non-linear dimensions of the traditional Chinese novel /,
134,Li Yü's Twelve towers /,
134,"Lin Shu, Inc. :",
134,"Lin Shu, Inc. :",
134,Literary migrations :,"This book was written between 1981 and 1986, was first published in 1987, and has been out of print since. The Chinese version of it by Yan Bao et al., Zhongguo chuantong xiaoshuo zai yazhou, which also published in 1989, is also out of print. Since then more works especially in Chinese, Japanese, Korean, and Western languages have appeared which are mainly concerned with cultural exchanges between China and the countries of East Asia. Moreover a new interest has arisen among scholars from various countries on what has been termed ""Asian translation traditions"" and conferences are regularly organized on this topic. Judging from this rising interest in translation history, this book on traditional Chinese fiction in Asia, which sets the question of Asian translations into a general framework, and so far has no equivalent, is still of service to researchers."
134,Mankind evolving :,
134,Mankind Evolving /,
134,Mythic and comic aspects of the quest : Hsi-yu chi as seen through Don Quixote and Huckleberry Finn /,
134,Novel medicine :,"""Printed novels, guides to daily life, and practical medical texts were relatively new in sixteenth-century China, but they quickly became popular and influential. Novel Medicine shows how fiction shaped and was shaped by medical discourse and how it popularized practical, vernacular kinds of knowledge. A vibrant exchange among literary, commercial, and medical spheres resulted in a web of texts that produced distinct genealogies of romantic and sexual disease, iconographic lineages of heroic doctors, and medicalized attitudes toward reading. Novel Medicine interrogates how fiction incorporated, created, and disseminated medical knowledge. Conversely, it demonstrates how practical medical texts employed literary devices and figurative strategies to propagate information. Employing interdisciplinary strategies, it examines the dynamic interplay between discourses of fiction and medicine as well as their representations of illnesses and healers. Critical readings of fictional and medical texts, as well as sources such as fiction commentary, criticism, medical manuscripts, newspapers, essays, print images, and biographies inform an understanding of the body in early modern China. These readings also provide a counterpoint to prevailing narratives that focus on the 'literati' aspects of the novel, showing that these texts were not merely read, but were used by a wide variety of readers and for a range of purposes. This inquiry into the intersections of kinds and sources of knowledge--fictional and real, elite and vernacular--illuminates the history of reading and daily life and challenges us to rethink the nature of Chinese literature""--Provided by publisher."
134,The novel San kuo chih tung-su yen-i as literature :,
134,"Outdoor advertising,",
134,Report on the first International Workshop on the Dream of the Red Chamber :,
134,Rereading the stone :,"The eighteenth-century Hongloumeng, known in English as Dream of the Red Chamber or The Story of the Stone, is generally considered to be the greatest of Chinese novels--one that masterfully blends realism and romance, psychological motivation and fate, daily life and mythical occurrences, as it narrates the decline of a powerful Chinese family. In this path-breaking study, Anthony Yu goes beyond the customary view of Hongloumeng as a vivid reflection of late imperial Chinese culture by examining the novel as a story about fictive representation. Through a maze of literary devices, the novel challenges the authority of history as well as referential biases in reading. At the heart of Hongloumeng, Yu argues, is the narration of desire. Desire appears in this tale as the defining trait and problem of human beings and at the same time shapes the novel's literary invention and effect. According to Yu, this focalizing treatment of desire may well be Hongloumeng's most distinctive accomplishment. Through close readings of selected episodes, Yu analyzes principal motifs of the narrative, such as dream, mirror, literature, religious enlightenment, and rhetorical reflexivity in relation to fictive representation. He contextualizes his discussions with a comprehensive genealogy of qing--desire, disposition, sentiment, feeling--a concept of fundamental importance in historical Chinese culture, and shows how the text ingeniously exploits its multiple meanings. Spanning a wide range of comparative literary sources, Yu creates a new conceptual framework in which to reevaluate this masterpiece."
134,Route 66 roadside signs and advertisements /,"""A photo collection of Route 66's most famous signs, which were known for loudly advertising everything from roadside attractions to restaurants to strip clubs""--"
134,Samkok : a study of a Thai adaptation of a Chinese novel /,
134,Sanyan stories :,
134,Sanyan stories :,
134,Short story criticism :,"Presents literary criticism on the works of short-story writers of all nations, cultures, and time periods. Critical essays are selected from leading sources, including published journals, magazines, books, reviews, diaries, newspapers, pamphlets, and scholarly papers."
134,"""The Stone lion"" and other Chinese detective stories :","Presents ten tales featuring Lord Bau, a wise judge who was a champion of righteousness and protector of the weak against the powerful."
134,Tangled webs :,"America faces a crisis--an epidemic of perjury and false statements occurring at the highest levels of business, politics, sports, and culture. How and why has this happened? What are the consequences? What can be done? Here, Pulitzer Prize-winning author James B. Stewart applies his investigative reporting and storytelling skills to four dramatic cases, all involving people at the top of their fields: Martha Stewart, I. Lewis ""Scooter"" Libby, Barry Bonds, and perhaps the most notorious liar in financial history, Bernard Madoff. Stewart draws on extensive interviews with participants, many speaking here for the first time, and previously undisclosed documents and transcripts to show how such celebrated and successful role models found themselves accused of lying--with devastating consequences, not just for them but for an ever-widening circle that ultimately includes everyone who cares about the truth.--From publisher description."
134,Three kingdoms and Chinese culture /,
134,The time machine /,"This is the great, gleeful anarchist novel of the 1890s. It is both a thrilling adventure story and a satire on religion, evolution and human hopes. With this book, Wells invented an entirely new genre and did it better than any of his imitators."
134,Transmedia :,"""Don't restrict your creative property to one media channel. Make the essential leap to transmedia! From film to television to games and beyond, Transmedia: One Story - Many Media gives you the tools to weave a narrative universe across multiple platforms and meet the insatiable demand of today's audience for its favorite creative property. This, the first primer in the field for both producers and writers, teaches you how to: - Employ film, television, games, novels, comics, and the web to build rich and immersive transmedia narratives - Create writing and production bibles for transmedia property - Monetize your stories across separate media channels - Manage transmedia brands, marketing, and rights - Work effectively with writers and producers in different areas of production - Engage audiences with transmedia storytelling Up-to-date examples of current transmedia and cross-media properties accompany each chapter and highlight this hot but sure to be enduring topic in modern media""--"
134,Transmedia :,"""Don't restrict your creative property to one media channel. Make the essential leap to transmedia! From film to television to games and beyond, Transmedia: One Story - Many Media gives you the tools to weave a narrative universe across multiple platforms and meet the insatiable demand of today's audience for its favorite creative property. This, the first primer in the field for both producers and writers, teaches you how to: - Employ film, television, games, novels, comics, and the web to build rich and immersive transmedia narratives - Create writing and production bibles for transmedia property - Monetize your stories across separate media channels - Manage transmedia brands, marketing, and rights - Work effectively with writers and producers in different areas of production - Engage audiences with transmedia storytelling Up-to-date examples of current transmedia and cross-media properties accompany each chapter and highlight this hot but sure to be enduring topic in modern media""--"
184,An analysis of Plato's The symposium /,"""Plato's Symposium, composed in the early fourth century BC, demonstrates how powerful the skills of reasoning and evaluation can be. Known to philosophers for its seminal discussion of the relationship of love to knowledge, it is also a classic text for demonstrating the two critical thinking skills that define Plato's whole body of work. Plato's philosophical technique of dialogue is the perfect frame for producing arguments and presenting a persuasive case for a given point of view, and at the same time judging the strength of arguments, their relevance and their acceptability. Staging a fictional debate between characters (wealthy Athenians at a dinner party) who must respond in turn to each others' arguments and points of view means that, at every stage, Plato evaluates the previous argument, assesses its strength and relevance, and then proceeds (through the next character) to reason out a new argument in response. Exerting unparalleled influence on the techniques of philosophical thought, Plato's use of dialogue is a supreme example of these two crucial critical thinking skills.""--Provided by publisher."
184,Arguing with Socrates :,
184,Beethoven's Eroica :,"""In 1805, the world of music was startled by an avant-garde and explosive new work. Intellectually and emotionally, Beethoven's Third Symphony, the ""Eroica,"" rudely broke the mold of the Viennese Classical symphony and revealed a powerful new expressiveness, both personal and societal. Even the whiff of actual political revolution was woven into the work-it was originally inscribed to Napoleon Bonaparte, a dangerous hero for a composer dependent on conservative royal patronage. With the first two stunning chords of the ""Eroica,"" classical music was transformed. In Beethoven's Eroica, James Hamilton-Paterson reconstructs this great moment in Western culture, the shock of the music and the symphony's long afterlife."" -- Publisher's description"
184,The Bloomsbury companion to Plato /,"Plato, mathematician, philosopher and founder of the Academy in Athens, is, together with his teacher, Socrates, and his student, Aristotle, universally considered to have laid the foundations of Western philosophy. The Bloomsbury Companion to Plato provides a comprehensive and accessible study guide to Plato's thought."
184,The Cambridge companion to Plato /,
184,The Children's Crusade :,
184,"The collected dialogues of Plato, including the letters /",Socrates' defense (Apology) / translated by Hugh Tredennick -- Crito / translated by Hugh Tredennick -- Phaedo / translated by Hugh Tredennick -- Charmides / translated by Benjamin Jowett -- Laches / translated by Benjamin Jowett -- Lysis / translated by J. Wright -- Euthyphro / translated by Lane Cooper -- Menexenus / translated by Benjamin Jowett -- Lesser Hippias / translated by Benjamin Jowett -- Ion / translated by Lane Cooper -- Gorgias / translated by W.D. Woodhead -- Protagoras / translated by W.K.C. Guthrie -- Meno / translated by W.K.C. Guthrie -- Euthydemus / translated by W.H.D. Rouse -- Cratylus / translated by Benjamin Jowett -- Phaedrus / translated by R. Hackforth -- Symposium / translated by Michael Joyce -- Republic / translated by Paul Shorey -- Theaetetus / translated by F.M. Cornford -- Parmenides / translated by F.M. Cornford -- Sophist / translated by F.M. Cornford -- Statesman / translated by J.B. Skemp -- Philebus / translated by R. Hackforth -- Timaeus / translated by Benjamin Jowett -- Critias / translated by A.E. Taylor -- Laws / translated by A.E. Taylor -- Epinomis / translated by A.E. Taylor -- Greater Hippias / translated by Benjamin Jowett -- Letters / translated by L.A. Post.
184,The comparative political economy of the welfare state /,
184,Complete works /,
184,Conversation and self-sufficiency in Plato /,
184,Defence of Socrates ;,"These new translations present Plato's remarkable dramatization of the momentous events surrounding the trial of Socrates in 399 BC, on charges of irreligion and corrupting the young. The Euthyphro, Defence of Socrates, and Crito form a dramatic and thematic sequence, raising fundamental questions about the basis of moral, religious, legal, and political obligation. Plato explores these issues with a freshness and directness that have never been surpassed. In the Defence of Socrates, Plato seeks not only to clear his master's name, but also to defend the whole Socratic way of life, and therefore philosophy itself. The result is an oratorical masterpiece. The Euthyphro, an inquiry into the nature of piety, probes the relationship between religion and morality. The Crito discusses the citizen's obligation to the state, in the context of a life-or-death issue confronting Socrates himself - whether or not to escape from prison. David Gallop's Introduction provides a stimulating philosophical and historical analysis of these texts, complemented by useful explanatory notes and an index of names, to make this edition invaluable to readers new to these timeless classics. ABOUT THE SERIES: For over 100 years Oxford World's Classics has made available the widest range of literature from around the globe. Each affordable volume reflects Oxford's commitment to scholarship, providing the most accurate text plus a wealth of other valuable features, including expert introductions by leading authorities, helpful notes to clarify the text, up-to-date bibliographies for further study, and much more."
184,Dialogues of Plato :,
184,Dialogues of Plato /,
184,The dialogues of Plato /,
184,The dialogues of Plato /,
184,Early Socratic dialogues /,
184,English society and the crusade:,
184,Experimental design and statistics /,
184,The failure of agrarian capitalism :,
184,"Farm incomes, wealth, and agricultural policy /","This title was first published in 2000: The central aim of the Common Agricultural Policy is to support the incomes of farmers, yet reliable information on the overall incomes of farmers and their households is scarce. In general, farmers in the EU are not a low-income or poor sector of society and much of the present CAP income support goes to those that are relatively well-off. This book, the 3rd edition to address these issues, has been updated and expanded to include: updated coverage of statistics and references; the major changes in methodology of income measurement flowing from the 1995 revision of the European System of Accounts; a critical examination of wealth and balance sheets for the agricultural industry as currently calculated; incorporation of material from Japan and countries in Central and Eastern Europe that are candidates for EU membership."
184,Feminist interpretations of Plato /,
184,Gorgias /,
184,Gorgias /,"The struggle which Plato has Socrates recommend to his interlocutors in Gorgias - and to his readers - is the struggle to overcome the temptations of worldly success and to concentrate on genuine morality. Ostensibly an enquiry into the value of rhetoric, the dialogue soon becomes an investigation into the value of these two contrasting ways of life. In a series of dazzling and bold arguments, Plato attempts to establish that only morality can bring a person true happiness, and to demolish alternative viewpoints."
184,Gorgias /,
184,Gorgias /,
184,Gorgias /,
184,Gorgias /,
184,Gorgias /,
184,Graphic representation of models in linguistic theory /,
184,Great Dialogues of Plato :,"""Plato is philosophy, and philosophy, Plato.""--Emerson The Republic and other great dialogues by the immortal Greek philosopher Plato are masterpieces that form part of the most important single body of writing in the history of philosophy. Beauty, love, immortality, knowledge, and justice are discussed in these dialogues, which magnificently express the glowing spirit of Platonic philosophy. Translated by W. H. D. Rouse, one of the world's most outstanding classical scholars and translator of Homer's The Odyssey and The Iliad, this volume features the complete texts of seven of Plato's most revered works. ""In Rouse's pages Socrates' strength of mind, his dedication to philosophical truth, are borne in on the modern reader with something of the power that impressed and disturbed the ancient Greeks.""--Time"
184,Heartland /,"Sarah Smarsh was born a fifth generation Kansas wheat farmer on her paternal side, and the product of generations of teen mothers on her maternal side. Through her experiences growing up on a farm thirty miles west of Wichita, we are given a unique and essential look into the lives of poor and working class Americans living in the heartland. During Sarah's turbulent childhood in Kansas in the 1980s and 1990s, she enjoyed the freedom of a country childhood, but observed the painful challenges of the poverty around her; untreated medical conditions for lack of insurance or consistent care, unsafe job conditions, abusive relationships, and limited resources and information that would provide for the upward mobility that is the American Dream. By telling the story of her life and the lives of the people she loves with clarity and precision but without judgement, Smarsh challenges us to look more closely at the class divide in our country. Beautifully written, in a distinctive voice, Heartland combines personal narrative with powerful analysis and cultural commentary, challenging the myths about people thought to be less because they earn less."
184,A history of the symphony :,"""A History of the Symphony: The Grand Genre seeks to identify the underlying philosophical and sociological purposes from which the symphony has been directed over the past two hundred years. It goes beyond the discussion of individual composers and the stylistic evolution of the symphony in the abstract, to address important overarching questions of what actually constitutes a ""symphony"" in each historical period. It describes how such works fit into the lives of composers and audiences of the time. Further, it draws connections between symphonic examples from different countries and historical periods in an attempt to determine whether there is an historically consistent concept of a ""symphonic principle."" Beginning with a survey of the antecedents of this genre that lie in the Baroque period, A History of the Symphony proceeds chronologically from the earliest Italian symphonies of c. 1730 to the most experimental works of the late 20th century. Within this broad chronology, discussion of the development of the symphony will frequently break down along national lines that outline divergent but parallel paths of stylistic growth. The repertoire covered will consist mainly of works by European and American composers-works that they themselves have titled ""symphony."" But in the process of trying to decide what is and what is not a symphony, it brings related musical developments in other genres to bear on the narrative of this genre, for example, the serenade, the tone poem, and the concert overture wherever appropriate. Each chapter will include several musical examples that illustrate specific themes in the work under discussion. At the end of each chapter is a short list of suggestions for further reading drawn from some of the more specialized histories of the symphony, as well as a list of suggested recordings""--"
184,How philosophy became socratic :,
184,How to talk about love :,"""Explore the nature of love in this charming new translation of selections from Plato's great dramatic work, the Symposium. What is love? In poetry, songs, fiction, movies, psychology, and philosophy, love has been described, admired, lamented, and dissected in endless ways. Is love based on physical attraction? Does it bring out our better selves? How does it relate to sex? Is love divine? Plato's Symposium is one of the oldest, most influential, and most profound explorations of such questions-it is even the source of the idea of ""Platonic love."" How to Talk about Love introduces and presents the key passages and central ideas of Plato's philosophical dialogue in a lively and highly readable new translation, which also features the original Greek on facing pages.The Symposium is set at a fictional drinking party during which prominent Athenians engage in a friendly competition by delivering improvised speeches in praise of Eros, the Greek god of love and sex. The aristocrat Phaedrus, the legal expert Pausanias, the physician Eryximachus, the comic playwright Aristophanes, and the tragic poet Agathon-each by turn celebrates different aspects of love before Socrates proposes not to praise love but to tell the truth about it. In the final speech, the politician and libertine Alcibiades argues that Socrates himself is the epitome of love. Deftly capturing the essence and spirit of Plato's masterpiece, How to Talk about Love makes the Symposium more accessible and enjoyable than ever before""--"
184,An inside view of the CAP reform process :,
184,The last days of Socrates :,
184,The last days of Socrates :,
184,The last days of Socrates /,
184,Laws.,
184,Listening to the cicadas :,
184,Macro-economic theory : a mathematical treatment /,
184,Marsilio Ficino and the Phaedran charioteer :,
184,Meno :,"""The main objective of Cambridge Texts in the History of Philosophy is to expand the range, variety, and quality of texts in the history of philosophy which are available in English. The series includes texts by familiar names (such as Descartes and Kant) and also by less well-known authors. Wherever possible, texts are published in complete and unabridged form, and translations are specially commissioned for the series. Each volume contains a critical introduction together with a guide to further reading and any necessary glossaries and textual apparatus. The volumes are designed for student use at undergraduate and postgraduate level, and will be of interest not only to students of philosophy but also to a wider audience of readers in the history of science, the history of theology, and the history of ideas""--"
184,Meno and other dialogues /,
184,On the Socratic education :,"""On the Socratic Education uncovers the education that Socrates sought on his own behalf and, in so doing, made available to others. Sixteen dialogues are discussed, each considered on its own, but also placed within the context of Plato's account of the Socratic quest. The aim of the book is to make Socrates' investigation and resolution of the questions that still concern us as human beings more accessible to serious contemporary readers.""--BOOK JACKET."
184,"Paradigm, logos, and myth in Plato's Sophist and Statesman /","""This book explores the uses of the term ""paradigm"" with respect to both logos and myth in Plato, with a focus on Sophist and Statesman. In so doing, Conor Barry argues for a unitary as opposed to a developmental conception of Plato's dialogues""--"
184,"Parmenides, Plato, and the semantics of not-being /",
184,Patterns in Plato's thought :,
184,Phaedo /,
184,Phaedrus /,
184,Phaedrus /,
184,Phaedrus /,
184,Philosophical dialogues :,
184,Plato :,
184,Plato :,
184,Plato :,
184,Plato /,"In Plato: All That Matters, Ieuan Williams argues that no one can study philosophy or politics without an awareness of Plato, whose work has reverberated through 2500 years of philosophy and history. Dr Ieuan Williams explains both what Plato thought, and why this continues to matter today. In the ten years of research which have led up to this book, Dr Williams has assessed the relevance of Plato to everything from the philosophy of education to media theory. This important book shows how Plato remains as relevant today as he has ever been. This accessible and readable book will appeal both to students and general readers, giving a fascinating introduction to Plato - and what matters most about his work."
184,Plato /,
184,Plato /,
184,Plato and Augustine /,
184,Plato and Parmenides : Parmenides' Way of truth and Plato's Parmenides /,
184,Plato and the individual /,"This text explores the history of the individual within the context of Plato's social thought. The author examines Plato's treatment of the principal crises in a life: birth, educational selection, sex, the individual's contract with society, old age, death and life after death, and provides an analysis of Plato's theory of genetics."
184,Plato and the other companions of Sokrates /,
184,Plato and the Socratic dialogue :,
184,Plato and the Talmud /,"""This innovative study sees the relationship between Athens and Jerusalem through the lens of the Platonic dialogues and the Talmud. Howland argues that these texts are animated by comparable conceptions of the proper roles of inquiry and reasoned debate in religious life, and by a profound awareness of the limits of our understanding of things divine. Insightful readings of Plato's Apology, Euthyphro, and chapter three of tractate Taʻanit explore the relationship of prophets and philosophers, fathers and sons, and gods and men (among other themes), bringing to light the tension between rational inquiry and faith that is essential to the speeches and deeds of both Socrates and the Talmudic sages. In reflecting on the pedagogy of these texts, Howland shows in detail how Talmudic aggadah and Platonic drama and narrative speak to different sorts of readers in seeking mimetically to convey the living ethos of rabbinic Judaism and Socratic philosophizing""--"
184,Plato for the modern age /,
184,Plato on rhetoric and language :,"""Collected here for the first time in one volume, four key Platonic dialogues-the Ion, the Protagorus, the Gorgius and the Phaedrus - serve as an important introduction to the productive ambiguities of Platonic thought on rhetoric and language. In her introduction to the volume, editor Jean Nienkamp considers Plato's views on language, genre, and writing, and outlines the critical issues involved in the study of Platonic thought on rhetoric and poetics. Readers are invited to participate in the dialogues as vital philosophical conversations about issues that animate contemporary rhetorical and literary thought today.""--BOOK JACKET."
184,"Plato, and the other companions of Sokrates /",
184,"Plato, the Symposium /",
184,Plato's defence of poetry /,
184,Plato's dialogues :,
184,Plato's dialogues :,
184,Plato's dream of sophistry /,
184,Plato's Gorgias /,
184,Plato's late ontology :,
184,Plato's literary garden :,
184,Plato's Phaedo :,"This is an English translation of one of Plato's great dialogues of Socrates talking about death, dying, and the soul due to his impending execution. Included is an introduction and glossary of key terms. Focus Philosophical Library translations are close to and are non-interpretative of the original text, with the notes and a glossary intending to provide the reader with some sense of the terms and the concepts as they were understood by Plato's immediate audience."
184,Plato's Phaedo /,
184,Plato's symposium :,"Plato's 'Symposium' is an exceptionally multi-layered dialogue. At once a historical document, a philosophical drama that enacts abstract ideas in an often light-hearted way, and a literary masterpiece, it has exerted an influence that goes well beyond the confines of philosophy. The essays in this volume, by leading scholars, offer detailed analyses of all parts of the work, focusing on the central and much-debated theme of eros or 'human desire' - which can refer both to physical desire or desire for happiness. They reveal thematic continuities between the prologue and the various speeches as well as between the speeches themselves, and present a rich collection of contrasting yet complementary readings of Diotima's speech. The volume will be invaluable for classicists and philosophers alike, and for all who are interested in one of Plato's most fascinating and challenging dialogues"
184,Plato's Symposium /,"Plato, Allan Bloom wrote, is ""the most erotic of philosophers,"" and his Symposium is one of the greatest works on the nature of love ever written. This new edition brings together the English translation of the renowned Plato scholar and translator, Seth Benardete, with two illuminating commentaries on it: Benardete's ""On Plato's Symposium"" and Allan Bloom's provocative essay, ""The Ladder of Love."" In the Symposium, Plato recounts a drinking party following an evening meal, where the guests include the poet Aristophanes, the drunken Alcibiades, and, of course, the wise Socrates. The revelers give their views on the timeless topics of love and desire, all the while addressing many of the major themes of Platonic philosophy: the relationship of philosophy and poetry, the good, and the beautiful."
184,Plato's theory of knowledge : the theaetetus and the sophist of Plato.,
184,The Platonic epistles /,
184,Platonic transformations :,
184,Platonic writings/Platonic readings /,
184,The portrait of a lady /,"The Penguin English Library edition of The Portrait of a Lady by Henry James 'She knew of no wrong that he had done; he was not violent, he was not cruel; she simply believed that he hated her' When Isabel Archer, a beautiful, spirited American, is brought to Europe by her wealthy aunt Touchett, it is expected that she will soon marry. But Isabel, resolved to enjoy her freedom, does not hesitate to turn down two eligible suitors. Then she finds herself irresistibly drawn to Gilbert Osmond. Charming and cultivated, Osmond sees Isabel as a rich prize waiting to be taken. In this portrait of a 'young woman affronting her destiny', Henry James created one of his most magnificent heroines, and a story of intense poignancy. The Penguin English Library - 100 editions of the best fiction in English, from the eighteenth century and the very first novels to the beginning of the First World War."
184,Proclus' Commentary on Plato's Parmenides /,
184,Protagoras /,
184,Real and imagined :,"""During the Heian period, the sacred mountain Kinpusen came to prominence as a pilgrimage destination for the most powerful men in Japan--the Fujiwara regents and the retired emperors. This book depicts their trek from the capital to the rocky summit, as well as the imaginative landscape they navigated, and sheds new light on Kinpusen, positioning it within the broader religious and political history of the Heian period""--Provided by the publisher."
184,"The romantic vision of Yuan Hung-tao, Late Ming poet and critic /",
184,Selected myths /,
184,Short story criticism :,
184,Simulation and gaming in social science /,
184,"Simulation games, an introduction for the social studies teacher /",
184,The spatiality of emotion in early modern China :,"""Emotion takes place. Rather than an interior state of mind in response to the outside world, emotion per se is spatial, at turns embedding us from without, transporting us somewhere else, or putting us ahead of ourselves. In this book, Ling Hon Lam gives a deeply original account of the history of emotions in Chinese literature and culture centered on the idea of emotion as space, which the Chinese call ""emotion-realm"" (qingjing). Lam traces how the emotion-realm underwent significant transformations from the dreamscape to theatricality in sixteenth- to eighteenth-century China. Whereas medieval dreamscapes delivered the subject into one illusory mood after another, early modern theatricality turned the dreamer into a spectator who is no longer falling through endless oneiric layers but pausing in front of the dream. Through the lens of this genealogy of emotion-realms, Lam remaps the Chinese histories of morals, theater, and knowledge production, which converge at the emergence of sympathy, redefined as the dissonance among the dimensions of the emotion-realm pertaining to theatricality.The book challenges the conventional reading of Chinese literature as premised on interior subjectivity, examines historical changes in the spatial logic of performance through media and theater archaeologies, and ultimately uncovers the different trajectories that brought China and the West to the convergence point of theatricality marked by self-deception and mutual misreading. A major rethinking of key terms in Chinese culture from a comparative perspective, The Spatiality of Emotion in Early Modern China develops a new critical vocabulary to conceptualize history and existence.""--"
184,The structure of being and the search for good :,
184,A study in Plato /,
184,Symphonic music :,
184,The symposium /,
184,The symposium /,
184,Symposium /,"In his celebrated masterpiece, Symposium, Plato imagines a high-society dinner-party in Athens in 416 BC at which the guests - including the comic poet Aristophanes and, of course, Plato's mentor Socrates - each deliver a short speech in praise of love. The sequence of dazzling speeches culminates in Socrates' famous account of the views of Diotima, a prophetess who taught him that love is our means of trying to attain goodness. And then into the party bursts the drunken Alcibiades, the most popular and notorious Athenian of the time, who insists on praising Socrates himself rather than love, and gives us a brilliant sketch of this enigmatic character."
865,Albania :,"Albania is one of the youngest European states and the last country to emerge from the collapse of Ottoman Turkish power at the beginning of the 20th century. Underlying Albania's often-turbulent history is an extraordinary archaeological heritage of international significance, the evidence of which is to be found everywhere in the cities and countryside, hills and mountains. Each year, thousands of tourists visit Albania, drawn primarily to the vast archaeological site at Butrint - now almost forgotten, but viewed by historians as the Marseilles of its time as late as the Middle Ages - but also experiencing a number of the other archaeological and heritage sites which Albania has to offer, including Shkodra, Apollonia and Berat. In addition to these sites, there are a number of lesser-known, but nonetheless exquisite sites and monuments which visitors are often unaware of. This guide provides a unique introduction to 50 of Albania's archaeological sites, enabling visitors to enjoy the best-known sites, but also to venture out to the more remote monuments, many in stunning locations. This book will lead the visitor in the footsteps of Odysseus, Caesar and Lord Byron, through Illyrian valleys and over breathtaking mountain passes to explore the beautiful country of Albania and its archaeological heritage."
865,Bayesian inference for gene expression and proteomics /,
865,The Bohemian body :,
865,"Cigarettes, nicotine, & health :","Smoking is one of the world′s most pressing public health problems. Cigarettes, Nicotine, and Health reviews the severe problems caused by smoking and examines individual and public health approaches to reducing smoking and its attendant health problems. Cigarettes are the most popular, most addictive, and most deadly form of tobacco use, with cigarette design contributing directly to the dangers of smoking; most of the book focuses on this predominant form of nicotine use."
865,Computational modeling of gene regulatory networks :,
865,Design and analysis of DNA microarray investigations /,
865,Epigenetic regulation and epigenomics /,
865,Epigenetics :,
865,Functional genomics :,
865,Genes & signals /,
865,Hypnosis for smoking cessation :,
865,I'm not here to give a speech /,
865,Nicotine dependence :,
865,Posttranscriptional gene regulation :,"Reflecting the rapid progress in the field, the book presents the current understanding of molecular mechanisms of post-transcriptional gene regulation thereby focusing on RNA processing mechanisms in eucaryotic cells. With chapters on mechanisms as RNA splicing, RNA interference, MicroRNAs, RNA editing and others, the book also discusses the critical role of RNA processing for the pathogenesis of a wide range of human diseases. The interdisciplinary importance of the topic makes the title a useful resource for a wide reader group in science, clinics as well as pharmaceutical industry."
865,Reading Václav Havel /,
865,The regulatory genome :,
865,The regulatory genome :,
865,RNA and the regulation of gene expression :,
865,Smoking :,
865,"Smoking, health and personality /",
865,Viral gene expression regulation /,
865,"Weddings, butterflies & the sweetest dreams /","Following the success of her first book, Butterflies and All Things Sweet (Goff Books), which won a number of important international design awards, style icon Bonnae Gokson is back – this time focusing on weddings from different cultures, and celebrating beauty, creativity, individuality, artistry, and love in all its forms.Weddings, Butterflies & The Sweetest Dreams is a book like no other. With foreword by Vera Wang, world renown couture wedding gown designer, and Iris Apfel, iconic fashion industry personality, it is a unique visual feast, exploring couture wedding celebrations in a completely fresh and unexpected manner. Through exquisite, sophisticated and surprising imagery―from Paris haute couture to a ranch in Montana―it reveals the way Bonnae sees the world, inspired by everything from poetry to fine art resulting in a timeless, contemporary aspirational journey through a treasure trove of multi-cultural artistry."
865,"Weddings, butterflies & the sweetest dreams /","Following the success of her first book, Butterflies and All Things Sweet (Goff Books), which won a number of important international design awards, style icon Bonnae Gokson is back – this time focusing on weddings from different cultures, and celebrating beauty, creativity, individuality, artistry, and love in all its forms.Weddings, Butterflies & The Sweetest Dreams is a book like no other. With foreword by Vera Wang, world renown couture wedding gown designer, and Iris Apfel, iconic fashion industry personality, it is a unique visual feast, exploring couture wedding celebrations in a completely fresh and unexpected manner. Through exquisite, sophisticated and surprising imagery―from Paris haute couture to a ranch in Montana―it reveals the way Bonnae sees the world, inspired by everything from poetry to fine art resulting in a timeless, contemporary aspirational journey through a treasure trove of multi-cultural artistry."
866,Art and homosexuality :,
866,Creating safe and supportive learning environments :,
866,Daring to find our names :,
866,The Galápagos :,"""Evolutionary ecologist and photographer John Hess presents the Galápagos in stunning photographs and insightful prose, celebrating the archipelago as a unique place to appreciate the achievements of Charles Darwin and other biologists as well as a place for visitors to experience the wonders of the natural world""--Provided by publisher."
866,Immigrant exclusion and insecurity in Africa :,
866,Public discourses about homosexuality and religion in Europe and beyond /,
866,Que(e)rying religion :,"This text includes, but moves beyond, tradition-based experiential writing by turning to the academic study of religion. It includes work that compares or focuses on different religious traditions, such as various forms of Christianity, Hinduism, Islam, Judaism, and Native American spiritualities. It also incorporates writing on various geographical areas and historical time periods. By assuming a wide definition of religion, it raises questions about the terms religion and religious themselves."
866,Que(e)rying religion :,"This text includes, but moves beyond, tradition-based experiential writing by turning to the academic study of religion. It includes work that compares or focuses on different religious traditions, such as various forms of Christianity, Hinduism, Islam, Judaism, and Native American spiritualities. It also incorporates writing on various geographical areas and historical time periods. By assuming a wide definition of religion, it raises questions about the terms religion and religious themselves."
000,Ku Chieh-kang and China`s new history;,
000,Ku Chieh-kang and China`s new history;,
716,Across the Great Divide :,
716,Basil Valentine his Triumphant chariot of antimony :,
716,Concerto al-Quds /,"At the age of eighty-six, Adonis, an Arabic poet with Syrian origins, a critic, an essayist, and a devoted secularist, has come out of retirement to pen an extended, innovative poem on Jerusalem/Al-Quds. It is a hymn to a troubled city embattled by the conflicting demands of Jews, Christians, and Muslims. Adonis's city, as a coveted land, ought to suggest the universal love of humanity; as a land of tragedy, a place of contending history and beliefs, and a locus of bitterness, conflict, hatred, rivalry, and blood. Wrapping multiple voices, historical references, and political viewpoints within his ecstatic lyricism, Adonis has created a provocative work of unique beauty and profound wisdom, beautifully rendered in English by award-winning poet Khaled Mattawa."
716,A Crack in the wall :,
716,Egyptian colloquial poetry in the modern Arabic canon :,
716,The environment program :,
716,Environmental awakening :,
716,Handbook of youth mentoring /,
716,Home-grown school feeding : a framework to link school feeding with local agricultural production /,
716,Making ancient cities :,
716,Metrical structure of Arabic /,
716,My happiness bears no relation to happiness :,
716,Post-secondary education on the edge :,
716,Promoting child and parent wellbeing :,"Informed by a wealth of research, this accessible book focuses on a strengths-based approach to promoting children's wellbeing and giving them the best opportunities to succeed. By identifying risk factors and the protective factors which can be used to counter them, this book stresses the importance of preventative measures and early intervention to effectively support parents and their children. It shows that there are many protective factors and practices that parents, teachers and carers can employ to support children's development, promote mental and emotional wellbeing, and reduce the risks of crime and anti-social behaviour. Each section explores the issues associated with specific age groups, from pregnancy to early teens. It identifies areas that should be a key focus for practitioners and services such as promoting attachment and communication, and highlights effective practices such as motivational interviewing and cognitive behavioural therapy (CBT). Bringing together the international evidence-base concerning ways of working with young children and their families, this book offers practical advice for practitioners, managers and commissioners of services across health and social care."
716,Rabbit's blues :,"In his eulogy of saxophonist Johnny Hodges, Duke Ellington ended with the words, ""Never the world's most highly animated showman or greatest stage personality, but a tone so beautiful it sometimes brought tears to the eyes--this was Johnny Hodges. This is Johnny Hodges."" Hodges' unforgettable tone resonated throughout the jazz world over the greater part of the twentieth century. As a teenager, Hodges developed his playing style by imitating Sidney Bechet, the New Orleans soprano sax player, then honed it in late-night cutting sessions in New York and a succession of bands lead by Chick Webb, Willie ""The Lion"" Smith, and Luckey Roberts. In 1928 he joined Duke Ellington, beginning an association that would continue, with one interruption, until Hodges' death. Hodges' celebrated technique and silky tone marked him then, and still today, as one of the most important and influential saxophone players in the history of jazz."
716,The school food revolution :,
716,Sonic technologies :,
716,Sonic technologies :,
764,Abuse :,
764,"Australian longhorn beetles (Coleoptera, Cerambycidae) /",
764,The best land :,"""This book is a history of a piece of land in central New York, the ancestral homeland of the Oneida Indians. It traces the stories over four centuries of the two families, a Mohawk/Oneida family and the author's family of early settlers, who called it home""--"
764,The Black inner city as frontier outpost :,
764,The changing nature of the metropolitan area in the USA and Western Europe /,
764,Cities in transition :,
764,Cities in world perspective /,
764,Cities of the American West :,
764,"Cities, transport and communications :",
764,The city :,
764,The City and radical social change /,
764,"City growth in the United States, England, and Wales, 1820-1861 :",
764,City in print :,
764,The coming of the transactional city /,
764,Competitive cities :,
764,The dispersed city :,
764,Drought and aquatic ecosystems :,"""Droughts are a major hazard to both natural and human-dominated environments and those, especially of long duration and high intensity, can be highly damaging and leave long-lasting effects. This book describes the climatic conditions that give rise to droughts, and their various forms and chief attributes. Past droughts are described including those that had severe impacts on human societies. As a disturbance, droughts can be thought of as ""ramps"" in that they usually build slowly and take time to become evident. As precipitation is reduced, flows from catchments into aquatic systems decline. As water declines in water bodies, ecological processes are changed and the biota can be drastically reduced, though species and populations may survive bu using refuges. Recovery from drought varies in both rates and in degrees of completeness and may be a function of both refuge availability and connectivity. This book reviews the rather scattered literature on the impacts of drought on the flora, fauna and ecological processes of aquatic ecosystems ranging from small ponds to lakes and from streams to estuaries. The effects of drought on the biota of standing waters and flowing waters and of temporary waters and perennial systems are described and compared. In addition, the ways in which human activity can exacerbate droughts are outlined. In many parts of the world especially in the mid latitudes, global warming may result in increases in the duration and intensity of droughts.""--P. [4] of cover."
764,The exploding city /,
764,Extraordinary cities :,"Accepting that cities are extraordinary, this book provides an original city-centred narrative of human creativity, past, present and future."
764,The future of winter cities /,
764,Game scripting mastery /,
764,Global cities :,
764,Glossy :,"""Called ""one of the most disruptive brands in beauty"" by Forbes, Glossier revolutionized the beauty industry with its sophisticated branding and unique approach to influencer marketing, almost instantly making the company a juggernaut with rabid fans lining up for a chance to buy its coveted products. It also taught a generation of business leaders how to talk to Millennial and Gen Z customers and build a cult following online. At the center of the story lies Emily Weiss, the elusive former Teen Vogue ""Superintern"" on the reality show The Hills turned Into the Gloss beauty blogger who had the vision, guts, and searing ambition needed to launch Glossier. She cannily turned every meeting into an opportunity to fuel her own personal success. Together with her signature style and singular vision for the future of consumerism, she could not be stopped. Just how did a young woman from suburban Connecticut with no real job experience work her way into the bathrooms of the most influential names in the world and build that access into a $1.8 billion business? Is she solely responsible for its success? And why, eight years after her start, at the seeming height of Glossier mania, did she step down? In Glossy, journalist and author Marisa Meltzer weaves together in-depth interviews with former Glossier employees, investors, and Weiss herself to bring you inside the walls of this fascinationg and secretive company. From fundraising to product launches to unconventional hiring practices, Meltzer exposes the inner workings of Glossier's culture, culminating in the story of Weiss herself. The Devil Wears Prada for the Bad Blood generation, Glossy is not only a gripping portrait of one of the most important business leaders of Weiss's time but also a chronicle of an era"" --"
764,The great Arab cities in the 16th-18th centuries :,
764,Hard bargains :,"The book examines the factors that have shaped our notions of sex, from Catholic teaching to the theories of Sigmund Freud, and it explores Supreme Court decisions of the last few decades that have revolutionized the politics of sex. And Hard Bargains not only provides a deep understanding of historical and current disputes, but it also offers striking predictions of what sexual bargaining will look like in the future - rape laws replaced by laws of sexual autonomy, adultery subjected to breach of contract action, fornicators responsible for each other's rent, prostitution considered an unfair labor practice. These are a few of the surprising - and surprisingly workable - solutions the authors foresee in the 21st century."
764,Human settlements :,
764,Inside the city /,
764,Inside Third World cities /,
764,International aspects of rural and urban metropolitan systems /,
764,International community power structures :,
764,The invention of heterosexual culture /,
764,Limiting great cities :,
764,Managing the city :,
764,The metropolis era /,
764,Metropolitics : a regional agenda for community and stability /.,
764,Midcentury modern art in Texas /,
764,Muslim cities in the later Middle Ages /,
764,New developments in nuclear fusion research /,
764,New towns :,
764,New trends in urban planning :,
764,Nobody's girl :,"""The world knows Virginia Roberts Giuffre as Jeffrey Epstein and Ghislaine Maxwell's most outspoken victim: the woman whose decision to speak out helped send both serial abusers to prison, whose photograph with Prince Andrew catalyzed his fall from grace. But her story has never been told in full, in her own words, until now. In April 2025, Giuffre took her own life. She left behind a memoir written in the years preceding her death and stated unequivocally that she wanted it published. Nobody's Girl is the riveting and powerful story of an ordinary girl who would grow up to confront extraordinary adversity. Here, Giuffre offers an unsparing and definitive account of her time with Epstein and Maxwell, who trafficked her and others to numerous prominent men. She also details the molestation she suffered as a child, as well as her daring escape from Epstein and Maxwell's grasp at nineteen. Giuffre remade her life from scratch and summoned the courage to not only hold her abusers to account but also advocate for other victims.""--Publisher's description."
764,The Palace of Darius at Susa :,"""The palace complex of the Persian King Darius I, the Great (522-486 BCE), provides unique evidence of the sophistication of Achaemenid architecture and construction. This palace, built 2500 years ago in western Iran, lay at the centre of the Persian Empire that stretched from the Nile and the Aegean to the Indus Valley. First rediscovered in 1851, the palace of Darius was partly excavated over the next century. But it was only field research between 1969 and 1979 by the noted French archaeologist Jean Perrot which revealed the site's full dimension and complexity. Its bull-headed capitals, enamel friezes of richly-clad archers holding spears, figures of noble lions and winged monsters, introduced a new iconography into the ancient Persian world. The discovery and excavation of the palace, which this book records, thus casts a new light on the beginnings of the Achaemenid period. Edited by the distinguished scholar of ancient Persia, John Curtis, the lavishly illustrated volume is a work of seminal importance for the understanding of ancient Persia, likely to be radically altered by Perrot's research and findings.""--Publisher's website."
764,Paradies Schweiz =,"Whatever became of the myth of Switzerland? Is Switzerland really a beatific island, or does this 'paradise on Earth' betray fault lines? What is connoted by the name 'Switzerland'? As displayed in tourism posters, chocolate wrappers, milk cartons, wristwatches, and banknotes, the Swiss image-world reflects the Zeitgeist, disclosing projections and yearnings found throughout society. This publication brings together exemplary advertisements dating from 1900 to the present to form a stimulating visual dialogue. Explored first are the ways in which Switzerland has appeared in advertising, and secondly, how this land has been transformed into a cohesive image. Illuminated in the context of image strategies and advertising texts are a range of iconographic types. Coming to light are clichés, images of native life and of foreignness, as well as contradictions and fractures. Readers will encounter the multifaceted spectrum of 'Swissness' through approximately 90 posters by important designers and ad agencies including Aebi und Partner, Otto Baumberger, Emil Cardiaux, Hans Falk, Walter Herdeg, Herbert Leupin, Burkhard Mangold, Herbert Matter, Martin Peikert, Emil Schulthess, Stalder und Suter, Niklaus Stoecklin, Ruf Lanz, Carlo Vivarelli, Weber, Hodel, Schmid, and others."
764,The Pearl River Delta mega urban-region :,
764,The polycentric metropolis :,
764,"Private pleasure, public plight :",
764,Psychology of the planned community :,
764,Reinventing cities for people and the planet /,
764,Remaking the city :,
764,The rise-and fall? of Montreal :,
764,The rise-and fall? of Montreal :,
764,The road to someplace better :,"Lambert, the first black woman Harvard MBA, tells the remarkable story of how she achieved the American dream, rising from a poor, rural upbringing in the segregated South to success as a barrier-breaking CEO and entrepreneur."
764,Scientific methods of urban analysis /,
764,Silkscreen masters :,"Silkscreen Masters is a groundbreaking project, both a manual on screen printing and a showcase of the world's leading printers. The manual covers everything from print basics to setting up a professional studio, as well as in-depth features on leading studios and a range of pro tips and hacks. The showcase highlights all the many applications and uses of screen printing. World-class studios and artists share their work, creating a snapshot of the best in contemporary screen printing. Whether you are a veteran or beginner, Silkscreen Masters will help you develop your practice and inspire you."
764,Slums are for people :,
764,The sociology of cities /,
764,The sociology of the city /,
764,The Study of urbanization /,
764,The tell :,"""For decades, Amy ran. Through the dirt roads of Amarillo, Texas, where she grew up; to the campus of the University of Virginia, as a student athlete; on the streets of New York, where she built her adult life; through marriage, motherhood, and a thriving career. To outsiders, it all looked, in many ways, perfect. But Amy was running from something-a secret she was keeping not only from her family and friends, but unconsciously from herself. ""You're here, but you're not here,"" her daughter said to her one night. ""Where are you, Mom?"" So began Amy's quest to solve a mystery trapped in the deep recesses of her own memory-a journey that would take her into the burgeoning field of psychedelic therapy, to the limits of the judicial system, and ultimately, home to the Texas panhandle, where her story began. In her relentless search for the truth, Griffin probes the pursuit of perfectionism, control, and maintaining appearances that drives so many women, asking the question: When, in our path from girlhood to womanhood, did we learn to look outside ourselves for validation? And what kind of freedom is possible if we accept who we really are? With hope, heart, and honesty, Griffin points a way forward for all of us, revealing the transcendent power of radical truth-telling to deepen our connection to our families-and ourselves""--"
764,Texas business associations /,
764,A Texas state of mind :,"""Historical account of the development of the Texas State University System, and the educational growth of Texas, from the Sabine River to the Rio Grande""--"
764,Toward an understanding of the metropolis /,
764,Towns and cities /,
764,The trouble with normal :,"In this study, Mary Louise Adams explores discourses about youth and their place in the production and reproduction of heterosexual norms. She examines debates over juvenile delinquency, indecent literature, and sex education to show not why heterosexuality became a peculiar obsession in English Canada after the Second World War, as much as how it came to hold such sway. Drawing on feminist theory, cultural studies, and lesbian/gay studies, The Trouble with Normal is the first Canadian study of 'youth' as a sexual and moral category. Adams looks not only at sexual material aimed at teenagers but also at sexual discourses generally, for what they had to say about young people and for the ways in which 'youth,' as a concept, made those discourses work. She argues that postwar insecurities about young people narrowed the sexual possibilities for both young people and adults."
764,Urban change and the planning syndrome /,
764,Urban development in the Third World :,
764,Urbanization and national development in Asia :,
842,"""Passing the love of women"" :",
842,20th century French drama /,
842,A nose for money : how to make a million /,
842,L'Adaptation des pièces comiques du théâtre français au cinéma =,
842,Alfred Jarry :,
842,L'alouette /,
842,Altona ; Men without shadows ; The flies /,
842,Amedee ; The new tenant ; Victims of duty /,
842,Amedee.,
842,Amphitryon /,
842,"Andromache, Britannicus, Berenice /",
842,Andromaque /,
842,Anouilh : a study in theatrics /,
842,Anouilh : a study in theatrics /,
842,Armand Gatti in the theatre :,
842,The art of Voltaire's theater :,
842,Artaud and the gnostic drama /,
842,Athalie :,
842,L'avare /,
842,"The barber of Seville ; and, The marriage of Figaro /",
842,Le barbier de Seville :,
842,The basic physics of radiation therapy /,
842,"Becket, or, The honor of God /",
842,Les Belles soeurs /,
842,The best plays of Racine /,"Racine's masterpieces--Andromaque, Britannicus, Phedre, and Athalie--are translated into English verse. The introduction and notes by Mr. Lockert guide the reader to a greater understanding of the plays.Originally published in 1966.The Princeton Legacy Library uses the latest print-on-demand technology to again make available previously out-of-print books from the distinguished backlist of Princeton University Press. These editions preserve the original texts of these important books while presenting them in durable paperback and hardcover editions. The goal of the Princeton Legacy Library is to vastly increase access to the rich scholarly heritage found in the thousands of books published by Princeton University Press since its founding in 1905."
842,The book of Boswell :,
842,Le bourgeois gentilhomme /,
842,Britannicus ; Phaedra ; Athaliah /,
842,Britannicus :,"Jean Racine (1639-99) remains to this day the greatest of French poetic dramatists. Britannicus (1669), the first play in this volume, takes its themes from Roman history: the setting is bloody and treacherous court of the Emperor Nero. Phaedra (1677) dramatizes the Greek myth of Phaedra's doomed love for her stepson Hippolytus. Athaliah (1691), Racine's last and perhaps finest play, draws on the Old Testament story of Athaliah, Queen of Judah and worshipper of Baal, who is threatened and finally forced to concede victory to Joash, a son of the house of David and survivor of Athaliah's massacres."
842,Britannicus /,
842,The Cambridge companion to Moliere /,"A detailed introduction to Moliere and his plays, this Companion evokes his own theatrical career, his theatres, patrons, the performers and theatre staff with whom he worked, and the various publics he and his troupes entertained with such success. It looks at his particular brands of comedy and satire. L'Ecole des femmes, Le Tartuffe, Dom Juan, Le Misanthrope, L'Avare and Les Femmes savantes are examined from a variety of different viewpoints, and through the eyes of different ages and cultures. The comedies-ballets, a genre invented by Moliere and his collaborators, are re-instated to the central position which they held in his uvre in Moliere's own lifetime; his two masterpieces in this genre, Le Bourgeois gentilhomme and Le Malade imaginaire, have chapters to themselves. Finally, the Companion looks at modern directors' theatre, exploring the central role played by productions of his work in successive 'revolutions' in the dramatic arts in France."
842,The Cambridge companion to Moliere /,
842,"Cascando, and other short dramatic pieces /",
842,"Cascando, and other short dramatic pieces.",
842,"Cher Antoine : ou, L'amour raté /",
842,The chief plays Corneille /,"""Well translated by Lacy Lockert, who provided an excellent critical introduction, this is a valuable selection of the plays of the great French Neo-Classicist. Included are Horace, The Cid, Cinna, Polyeucte, Rodugune, Nicomede.""-Library Journal.Originally published in 1952.The Princeton Legacy Library uses the latest print-on-demand technology to again make available previously out-of-print books from the distinguished backlist of Princeton University Press. These editions preserve the original texts of these important books while presenting them in durable paperback and hardcover editions. The goal of the Princeton Legacy Library is to vastly increase access to the rich scholarly heritage found in the thousands of books published by Princeton University Press since its founding in 1905."
842,The chief rivals of Corneille and Racine /,
842,The Cid ; Cinna ; The theatrical illusion /,
842,The classical drama of France /,
842,The clown in the agora :,
842,Corneille /,
842,"Corneille, classicism, and the ruses of symmetry /",
842,Corneille's performative metaphors /,
842,CRC handbook of radiobiology /,
842,A critical study of the tragedies of Robert Garnier (1545-90) /,
842,Cyrano de Bergerac :,
842,Cyrano de Bergerac /,
842,La dame aux camélias /,
842,Deathwatch; a play /,
842,Dépit amoureux :,"Originally published in 1929 as part of the Pitt Press Series, this book contains the French text of Moliere's two-act comedy Depit amoureux. The play is introduced by Frederic Spenser, who also provides a reading guide at the back for some of the more archaic words and phrases in the piece. This book will be of value to anyone interested in seventeenth-century French comedy."
842,Dépit amoureux :,"Originally published in 1929 as part of the Pitt Press Series, this book contains the French text of Moliere's two-act comedy Depit amoureux. The play is introduced by Frederic Spenser, who also provides a reading guide at the back for some of the more archaic words and phrases in the piece. This book will be of value to anyone interested in seventeenth-century French comedy."
842,Dislocations in solids.,
842,Dislocations in solids.,
842,Dislocations in solids.,
842,Disturbing attachments :,"Jean Genet (1910–1986) resonates, perhaps more than any other canonical queer figure from the pre-Stonewall past, with contemporary queer sensibilities attuned to a defiant non-normativity. Not only sexually queer, Genet was also a criminal and a social pariah, a bitter opponent of the police state, and an ally of revolutionary anticolonial movements. In Disturbing Attachments, Kadji Amin challenges the idealization of Genet as a paradigmatic figure within queer studies to illuminate the methodological dilemmas at the heart of queer theory. Pederasty, which was central to Genet's sexuality and to his passionate cross-racial and transnational political activism late in life, is among a series of problematic and outmoded queer attachments that Amin uses to deidealize and historicize queer theory. He brings the genealogy of Genet's imaginaries of attachment to bear on pressing issues within contemporary queer politics and scholarship, including prison abolition, homonationalism, and pinkwashing. Disturbing Attachments productively and provocatively unsettles queer studies by excavating the history of its affective tendencies to reveal and ultimately expand the contexts that inform the use and connotations of the term queer."
842,Dom Juan :,
842,Dom Juan :,
842,Don Juan /,
842,Don Juan and other plays /,"About the Series: For over 100 years Oxford World's Classics has made available the broadest spectrum of literature from around the globe. Each affordable volume reflects Oxford's commitment to scholarship, providing the most accurate text plus a wealth of other valuable features, including expert introductions by leading authorities, voluminous notes to clarify the text, up-to-date bibliographies for further study, and much more."
842,La double inconstance /,
842,The drama of our past :,
842,Dramatic narrative :,
842,"L'ecole des femmes ; and, La critique de l'ecole des femmes /",
842,L'école des femmes /,
842,Eight plays /,
842,Einstein and modern French drama :,
842,Ends and odds :,
842,Étude du dialogue moliéresque =,
842,Eugene Labiche and Georges Feydeau /,
842,"Every man, God's man :",
842,Every man's challenge :,
842,"""The Farce of the fart"" and other ribaldries :","Was there more to medieval and Renaissance comedy than Chaucer and Shakespeare? Bien sur. For a real taste of saucy early European humor, one must cross the Channel to France. There, in the fifteenth and early sixteenth centuries, the sophisticated met the scatological in popular performances presented by roving troupes in public squares that skewered sex, politics, and religion. For centuries, the scripts for these outrageous, anonymously written shows were available only in French editions gathered from scattered print and manuscript sources. Now prize-winning theater historian Jody Enders brings twelve of the funniest of these farces to contemporary English-speaking audiences in ""The Farce of the Fart"" and Other Ribaldries. Enders's translation captures the full richness of the colorful characters, irreverent humor, and over-the-top plotlines, all in a refreshingly uncensored American vernacular."
842,A father's place /,
842,Figaro :,
842,The Figaro trilogy :,"Who was Figaro? Not the impertinent valet of the operas of Mozart or Rossini, but both the spirit of resistance to oppression and a bourgeois individualist like his creator. The three plays in which he plots and schemes chronicle the slide of the ancien régime into revolution, but also chart the growth of Beaumarchais' humanitarianism. They are also exuberant theatrical entertainment, masterpieces of skill, invention and social satire which helped shape the direction of the French theatre for a hundred years. This lively new translation captures all the zest and energy of the most famous valet in French literature.--From publisher description."
842,File on Beckett /,
842,Five by Feydeau /,
842,Five plays /,
842,Five plays.,
842,The flies and in camera /,
842,For men only :,
842,Four archetypes :,
842,Four French plays :,
842,Four Greek plays /,
842,Four plays /,
842,Four plays of Paul Willems :,
842,Les fourberies de Scapin /,
842,Les Fourberies de Scapin =,
842,Fourier transform infrared spectrometry /,
842,French drama of the revolutionary years /,
842,The French drama of the unspoken /,
842,French theater since 1968 /,"One lasting effect of France's May 1968 antiestablishment movement has been the reevaluation of the philosophical, psychological, and aesthetic aspects of theater. In the 1950s and 1960s the plays of Samuel Beckett, Jean Genet, and Eugene Ionesco had abolished traditional theatrical forms, as had the existentialist theater of Jean-Paul Sartre, Albert Camus, and Jean Anouilh. French playwrights, bursting with new ideas as well as with confidence in their own worth after 1968, formulated fresh criteria, probed new forms, and experimented with different approaches to the performing arts. As dramatists broke new ground, so directors broke away from established aesthetics to focus on audacious, provocative interpretations of playwright's visions. In this astute examination Bettina L. Knapp looks at how the outcry of young people in 1968 has influenced French directors and playwrights and has changed conceptions of ""theater"" in the two and a half decades following. Beginning with an overview of 25 years of theater - an artistic environment characterized by ""Directors/Directives Galore"" - Knapp proceeds to discuss the contributions of Lucien and Micheline Attoun's Theatre Ouvert, Ariane Mnouchkine's Theatre du Soleil, Antoine Vitez, Armand Gatti, Patrice Chereau, Nathalie Sarraute, Andree Chedid, Liliane Atlan, Michel Vinaver, and Valere Novarina. The study includes a useful appendix of plays, production dates, and directors."
842,"French theatre, 1918-1939 /",
842,The Freud scenario /,
842,From gesture to idea :,
842,Girton college 1869-1932 /,
842,La gloire :,
842,The god of carnage /,
842,La guerre de Troie n`aura pas lieu :,
842,Healing the masculine soul :,"Men are increasingly confused over the meaning of true manhood. InHealing the Masculine Soul, Dalbey reveals Christ-centered methods for pursuing and attaining genuine masculine virtues and identity. Practical proven insights for learning how to become a true man of God."
871,Approaches to teaching the works of Ovid and the Ovidian tradition /,"Ovid and his influence are studied in classrooms as various as his poetry, and this Approaches volume aims to help instructors in those diverse teaching environments. Part 1, ""Materials,"" is fittingly collaborative and features brief overviews designed to give nonspecialists background on the more challenging aspects of teaching Ovid. Contributors examine his life and legacy, religion, and relation to the visual arts as well as his afterlife in the Latin classroom, in various translations, and in the Ovide moralisé. The editors detail the contexts in which Ovid is taught, identify trends in teaching his work and the Ovidian tradition, and recommend editions and resources for classroom use. The introduction to Part 2, ""Approaches,"" considers Ovid's relation to Vergil and the development of Ovid's influence and reception, from the medieval and early modern period to the reinvigoration of Ovid studies in the twentieth century. In the four sections that follow, contributors provide practical ideas for classroom instruction, examine the political and moral discourses shaping Ovid and his legacy, explore how gender and the body are represented in Ovid and the Ovidian tradition, and look at various ways Ovid's works have been used and transformed by writers as diverse and Dante, Cervantes, and Ransmayr."
871,Apuleius on trial at Sabratha.,
871,The art of love ;,
871,Arundines cami :,
871,Banished voices :,
871,Brill's companion to Ovid /,
871,The Cambridge companion to Lucretius /,
871,The Cambridge companion to Lucretius /,
871,The Cambridge companion to Ovid /,
871,Campania in the Flavian poetic imagination /,"The region of Campania with its fertility and volcanic landscape exercised great influence over the Roman cultural imagination. A hub of activity outside the city of Rome, the Bay of Naples was a place of otium, leisure and quiet, repose and literary productivity, and yet also a place of danger: the looming Vesuvius inspired both fear and awe in the region's inhabitants, while the Phlegraean Fields evoked the story of the gigantomachy and sulphurous lakes invited entry to the Underworld. For Flavian writers in particular, Campania became a locus for literary activity and geographical disaster when in 79 CE, the eruption of the volcano annihilated a great expanse of the region, burying under a mass of ash and lava the surrounding cities of Pompeii, Herculaneum, and Stabiae. In the aftermath of such tragedy the writers examined in this volume - Martial, Silius Italicus, Statius, and Valerius Flaccus - continued to live, work, and write about Campania, which emerges from their work as an alluring region held in the balance of luxury and peril."
871,Clapton :,
871,The classical guitar companion /,The Classical Guitar Companion is a uniquely anthology that encourages students and teachers to create custom curricula for guitar study based on their own strengths and weaknesses.
871,"A commentary on Virgil, Eclogues /",
871,A companion to Ovid /,
871,The Complete Fables /,
871,The complete Odes and Epodes /,"The Complete Odes and Epodes 3.99 (2,344 ratings by Goodreads) Paperback Oxford World's Classics (Paperback) English By (author) Horace , Translated by David West Share Horace (65-8 BC) is one of the most important and brilliant poets of the Augustan Age of Latin literature whose influence on European literature is unparalleled. Horace's Odes and Epodes constitute a body of Latin poetry equalled only by Virgil's, astonishing us with leaps of sense and rich modulation, masterly metaphor, and exquisite subtlety. The Epodes include proto-Augustan poems, intent on demonstrating the tolerance, humour and the humanity of the new leaders of Rome, robust love poems, and poems of violent denunciation; the Odes echo Greek lyric poetry, reflecting on war, politics and the gods, and celebrating the pleasures of wine, friendship, love, poetry and music. Steeped in allusion to contemporary affairs, Horace's verse is best read in terms of his changing relationship to the public sphere, and David West's superb new translation is supplemented by a lucid introduction illuminating these complexities, extensive notes, a chronological survey and a glossary of names."
871,The criticism of didactic poetry :,
871,Damasus of Rome :,
871,"The Eclogues ; &, Georgics /",
871,Eclogues /,
871,"The eclogues, georgics and aeneid of Virgil /",
871,The English Horace :,
871,English humanism and the reception of Virgil c. 1400-1550 /,"Matthew Day reassesses how the spread of Renaissance humanism in England impacted the reception of Virgil. In emphasizing the very gradual pace of humanist development and the continuous influence of medieval scholarship, a more qualified view is reached of how humanism did and (just as importantly) did not affect Virgilian reading and translation."
871,"Epic lives and monasticism in the Middle Ages, 800-1050 /",
871,The erotic poems /,
871,"Essays on Latin lyric, elegy, and epic /",
871,Fasti /,"'Times and their reasons, arranged in order through the Latin year, and constellations sunk beneath the earth and risen, I shall sing.' Ovid's poetical calendar of the Roman year is both a day by day account of festivals and observances and their origins, and a delightful retelling of myths and legends associated with particular dates. Written in the late years of the emperor Augustus, and cut short when the emperor sent the poet into exile, the poem's tone ranges from tragedy to farce, and its subject matter from astronomy and obscure ritual to Roman history and Greek mythology. Among the stories Ovid tells at length are those of Arion and the dolphin, the rape of Lucretia, the shield that fell from heaven, the adventures of Dido's sister, the Great Mother's journey to Rome, the killing of Remus, the bloodsucking birds, and the murderous daughter of King Servius. The poem also relates a wealth of customs and beliefs, such as the unluckiness of marrying in May. This new prose translation is lively and accurate, and is accompanied by a contextualizing introduction and helpful notes."
871,Fasti /,
871,Fender 75 years /,"""Fender's guitars, amplifiers, and script logo are recognizable even to those with a passing interest in music. Beginning with Leo Fender's groundbreaking early guitar designs that set the standard for the electric guitar explosion to follow, Fender 75 Years explores Fender's entire history--all the innovations, landmark models, and legendary players who became synonymous with Fender. In addition to the instantly recognizable Telecaster and Stratocaster, author Dave Hunter examines legendary Fender guitars like the Jazzmaster and Jaguar, the Jazz Bass and Precision Bass, acoustic guitars, and workhorse amplifiers like the Bassman, Twin Reverb, and Princeton, to name a few. Along the way, there are in-depth scoops on the award-winning Fender Custom Shop and the relationships that famous players have enjoyed with Fender, including Jimi Hendrix, Bonnie Raitt, Kurt Cobain, and so many more. Illustrated throughout with rare archival images from company archives and created with their full cooperation, Fender 75 Years also features rare period advertising and performance images. It's the definitive history and a must-have for guitar enthusiast""--"
871,The flamenco guitar roadmap :,"""This guide is for musicians who want to learn flamenco guitar without having to spend months or years trying to figure out how to do it. Most people are at a loss as to how to begin learning flamenco, and it's quite understandable. There are precious few really good teaching methods, and none of them give you a well-rounded view of flamenco guitar. This guide fills the gap by going beyond technique to give you an overall understanding of flamenco guitar and teach you how to practice effectively. It takes you through the beginner and intermediate levels and gives you tips on moving forward to the advanced level. Rather than inventing a new flamenco guitar teaching method, it acts as a teacher, providing the filler and the glue for some of the best teaching material that exists out there today.""--Back cover."
871,Freud's Rome :,
871,From poetry to history :,
871,Greek and Latin poetry /,"""For a young man looking to make his way in the world of fifteenth-century Italy one of the most promising paths to fame and, if not fortune, at least a comfortable life, was literature. That was the path pursued by Angelo Ambrogini, who was born in 1454 in Montepulciano, the city in Tuscany from which he would later take the name by which he became known to history, Poliziano, or in its latinized form, Politianus. It was in the years from about 1470 to the middle of the decade that the young poet began to attract the attention of powerful patrons with his compositions in Latin and Greek. Many of the Latin poems later collected in the Book of Epigrams date from the early 70s, although there is no evidence that at the time of their composition Poliziano contemplated ever publishing them. The same may be said of the poems in the Book of Greek Epigrams that date from this period. From the year of his first appointment to the Studio until his death in 1494, Poliziano's poetic output was intimately connected with his researches as a scholar. In the tumultuous years following his death, his papers were dispersed and his legacy imperilled, to be rescued only by the intervention of his executors, Pietro Crinito and Alessandro Sarti, who delivered his Greek and Latin works to Aldo Manuzio for publication. The texts in this volume are largely the fruit of their devotion""--"
871,Greek gods in Italy in Ovid's Fasti :,
871,Guitar tunings :,"For many beginning-to-intermediate level guitarists, guitar tunings are a mystery. Everyone begins with ''standard'' tuning and knows its basic strengths - and limitations. But, once a guitarist gets beyond basic skills, the desire to play in different styles and achieve individual sounds leads inevitably to exploring alternate tunings. Guitar Tunings: A Comprehensive Guide is the first book to offer practical advice for how to use the most common special tunings for the greatest creative and musical effect. Illustrated throughout with examples in standard notation and guitar tablature, the au"
871,The harmonius organ of Sedulius Scottus :,"This book introduces and translates Sedulius Scottus' Prologue (to the entire Collectaneum in Apostolum) and commentaries on Galatians and Ephesians. The introduction outlines the historical context of composition, identifies Sedulius' literary model - Servius, discusses Sedulius' organizing trope for the Prologue - the septem circumstantiae, asserts for what purpose and for whom he composed the Collectaneum, explains pertinent philological and stylistic issues, such as formatting, existing (or lack thereof) traits of Hiberno Latin, and Sedulius' knowledge of Greek, and it explores his use of exegetical and theological sources - predominantly Jerome, Augustine, and Pelagius. Since the commentaries are based upon these formative religious authors (among many others), the introduction also surveys Sedulius' doctrinal stances on important theological and ecclesiastical issues of his own time with particular relation to his reception of these authors. Sedulius' Collectaneum in Apostolum reveals an erudite author familiar with the style of classical commentaries, which he uses to harmonize the sometimes discordant voices of patristic authors for the purposes of education in accordance with Carolingian programmatic aims."
871,Heroides /,
871,Horace :,
871,Horace for students of literature :,
871,Horace Odes :,
871,Horace Odes :,
871,Horace on poetry : the 'Ars poetica' /,
871,Horace's Ars poetica :,"For two millennia, the Ars Poetica (Art of Poetry), the 476-line literary treatise in verse with which Horace closed his career, has served as a paradigmatic manual for writers. Rarely has it been considered as a poem in its own right, or else it has been disparaged as a great poet's baffling outlier. Here, Jennifer Ferriss-Hill for the first time fully reintegrates the Ars Poetica into Horace's oeuvre, reading the poem as a coherent, complete, and exceptional literary artifact intimately linked with the larger themes pervading his work. Arguing that the poem can be interpreted as a manual on how to live masquerading as a handbook on poetry, Ferriss-Hill traces its key themes to show that they extend beyond poetry to encompass friendship, laughter, intergenerational relationships, and human endeavor. If the poem is read for how it expresses itself, moreover, it emerges as an exemplum of art in which judicious repetitions of words and ideas join disparate parts into a seamless whole that nevertheless lends itself to being remade upon every reading. Establishing the Ars Poetica as a logical evolution of Horace's work, this book promises to inspire a long overdue reconsideration of a hugely influential yet misunderstood poem."
871,Image evaluation of a department store :,
871,The imagery and poetry of Lucretius /,
871,Immigration and ethnic conflict /,
871,Insights in sound :,
871,Latin erotic elegy :,
871,Latin literature :,
871,Latin love poetry /,"I hate and I love.' The Roman poet Catullus expressed the disorienting experience of being in love in a stark contradiction that has resonated across the centuries. While his description might seem to modern readers natural and spontaneous, it is actually a response planned with great care and artistry. It is that artistry, and the way in which Roman love poetry works, that this book explores. Focusing on Catullus and on the later genre of elegy - so-called for its metre, and a form of poetry practiced by Tibullus, Propertius and Ovid - Denise Eileen McCoskey and Zara Martirosova Torlone discuss the devices used by the major Roman love poets, as well as the literary and historical contexts that helped shape their work. Setting poets and their writings especially against the turbulent backdrop of the Augustan Age (31 BCE-14 CE), the book examines the origins of Latin elegy; highlights the poets' key themes; and traces their reception by later writers and readers."
871,Latin love poetry /,"I hate and I love.' The Roman poet Catullus expressed the disorienting experience of being in love in a stark contradiction that has resonated across the centuries. While his description might seem to modern readers natural and spontaneous, it is actually a response planned with great care and artistry. It is that artistry, and the way in which Roman love poetry works, that this book explores. Focusing on Catullus and on the later genre of elegy - so-called for its metre, and a form of poetry practiced by Tibullus, Propertius and Ovid - Denise Eileen McCoskey and Zara Martirosova Torlone discuss the devices used by the major Roman love poets, as well as the literary and historical contexts that helped shape their work. Setting poets and their writings especially against the turbulent backdrop of the Augustan Age (31 BCE-14 CE), the book examines the origins of Latin elegy; highlights the poets' key themes; and traces their reception by later writers and readers."
871,Latin lyric and elegiac poetry :,"The second edition reflects changing interests and modes of reading while remaining true to the power of the poetry that has influenced the literature of many cultures. The combination of accurate and vibrant translations with thorough commentary makes this an invaluable anthology for those interested in poetry, world literature, Roman civilization, and the history of ideas and sexuality, allowing readers to compare different poets' responses to politics, love and sex, literary innovation, self, and society."
871,Latin lyric and elegiac poetry :,
871,Latin poetry /,
871,Latin poetry /,"Arguably the most important Italian poet of the Renaissance and perhaps the most important European writer before Shakespeare, Ariosto's fame deservedly rests on his narrative poem, Orlando Furioso. In it Charlemagne's war against the Saracens serves as a backdrop to explore typical Renaissance themes such as love, madness, and fidelity, with an elaborate subplot that dramatizes how these themes affect the dynastic fortunes of Ariosto's patrons in the House of Este. The poem was published in over one hundred editions by 1600, so great was its popularity. The additional works that Ariosto composed have inevitably come to be viewed as minor in comparison to the magnitude and renown of his big poem. They include 214 letters, five plays, seven satires in verse, and dozens of lyric poems in Italian and Latin.--"
871,Latin poetry and the classical tradition :,
871,Learned girls and male persuasion :,
871,Love poems /,
871,Lucretius : On the nature of things /,
871,Macrobii Ambrosii Theodosii Saturnalia /,
871,Metamorphoses :,"""Beginning with the creation of the world and ending with the deification of Augustus, Ovid interweaves many of the best-known myths and legends of Ancient Greece and Rome, including Daedalus and Icarus, Pyramus and Thisbe, Pygmalion, Perseus and Andromeda, and the fall of Troy"" --"
871,Metamorphoses /,"The theme of the Metamorphoses is change and transformation, as illustrated in Graeco-Roman myth and legend. On this ostensibly unifying thread Ovid strings together a vast and kaleidoscopic sequence of brilliant narratives, in which the often paradoxical and always arbitrary fates of his human and divine characters reflect the never-ending flux and reflux of the universe itself. ABOUT THE SERIES: For over 100 years Oxford World's Classics has made available the widest range of literature from around the globe. Each affordable volume reflects Oxford's commitment to scholarship, providing the most accurate text plus a wealth of other valuable features, including expert introductions by leading authorities, helpful notes to clarify the text, up-to-date bibliographies for further study, and much more."
871,Michael Bloomfield :,
871,The nature of Roman poetry /,
871,The nature of things /,
871,Nonnus of Panopolis in context III :,"""Nonnus of Panopolis (5th c. AD), the most important Greek poet of Late Antiquity, is best known for his Dionysiaca, a grand epic that gathers together all myths associated with Dionysus, god of wine and mysteries. The poet also authored the Paraphrase of St. John's Gospel which renders the Fourth Gospel into sophisticated hexameter verse. This volume, edited by Filip Doroszewski and Katarzyna Jażdżewska, brings together twenty-six essays by eminent scholars that discuss Nonnus' cultural and literary background, the literary techniques and motifs used by the poet, as well as the composition of the Dionysiaca and the exegetical principles applied in the Paraphrase. As such, the book will significantly deepen our understanding of literary culture and religion in Late Antiquity""--"
871,"On Married Love, Eridanus /",
871,On the nature of the universe /,"Lucretius' poem On the Nature of the Universe combines a scientific and philosophical treatise with some of the greatest poetry ever written. With intense moral fervour he demonstrates to humanity that in death there is nothing to fear since the soul is mortal, and the world and everything in it is governed by the mechanical laws of nature and not by gods; and that by believing this men can live in peace of mind and happiness. He bases this on the atomic theory expounded by the Greek philosopher Epicurus, and continues with an examination of sensation, sex, cosmology, meteorology, and geology, all of these subjects made more attractive by the poetry with which he illustrates them. Melville translates this poem in a style which is both accurate and poetical, and in language accessible to the modern reader. The Introduction gives full details of the little that is known of Lucretius' life and background in 1st century BCE Rome, and also of the Epicurean philosophy that was his inspiration. It also explores why the issues Lucretius' poem raises about the scientific and poetical views of the world continue to be important. The Explanatory Notes explain all references for the non-classicist, and attempt to situate Lucretius' scientific theories within the thought of his time and subsequent scientific discoveries."
871,Ovid :,
871,Ovid :,"""In the modern revival of interest in Ovid's exilic poetry, the Tristia have long received the most attention, although his last elegies, the Epistulae ex Ponto, reward the reader no less and are arguably more appealing - works in which his inventiveness flourishes no less than before, and in which his imaginative self-fashioning is as ingenious and engaging, though now in a minor key, as it was always was from the time of his Amores. Their comparative neglect resulted partly from a dearth of commentaries. Whereas Luck's commentary on the Tristia (1967, 1977) long made that collection more accessible, the reader of the Epistulae ex Ponto had until recently little beyond Keene (1887) in English and Scholte (1933) in Latin on book 1, both difficult to obtain. Now, however, Ovid's readers can look forward to the completion of M. Helzle's German commentary on all four books, of which the first volume, on books 1-2, appeared in 2003; his commentary on selected elegies of book 4 (1989) is in English. On book 2 we have Pérez Vega (1985) in Spanish and Galasso (1995) in Italian. In 2005 appeared J. F. Gaertner's commentary in English on book 1, a valuable work, whose vast scale perhaps diminishes its accessibility to some readers."
871,"Ovid, the love poems /","Ovid's love-poetry was typically original and innovative. His witty analysis in the Amores (Loves) of the elegiac relationship develops with relentless irony its essential paradox - love as simultaneously fulfilling and destructive - to its logical conclusion: definitive disestablishment of the poet-lover's role as presented by Gallus, Tibullus, and Propertius. In its place he went on to offer in the Ars Amatoria (Art of Love) and Remedia Amoris (Cures for Love) an equally brilliant presentation of an alternative and more realistic conception of love as a game at which both sexes can play without getting hurt - providing they stick to Ovid's rules. Under the surface of Ovid's wit there runs an undercurrent of serious meaning: the theme of the poet's complete control of his medium and his art and a proud consciousness of his achievements. His claim to be `the Virgil of elegy' is arrestingly justified in these extraordinarily accomplished poems."
871,Ovid's Heroides :,"This volume offers up-to-date translations of all 21 epistles of Ovid’s Heroides. Each letter is accompanied by a preface explaining the mythological background, an essay offering critical remarks on the poem, and discussion of the heroine and her treatment elsewhere in Classical literature. Where relevant, reception in later literature, film, music and art, and feminist aspects of the myth are also covered. The book also contains an introduction covering Ovid's life and works, the Augustan background, the originality of the Heroides, dating, authenticity and reception. A useful glossary of characters mentioned in the Heroides concludes the book. This is a vital new resource for anyone studying the poetry of Ovid, Classical mythology or women in the ancient world."
871,Ovid's literary loves :,
871,Ovid's Metamorphoses /,
871,Ovid's poetry of exile /,
871,The Ovidian heroine as author :,
871,Parthenope :,"This study of the 'Eclogues' focusses on Vergil's exploration of issues relating to the subject of human happiness ('eudaimonia') - ideas that were the subject of robust debate in contemporary philosophical schools, including the community of émigré Epicurean teachers and their Roman pupils located in the vicinity of Naples (""Parthenope""). The latent ""interplay of ideas"" implicit in the songs of the various poet-herdsmen centers on differing attitudes to acute misfortune and loss, particularly in the spheres of land dispossession and frustrated erotic desire. In the bucolic dystopia that Vergil constructs for his audience, the singers resort to different means of coping with the vagaries of fortune (tyche). This relatively neglected ethical dimension of the poems in the Bucolic collection receives a systematic treatment that provides a useful complement to the primarily aesthetic and socio-political approaches that have predominated in previous scholarship."
871,The Pervigilium Veneris :,"This study provides a critical edition of the Pervigilium Veneris with a Latin text, translation and commentary. This late-antique poem, the 'Vigil of Venus', is of unknown date and authorship. It exists in four heavily corrupted manuscripts, including the Codex Salmasianus, as part of a collection of later Latin poetry compiled around the 6th Century AD. Considerable attention has been paid to the piece since its first edition in the 16th century, largely on account of its singularity, mysterious origins and enigmatic final stanza, in which the poet suddenly bursts into the piece lamenting his 'lost muse'. Despite this scholarly interest, much work remained to be done in order to arrive at a more solid text of the poem and a more complete understanding of its meaning. This new edition, with detailed commentary notes and a full introduction to the historical and literary contexts of the poem, furthers our knowledge by offering new perspectives and analysis, incorporating existing scholarship and reviving ideas that had previously been set aside."
871,Playing the farmer :,
871,Playing with ease :,"""Playing with Ease is a book about ergonomic technique for the guitar, as well as other instruments. Renowned classical guitarist David Leisner offers an introduction to the basic anatomy of movement, advice on relieving unnecessary tension, pioneering ideas about engaging large muscles, and tips for practicing and concert preparation."""
871,The poems of St. Paulinus of Nola /,
871,Poetic allusion and poetic embrace in Ovid and Virgil /,
871,The poetic art of Aldhelm /,
871,The poetics of late Latin literature /,
871,A poetics of transformation :,
871,The quest for the melodic electric bass :,"The double bass - the preferred bass instrument in popular music during the 1960s - was challenged and subsequently superseded by the advent of a new electric bass instrument. From the mid-1960s and throughout the 1970s, a melismatic and inconsistent approach towards the bass role ensued, which contributed to a major change in how the electric bass was used in performance and perceived in the sonic landscape of mainstream popular music. Investigating the performance practice of the new, melodic role of the electric bass as it appeared (and disappeared) in the 1960s and 1970s, the book turns to the number one songs of the American Billboard Hot 100 charts between 1951 and 1982 as a prime source. Through interviews with players from this era, numerous transcriptions - elaborations of twenty bass related features - are presented. These are juxtaposed with a critical study of four key players, who provide the case-studies for examining the performance practice of the melodic electric bass. This highly original book will be of interest not only to bass players, but also to popular musicologists looking for a way to instigate methodological and theoretical discussions on how to develop popular music analysis."
871,Readers and writers in Ovid's Heroides :,
871,Reading Lucretius in the Renaissance /,
871,Reading Ovid :,
871,Reading sin in the world :,"""Prudentius is one of the major Latin poets of antiquity. A Christian living and writing in Spain in the late fourth and early fifth centuries, he was thoroughly imbued with the whole tradition of Latin poetry. The Hamartigenia is a didactic poem exploring the origins of evil and how it operates in the world. It is full of echoes and reworkings of earlier poems by Lucretius, Virgil and others, but is also a serious contribution to this important theological issue which was much discussed in Church circles of the day. This is a major new study of the Hamartigenia in the context of Prudentius' work as a whole and is striking for being as seriously interested in its theological as in its literary contribution""--"
871,Redeeming the text :,
871,The Renaissance battle for Rome :,"The Renaissance Battle for Rome examines the rhetorical battle fought simultaneously between a wide variety of parties (individuals, groups, authorities) seeking prestige or legitimacy through the legacy of ancient Rome--a battle over the question of whose claims to this legacy were most legitimate. Distinguishing four domains--power, morality, cityscape and literature--in which ancient Rome represented a particularly powerful example, this book traces the contours of this rhetorical battle across Renaissance Europe, based on a broad selection of Humanist Latin Poetry. It shows how humanist poets negotiated different claims on behalf of others and themselves in their work, acting both as ""spin doctors"" and ""new Romans"", while also undermining competing claims to this same idealized past. By so doing this book not only offers a new understanding of several aspects of the Renaissance that are usually considered separately, but ultimately allows us to understand Renaissance culture as a constant negotiation between appropriating and contesting the idea and ideal of ""Rome."""
871,Rock guitar heroes :,"""From the heroes of classic blues rock with the likes of Hendrix, Clapton, Page and Beck to modern artists such as Jack White and Muse's Matt Bellamy, this comprehensive catalogue of guitarists covers a wide range of musical styles. Learn what inspired them to create the music that led to their legendary status, how they achieved such greatness and the tools they used to get to the top""--Amazon.com."
871,Roman luxuria :,"In classical Latin, luxuria means 'desire for luxury'; it is linked with the ideas of excess and deviation from a standard. It is in most cases labelled as a vice which contrasts with the innate frugal nature of the Romans. Latin authors do not see it as endemic but as an import from the East in the aftermath of military conquests--and as a cause of fatal decline.Following these etymological and semantic origins, Roman Luxuria: A Literary and Cultural History discusses the influence of Greek culture on the Roman concept and the peculiar characteristics of Roman luxuria. It analyses Roman views on luxuria through close readings in historical order from Cato the Elder, who regards luxuria as the opposite of the ideal Roman way of life, to the Christian poet Prudentius, who represents it in an allegorical fight with Sobriety. The book attends both to key authors and to wider literary genres, such as historiography and satire. Particular consideration is given to the rhetorical device of personification, which can be traced from the first appearances of luxuria in Latin literature to those of late antiquity.Berno devotes detailed attention to Seneca the Younger, whose work is often preoccupied with this passion. Seneca both defends himself from the charge of luxuria and violently attacks it in others, describing it as the archenemy of a philosophical life. Along the centuries, the focus on luxuria shifts from the economic sphere (and the waste of money) to the erotic, to the extent that in the Christian world it becomes one of the Seven Capital Sins representing the vice of lust."
871,The Roman mistress :,
871,The Roman poets of the Augustan age :,
871,Roman poets of the Augustan age :,
871,Roman readings : translations from Latin prose and poetry /,
871,The satires /,"Juvenal has been seen as a stern moralist and, more recently, as an extravagant wit, and is acclaimed for his vivid description of the scenes which aroused his anger. He coined the famous phrase designating people `eager and anxious for two things; bread and races' (panem et circenses')."
871,Satires and epistles /,
082,100 poems /,
082,A subtreasury of American humor /,
082,Academic motherhood :,
082,Act as a feminist! :,"""Act as a Feminist! maps a female genealogy of UK actor training practices from 1970-2020 as an alternative to traditional male lineages. It re-orientates thinking about acting through its intersections with feminisms and positions it as a critical pedagogy, fit for purpose in the twenty-first century. The book draws attention to the pioneering contributions women have made to actor training, highlights the importance of recognising the political potential of acting, and problematises the inequities for a female majority inspired to work in an industry where they remain a minority. Part One opens up the epistemic scope, shaping a methodology to evaluate the critical potential of pedagogic practice. It argues that feminist approaches offer an alternative affirmative position for training, a via positiva and a way to re-make mimesis. In Part Two, the methodology is applied to the work of UK women practitioners through analysis of the pedagogic exchange in training grounds. Each chapter focuses on how the broad curriculum of acting intersects with gender as technique to produce a hidden curriculum, with case studies on Jane Boston and Nadine George (voice), Niamh Dowling and Vanessa Ewan (movement), Alison Hodge and Kristine Landon-Smith (acting), and Katie Mitchell and Emma Rice (directing). The book concludes with a feminist manifesto for change in acting. Written for students, actors, directors, teachers of acting, voice, and movement, and anyone with an interest in feminisms and critical pedagogies, Act as a Feminist! offers new ways of thinking and approaches to practice""--"
082,Actors on acting :,
082,All things considered /,
082,The American biographical novel /,"""The American Biographical Novel examines the rise of this genre of fiction, how it engages and historicizes the political, the unique kind of 'truth' it communicates, and how it contributes to our collective understanding of culture and consciousness""--"
082,American history :,
082,American perspectives /,
082,An approach to poetry /,
082,The art of being a woman :,
082,"Arthur James Balfour : the happy life of the politician, prime minister, statesman, and philosopher, 1848-1930 /",
082,"Bananas, beaches and bases :",
082,Bank confidentiality /,
082,Bank supervision around the world /,
082,Banking and the law :,
082,"Banking Governance, performance and risk-taking :",
082,Banking regulation and world trade law :,
082,Banking secrecy and offshore financial centers :,
082,Banking secrecy and offshore financial centers :,"This book brings together the issues surrounding banking secrecy and confiscation of criminal proceeds. The book examines the existing legal agreements at the international, regional and national levels and their interaction in the substantive areas of confiscation, anti-money laundering and banking confidentiality laws. It looks at how these agreements have been applied in offshore financial centers and demonstrates that despite a number of legally binding UN Conventions as well as global anti-money laundering recommendations, the implementation of them is often lukewarm by those Parties who have ratified the Convention and adopted obligations, because of this the confiscation legislation is incompatible with strict banking confidentiality laws. The work draws on the experience of criminologists to offer critical insight into the legislative frameworks designed to deal with banking secrecy and confiscation in offshore financial centers. It goes on to offer suggestions for measures that may be taken by major economies to circumvent the lack of cooperation by offshore financial centers as intolerance towards money laundering grows in light of recent political and economic events."
082,Banks and financial crime :,
082,"""The beautiful language of my century"" :",
082,The Bedside `Guardian` 31 :,
082,Bertrand Russell's best /,
082,"Blood, toil, tears and sweat :",
082,The bodies of women :,
082,The book of business quatations :,
082,A book of poetry /,
082,Breaking male dominance in old democracies /,
082,Britain and Japan :,
082,"Britain in ""decline""? /",
082,Britain in the twentieth century /,
082,Britain--twentieth century : the story of social conditions /,
082,British culture :,
082,"British history, 1914 to the present day /",
082,British prime ministers from Balfour to Brown /,
082,British prime ministers in the twentieth century /,
082,The British seaside :,
082,The Cambridge companion to modern British culture /,"""British culture today is the product of a shifting combination of tradition and experimentation, national identity and regional and ethnic diversity. These distinctive tensions are expressed in a range of cultural arenas, such as art, sport, journalism, fashion, education, and race. This Companion addresses these and other major aspects of British culture, and offers a sophisticated understanding of what it means to study and think about the diverse cultural landscapes of contemporary Britain. Each contributor looks at the language through which culture is formed and expressed, the political and institutional trends that shape culture, and at the role of culture in daily life. This interesting and informative account of modern British culture embraces controversy and debate, and never loses sight of the fact that Britain and Britishness must always be understood in relation to the increasingly international context of globalisation""--"
082,Cameron in the Guardian :,
082,CASE STUDIES IN AMERICAN GOVERNMENT /,
082,Catechisms and women's writing in seventeenth-century England /,"""Catechisms and Women's Writing in Seventeenth-Century England argues that the reading and writing of catechisms were crucial sites of women's literary engagements in early modern England. By studying female catechists, we learn how early modern women used the power and authority granted to them as mothers and domestic catechists to teach religious doctrine, to demonstrate their linguistic skills, and to comment on matters of contemporary religious and political import-activities that many scholars have considered the sole prerogative of clergymen. I draw upon recent work that asserts the importance of manuscript circulation in early modern England and introduce the catechetical compositions of six (largely) unremarked seventeenth-century Protestant women writers of diverse social classes: Katherine Fitzwilliam (b. 1579), Ann Montagu (b. 1573), Katherine Thomas (b. 1637), Barbara Slingsby Talbot (b.1633), Dorothy Burch (fl.1646), and Mary Cary (b. 1621). These women were evangelical Protestants and Church of England loyalists. They wrote original catechisms in manuscript for use within the home, tailoring their compositions to the age and abilities of their children""--"
082,Cecil Beaton :,
082,Celebrating women coaches :,
082,Challenging authoritarianism in Mexico :,
082,China banking & finance :,
082,Choose life :,
082,Choose life :,
082,Churchill :,
082,Churchill :,
082,Churchill :,
082,Churchill :,
082,Churchill and company :,
082,"Cinema, literature & society :",
082,"Cinema, literature & society :",
082,Climate change and people on the move :,
082,Collins Albatross book of verse.,
082,A companion to early twentieth-century Britain /,
082,Conduct and accountability in financial services :,"The 2008 financial crisis sparked major changes in global financial services regulation with attention and resources focused on the behaviour of firms and senior individuals and how they conduct their business. Regulatory reforms have been designed and implemented globally to address accountability and conduct in financial services. In the UK this has resulted in the Senior Managers and Certification Regime (SM&CR) being implemented across all FSMA-regulated firms. Conduct and Accountability in Financial Services: A Practical Guide provides comprehensive and expert guidance on how best to implement and comply with the SM&CR. In addition to acting as a guide to rule book requirements and regulatory expectations, it provides an in-depth look at the implications of the global focus on culture and conduct risk."
082,Conservative politics in national and imperial crisis :,
082,Consolations in travel :,
082,Contemporary American poetry.,
082,"Contemporary England, 1914-1964 /",
082,Contemporary feminist theologies :,"""This book explores the issues of power, authority and love with current concerns in the Christian theological exploration of feminism and feminist theology. It addresses its key themes in three parts. Power deals with feminist critiques; Authority unpacks feminist methodologies; and Love explores feminist ethics. Covering issues such as embodiment, intersectionality, liberation theologies, historiography, queer approaches to hermeneutics, philosophy and more, it provides a multi-layered and nuanced appreciation of this important area of theological thought and practice. This volume will be vital reading for scholars of Feminist Theology, Queer Theology, Process Theology and Practical Theology, as well as Religion and Gender""--"
082,Contemporary France :,
082,Contemporary France :,
082,Counting one's blessings :,
082,A critical discourse analysis of South Asian women's magazines :,
082,Determinism and freedom in the age of modern science /,
082,Difference and excess in contemporary art :,
082,"Discourse, politics and women as global leaders /",
082,The diversity paradox :,
082,Edward VII :,"Like his mother Queen Victoria, Edward VII defined an era. Both reflected the personalties of their central figures: hers grand, imperial and pretty stiff; his no less grand, but much more relaxed and enjoyable. This book conveys Edward's distinct personality and significant influences. To the despair of his parents, he rebelled as a young man, conducting many affairs and living a life of pleasure. But as king he made a distinct contribution to European diplomacy and - which is little known - to London, laying out the Mall and Admiralty Arch. Richard Davenport-Hines's book is as enjoyable as its subject and the age he made."
082,Ego psychology and dynamic casework :,
082,Engendering rationalities /,
082,"English historical documents, 1906-1939 :",
082,The English landscape in the twentieth century /,
082,Equity in the gymnasium :,
082,Extraordinary sportswomen /,"""As in many other fields, in sports too, women were latecomers and considered as the other sex at least until the twenty-first century. When sport developed in its modern forms towards the second half of the nineteenth century, women were (and to a certain degree still are) considered too weak to participate in strenuous physical activities, and were thus excluded from various sports, competitions and events. Although they gradually gained access to all sports, competitive sport was and is still today one of the few areas in modern societies with strict gender segregation: in most sports, men do not compete against women and playing sport is always doing gender. Yet, in many epochs and in many regions of the world, there were female rebels who did not comply with the ideals, norms and rules that contributed to womens marginalization. Who were these women, what were their aims and motivations, which strategies did they apply and how did they fight and win their battles against the gender order of their time?The chapters were originally published as a special issueof Sport in Society.""--Provided by publisher."
082,Feminist and queer performance :,
082,Feminist sociology :,
082,Feminist visions and queer futures in postcolonial drama :,"In this timely study, Batra examines contemporary drama from India, Jamaica, and Nigeria in conjunction with feminist and incipient queer movements in these countries. Postcolonial drama, Batra contends, furthers the struggle for gender justice in both these movements by contesting the idea of the heterosexual, middle class, wage-earning male as the model citizen and by suggesting alternative conceptions of citizenship premised on working-class sexual identities. Further, Batra considers the possibility of Indian, Jamaican, and Nigerian drama generating a discourse on a rights-bearing conception of citizenship that derives from representations of non-biological, non-generational forms of kinship. Her study is one of the first to examine the ways in which postcolonial dramatists are creating the possibility of a dialogue between cultural activism, women's movements, and an emerging discourse on queer sexualities."
082,Figures of the imagination :,
082,Finance and law :,
082,The financial crisis and the regulation of finance /,"""The 2007-08 financial crisis has posed substantial challenges for bankers, economists and regulators: was it preventable, and how can such crises be avoided in future? This book addresses these questions. The Financial Crisis and the Regulation of Finance includes a comprehensive overview of the crisis and reviews the theory and practise of regulation in the UK and worldwide. The contributors--all international experts on financial markets and regulation--provide perspectives and analysis on macro-prudential regulation, the regulation of financial firms, and the role of shareholders and disclosure. This rigorous book will be of great interest to all those with an interest in banking and finance including academics, professionals, bankers, regulators, advisors and civil servants. Students on banking and finance courses will also find this clear and compact resource invaluable""--Provided by publisher."
082,Financial regulation after the global recession /,
082,Financial regulation at the crossroads :,
082,Focus :,
082,Form and idea /,
082,Form and idea;,
082,Fortune tellers :,"""The period leading up to the Great Depression witnessed the rise of the economic forecasters, pioneers who sought to use the tools of science to predict the future, with the aim of profiting from their forecasts. This book chronicles the lives and careers of the men who defined this first wave of economic fortune tellers, men such as Roger Babson, Irving Fisher, John Moody, C. J. Bullock, and Warren Persons. They competed to sell their distinctive methods of prediction to investors and businesses, and thrived in the boom years that followed World War I. Yet, almost to a man, they failed to predict the devastating crash of 1929.Walter Friedman paints vivid portraits of entrepreneurs who shared a belief that the rational world of numbers and reason could tame--or at least foresee--the irrational gyrations of the market. Despite their failures, this first generation of economic forecasters helped to make the prediction of economic trends a central economic activity, and shed light on the mechanics of financial markets by providing a range of statistics and information about individual firms. They also raised questions that are still relevant today. What is science and what is merely guesswork in forecasting? What motivates people to buy forecasts? Does the act of forecasting set in motion unforeseen events that can counteract the forecast made? Masterful and compelling, Fortune Tellers highlights the risk and uncertainty that are inherent to capitalism itself""--"
082,Four Greek plays /,
082,"France, 1940-1955.",
082,Franco :,
082,The French fifties /,
082,Gender and elections :,"""The third edition of Gender and Elections offers a systematic, lively, and multifaceted account of the role of gender in the electoral process through the 2012 elections. This timely yet enduring volume strikes a balance between highlighting the most important developments for women as voters and candidates in the 2012 elections and providing a more long-term, indepth analysis of the ways that gender has helped shape the contours and outcomes of electoral politics in the United States. Individual chapters demonstrate the importance of gender in understanding and interpreting presidential elections, presidential and vice-presidential candidacies, voter participation and turnout, voting choices, congressional elections, the political involvement of Latinas, the participation of African American women, the support of political parties and women's organizations, candidate communications with voters, and state elections. Without question, Gender and Elections is the most comprehensive, reliable, and trustworthy resource on the role of gender in U.S. electoral politics""--"
082,Gender and global politics in the Asia-Pacific /,"""Gender and Global Politics in the Asia-Pacific is a collaboration of feminist IR scholars. Through the gender lens, this collection addresses some of the most pressing issues facing the global politics of the Asia-Pacific region in the 21st century.""--BOOK JACKET."
082,Gender and international relations :,
082,Gender and international relations :,
082,Gender and politics in Kuwait :,"""The role of women in politics in the Gulf is a much-debated and often little-understood subject in the West. In Gender and Politics in Kuwait the author sheds new light on the struggle of Kuwaiti women for political participation, examining both the positions women hold in society and politics, and the discourses surrounding feminism and civil rights. He charts the history of women and their contribution to the Kuwaiti state, from independence and the writing of the constitution in the 1960s, through the Iraqi occupation in 1990, to the struggle for the right to vote and stand for election in the twenty-first century. Drawing on the experiences of women in a range of roles in Kuwaiti society, including government, education, employment, civil society and the media, this is a comprehensive examination of gender politics and its impact in the Middle East.""--Publisher's website."
089,折口信夫全集.,
089,Advances in veterinary science and comparative medicine.,
089,Advances in veterinary science and comparative medicine.,
089,African American performance and theater history :,
089,African American politics /,
089,African American religious thought :,"Believing that African American religious studies has reached a crossroads, Cornel West and Eddie Glaude seek, in this landmark anthology, to steer the discipline into the future. Arguing that the complexity of beliefs, choices, and actions of African Americans need not be reduced to expressions of black religion, West and Glaude call for more careful reflection on the complex relationships of African American religious studies to conceptions of class, gender, sexual orientation, race, empire, and other values that continue to challenge our democratic ideals."
089,African Zion :,
089,All things bright and beautiful /,
089,All things wise and wonderful /,"James Herriot is probably the most beloved living writer. When All Things Bright and Beautiful was published three years ago, it became the number one best seller in the world, winning still new friends for the Yorkshire veterinarian whose first book All Creatures Great and Small had already been enjoyed by millions of readers. In this, his third book, he takes up where he left off-- both in terms of the warmth, humor, and skill with which he writes, and in the story itself. It is World War Two and James has just been inducted into the RAF. We see him at training camp and we go back to Yorkshire-- on real trips as he breaks away to see Helen who is about to have a baby, and on trips of reverie as he recalls the Dales, the animals, and the Yorkshire people who have so enriched his life. We meet old friends again-- his partner Siegfried, the zany Tristan, the bon vivant Granville Bennett-- and scores of new folk, each with a story to tell. James Herriot is back, and, as one reviewer said of his work, ""If ever you have loved a friend, human or otherwise, this is the book for you."""
089,American Indian thought :,
089,The anger gap :,"""Anger is a powerful mobilizing force in American politics on both sides of the political aisle, but does it motivate all groups equally? This book offers a new conceptualization of anger as a political resource that mobilizes black and white Americans differentially to exacerbate political inequality. Drawing on survey data from the last forty years, experiments, and rhetoric analysis, Phoenix finds that-- from Reagan to Trump-- black Americans register significantly less anger than their white counterparts and that anger (in contrast to pride) has a weaker mobilizing effect on their political participation. The book examines both the causes of this and the consequences. Pointing to black Americans' tempered expectations of politics and the stigmas associated with black anger, it shows how race and lived experience moderate the emergence of emotions and their impact on behavior. The book makes multiple theoretical contributions and offers important practical insights for political strategy""--"
089,Animal biodiversity and emerging diseases :,
089,Black and Asian athletes in British sport and society :,
089,Blackfoot war art :,
089,Business across cultures /,
089,The business of identity :,
089,The Cambridge companion to African American theatre /,"""This Companion provides a comprehensive overview of African American theatre, from the early nineteenth century to the present day. Along the way, it chronicles the evolution of African American theatre and its engagement with the wider community, including discussions of slave rebellions on the national stage, African Americans on Broadway, the Harlem Renaissance, African American women dramatists, and the 'New Negro' and 'Black Arts' movements. Leading scholars spotlight the producers, directors, playwrights and actors whose efforts helped to fashion a more accurate appearance of Black life on stage, and reveal the impact of African American theatre both within the United States and further afield. Chapters also address recent theatre productions in the context of political and cultural change and ask where African American theatre is heading in the twenty-first century""--"
089,Celts and their games and pastimes /,
089,The color of justice :,
089,The Color of justice :,
089,"Crossing sidelines, crossing cultures :",
089,The dread plague and the cow killers :,"""The disease went by many names and people told different stories about it. Scientists called it aftosa, or foot-and-mouth disease. The other anglophone term, hoof-and-mouth disease, was more precise: cloven-hoofed animals carrying the virus typically slobbered, developed painful blisters, and lost weight. Some aborted and a handful - mainly newborn animals- died. US and Mexican officials argued that the disease was a ""dread plague""- a terrifying and grave threat to national wellbeing, akin to floods, storms, or earthquakes. From 1947 to 1954 a bilateral commission waged a campaign across central Mexico against this dangerous enemy. Many Mexicans regarded the campaign as a farcical and cruel affair. Most animals seemed to recover quickly, and many farmers believed that the disease was simply a version of a mild, familiar illness which they called mal de yerba or mal de boca- grass or mouth sickness. Few had seen anything quite like the anti-aftosa campaign before: brigades of pith-helmeted veterinarians, cowhands, and soldiers who dressed in bizarre heavy rubber overalls, drove through the country in jeeps, personnel carriers, and souped-up former ambulances, traipsed over the sierra on horses or mules, or scuttled along rivers in wooden canoes, imposing quarantine, exacting fines, and dousing farms with acrid chemicals. At the start of campaign, they corralled hundreds of thousands of cows, pigs, goats and sheep and shot them dead. Compared to run-of-the mill robavacas- cattle rustlers- their motives were hard to understand""--"
089,"Ecology, sociopolitical organization, and cultural change on the southern plains :",
089,Elders :,
089,Ethical issues concerning the experience of representational predicaments at work /,
089,Glory bound :,"African American athletes have experienced a tumultuous relationship with mainstream white America. Glory Bound brings together for the first time eleven essays that explore this complex topic. In his writings, well-known sports scholar David K. Wiggins recounts the struggle of black athletes to participate fully in sports while maintaining their own cultural identity and pride. Wiggins examines the seminal moments that defined and changed the black athlete's role in white America from the nineteenth century to the present: the personal crusade of Wendell Smith to promote black participation in organized baseball, the triumph of Jesse Owens at the 1936 Olympics and the proposed boycott of the Games, and the response of America's black press and community. Glory Bound demonstrates how the civil rights movement changed the face of American athletics and society forever. With the genesis of the black power movement in sport, Wiggins notes a significant shift in black - and white - America's attention to the African American athlete."
089,Guide to antimicrobial use in animals /,
089,Harmony by hand :,
089,A history of Asian American theatre /,"""Based on over seventy interviews, the book surveys the history of Asian American theatre from 1965 to 2005 with focus on actors, playwrights, companies, audiences, and communities. Emphasizing historical contexts, Esther Kim Lee examines how issues of cultural nationalism, interculturalism, and identity politics affect a racially defined theatre. Addressing issues ranging from actors' activism to Asian diaspora, the book documents how Asian American theatre has become an indispensable part of American culture.""--BOOK JACKET."
089,A history of Asian American theatre /,
089,Honoring the ancestors :,
089,If only they could talk /,"To young James Herriot, fresh out of veterinary college, Yorkshire appears to offer an idyllic pocket of rural life in a rapidly changing world. But even life in the sleepy village of Darrowby has its challenges: from his new colleagues, brothers Siegfried and Tristan Farnon, to herds of semi-feral cattle and gruff farmers with incomprehensible accents. Heart-breaking and hilarious in equal measure, If Only They Could Talk is the first volume of classic memoirs which chronicle James Herriot's first years as country vet in the 1930's. This beautiful Macmillan Collector's Library edition of If Only They Could Talk features an afterword by Yorkshire Shepherdess and author Amanda Owen."
089,In the game :,
089,In the spirit of resistance :,
089,Inca :,"""The Incas and their predecessors are renowned for their ceramics, their precious metalwork and their colossal stone buildings. But how did they dress? Precious textiles were used by the Incas not only to clothe themselves but also as a symbol of power and identity, for sacrificial purposes and as a means of exchange. This book showcases a breathtaking selection of textiles and feathers, as well as gold, silver and shell jewellery. With texts by ten renowned scholars and over 300 colour illustrations, Inca: Textiles and Ornaments from the Andes will allow you to discover the Inca's mastery of the art of weaving, the incredible motifs and the variety of colours of fibres and feathers used in their textiles""--Publisher's website."
089,Institutions and ethnic politics in Africa /,
089,Invisible enlighteners :,"""This book is a case study of the important Jewish community of the Italian city of Modena. It covers the seventeenth and long eighteenth centuries""--"
089,Labor's lot :,
089,Laboratory animal medicine /,
089,The language of Nazi genocide :,
089,Making contact :,
089,Mamluks and animals :,
089,Managing outsourcing to develop business : goal interdependence for sharing effective business practices in China /,
089,Mothership connections :,"Bringing a black Atlantic approach to constructive postmodern efforts to understand and transcend modern worldviews and modern world orders, Mothership Connections draws upon the work of scholars in the tradition of W. E. B. Du Bois, Charles H. Long, Alfred North Whitehead, and Charles Hartshorne. The author shows that connections to the originating influences of transatlantic slavery and black Atlantic experiences are essential to any adequate account of modernity and postmodernity. He also argues that metaphysics is essential to theology and moral theory, synthesizing neoclassical metaphysics and black theology to develop a black Atlantic account of metaphysical aspects of struggle, power, and ethical deliberation."
089,National need and priorities for veterinarians in biomedical research /,
089,New race politics in America :,
089,North American Indian art /,
089,Outline of veterinary clinical pathology /,
089,The Oxford handbook of African American theology /,"African American theology has a long and important history. With modern roots in the civil rights movements of the 1960s, African American theology has gone beyond issues of justice and social transformation to participate in broader dialogues of theological inquiry. The Oxford Handbook of African American Theology brings together leading scholars in the field to offer a critical and comprehensive analysis of this theological tradition in its many forms and contexts. Using an interdisciplinary approach, this Oxford Handbook examines the nature, structures, and functions of African American Theology. The volume surveys the field by highlighting its sources, doctrines, internal debates, current challenges, and future prospects in order to present key topics related to the wider palette of Black Religion in a sustained scholarly format. This formative collection presents current scholarship on African American Theology and scripture, eschatology, Christology, womanist theology, sexuality, ontology, the global economy, and much more. The contributors represent a diverse set of faith perspectives, adding to the layered discourses within the volume. These essays further important discussions on the pressing debates and challenges that shape black and womanist theologies."
089,The Peranakan Chinese home :,"Discover the rarified Peranakan (native-born Chinese of Southeast Asia) aesthetics that are today highly sought-after for their beauty: distinctive furniture and ceramics, textiles and jewellery, and many other art objects."
089,The Peranakan Chinese home :,"Discover the rarified Peranakan (native-born Chinese of Southeast Asia) aesthetics that are today highly sought-after for their beauty: distinctive furniture and ceramics, textiles and jewellery, and many other art objects."
089,The skin I'm in :,
089,Social complexity in the making :,
089,Some of these days :,
089,Tales from the symphony :,"""This book contains conversations with over a dozen African American musicians currently performing-or who have previously performed-in America's major symphony orchestras. These conversations shed light on the realities of African American musicians playing in a musical environment that forbade their membership over half a century ago""--"
089,Tick vector biology :,
089,Tribal sculpture :,
089,"Turks in the Indian Subcontinent, Central and West Asia :","For almost a millennium until the beginning of the twentieth century, Turkish rulers and military commanders controlled vast stretches of Islamic lands. While these rulers dominated lands far and wide-from Algeria in the west to Bengal in the east, reaching up to the Volga region in the north and Yemen in the south-Turkish scholars, theologians, jurists, poets, and other literary figures significantly influenced the Islamic world and its culture. Highlighting the political and cultural history of the Turks-not only within the context of the Indian subcontinent, where they laid the foundation of one of the world's biggest empires in the form of the Mughal Empire, but also within the context of Central and West Asia-this outstanding work of collective scholarship moves beyond conventional frames of reference and reassesses the contribution of Turks in the shaping of the Islamic world and its civilization. With contributions from some of the most noted scholars on Islamic history, the essays in this volume throw light on neglected themes such as the cultural changes among the Turks and their emergence in the Islamic world; their contributions in the fields of cartography and geography; Seljuq architecture and educational system; and the rise of the Safavids and the role of the Turks in the success of their military campaigns."
089,Understanding cultural diversity in today's complex world /,
089,Unified separation science /,
089,Vet in a spin /,
089,Veterinary microbiology and microbial disease /,"""Veterinary Microbiology is one of the core subjects for veterinary students. Fully revised and expanded, this new edition covers every aspect of veterinary microbiology for students in both paraclinical and clinical years. It provides concise descriptions of the groups of micro-organisms, diseases they produce, immunological aspects and a summary of infectious diseases based on their main clinical signs. New to this edition:Diagrams throughout showing the transmission of infection New chapters on the application of molecular methods, food safety and public health, skin, the respiratory system, cardiology, and the urinary tract Revisions to existing text and many more illustrations""--Provided by publisher."
089,Veterinary science :,"Every year around the world veterinarians treat billions of animals, from house cats to racehorses to pythons. In this Very Short Introduction, James Yeates covers the long history of veterinary science, showing how it has developed over the past five centuries as our understanding of animals' fundamental biology, pathology, and pharmacology has grown. Considering the key roles of diagnosis, treatment, and prevention in animal health, he discusses recent challenges such as the outbreak of BSE, and antibiotic resistance. Finally, Yeates considers the future of the field, and the difficulties vets face in balancing the interests of owners and animals when they don't coincide."
089,Wishbone :,
100,101 philosophy problems /,
100,30-second philosophies :,"I Think Therefore I Am, Existentialism, Dialectical Materialism? The Socratic Method and Deconstruction? Sure, you know what they all mean. That is, you've certainly heard of them. But do you know enough about them to join a dinner party debate or dazzle the bar with your knowledge? 30-Second Philsophies takes a revolutionary approach to getting a grip on the 50 most significant schools of philosophy. The book challenges leading thinkers to quit fretting about the meaning of meaning for a while and explain the most complex philosophical ideas - using nothing more than two pages, 300 words, and a metaphorical image. Here, in one unique volume, you have the chance to pick the potted brains of our leading philosophers and understand complex concepts such as Kant's Categorical Imperative without ending up in a darkened room with an ice pack on your head."
100,當代中國的民政 /,
100,A concise introduction to philosophy /,
100,A preface to philosophy /,
100,Acting and reflecting :,
100,Adventures in philosophy :,
100,Analytische philosophie :,
100,Appropriating Hobbes :,"This book explores how Hobbes's political philosophy has occupied a pertinent place in different contexts, and how his interpreters see their own images reflected in him, or how they define themselves in contrast to him. Appropriating Hobbes argues that there is no Hobbes independent of the interpretations that arise from his appropriation in these various contexts and which serve to present him to the world. There is no one perfect context that enables us to get at what Hobbes 'really meant', despite the numerous claims to the contrary. He is almost indistinguishable from the context in which he is read."
100,Archetypes of wisdom :,
100,Archetypes of wisdom :,
100,Archetypes of wisdom :,
100,Archetypes of wisdom :,
100,Archetypes of wisdom :,
100,Art and responsibility :,"Two German philosophers working during the Weimar Republic in Germany, between the two World Wars, produced seminal texts that continue to resonate almost 100 years later. Franz Rosenzweig and Martin Heidegger, a Jewish thinker and a philosopher who at one time was studying to become a Roman Catholic Priest, each in their own, particular way include in their writings powerful philosophies of art that, if approached phenomenologically and ethically, provide keys to understanding their radically divergent trajectories, both biographically and for their philosophical heritage. Simon provides a close reading of some of their essential texts - ""The Star of Redemption"" for Rosenzweig and ""Being and Time"" and ""The Origin of the Work of Art"" for Heidegger - in order to draw attention to how their philosophies of art can be understood to provide significant ethical directives."
100,The ascent from below :,
100,Ask a philosopher :,"""A collection of answers to the philosophical questions on people's minds-from the big to the personal to the ones you didn't know you needed answered. Based on real-life questions from his Ask a Philosopher series, Ian Olasov offers his answers to questions such as: - Are people innately good or bad? - Is it okay to have a pet fish? - Is it okay to have kids? - Is color subjective? - If humans colonize Mars, who will own the land? - Is ketchup a smoothie? - Is there life after death? - Should I give money to homeless people? Ask a Philosopher shows that there's a way of making philosophy work for each of us, and that philosophy can be both perfectly continuous with everyday life, and also utterly transporting. From questions that we all wrestle with in private to questions that you never thought to ask, Ask a Philosopher will get you thinking""--"
100,The big questions :,"THE BIG QUESTIONS, 10th Edition, covers philosophy's central ideas in an accessible, approachable manner. You'll explore timeless ""big questions"" about the self, God, justice, and other meaningful topics, gaining the context you need for an understanding of the foundational issues, as well as the confidence to establish your own informed positions on these ""big questions."" This edition is now also available with MindTap Philosophy, a system of tools and apps -- from note taking to flashcards -- that help you understand course concepts, achieve better grades, and set the groundwork for your future courses."
100,The big questions :,
100,The big questions :,
100,The Blackwell companion to philosophy /,
100,Boethius and dialogue :,"This book treats Boethius' Consolation of Philosophy as a work of imaginative literature, and applies modern techniques of criticism to his writings. The author's central purpose is to demonstrate the methodological and thematic coherence of The Consolation of Philosophy.Originally published in 1985.The Princeton Legacy Library uses the latest print-on-demand technology to again make available previously out-of-print books from the distinguished backlist of Princeton University Press. These editions preserve the original texts of these important books while presenting them in durable paperback and hardcover editions. The goal of the Princeton Legacy Library is to vastly increase access to the rich scholarly heritage found in the thousands of books published by Princeton University Press since its founding in 1905."
100,Central works of philosophy /,
100,Collected essays in speculative philosophy /,
100,The collected essays of Gregor Sebba :,
100,Confusions and clarifications :,
100,The consolation of philosophy :,
100,The consolation of philosophy /,"Boethius composed the De Consolatione Philosophiae in the sixth century AD whilst awaiting death under torture, condemned on a charge of treason which he protested was manifestly unjust. Though a convinced Christian, in detailing the true end of life which is the soul's knowledge of God, he consoled himself not with Christian precepts but with the tenets of Greek philosophy. This work dominated the intellectual world of the Middle Ages; writers as diverse as Thomas Aquinas, Jean de Meun, and Dante were inspired by it. In England it was rendered in to Old English by Alfred the Great, into Middle English by Geoffrey Chaucer, and later Queen Elizabeth I made her own translation. The circumstances of composition, the heroic demeanour of the author, and the 'Menippean' texture of part prose, part verse have combined to exercise a fascination over students of philosophy and literature ever since."
100,The consolation of philosophy /,
100,Consolation of philosophy /,
100,Core questions in philosophy :,
100,Creative freedom /,
100,Deleuze and Guattari's What is philosophy? :,"In their final collaborative work, Deleuze and Guattari set out to address the question, 'what is philosophy?' Their answer is simple enough: philosophy 'is the art of forming, inventing and fabricating concepts'. In this book, Jeffrey A. Bell explores what that involves. Crucial to Deleuze and Guattari's understanding of this task, Bell argues, is the assumption that philosophy is integral to a life well lived. Bell shows that a concept of learning is created through the course of the text, composed of three inseparable components: philosophy, science and art. Ultimately, What is Philosophy? can be understood as a meditation on a life well lived, with this concept of learning at its core."
100,Do you think what you think you think? :,"Julian Baggini, the author of the international bestseller The Pig That Wants to Be Eaten, and his fellow founding editor of The Philosopher's Magazine Jeremy Stangroom have some thought-provoking questions about your thinking: Is what you believe coherent and consistent, or a jumble of contradictions? If you could design a God, what would He, She, or It be like? And how will you fare on the tricky terrain of ethics when your taboos are under the spotlight? Do You Think What You Think You Think features a dozen philosophical quizzes guaranteed to make armchair philosophers uncomfortably shift in their seats. Fun, challenging, and surprising, this book will enable you to discover the you you never knew you were."
100,The dramatic universe /,
100,Driving to California :,
100,Eastern wisdom and western thought :,
100,Elements of philosophy :,
100,The enduring questions :,
100,Essais /,
100,Ethics and the history of philosophy :,
100,Everyday examples :,
100,Farewell to matters of principle :,
100,From Occam's razor to the roots of consciousness :,
100,General philosophy.,
100,The gentle art of philosophical polemics /,
100,The German Gita:,
100,The great philosophers /,
100,Hermeneutics and the humanities :,"Hans-Georg Gadamer's ""Wahrheit und Methode"" (1960) is one of the most influential books on interpretation to have appeared in the past half century. Scholars across the humanties have applied, discussed, and criticized its hermeneutical insights. This volume aims to continue this conversation between hermeneutics and the humanities, but also tries to map Gadamer's influence on the humanties so far. In which domains of study has ""Wahrheit und Methode"" made its greatest impact? Where and for which reasons have other disciplines hardly engaged with Gadamer's work? In a more pragmatic sense, the volume also suggests possibilities for further interaction between Gadamer and the humanities."
100,How philosophy works :,"Demystifying the key ideas of the world's greatest philosophers, and exploring all of the most important branches of thought including philosophy of science, philosophy of religion and feminist philosophy in a uniquely visual way, this book is the perfect introduction to the history of philosophy. A clear and accessible guide to philosophy, How Philosophy Works combines bold infographics and jargon-free text to demystify fundamental concepts. Covering everything from ethics to epistemology and phenomenology, the book presents the ideas and theories of key philosophical traditions and philosophers - from Plato and Socrates to Nietzsche and Wittgenstein via Kant - in a novel, easy-to-understand way. Its infographics will help you to understand the elements of philosophy on a conceptual level and, by tackling life's ""big questions"", it will help you to look at the world in an entirely new way. With its unique graphic approach and clear, authoritative text, How Philosophy Works is the perfect introduction to philosophy, and the ideal companion to DK's The Philosophy Book in the ""Big Ideas"" series."
100,How philosophy works :,"Demystifying the key ideas of the world's greatest philosophers, and exploring all of the most important branches of thought including philosophy of science, philosophy of religion and feminist philosophy in a uniquely visual way, this book is the perfect introduction to the history of philosophy. A clear and accessible guide to philosophy, How Philosophy Works combines bold infographics and jargon-free text to demystify fundamental concepts. Covering everything from ethics to epistemology and phenomenology, the book presents the ideas and theories of key philosophical traditions and philosophers - from Plato and Socrates to Nietzsche and Wittgenstein via Kant - in a novel, easy-to-understand way. Its infographics will help you to understand the elements of philosophy on a conceptual level and, by tackling life's ""big questions"", it will help you to look at the world in an entirely new way. With its unique graphic approach and clear, authoritative text, How Philosophy Works is the perfect introduction to philosophy, and the ideal companion to DK's The Philosophy Book in the ""Big Ideas"" series."
100,How to live together :,
100,Human existence and philosophical experience :,
100,"I eat, therefore I think :",
100,"I think, therefore I am :",
100,In search of philosophic understanding /,
100,"Insight and outlook; an inquiry into the common foundations of science, art and social ethics.",
100,Insights and illusions of philosophy /,
100,Introducing philosophy :,
100,Introducing philosophy through pop culture :,"""Though Trey Parker and Matt Stone haven't been killed for it (they did receive death threats after their 200th episode) the creators of South Park have faced accusations much like those that led to Socrates' execution: the corruption of youth and the teaching of vulgar , irreligious behavior. A closer examination, however, reveals that South Park is very much within the Platonic tradition, as Kyle and Stan engage in questioning and dialogue in order to ""learn something today."" Moreover, the mob mentality of the parents, along with the malicious yet mimetic evil of Cartman, demonstrates how evil emerges from thoughtlessness: a failure to ask if one can live with oneself, and a failure to out oneself in the place of others. Through its different characters, and even its apparently mindless vulgarity, South Park shows the need for engaging in dialogue, and thinking from others' perspectives, in order to pursue wisdom, examine life, and make it worth living.""--"
100,An introduction to philosophical analysis /,
100,Introduction to philosophical problems /,
100,Introduction to philosophy :,"Introduce your students to philosophy with the most widely used, trusted, and comprehensive topically organized collection of classical and contemporary readings available. Easy to use for both students and instructors, Introduction to Philosophy: Classical and Contemporary Readings incorporates boldfaced key terms (listed after each reading and defined in the glossary), a ""Logical Toolkit,"" and a guide to writing philosophy papers. The seventh edition features eleven new readings, including eight by contemporary women philosophers, bringing the total number of essays by women to twelve. It is also accompanied by a robust support package that includes a more extensive test bank, available on the new online Ancillary Resource Center, and expanded self-quizzes for students on the Companion Website."
100,Introduction to philosophy /,
100,Introduction to philosophy /,
100,An introduction to philosophy /,
100,Introduction to philosophy /,
100,Introduction to world philosophy :,"Featuring selections from around the globe, Introduction to World Philosophy: A Multicultural Reader provides a diverse and engaging introduction to five key areas of philosophy: ethics, philosophy of mind and self, epistemology, metaphysics, and philosophical theology. The editors have arranged these topics according to their increasing complexity-from the most concrete (ethics) to the most theoretical (philosophical theology)-making the material as accessible as possible for students. Organized both chronologically and geographically, the anthology's five parts include readings from Indian, Chinese, Greek, Christian, Jewish, Islamic, Spanish, Latin-American, and African traditions, as well as selections from early modern, Kantian, and post-Kantian philosophy. Introduction to World Philosophy contains 136 selections (24 by women), organized into 25 chapters; these chapters are divided into 93 sections, each of which opens with a detailed introduction that prepares students for the readings that follow. The parts and chapters can be used in any order and in any combination. The text's unique modular structure gives instructors great flexibility in designing and teaching introduction to philosophy courses."
100,Investigating philosophy :,
100,An invitation to philosophy /,
100,Knowing and acting :,
100,Live like a philosopher :,"How can I live a good life? Who do I want to become? And how do I get there?These are some of life's biggest questions. But they can be hard to think through. Fortunately, a group of philosophers from ancient Greece and Rome have already done a lot of the heavy lifting. Drawing on the philosophies, life lessons and experiences of key thinkers, Live Like a Philosopher will help you navigate these existential waters with invaluable insights for modern life.From finding balance with Aristotle and embracing uncertainty with Carneades, to avoiding pain with Epicurus and learning how to question everything with Socrates, this is a powerful toolkit to help you navigate the highs and lows of modern life. Organized around three main themes of pleasure, character, and doubt, there's something to learn from each master in this philosophical quest. Live Like a Philosopher is the helping hand we all need to make life better."
100,Living issues in philosophy :,
100,Living schools of philosophy : twentieth century philosophy /,
100,Logic and transcendence :,
100,A logical introduction to philosophy /,
100,Looser ends :,
100,Making sense :,"Making Sense examines the philosophical issues and disputes that lie behind the news headlines of the day. We read about what is happening in the world, but how do we know what the truth is, or whether there is one 'truth' at all? A president has his private sexual affairs discussed and analyzed by everyone, but is the private life of anyone the proper moral concern of others? A war against terrorism is declared, but what justifies the use of armed forces with its inevitable loss of life? Making Sense draws out these philosophical disputes and shows how we can use the techniques of philosophy and the insights of its greatest practitioners to understand the issues behind the headlines better. It explains the proper role of philosophy in this respect, showing both the limits and the reach of philosophical analysis of current affairs. It also argues that applying philosophy to news stories can and should inform our wider understanding; what we know, believe and value. A philosophically informed reading of the news creates a two-way process where philosophy sheds light on the news and the news, thus illuminated, sheds light on our philosophy."
100,Masterpieces of world philosophy /,
100,Meaning and method :,
100,"Migrants, urban villages, and community sentiments :",
100,Necessary questions :,
100,Nietzsche /,
100,The Norton introduction to philosophy /,
100,On philosophy /,
100,An outline of philosophy /,
100,An outline of philosophy /,
100,An outline of philosophy /,
100,The Oxford companion to philosophy /,
100,"Pain, and other problems :",
100,Pathways to philosophy :,
100,Perplexities :,
100,The philosopher :,"What would the global history of philosophy look like if it were told not as a story of ideas but as a series of job descriptions--ones that might have been used to fill the position of philosopher at different times and places over the past 2,500 years? The Philosopher does just that, providing a new way of looking at the history of philosophy by bringing to life six kinds of figures who have occupied the role of philosopher in a wide range of societies around the world over the millennia--the Natural Philosopher, the Sage, the Gadfly, the Ascetic, the Mandarin, and the Courtier. The result is at once an unconventional introduction to the global history of philosophy and an original exploration of what philosophy has been--and perhaps could be again. By uncovering forgotten or neglected philosophical job descriptions, the book reveals that philosophy is a universal activity, much broader--and more gender inclusive--than we normally think today. In doing so, The Philosopher challenges us to reconsider our idea of what philosophers can do and what counts as philosophy."
100,The philosopher's way :,
100,Philosophic classics :,
100,Philosophical passages :,
100,Philosophy :,"Philosophy, the “love of wisdom”, is the product of our endless fascination and curiosity about the world – the child of wonder. Through it, we seek to answer the most fundamental of questions: How do we know what we know? Does God exist? What is beauty? How should we live our lives? Who am I? In this exhilarating tour, Peter Cave navigates all the main topics in the subject with verve and clarity, from political philosophy to existentialism. Using witty and whimsical examples, including stoical sofas and Reg, the “regular” human, who just happens to carry his brain in a rucksack, Cave provides a welcome antidote to the dry textbook and underscores philosophy’s enduring relevance today. Interspersed with helpful textboxes and mini biographies of the key thinkers, there is no better introduction for the aspiring sage."
100,Philosophy :,
100,Philosophy :,
100,Philosophy :,
626,Excellence in library services to young adults :,
626,"Flamenco, regionalism and musical heritage in southern Spain /","""Flamenco, Regionalism and Musical Heritage in Southern Spain explores the relationship between regional identity politics and flamenco in Andalusia, the southernmost autonomous community of Spain. In recent years, the Andalusian Government has embarked on an ambitious project aimed at developing flamenco as a symbol of regional identity. In 2010, flamenco was recognised as an Intangible Cultural Heritage of Humanity by UNESCO, a declaration that has reinvigorated institutional support for the tradition. The book draws upon ethnomusicology, political geography and heritage studies to analyse the regionalisation of flamenco within the frame of Spanish politics, while considering responses among Andalusians to these institutional measures. Drawing upon ethnographic research conducted online and in Andalusia, the book examines critically the institutional development of flamenco, challenging a fixed reading of the relationship between flamenco and regionalism. The book offers alternative readings of regionalism, exploring the ways in which competing localisms and disputed identities contribute to a fresh understanding of the flamenco tradition. Matthew Machin-Autenrieth makes a significant contribution to flamenco scholarship in particular and to the study of music, regionalism and heritage in general""--Publisher's website."
626,Freedom of information and youth /,
626,Intimate distance :,
626,Learning and libraries in an information age :,
626,Learning and libraries in an information age :,
626,Reality therapy :,
626,"Ruminant feeding systems utilizing fibrous agricultural residues, 1987 /",
626,"Ruminant feeding systems utilizing fibrous agricultural residues, 1987 /",
