DDC,Title,description
437,100 all-time favorite movies of the 20th century /,"Must-see movies. Get to know cinema's greats. Take a journey through the makers and shapers of celluloid history. From horror to romance, noir to slapstick, adventure to tragedy, western to new wave, this selection gathers the greats of 20th century cinema into one indispensable guide to movie gold. The collection is arranged chronologically and in an extra-handy format. Film entries include a synopsis, cast/crew listings, technical information, actor/director bios, trivia, and lists of awards, as well as film stills, production photos, and the original poster for each film. From Metropolis to Modern Times, A Clockwork Orange to Bunuel's The Young and the Damned, from the blockbusters to lesser-known masterpieces, thumb through and transform a quiet evening into an unforgettable screen encounter--Jacket."
437,100 movies of the 1980s /,"From Aliens to Amadeus, get your fill of 1980s nostalgia with this movie bible of all things bold, bizarre, and boisterous. We've diligently compiled a list of the most influential films of the 1980s that's sure to please popcorn gobblers and highbrow chin-strokers alike. Adventurous, excessive, and experimental, '80s cinema saw moviegoers get their kicks from pictures as wide-ranging as Blade Runner, Gandhi, and Blue Velvet. Science fiction, horror, and action emerged as the defining genres of the decade, with non-human characters like E.T. winning the hearts of millions, and movies such as Ghostbusters and Back to the Future fused comedy and sci-fi to the delight of audiences everywhere. Inside this '80s encyclopedia each movie masterpiece is profiled with stills, a synopsis, and cast, crew, and technical listings. With high-concept Hollywood blockbusters, early CGI, and brilliant special effects, the 1980s saw the invention of a new reality, a movie-world so convincingly real-no matter how far-fetched-that spectators could not help but immerse themselves in it."
437,100 movies of the 2000s /,"Our Movies series enters the 21st century with this definitive lineup of the 100 most important films made during the 2000s, an age of evergreen franchises, historical epics, and comic-book superheroes, as well as fast-evolving CGI aesthetics, low-key global indies gaining unprecedented audiences, and hard-hitting documentaries (and mockumentaries) becoming mainstream feature hits. Through the gripping stories, insightful dramas, and thrilling, mindless escapism 100 Movies of the 2000s gathers the best of the best around the globe, from the blockbuster Harry Potter and The Lord of the Rings installments to cult classics Lost in Translation, Inglourious Basterds, No Country for Old Men, The Lives of Others, and And Your Mother Too. Each movie masterpiece is profiled with stills and production photos, a synopsis, analysis, and movie-buff trivia, as well as cast, crew, and technical listings."
437,100 movies of the 2010s /,
437,1001 movies you must see before you die /,"Expert critics in each genre of film, from romance to horror and sci-fi, have once again painstakingly revised this list of essential must see-movies to bring the must-watch list bang up to date for 2017, from great classics like The Birth of a Nation and Gone With the Wind to more recent offerings like Moonlight, Arrival, La La Land and Mad Max: Fury Road. Each entry tells you exactly why these films deserve inclusion in this definitive illustrated list, engaging readers in each film's concept development and production, including curious trivia facts about the movies, as well as the most famous pieces of memorabilia associated with them. Illustrated with hundreds of stunning film stills, portraits and poster art 1001 Movies You Must See Before You Die offers an incredible visual insight into the world of modern cinema. It puts together the most significant movies from all genres, from animation to Western, through action, comedy, documentary, musical, noir, romance, thriller, short and sci-fi. Movies from over 30 different countries have been included, offering a truly wide multi-cultural perspective, and the time span includes more than a century of extraordinary cinematography."
437,1001 movies you must see before you die /,"Capturing the must-see movies of all time from more than 100 years of cinema, this go-to guide offers an abundance of witty analysis and revelatory insights. Discover some of the most poignant movies from every country and every genre, from action and animation, to comedy, documentary, musical, thriller, noir, short, romance, sci-fi and Western. Newly revised and refreshed, this definitive edition features 500 original movie posters and hundreds of impressive movie stills, including recent Oscar-winning and nominated films such as Parasite, Joker, Little Women, For Sama and The Lighthouse. Quotes from movie directors and critics, together with little-known facts, complement the incisive reviews and vital statistics of each movie to make this the most fact-filled edition ever."
437,2001 :,
437,3D user interfaces :,"""From video games to mobile augmented reality, 3D interaction is everywhere. But simply choosing to use 3D input or 3D displays isn't enough: 3D user interfaces (3D UIs) must be carefully designed for optimal user experience. 3D User Interfaces: Theory and Practice, Second Edition is today's most comprehensive primary reference to building outstanding 3D UIs. Four pioneers in 3D user interface research and practice have extensively expanded and updated this book, making it today's definitive source for all things related to state-of-the-art 3D interaction.""--Publisher's website."
437,À bout de souffle /,
437,A tribute to Anthology Film Archives': Avantgarde film preservation program : an evening dedicated to Frederick Kiesler...,
437,A visual narrative structure in D.W. Griffith's biograph films (1908-1913) /,
437,A wish your heart makes :,
437,About face 2.0 :,
437,Abstract film and beyond /,
437,Acting for animators :,
437,Adaptation :,
437,"Alita, battle angel :",
437,American beauty :,
437,Analyzing literature to film adaptations :,
437,Anime architecture :,
437,Applications of electrochemistry and nanotechnology in biology and medicine II /,
437,Around cinemas.,
437,The art of Big Hero 6 /,
437,The art of DreamWorks Home /,"Presents the art and animation of the motion picture, including character designs, settings, effects concepts, and storyboards."
437,The art of DreamWorks Kung fu panda 3 /,"Featuring concept art as well as exclusive interviews with the movie's cast and crew, The Art of Kung Fu Panda 3 offers a behind-the-scenes look at DreamWorks Animation's third installment in the popular Kung Fu Panda film series. Legendary warrior Po the giant panda returns to the big screen in DreamWorks Animation's Kung Fu Panda 3, the third installment of the film series that has charmed viewers and critics worldwide. The Art of Kung Fu Panda 3 will provide an exclusive behind-the-scenes look at the making of the movie, with concept art, character designs, interviews with key animation talent, and more. Offering insight into the incredible skill and effort that has gone into the film from start to finish, this comprehensive book will be a must-have for fans everywhere."
437,The art of Inside Out /,
437,The art of Miyazaki's Spirited away /,"Provides sketches, backgrounds, and character designs from the film ""Spirited away"" and includes information about the making of the film as well as the screenplay."
437,The art of Monsters university /,
437,The art of Pan /,"""This beautifully illustrated book will grant a comprehensive inside tour of director Joe Wright's Pan, which offers a unique new cinematic take on J. M. Barrie's beloved Peter Pan. Featuring a dazzling selection of never-before-seen concept illustrations, sketches, storyboards, and other preproduction materials, The Art of Pan reveals how Wright and his artistic teams have reimagined the classic characters and world. Insightful interviews with the director and key members of the cast and crew, including Hugh Jackman, Amanda Seyfried, Rooney Mara, and Garrett Hedlund, make this book a must-have for anyone who has ever longed to revisit Neverland with Peter Pan as their guide.""--provided from Amazon.com."
437,Artificial intelligence applications for brain-computer interfaces /,"Publisher description: ""Artificial Intelligence Applications for Brain-Computer Interfaces focuses on the advancements, challenges, and prospects of future technologies involving noninvasive brain-computer interfaces (BCIs). It includes the processing and analysis of multimodal signals, integrated computation-acquisition devices, and implantable neuro technologies. This book not only provides cross-disciplinary research in BCI but also presents divergent applications on telerehabilitation, emotion recognition, neuro-rehabilitation, cognitive workload assessments, and ambient assisted living solutions. In 15 chapters, this book describes how BCIs connect the brain with external devices like computers and electronic gadgets. It analyzes the neural signals from the brain to obtain insights from the brain patterns using multiple noninvasive wearable sensors. It gives insight into how sensor outcomes are processed through machine-intelligent models to draw inferences. Each chapter starts with the importance, problem statement, and motivation. A description of the proposed methodology is provided, and related works are also presented. Each chapter can be read independently, and therefore, the book is a valuable resource for researchers, health professionals, postgraduate students, postdoc researchers, and academics in the fields of BCI, prosthesis, computer vision, and mental state estimation, and all those who wish to broaden their knowledge in the allied field."""
437,The assault against the United States /,
437,Atonement :,"Includes the shooting script of the film, along with photographs, and complete cast and crew credits (p. 110-116)."
437,An auteurist history of film /,
437,The Ballad of Rango :,"Presents the art and animation of the motion picture, including character designs, settings, layouts, and key sequences."
437,The Barbizon school & the origins of impressionism /,"The names of Theodore Rousseau, Narcisse Diaz de la Pena and Georges Michel have virtually been forgotten, and the originality of their painting techniques and impulsive brush work attributed to those who later exploited them. In this first survey of the Barbizon School for twenty years, Steven Adams re-evaluates the generation of landscape painters that preceded the Impressionists and illustrates the direct relationship between the paintings of Corot and Monet, Millet and Van Gogh. He examines the development of landscape painting in nineteenth century France from the restoration of the Bourbon monarchy in 1816 to the outbreak of the Franco Prussian War in 1870, and discusses the cultural and political changes that influenced a more naturalistic painting style fifty years before the term 'Impressioniste' was first heard in Paris."
437,Baseldeutsch-Grammatik /,
437,The Battleship Potemkin :,
437,BCS-FACS Workshop on Formal Aspects of the Human Computer Interface :,
437,The Beatles in Richard Lester's A hard day's night :,
437,A beautiful mind :,
437,Beauty and the beast :,"Personalities of actors, technical problems and their surmounting, daily events, much more. 38 photographs."
437,Before ever after :,"""Before Ever After is a treasury of rare and unpublished lecture notes, photographs and drawings which reflect the culture of learning that Walt Disney curated to raise the level of his artists in preparation for their first feature: Snow White and the Seven Dwarfs. Walt hand-picked instructors from the renowned Chouinard Art Institute to hold classes on action and drawing. He screened films for study. He brought in talent from Architect Frank Lloyd Wright to choreographer George Balanchine to humorist Alexander Woollcott to teach and inspire his team. The result is a stunning collection of transcripts and history which not only lay the artistic foundation for the animated art form, but also give us an intimate look inside the walls of Walt Disney's studio during a seminal and profoundly creative moment in time.""--provided from Amazon.com."
437,Before sunrise :,
437,Being Bond :,"The official retrospective book for Daniel Craig's 5 James Bond 007 films, Casino Royale, Quantum Of Solace, Skyfall, Spectre, No Time To Die. Daniel Craig started his tenure as James Bond with Casino Royale, the long-awaited film adaptation of Ian Fleming's 007 origin story. The most successful Bond film of all time on its release (it would subsequently be eclipsed by Skyfall), Craig was credited with reinvigorating the franchise and went on to star in 4 more Bond films: Quantum Of Solace, Skyfall, Spectre and No Time To Die. This lavish coffee table hardback takes readers behind the scenes of all 5 films starring Daniel Craig as James Bond 007, revealing the stories behind the making of the films, with exclusive onset photography, concept art, costume designs, stunt breakdowns, and more, accompanied by cast and crew interviews."
437,Best movie scenes :,"""This witty and engaging volume catalogs more than 500 of the most memorable scenes in movie history. Organized by theme, it recounts the best scenes featuring everything from accountants and adoption to whistling and windows. This work proves an indispensable guide for anyone who has ever used a movie reference to illustrate a point or express their feelings""--Provided by publisher."
437,The best of Star wars insider :,"The making of the Star Wars saga, as told by the cast and crew. The very best features and interviews from Star Wars Insider--the official magazine of the Star Wars saga! Mark Hamill discusses the making of Return of the Jedi and Daisy Ridley talks about making her Star Wars debut in The Force Awakens! Freddie Prinze Jnr reveals all about playing Kanan in Star Wars Rebels and we take a look at the largest Star Wars collection in the world!Each volume brings together a collection of the best of the official Star Wars Insider magazine content, celebrating the complete Star Wars experience, from movies to books, videogames to comic books, and more! Featuring rare cast and crew interviews, and exclusive behind the scenes pictures, this is an essential read for Star Wars fans of all ages."
437,The big goodbye :,"""From the New York Times bestselling author of Fifth Avenue, Five A.M. and Fosse comes the revelatory account of the making of a modern American masterpiece. Chinatown is the Holy Grail of 1970s cinema. Its twist ending is the most notorious in American film and its closing line of dialogue the most haunting. Here for the first time is the incredible true story of its making. In Sam Wasson's telling, it becomes the defining story of the most colorful characters in the most colorful period of Hollywood history. Here is Jack Nicholson at the height of his powers, as compelling a movie star as there has ever been, embarking on his great, doomed love affair with Anjelica Huston. Here is director Roman Polanski, both predator and prey, haunted by the savage death of his wife, returning to Los Angeles, the scene of the crime, where the seeds of his own self-destruction are quickly planted. Here is the fevered dealmaking of ""The Kid"" Robert Evans, the most consummate of producers. Here too is Robert Towne's fabled script, widely considered the greatest original screenplay ever written. Wasson for the first time peels off layers of myth to provide the true account of its creation. Looming over the story of this classic movie is the imminent eclipse of the '70s filmmaker-friendly studios as they gave way to the corporate Hollywood we know today. In telling that larger story, The Big Goodbye will take its place alongside classics like Easy Riders, Raging Bulls and The Devil's Candy as one of the great movie-world books ever written. Praise for Sam Wasson: ""Wasson is a canny chronicler of old Hollywood and its outsize personalities...More than that, he understands that style matters, and, like his subjects, he has a flair for it."" - The New Yorker ""Sam Wasson is a fabulous social historian because he finds meaning in situations and stories that would otherwise be forgotten if he didn't sleuth them out, lovingly."" - Hilton Als""--"
437,Bioelectrochemistry :,
437,The birdcage :,
437,The Birds /,
437,The Birds /,
437,Black Hawk down :,
437,Black Narcissus /,
437,Blade runner /,
437,Blade runner /,
437,A book about the film Monty Python's The Meaning of Life :,"""Darl Larson identifies and explains virtually every allusion and reference that appears in Monty Python's The Meaning of Life. Organized chronologically by scene, the entries cover literary and metaphoric allusions, symbolisms, names, peoples, and places, as well as the many social, cultural, and historical elements that populate this film""--"
437,Breaking the glass armor :,"""Classical works have for us become covered with the glassy armor of familiarity,"" wrote Victor Shklovsky in 1914. Here Kristin Thompson ""defamiliarizes"" the reader with eleven different films. Developing the technique formulated in her Eisenstein's Ivan the Terrible (Princeton, 1981), she clearly demonstrates the flexibility of the neoformalist approach. She argues that critics often use cut-and-dried methods and choose films that easily fit those methods. Neoformalism, on the other hand, encourages the critic to deal with each film differently and to modify his or her analytical assumptions continually. Thompson's analyses are thus refreshingly varied and revealing, ranging from an ordinary Hollywood film, Terror by Night, to such masterpieces as Late Spring and Lancelot du Lac. She proposes a formal historical way of dealing with realism, using Bicycle Thieves and The Rules of the Game as examples. Stage Fright and Laura provide cases in which the classical cinema defamiliarizes its own conventions by playing with audience expectations. Other chapters deal with Tati's Les Vacances de Monsieur Hulot and Play Time and Godard's Tout va bien and Sauve qui peut (la vie). Although neoformalist analysis is a rigorous, distinctive approach, it avoids extensive specialized vocabulary and esoteric concepts: the essays here can be read separately by those interested in the individual films. The book's overall purpose, however, goes beyond making these particular films more accessible and intriguing to propose new ways of looking at cinema as a whole."
437,The C.A. Lejeune film reader /,
437,"C'mon, get happy :","""In their third and final screen teaming, Judy Garland and Gene Kelly starred together in the MGM musical Summer Stock. Despite its riveting production history, charismatic lead actors, and classic musical moments, the movie has not received the same attention as other musicals from MGM's storied dream factory. In C'mon, Get Happy: The Making of ""Summer Stock,"" authors David Fantle and Tom Johnson present a comprehensive study of this 1950 motion picture, from start to finish and after its release. The production coincided at a critical point in the careers of Kelly and an emotionally spent Garland. Kelly, who starred in An American in Paris just one year later, was at the peak of his abilities. On the other hand, Summer Stock was Garland's final film at MGM, and she gamely completed it despite her own personal struggles. Summer Stock includes Kelly's favorite solo dance routine and Garland's signature number ""Get Happy."" The authors discuss in rich detail the contributions of the cast (which included Gloria DeHaven, Eddie Bracken, Phil Silvers, and Marjorie Main); the director (Charles Walters); the producer (Joe Pasternak); the script writers (George Wells and Sy Gomberg); the songwriters (which included Harry Warren and Mack Gordon); and top MGM executives (Louis B. Mayer and Dore Schary). The volume features extensive interviews, conducted by the authors, with Kelly, Walters, Warren, and others, who shared their recollections of making the movie. Deeply researched, C'mon, Get Happy reveals the studio system at work during Hollywood's Golden Era. Additionally, the authors have written a special section called ""Taking Stock"" that buttonholes numerous contemporary dancers, singers, choreographers, musicians, and even Garland impersonators for their take on Summer Stock, its stars, and any enduring legacy they think the film might have. Artists from Mikhail Baryshnikov, Ben Vereen, and Tommy Tune to Garland's and Kelly's daughters, Lorna Luft and Kerry Kelly Novick, respectively, offer their unique perspective on the film and its stars""--"
437,Das Cabinet des Dr. Caligari /,
437,"Capitalism, consumption and needs /",
437,Cartoons in hard times :,
437,Cast away :,
437,Cat people /,
437,Changes in an obsolescing language :,
437,Un chien andalou :,
437,"Cinema eye, cinema ear :",
437,A cinema of loneliness /,
437,The cinema of Russia and the former Soviet Union /,
437,Citizen Kane /,
437,The Citizen Kane book :,
437,Clueless :,
437,Comedy incarnate :,"In Comedy Incarnate, Noël Carroll surveys the characteristics of Buster Keaton's unique visual style, to reveal the distinctive experience of watching Keaton's films. Bold and provocative thesis written by one of America's foremost film theorists Takes a unique look at the philosophies behind Keaton's style Weighs visual elements over narrative form in the analysis of the Keaton's work Provides a fresh vantage point for analysis of film and comedy itself."
437,Il conformista (The conformist) /,
437,The constant gardener :,
437,Contemporary musical film /,
437,Critical race theory and Bamboozled /,"""An introduction to Critical Race Theory through a close analysis of Spike Lee's film Bamboozled""--"
437,Cult media :,"This volume brings together writing on the topic of home media, and in particular releases described as appealing to 'cult' fans and audiences. Despite popular assumptions to the contrary, the distributors of physical media maintain a vivid presence in the digital age. Perhaps more so than any other category of film or media, this is especially the case with titles considered 'cult' and its related processes of distribution and exhibition. The chapters in this collection chart such uses and definitions of 'cult', ranging from home media re-releases to promotional events, film screenings, file-sharing and the exploitation of established fan communities. This book will be of interest to the ever-growing number of academics and research students that are specializing in studies of cult cinema and fan practices, as well as professionals (filmmakers, journalists, promoters) who are familiar with these types of films."
437,Czech philosophy in the XXth century /,
437,Dali and Disney :,
437,Danger :,"""Danger: Diabolik, adapted from a comic that has been a social phenomenon in Italy for over fifty years, features a masked master criminal - part-Fant么mas, part-James Bond - and his elegant companion Eva Kant. It re-invents the character as a countercultural prankster, and places him in a luxurious and futuristic underground hideout and Eva in a series of unforgettable outfits. A commercial disappointment on its original release, its reputation has grown along with that of its director, Mario Bava, the quintessential cult auteur. This volume traces its production and initial reception, and considers its cult afterlife as both a pop-art classic and campy 'bad film'."""
437,The Dark Knight :,"The Art of the Dark Knight is the ultimate companion book to the movie, showcasing production ephemera including storyboard art, character sketches, the Nolans original shooting script, still photos, and even personal behind the scenes material created by the Nolans and Crowley during the movie. The Art of the Dark Knight is certain to appeal to diehard and new fans alike."
437,Dead man walking :,
437,The decline of sentiment :,
437,Deeper into movies /,
437,Designing connected products :,"Networked thermostats, fitness monitors, and door locks show that the Internet of Things can (and will) enable new ways for people to interact with the world around them. But designing connected products for consumers brings new challenges beyond conventional software UI and interaction design. This book provides experienced UX designers and technologists with a clear and practical roadmap for approaching consumer product strategy and design in this novel market. By drawing on the best of current design practice and academic research, Designing Connected Products delivers sound advice for working with cross-device interactions and the complex ecosystems inherent in IoT technology."
437,Designing multi-device experiences :,"Welcome to our multi-device world, a world where a user's experience with one application can span many devices--a smartphone, a tablet, a computer, the TV, and beyond. This practical book demonstrates the variety of ways devices relate to each other, combining to create powerful ensembles that deliver superior, integrated experiences to your users."
437,Designing with the mind in mind :,"In this completely updated and revised edition of ""Designing with the Mind in Mind,"" Jeff Johnson provides you with just enough background in perceptual and cognitive psychology that user interface (UI) design guidelines make intuitive sense rather than being just a list or rules to follow. Early UI practitioners were trained in cognitive psychology, and developed UI design rules based on it. But as the field has evolved since the first edition of this book, designers enter the field from many disciplines. Practitioners today have enough experience in UI design that they have been exposed to design rules, but it is essential that they understand the psychology behind the rules in order to effectively apply them. In this new edition, you'll find new chapters on human choice and decision making, hand-eye coordination and attention, as well as new examples, figures, and explanations throughout. Provides an essential source for user interface design rules and how, when, and why to apply them. Arms designers with the science behind each design rule, allowing them to make informed decisions in projects, and to explain those decisions to others Equips readers with the knowledge to make educated tradeoffs between competing rules, project deadlines, and budget pressures. Completely updated and revised, including additional coverage on human choice and decision making, hand-eye coordination and attention, and new mobile and touch-screen examples throughout."
437,Dialectics of the concrete :,
437,Digital touch /,"""Touch matters. It is fundamental to how we know ourselves and each other, and it is central to how we communicate. Digital touch is embedded in many technologies, from wearable devices and gaming hardware to tactile robots and future technologies. What would it be like if we could hug or touch digitally across distance? How might this shape our sense of connection? How might we establish trust or protect our privacy and safety? Digital Touch is a timely and original book that addresses such questions. Offering a rich account of digital touch, the book introduces the key issues and debates, as well as the design and ethical challenges raised by digital touch. Using clear, accessible examples and creative scenarios, the book shows how touch - how we touch, as well as what, whom and when we touch - is being profoundly reshaped by our use of technologies. Above all, it highlights the importance of digital touch in our daily lives and how it will impact our relationships and way of life in the future."" -- Provided by publisher."
437,Directory of world cinema.,
437,Directory of world cinema.,
437,Directory of world cinema.,"Offers an in-depth look at the cinema produced in these two countries since the turn of the 20th century. Through essays about prominent genres and themes, profiles of directors, and more, this guide explores the diversity and distinctiveness of films from Australia and New Zealand from Whale Rider to The Piano to Wolf Creek."
437,Directory of world cinema.,
437,Directory of world cinema.,
437,Directory of world cinema.,
437,Directory of world cinema.,
437,Directory of world cinema.,
437,Directory of world cinema.,"This book is part of the 'Directory of World Cinema' series. It includes contributions from some of the leading academics and emerging young scholars in the field and features reviews of important recent films and film recommendations from a range of genres for those interested in watching more Latin American cinema. From the interior drama of Lucrecia Martel's 'The Headless Woman' to the frightful fantasy of Guillermo del Toro's 'Pan's Labyrinth' and 'Hellboy' movies, Latin American cinema covers a vast landscape not only in terms of geography but also in terms of its genres and concerns. Opens with a section that spotlights key elements in the world of contemporary Latin American cinema, including film festivals, cross-cultural collaboration, and computer-generated animation --"
437,Directory of world cinema.,
437,Directory of world cinema.,
437,Directory of world cinema.,
437,Directory of world cinema.,
437,Directory of world cinema.,
437,Directory of world cinema.,
437,Directory of world cinema.,
437,Directory of world cinema.,
437,Directory of world cinema.,
437,Directory of world cinema.,
437,Disney's Star Wars :,"""In 2012, Disney purchased production studio Lucasfilm, which meant it also inherited the beloved Star Wars franchise. This corporate marriage sent media critics and fans into a frenzy of speculation about what would happen next with the hugely popular series. Disney's Star Wars gathers twenty-one noted fan and media studies scholars from around the world to examine Disney's revival of the franchise. Covering the period from Disney's purchase through the release of The Force Awakens in December 2015, these essays examine the significance of this transitional period from the intertwined perspectives of the studios, storytellers, marketers and audiences involved. For many, Star Wars is a vitally important cultural text. How did these fans anticipate, interpret, and respond to the steady stream of production stories, gossip, marketing materials, merchandise, and other sources in the build-up to the movie's release?""--"
437,Don't look now /,
437,Duden Wie sagt man in der Schweiz? :,
437,The economics of football /,"""The second edition of this popular book presents a detailed economic analysis of professional football at club level, with new material included to reflect the development of the economics of professional football over the past ten years. Using a combination of economic reasoning and statistical and econometric analysis, the authors build upon the successes and strengths of the first edition to guide readers through the economic complexities and peculiarities of English club football. It uses a wide range of international comparisons to help emphasize both the broader relevance as well as the unique characteristics of the English experience. Topics covered include some of the most hotly debated issues currently surrounding professional football, including player salaries, the effects of management on team performance, betting on football, racial discrimination and the performance of football referees. This edition also features new chapters on the economics of international football, including the World Cup""--"
437,The economics of sports /,"The sports industry provides a seemingly endless set of examples from every area of microeconomics, giving students the opportunity to study economics in a context that holds their interest. Thoroughly updated to reflect the current sports landscape, The Economics of Sports introduces core economic concepts and theories and applies them to American and international sports."
437,The economics of sports /,"The sports industry provides a seemingly endless set of examples from every area of microeconomics, giving students the opportunity to study economics in a context that holds their interest. Thoroughly updated to reflect the current sports landscape, The Economics of Sports introduces core economic concepts and theories and applies them to American and international sports."
437,The economics of sports /,
437,Eternal sunshine of the spotless mind :,
437,Experimental cinema in the digital age /,
437,Eye tracking methodology :,"Focusing on recent advances in analytical techniques, this third edition of Andrew Duchowski’s successful guide has been revised and extended. It includes new chapters on calibration accuracy, precision and correction; advanced eye movement analysis; binocular eye movement analysis; practical gaze analytics; eye movement synthesis. Eye Tracking Methodology opens with useful background information, including an introduction to the human visual system and key issues in visual perception and eye movement. The author then surveys eye-tracking devices and provides a detailed introduction to the technical requirements necessary for installing a system and developing an application program. Modern programming examples (in Python) are included and the author outlines the gaze analytics pipeline, a step-by-step data processing sequence from raw data to statistical analysis. Focusing on the use of modern video-based, corneal-reflection eye trackers – the most widely available and affordable types of systems, Andrew Duchowski takes a look at a number of interesting and challenging applications in human factors, collaborative systems, virtual reality, marketing and advertising. His primary focus is on methodology, and how analysis of eye movements can enhance research and development of anything that is inspected visually. Stefan Robila, reviewing the second edition says, “The book is written in an easy-to-understand language. Given its breadth, it may be most appropriate for scientists and students starting in this field. ... Overall, I found it to be a solid book on a fascinating topic."" (ACM Computing Reviews, October 2008)”."
437,Eyes wide shut :,
437,Falling down /,
437,"Fans, blockbusterisation, and the transformation of cinematic desire :","This book explores the evolution of audience receptions of Peter Jackson's Hobbit trilogy (2012-14) as an exemplar of the contemporary blockbuster event film franchise. Drawing on findings from a unique cross-cultural and longitudinal study, the authors argue that processes and imperatives associated with Hollywood 'blockbusterisation' shaped the trilogy's conditions of production, format, content, and visual aesthetic in ways that left many viewers progressively disenchanted. The chapters address public and private prefigurations of the Hobbit trilogy, modes of reception, new cinematic technologies and the Hobbit hyperreality paradox, gender representations, adaptation and the transformation of cinematic desire, and the role of social and cultural location in shaping audience engagement and response. This book will appeal to audience researchers, Q methodologists, scholars and students in film and media studies, Tolkien scholars, and Hobbit fans and critics alike."
437,Farber on film :,"Farber was a unique figure among American movie critics, and long revered by his peers. This volume covers the spectrum from his early and previously uncollected weekly reviews to his brilliant later essays, and defines his enduring significance as writer and thinker."
437,Fiction into film :,
437,Film analysis :,"Film Analysis: A Casebook offers an accessible introduction to film analysis through close readings of 25 historically significant films from around the world. Features a geographically diverse selection of films and directors, with representation from 20 different countries ; Covers many of the central films treated in today's cinema courses, and the issues raised about them ; Provides students with practical models to help them improve their own writing and analytical skills ; Supplemented with film credits, images, and bibliographies; director filmographies, a glossary of film terms, and suggested topics for writing and discussion."
437,"Film criticism and caricatures, 1943-53 /",
437,"Film culture and Kulturfilm Walter Ruttmann, the avant-grade film, and the Kulturfilm in Weimar Germany and the Third Reich /",
437,The film experience :,
437,The film experience :,
437,The film experience :,"In our culture, watching movies is a universal experience – but understanding film may not be. The Film Experience reaches out to students, connecting their experiences watching movies with better understanding and knowledge of the medium's full scope. And with its game-changing new video program in LaunchPad Solo (see below), this thoroughly updated new edition makes it easier than ever to link each student’s personal viewing to a greater overall understanding of film. Timothy Corrigan and Patricia White’s classroom favorite is both authoritative and joyful about watching, analyzing, and understanding film. With clips from classic and contemporary films (Rear Window, Life of Pi, Moonrise Kingdom, Chinatown, and many others) plus hundreds of movie images and other graphics, the thoroughly revised new edition covers everything from editing to cinematography to narrative genres, all in a cultural context that reinforces why films and film study matter. The book's features—Form in Action, Film in Focus, and Concepts at Work —combine text, stills, and links to videos online to explore specific films, scenes, and trends in depth."
437,Film in the aura of art /,
437,"The Film Society programmes, 1925-1939.",
437,Film-Stills :,"Film-Stills sind sowohl visuelle Spuren des Films als auch eigenständige fotografische Bildformen. Während Dreharbeiten auf Filmsets von eigens engagierten Standfotografen angefertigt, basieren sie auf einem komplizierten und aufwendigen Verfahren, bei dem Szenen des Films speziell fu?r den Fotoapparat reinszeniert werden, womit der Film von einem bewegten zu einem statischen Medium transformiert wird. In einer umfassenden Ausstellung widmet sich die Albertina erstmals diesem hybriden Genre und zeigt 150 Film-Stills der 1910er bis 1970er Jahre. Werden Film-Stills herkömmlicherweise als blosse filmische Referenz (miss)verstanden, die eher den Blick des Kameramannes und des Regisseurs als den des Fotografen widerspiegeln, so werden sie hier als eigenständige fotografische Bildformen untersucht, die einer selbstständigen, durchaus vom Film losgelösten Betrachtung bedu?rfen. Verschiedene Aspekte der intermedialen Bezu?ge dieses Genres werden untersucht: Die von Bruchen und Kopplungen gekennzeichneten Schnittstellen zwischen Fotografie und Film, die Funktion von Standbildern sowie ihr Verhältnis zur bildenden Kunst werden beleuchtet. Fotografen: Raymond Cauchetier, Horst von Harbou, Chris Marker, Atelier Manassé, Hans Natge, Angelo Novi, Georges Pierre, Karl Struss et al. Exhibition: Albertina, Vienna, Austria (11.11.2016-26.02.2017)."
437,Filmed theatre and tragic form in the late work of Carl Th. Dreyer,
437,Filmmaking by the book :,
437,The films of Tennessee Williams /,
437,Focus on Shakespearean films /,
437,Foreign affairs :,
437,Foreign films in America :,
437,Four films of Woody Allen.,
437,Four weddings and a funeral :,"The hilarious, Academy Award-nominated screenplay that features six old friends, three disastrous receptions, a tongue-tied priest, and the role that made Hugh Grant the world's favorite bumbling bachelor.Toasted by romantics and cynics, critics and fans, Four Weddings and a Funeral grossed more than $250 million worldwide, garnered Academy Award nominations for Best Picture and Best Original Screenplay, and was unanimously pronounced the romantic comedy of the 90s.Richard Curtis's smart, irreverent, and brilliantly crafted screenplay will delight fans of the movie, as well as screenwriters and film students. From the first spoken line to the last (""I do""), it's a jubilant celebration of friendship, romance, and good humor."
437,Frames of reference :,
437,Framing the Jina :,
437,Free and easy? :,
437,French and Italian lexical influences in German-speaking Switzerland (1550-1650) /,
437,"The French dispatch of the Liberty , Kansas Evening Sun /",A love letter to journalists set in an outpost of an American newspaper in a fictional 20th-century French city that brings to life a collection of stories published in 'The French Dispatch.'
437,Funny people :,
437,Glaube und Vernunft :,
437,The Godfather family album /,"As special photographer on the sets and locations of Francis Ford Coppola’s The Godfather trilogy, Steve Schapiro had the remarkable experience of witnessing legendary actors giving some of their most memorable performances. Schapiro immortalized Marlon Brando, Al Pacino, Robert De Niro, James Caan, Robert Duvall, and Diane Keaton in photos that have since become iconic images, instantly recognizable and endlessly imitated.Gathered together in this book are Schapiro’s finest photographs from all three Godfather films, lovingly reproduced from the original negatives. With contextual essays and interviews covering the trilogy in its entirety, this book contains over 300 color and black-and-white images. Schapiro’s images take us behind the scenes of this epic and inimitable cinematic saga, revealing the director’s working process, capturing the moods and personalities involved, and providing insight into the making of movie history."
437,The Godfather family album /,"Steve Schapiro was stills photographer on Francis Ford Coppola's Godfather trilogy, starring such actors as Marlon Brando, Al Pacino, Robert De Niro, James Caan, Robert Duvall and Diane Keaton. This text contains a vast selection of images from all three Godfather films, selected from Schapiro's archives."
882,1600 squibs and quips for church bulletins and bulletin boards /,
882,Account of the Harvard Greek play /,
882,"The Acharnians, The clouds, Lysistrata /",
882,Aeschyli septem quae supersunt tragoediae.,
882,Aeschyli tragoediae quae supersunt /,
882,Aeschylos: Eumeniden :,
882,"Aeschylus, the Oresteia /",
882,Aeschylus' use of psychological terminology :,
882,Agamemnon /,
882,Agamemnon of Aeschylus :,
882,The Agamemnon of Aeschylus /,
882,Alcestis of Euripides /,
882,"Alcestis, Heracles, children of Heracles, Cyclops /","Euripides wrote about timeless themes, of friendship and enmity, hope and despair, duty and betrayal. The first three plays in this volume are filled with violence or its threat, while the fourth, Cyclops, is our only surviving example of a genuine satyr play, with all the crude and slapstick humour that characterized the genre. There is death in Alcestis, which explores the marital relationship of Alcestis and Admetus with pathos and grim humour, but whose status as tragedy is subverted by a happy ending. The blood-soaked Heracles portrays deep emotional pain and undeserved suffering; its demand for a more humanistic ethics in the face of divine indifference and callousness makes it one of Euripides' more popular and profound plays. Children of Heracles is a rich and complex work, famous for its dialogues and monologues, in which the effects of war on refugees and the consequences of sheltering them are movingly explored. In Cyclops Euripides takes the familiar story of Odysseus' escape from the Cyclops Polyphemus and turns it to hilarious comic effect."
882,Ancient Greek comedy :,"Its contributors treat questions of origin, genre and artistic expression, interpret individual plays from different angles (literary, historical, performative) and cover aspects of reception from antiquity to the 20th century. Topics that have not received much attention so far, such as the prehistory of Doric comedy or music in Old Comedy, receive a prominent place. The essays are arranged in three sections: (1) Genre, (2) Texts and Contexts, (3) Reception. Within each section the chapters are as far as possible arranged in chronological order, according to historical time or to the (putative) dates of the plays under discussion. Thus readers will be able to construe their own diachronic and thematic connections, for example between the portrayal of stock characters in early Doric farce and developed Attic New Comedy or between different forms of comic reception in the fourth century BC. The book is intended for professional scholars, graduate and undergraduate students. Its wide range of subjects and approaches will appeal not only to those working on Greek comedy, but to anyone interested in Greek drama and its afterlife."
882,Andromache /,
882,Anecdotes for all occasions.,
882,Antigone ;,"This volume of Antigone, Oedipus the King, Electra contains three masterpieces by the Greek playwright Sophocles, widely regarded since antiquity as the greatest of all the tragic poets. The vivid translations, which combine elegance and modernity, are remarkable for their lucidity and accuracy, and are equally suitable for reading for pleasure, study, or theatrical performance. With this edition, readers are not only offered the most influential and famous of Sophocles' works in one volume, but they are presented with two plays dominated by a female heroic figure, and the experience of the two great dynasties featured in Greek tragedy--the houses of Oedipus and Agamemnon."
882,Antigone /,
882,Antigone /,
882,Anxiety veiled :,
882,Aristophanes :,
882,Aristophanes /,
882,Aristophanes and the carnival of genres /,
882,Aristophanes and the poetics of competition /,"""Athenian comic drama was written for performance at festivals honouring the god Dionysos. Through dramatic action and open discourse, poets sought to engage their rivals and impress the audience, all in an effort to obtain victory in the competitions. This book uses that competitive performance context as an interpretive framework within which to understand the thematic interests shaping the plots and poetic quality of Aristophanes' plays in particular, and of Old Comedy in general. Studying five individual plays from the Aristophanic corpus as well as fragments of other comic poets, it reveals the competitive poetics distinctive to each. It also traces thematic connections with other poetic traditions, especially epic, lyric, and tragedy, and thereby seeks to place competitive poetics within broader trends in Greek literature""--"
882,Aristophanes and the poetics of competition /,
882,"Aristophanes, an author for the stage /",
882,Aristophanes' Wasps /,
882,The Bacchae /,
882,Bacchae /,
882,The Bacchae and other plays /,
882,Best quotations for all occasions /,
882,Birds ;,
882,The birds and other plays /,
882,The Cambridge companion to Greek and Roman theatre /,
882,The Cambridge companion to Greek comedy /,"""The only fully intact textual evidence from 5th-century and (very) early 4th-century comedy are the eleven completely preserved comedies by Aristophanes, who was born, in all likelihood, shortly after 450 BCE and died after 388 BCE. This is, in fact, not as thin a basis as one might initially think. For not only is the number of completely preserved Aristophanic comedies actually quite high: it amounts, after all, to about a quarter of Aristophanes' total output of around 40 comedies certainly (contrast this with the seven plays we have by Sophocles and the six or seven we have by Aeschylus, both of whom wrote considerably more plays in total than Aristophanes)""--"
882,The Cambridge companion to Greek tragedy /,"This book presents ancient Greek tragedy in the context of late twentieth-century reading, criticism and performance. The twelve chapters, written by seven distinguished scholars, cover tragedy as an institution in the civic life of ancient Athens, a range of approaches to the surviving plays, and changing patterns of reception, adaptation and performance from antiquity to the present."
882,Cambridge jokes :,
882,Children of Heracles ;,
882,The clouds :,
882,Clouds /,
882,Collected papers on Greek tragedy /,
882,The comedian as critic :,
882,Comedy /,
882,Comedy and religion in classical Athens :,
882,The comedy of Menander :,
882,The comic theatre of Greece and Rome /,
882,The complete Aeschylus /,
882,The complete plays of Aristophanes /,
882,The Concise Oxford dictionary of quotations.,
882,The complete plays of Aristophanes /,
882,The Concise Oxford dictionary of quotations.,
882,Convex optimization in normed spaces :,
882,Cosmos & tragedy :,
882,Counseling widowers /,
882,Credit and collection management /,
882,Credits and collections /,
882,The cure at Troy :,
882,Dictionary of Australian humorous quotations and anecdotes /,
882,Diversifying Greek tragedy on the contemporary US stage /,This volume investigates a cross-section of performances of Greek tragedy on the contemporary American stage that have been produced by or for minority communities to challenge the long-standing stereotypes and political and social practices that have contributed to the marginalization of these cultures.
882,Drama and the classical heritage :,
882,THE DRAMA OF EURIPIDES BY G.M.A. GRUBE.,
882,Electra :,
882,Electra /,
882,Electra /,
882,Electra and other plays :,
882,Electra and other plays /,"Of all the ancient Greek tragedians, Euripides was the most sensitive to the lives of women and other outcasts in Athenian society, and Electra and Other Plays collects five plays demonstrating his talent for bringing to life their plight. This Penguin Classics edition is translated by John Davie with an introduction and notes by Richard Rutherford.Written during a period overshadowed by the fierce struggle for supremacy between Sparta and Euripides' native Athens, these five plays are haunted by the shadow of war - and in particular its impact on women. In Electra the children of Agamemnon take bloody revenge on their mother for murdering their father after his return from Troy, and Suppliant Women depicts the grieving mothers of those killed in battle. The other plays deal with the aftermath of the Trojan War for the defeated survivors, as Andromache shows Hector's widow as a trophy of war in the house of her Greek captor, and Hecabe portrays a defeated queen avenging the murder of her last-remaining son, while Trojan Women tells of the plight of the city's women in the hands of their victors."
882,Eleven plays of the Greek dramatists :,
882,Eumenides /,
882,The eumenides /,
882,Euripidea :,
882,Euripidea /,
882,Euripides :,
882,Euripides :,
882,Euripides and the full circle of myth /,
882,Euripides and the instruction of the Athenians /,
882,Euripides: Herakles /,
882,Euripides' Medea :,
882,Euripidis tragoediae priores quatuor /,
882,"Euripidou Hekabe, Orestes, Phoenissae kai medea :",
882,Exits and entrances in Menander /,
882,Form and meaning in drama :,
882,Four Greek plays /,
882,Four plays of Aristophanes :,
882,Fragmentation in ancient greek drama /,"This volume examines whether dramatic fragments should be approached as parts of a greater whole or as self-contained entities. It comprises contributions by a broad spectrum of international scholars: by young researchers working on fragmentary drama as well as by well-known experts in this field. The volume explores another kind of fragmentation that seems already to have been embraced by the ancient dramatists: quotations extracted from their context and immersed in a new whole, in which they work both as cohesive unities and detachable entities. Sections of poetic works circulated in antiquity not only as parts of a whole, but also independently, i.e. as component fractions, rather like quotations on facebook today. Fragmentation can thus be seen operating on the level of dissociation, but also on the level of cohesion."
882,The fragments of Sophocles /,
882,The frogs /,
882,Frogs and other plays /,
882,Frogs and other plays /,"Aristophanes is the only surviving representative of Greek Old Comedy, an exuberant form of festival drama which flourished in Athens during the fifth century BC. One of the most original playwrights in the entire Western tradition, his comedies are remarkable for their brilliant combination of fantasy and satire, their constantly inventive manipulation of language, and their use of absurd characters and plots to expose his society's institutions and values to the bracing challenge of laughter. This vibrant collection of verse translations of Aristophanes' works combines historical accuracy with a sensitive attempt to capture the rich dramatic and literary qualities of Aristophanic comedy. The volume presents Clouds, with its famous caricature of the philosopher Socrates; Women at the Thesmophoria (or Thesmophoriazusae), a work which mixes elaborate parody of tragedy with a great deal of transvestite burlesque; and Frogs, in which the dead tragedians Aeschylus and Euripides engage in a vituperative contest of 'literary criticism' of each other's plays. Featuring expansive introductions to each play and detailed explanatory notes, the volume also includes an illuminating appendix, which provides information and selected fragments from the lost plays of Aristophanes."
882,From Homer to tragedy :,
882,The glory of the sultans :,
882,Good advice /,
882,Grapevine molecular biology & biotechnology /,
882,Greek comedy and embodied scholarly discourse /,"Comedy created a joyful mode of perceiving rhetoric, grammar, and literary criticism through the somatic senses of the author, the characters, the actors and the spectators. This was due to generic peculiarities including the omnivore mirroring of contemporary (scholarly) ideas, the materiality of costumes and masks, and the embodiment of abstract notions on stage, in short due to the correspondence between body, language and environment. The materiality of words, letters and syllables in ancient grammar and stylistic criticism is related to the embodied criticism found in Greek comedy. How are scholarly discourses embodied? The act of writing is vividly enacted on stage through carving with effort the shape of the letter 'rho' and commenting emotionally on it. The letters of the alphabet are danced by the chorus, the cognitive and communicative power of gestures and body expression providing emotional context. A barking pickle brine from Thasos is perhaps an olfactory somatosensory visual and auditory embodiment of Archilochean poetry, whilst the actor's foot in dance is a visual and motor embodiment of a metrical foot on stage. Comedy with its actors, costumes, masks, and props is overflowing with such examples. In this book, the author suggests that comedy made a significant contribution to the establishment of scholarly discourses in Classical Greece."
882,Greek comedy and the discourse of genres /,
882,Greek fragments in postmodern frames :,"Greek Fragments in Postmodern Frames' takes as its subject adaptation of Greek tragedy in the last decades, arguing that rewritings of Greek tragic texts in this period can be used as a tool to uncover a significant dialogue with postmodernism. Despite the large number of staged and written adaptations of Greek tragic texts in recent years, the idea still persists that tragedy is incompatible with postmodernism, with the long-standing debate over the demise of the genre in the modern era undergoing a recent resurgence with the claim that postmodernism precludes tragedy both as an aesthetic form and as a way of perceiving the world. This volume focuses on the adaptation of Greek tragedy between 1970 and 2005 and explores a wide range of adaptations from a variety of different countries: the plays under discussion are characterized by an extended intertextual engagement with their prototype texts - instead of simply adapting the Greek myth, they rewrite the classical text in ways akin to the renegotiation of authorship and textuality proffered by poststructuralist thought."
882,Greek theater in ancient Sicily /,"Studies of ancient theater have traditionally taken Athens as their creative center. In this book, however, the lens is widened to examine the origins and development of ancient drama, and particularly comedy, within a Sicilian and southern Italian context. Each chapter explores a different category of theatrical evidence, from the literary (fragments of Epicharmus and cult traditions) to the artistic (phylax vases) and the archaeological (theater buildings). Kathryn G. Bosher argues that, unlike in classical Athens, the golden days of theatrical production on Sicily coincided with the rule of tyrants, rather than with democratic interludes. Moreover, this was not accidental, but plays and the theater were an integral part of the tyrants' propaganda system. The volume will appeal widely to classicists and to theater historians."
882,Greek tragedy :,
882,Greek tragedy :,
882,Greek tragedy :,
882,Greek tragedy /,
882,Greek tragedy /,
882,A handbook of classical drama /,
882,The Harvest of a quiet eye :,
882,Healing sounds from the Malaysian rainforest :,
882,Hecuba ;,"The horrific brutality which both women and children undergo evokes a response of unparalleled intensity in the playwright whom Aristotle called the most tragic of the poets. Yet the new battleground of the aftermath of war is one in which the women of Troy evince an overwhelming greatness of spirit. We weep for the aged Hecuba in her name play and in The Trojan Women, yet we respond with an at times appalled admiration to her resilience amid unrelieved suffering. Andromache, the slave-concubine of her husband's killer, endures her existence in the victor's country with a Stoic nobility. Of their time yet timeless, these plays insist on the victory of the female spirit amid the horrors visited on them by the gods and men during war."
882,Hecuba /,"Hecuba was the most widely read play of Euripides from antiquity to the Renaissance, appealing to readers and spectators for its controversial treatment of moral themes: revenge, war and slavery, violence, human sacrifice, gender and ethnic relations. It narrates the death of Hecuba's daughter Polyxena, sacrificed by the Greeks to placate the ghost of Achilles, and that of her son Polydorus, killed out of greed by the Thracian king who was supposed to protect him. Hecuba successfully plots a cruel and shocking revenge against the killer. The play is now at the centre of the attention of scholars and performing artists. This edition offers new textual and interpretive suggestions, and provides detailed guidance on problems of language as well as employing conceptual tools from contemporary linguistics. It will be useful for upper-level undergraduates and graduate students, as well as of interest to scholars."
882,Hekabe :,
882,Heracles and other plays /,
882,Hippolytos /,
882,Hippolytus in drama and myth.,
882,The Huli response to illness /,
882,In and out of the mind :,
882,Ion ;,"In these four plays Euripides explores ethical and political themes,contrasting the claims of patriotism with family loyalty, pragmatism and expediency with justice, and the idea that 'might is right' with the ideal of clemency. Ion is a vivid portrait of the role of chance in human life and an exploration of family relationships, which combines a sympathetic portrait of a rape victim with remarks on Athenian xenophobia. In Orestes, the most popular of the tragedian's plays in the ancient world, Euripides explores the emotional consequences of Orestes' murder of his mother on the individuals concerned, and makes the tale resonate with advice to Athens about the threat to democracy posed by political pressure groups. The Suppliant Wom"
882,Ion /,
882,Iphigenia among the Taurians ;,"The four plays newly translated in this volume are among Euripides' most exciting works. Iphigenia among the Taurians is a story of escape and contrasting Greek and barbarian civilization, set on the Black Sea at the edge of the known world. Bacchae, a profound exploration of the human psyche, deals with the appalling consequences of resistance to Dionysus, god of wine and unfettered emotion. This tragedy, which above all others speaks to our post-Freudian era, is one of Euripides' two last surviving plays. The second, Iphigenia at Aulis, centres on the ultimate dysfunctional family as natural emotion is tested in the tragic crucible of the Greek expedition against Troy. Lastly, Rhesus, probably the work of another playwright, is a thrilling, action-packed Iliad in miniature, dealing with a grisly event in the Trojan War."
882,Iphigenia among the Taurians ;,
882,The knights ; Peace ; Wealth ; The birds ; The assemblywomen /,
882,Liliana's invincible summer :,"""In the early hours of July 16, 1990, Liliana Rivera Garza was murdered by her abusive ex-boyfriend. A life full of promise and hope, cut tragically short, Liliana's story instead became subsumed into Mexico's dark and relentless history of domestic violence. With Liliana's case file abandoned by a corrupt criminal justice system, her family, including her older sister Cristina, was forced to process their grief and guilt in private, without any hope for justice. A memoir decades in the making, Liliana's Invincible Summer tells a singular yet universally resonant story: that of a spirited, wondrously romantic young woman who tried to survive in a world of increasingly normalized gendered violence. It traces the story of her childhood, her early romance with a handsome--but insecure and possessive--older man, through the exhilarating weeks leading up to that fateful July morning, a summer when Liliana loved, thought, and traveled more widely and freely than she ever had before""--"
882,Living authentically :,
882,The lost plays of Greek tragedy /,
882,Marriage to death :,"The link between weddings and death - as found in dramas ranging from Romeo and Juliet to Lorca's Blood Wedding - plays a central role in the action of many Greek tragedies. Female characters such as Kassandra, Antigone, and Helen enact and refer to significant parts of wedding and funeral rites, but often in a twisted fashion. Over time the pressure of dramatic events causes the distinctions between weddings and funerals to disappear. In this book Rush Rehm considers how and why the conflation of the two ceremonies comes to theatrical life in the tragedies of Aeschylus, Sophokles, and Euripides. By focusing on the dramatization of important rituals conducted by women in ancient Athenian society, Rehm offers a new perspective on Greek tragedy and the challenges it posed for its audience. The conflation of weddings and funerals, the author argues, unleashes a kind of dramatic alchemy whereby female characters become the bearers of new possibilities. Such a formulation enables the tragedians to explore the limitations of traditional thinking and acting in fifth-century Athens. Rehm finds that when tragic weddings and funerals become confused and perverted, the aftershocks disturb the political and ideological givens of Athenian society, challenging the audience to consider new, and often radically different, directions for their city."
882,The masks of Menander :,
882,Masterpieces of classic greek drama,
882,The materialities of Greek tragedy :,"Situated within contemporary posthumanism, this volume offers theoretical and practical approaches to materiality in Greek tragedy. Established and emerging scholars explore how works of the three major Greek tragedians problematize objects and affect, providing fresh readings of some of the masterpieces of Aeschylus, Sophocles, and Euripides."
882,Medea ;,"Euripides was one of the most popular and controversial of all Greek tragedians, and his plays are marked by an independence of thought, ingenious dramatic devices, and a subtle variety of register and mood. He is also remarkable for the prominence he gave to female characters, whether heroines of virtue or vice. In the ethically shocking Medea, the first known child-killing mother in Greek myth to perform the deed in cold blood manipulates her world in order to wreak vengeance on her treacherous husband. Hippolytus sees Phaedra's confession of her passion for her stepson herald disaster, while Electra's heroine helps her brother murder their mother in an act that mingles justice and sin. Lastly, lighter in tone, the satyr drama, Helen, is an exploration of the impossibility of certitude as brilliantly paradoxical as the three famous tragedies."
882,Medea /,
882,Medea /,
882,Medea and other plays /,
882,Medea and other plays /,
882,Medea and other plays /,
882,Medea and other plays /,
882,Menander /,
882,Menander and the making of comedy /,
882,The Moth presents a point of beauty :,"""From storytelling phenomenon and hit podcast The Moth, featuring contributions from Elizabeth Gilbert, Quiara Alegría Hudes, and Lin-Manuel Miranda alongside tales of an international rescue mission for Paddington Bear, a family matriarch running numbers in Detroit, an epic Lucha libre showdown in Mexico City, and more. An inspiring and entertaining collection of unforgettable true stories about finding unexpected beauty in life's transitions. Carefully selected by the creative minds at The Moth and adapted to the page to preserve the raw energy of stories told live, onstage and without notes, readers of The Moth Presents: A Point of Beauty will encounter moments that cut and moments that heal. If we look closely enough, we can find real beauty in moments when our lives change forever-for better or for worse""--"
882,"Mystery cults, theatre and Athenian politics :","""This new comparative reading of Euripides' Bacchae and Aristophanes' Frogs sets the two plays squarely in their contemporary social and political context and explores their impact on the audiences of the time. Both were composed during a crucial period of Athenian political life following the oligarchic seizure of power in 411 BC and the restoration of democracy in 410 BC, and were in all likelihood produced nearly simultaneously a few months before the rise of the Thirty Tyrants and the ensuing civil war. They also demonstrate significant similarities that are particularly notable among extant Attic theatre productions, including the role of the god Dionysos as protagonist and architect of religious and political action, and the presence of Demetrian and Dionysiac mystic choruses as proponents of the appeasement of civil discord as the cure for Athens' ills. Focusing on the mystic, civic and political content of both Bacchae and Frogs, this volume offers not only a new reading of the plays, but also an interdisciplinary perspective on the special characteristics of mystery cults in Athens in their political context and the nature of theatrical audiences and their reaction to mystic themes. Its illumination of the function of each play at a pivotal moment in fifth-century Athenian politics will be of value to scholars and students of ancient Greek drama, religion and history""--"
882,Myth and society in Attic drama /,
882,Narrative in drama :,
882,Nothing is as it seems :,
882,The Oedipus cycle :,"""The ancient myth of Oedipus, which still reverberates to this day, provided Sophocles with material for three great tragedies -- Oedipus Rex, Oedipus at Colonus, and Antigone -- that together recount the downfall of Oedipus, king of Thebes, his death in exile, and the action carried out after his death by his daughter Antigone""--Back cover."
882,Oedipus Rex /,
882,Oedipus Rex /,
882,Oedipus the King ;,"Sophocles stands as one of the greatest dramatists of all time, and one of the most influential on artists and thinkers over the centuries. In these four tragedies he portrays the extremes of human suffering and emotion, turning the heroic myths into supreme works of poetry and dramatic action. Oedipus the King follows Oedipus, the 'man of sorrow', who has unwittingly chosen to enact his prophesied course by murdering his father and marrying his mother. In Aias, the great warrior confronts the harrowing humiliation inflicted upon him, while Philoctetes sees a once-noble hero nursing his resentment after ten years of marooned isolation. In Oedipus at Colonus the blind Oedipus, who has wandered far and wide as a beggar, finally meets his mysterious death. These original and distinctive verse translations convey the vitality of Sophocles' poetry and the vigour of the plays in performance. Each play is accompanied by an introduction and substantial notes on topographical and mythical references and interpretation."
882,Oedipus the king /,"""Oedipus the King is a central work of western literature, a play for which the term 'canonical' might have been invented; yet there has been no new critical edition of the play with introduction and detailed commentary (editio maior) in any language since 1883""--"
882,Oedipus the king /,
882,Oedipus tyrannus :,
882,Oedipus tyrannus /,
882,On editing Aeschylus :,
882,On the Hymn to Zeus in Aeschylus' Agamemnon /,
882,The Oresteia /,
882,The Oresteia /,
160,A concise introduction to logic /,
160,A to Z of critical thinking /,This definitive A to Z guide provides precise definitions for over 130 terms and concepts used in critical thinking. Each entry presents a short definition followed by a more detailed explanation and authoritative clarification.
160,Acceptable premises :,
160,Advances in intensional logic /,"Intensional logics have their origin and use in research areas ranging from linguistics, cognitive science, and artificial intelligence to philosophy and computer science. This volume presents an up-to-date account of current trends in intensional logic. Consisting of 9 original research papers preceded by a survey of recent developments, the volume highlights recent advances in a number of interdisciplinary areas, including traditional philosophical concerns about correct descriptions and abstract objects; the use of intensional languages as descriptive tools for finite graphs; proof-theoretical considerations; general strategies of 'modalizing' calculi usually perceived to be non-modal; and mathematical foundations of intensional logics. The book is aimed at graduate students and researchers in pure and applied logic."
160,Advances in modal logic /,
160,Agency and deontic logic /,
160,Argumentation :,
160,"Aristatle, On interpretation /",
160,Aristotelis Organon graece =,
160,Aristotle and logical theory /,
160,Aristotle's Posterior analytics /,
160,Aristotle's theory of predication /,
160,Arrow logic and multi-modal logic /,
160,The art of reasoning /,
160,The art of reasoning /,
160,Aspects of a theory of singular reference :,
160,"Avicenna, the healing, logic : isagoge :","""The Kitāb al-Madḫal (""Book of the Isagoge"") is crucial for anyone who aims to fully understand Avicenna's (d. 1037) theory of universal predicables at the crossroads between logic and metaphysics. Also, it is the only work of the Šifā' to have been entirely available in Latin by the twelfth century. This book offers a new edition of the Arabic text, accompanied by an English translation and by the first commenentary on the whole work.""--"
160,Becoming a critical thinker /,
160,Before logic /,
160,Bertrand Russell on modality and logical relevance /,
160,Better reasoning :,
160,Birds in egg /,
882,Buddhist logic /,
882,Buddhist logic /,
882,Buddhist logic /,
160,Cartesian logic :,
160,The character of logic in India /,
160,Charles S. Peirce's method of methods /,
160,A commentary on Hegel's logic /,
160,A commentary to Hegel's Science of logic /,
160,Communication and argument :,
160,Compendium of the study of theology /,
160,Concept and judgment in Brentano's logic lectures :,"""Concept and Judgment in Brentano's Logic Lectures is concerned with a crucial aspect of Brentano's philosophy as it was developed in his logic lectures from c. 1870 to c. 1885. The first part of the volume is an analysis of his theory of concept and judgment. The second part consists of materials, including a German edition and English translation of notes that a student took from a lecture course that Brentano gave. A short book by this student on Brentano is also translated in the materials. The access to Brentano's philosophy is enhanced by this volume not only with regard to his logic as a theory of deductive inference, but also to his descriptive psychology, metaphysics, and philosophy of language""--"
160,A concise introduction to logic /,
160,A concise introduction to logic /,
160,A concise introduction to logic /,
160,A Concise introduction to logic /,
160,Conditionals /,
160,The Conimbricenses :,
160,The construction of logical space /,
160,Context and the attitudes /,
160,Cooperative argumentation :,
160,The craft of thinking :,
160,Critical reasoning :,
160,Critical reasoning :,
160,Critical thinking :,"We are bombarded daily with vast amounts of information, much of it using faulty logic. From adverts to blogs, television to newspapers, knowing what to believe is a daunting task. Critical Thinking: A Beginner’s Guide teaches you how to analyze people’s arguments and explains the main ""fallacies"" that are used to deceive and confuse. With a wealth of real life examples, a glossary, and plenty of diagrams, this is an invaluable tool for both students wanting to improve their grades and general readers in search of clarity."
160,Critical thinking :,"Critical thinking: a concise guide is a much-needed guide to argument analysis and a clear introduction to thinking clearly and rationally for oneself. Through precise and accessible discussion this book equips students with the essential skills required to tell a good argument from a bad one. This third edition has been revised and updated throughout, with new exercises, and up-to-date topical examples, including: ""real-world"" arguments; practical reasoning; understanding quantitative data, statistics, and the rhetoric used about them; scientific reasoning; and expanded discussion of conditionals, ambiguity, vagueness, slippery slope arguments, and arguments by analogy."
160,Critical thinking :,"We are frequently confronted with arguments. Arguments are attempts to persuade us – to influence our beliefs and actions – by giving us reasons to believe this or that. Critical Thinking: A Concise Guide will equip students with the concepts and techniques used in the identification, analysis and assessment of arguments. Through precise and accessible discussion, this book provides the tools to become a successful critical thinker, one who can act and believe in accordance with good reasons, and who can articulate and make explicit those reasons."
160,Critical thinking :,"We are frequently confronted with arguments. Arguments are attempts to persuade us - to influence our beliefs and actions - by giving us reasons to believe this or that. Critical Thinking: A Concise Guide will equip students with the concepts and techniques used in the identification, analysis and assessment of arguments whatever the subject matter or context. Through precise and accessible discussion, this book provides the tools to become a successful critical thinker, one who can act and believe in accordance with good reasons, and who can articulate and make explicit those reasons."
160,Critical thinking :,
160,Critical thinking :,
441,Critical thinking :,
160,Critical thinking :,"This book offers an innovative skill-based approach to critical thinking that provides step-by-step tools for examining arguments. Users build a complete skill set by recognizing, analyzing, diagramming, and evaluating arguments. Later chapters encourage application of the basic skills to categorical, truth-functional, analogical and inductive, and causal arguments as well as fallacies. Exercises throughout the book engage readers in active learning, integrate writing as part of the critical thinking process, and emphasize skill transference."
160,Critical thinking :,
160,Critical thinking :,
160,Critical thinking :,
160,Critical thinking :,"""This helpful book is your personal toolkit for critical thinking. Author Tom Chatfield will show you how to sharpen your critical thinking by developing and practicing this specific set of skills, so you can: Spot an argument and understand why reasoning matters; Discover errors and evaluate evidence; Understand and account for bias; Become a savvy user of technology; and Develop clear, confident critical writing""--Publisher's website."
160,Critical thinking /,
160,Critical thinking /,
160,Critical thinking /,
160,Critical thinking /,
160,Critical thinking for college students /,
441,Critical thinking skills :,
160,Critical thinking skills :,
160,The critical thinking toolkit :,
160,Dao companion to Chinese philosophy of logic /,"This book is a companion to logical thought and logical thinking in China with a comparative and interdisciplinary perspective. It introduces the basic ideas and theories of Chinese thought in a comprehensive and analytical way. It covers thoughts in ancient, pre-modern and modern China from a historical point of view. It deals with topics in logical (including logico-philosophical) concepts and theories rooted in China, Indian and Western Logic transplanted to China, and the development of logical studies in contemporary China and other Chinese communities. The term “philosophy of logic” or “logico-philosophical thought” is used in this book to represent “logical thought” in a broad sense which includes thinking on logical concepts, modes of reasoning, and linguistic ideas related to logic and philosophical logic. Unique in its approach, the book uses Western logical theories and philosophy of language, Chinese philology, and history of ideas to deal with the basic ideas and major problems in logical thought and logical thinking in China. In doing so, it advances the understanding of the lost tradition in Chinese philosophical studies."
160,Deducibility and decidability /,
160,Deductive logic /,
160,The democratic peace and territorial conflict in the twentieth century /,
160,The development of Arabic logic /,
160,Deviant logic :,
160,Dewey's new logic :,
160,Dialectic /,
160,Dialectica :,
160,Do you think you're clever? :,"Is nature natural? What books are bad for you? What percentage of the world's water is contained in a cow? Deftly exploring the twisting paths your mind can take when really made to think, John Farndon provides a sparkling tour de force through lateral thinking from philosophy to physics and literature to logarithms."
160,Early writings in the philosophy of logic and mathematics /,
160,Elementary formal logic /,
160,Elementary logic /,
160,Elements of formal semantics :,
160,The elements of reasoning /,
160,The elements of reasoning /,
160,The elements of reasoning /,
160,Epistemic logic :,
160,Epistemic logic in the later Middle Ages /,"Since the end of the Middle Ages, epistemic logic is an area that has been almost entirely neglected. Ivan Boh has produced the first comprehensive study of one of the most exciting areas in medieval philosophy."
160,"Epistemology, logic and grammar in Indian philosophical analysis /","This landmark classic marks the beginning of a new approach to Indian philosophy. While older approaches were born from the assumption that critical thinking was unknown to the East and all philosophical endeavor was assumed to be a manifestation of religious doctrine or a form of mysticism, Matilal brilliantly succeeds in dispelling these assumptions and so opens up the rich traditions of Indian philosophical analysis to the modern reader."
160,Essays in logic and ontology /,
160,Essays in logic from Aristotle to Russell.,
160,Essays on Hegel's logic /,
160,Experience and judgment :,
160,Facts and obligations /,
160,The force of argument :,
160,Form and validity in Indian logic /,
160,Formal logic /,
160,Forms of thought :,
160,Foundations :,
160,Foundations of logic and linguistics :,
160,Fundamentals of critical argumentation /,
160,The genealogy of disjunction /,"This study examines the textbook myths that have clouded our understanding of how or and other ""logical"" vocabulary comes to have something approaching its logical meaning in natural languages. Jennings finds that much of our understanding of the relationship between logic and natural language has been based upon mistaken assumptions about the character of or and other ""logical"" vocabulary of natural language, and ultimately upon mistaken beliefs about the nature of human thought and language. Jennings's approach considers the various historical conceptions of disjunction from its place in the logic of the Stoics to the present day."
160,Handbook of philosophical logic /,
160,Handbook of philosophical logic /,
160,Handbook of the history of logic /,
160,Hegel's critique of essence :,
160,Hegel's logic :,
160,Historical foundations of informal logic /,
160,"A history of the municipal councils of Hong Kong, 1883-1999 :",
160,How to think like a philosopher :,"As politics slides toward impulsivity, and outrage bests rationality, how can philosophy help us critically engage with the world? How to Think Like a Philosopher is a revelatory exploration of the methods, tenets and attitudes of thought that guide philosophy, and how they can be applied to our own lives. Drawing on decades of enquiry and a huge range of interviews, Julian Baggini identifies twelve key principles that promote incisive thinking. Pay attention; question everything; seek clarity, not certainty: these are just a few of philosophy's guiding maxims which can be applied to everything from understanding the impact of climate change to correctly appraising our own temperaments. Both a fresh introduction to philosophy covering canonical and contemporary philosophers, and an essential, practical guide to good thinking, How to Think Like a Philosopher shows us the way to a more humane, balanced and rational approach to thinking, to politics, and to life."
160,How to think like a philosopher :,"""By now, it should be clear: in the face of disinformation and disaster, we cannot hot take, life hack, or meme our way to a better future. But how should we respond instead? In How to Think like a Philosopher, Julian Baggini turns to the study of reason itself for practical solutions to this question, inspired by our most eminent philosophers, past and present. Baggini offers twelve key principles for a more human, balanced, and rational approach to thinking: pay attention; question everything (including your questions); watch your steps; follow the facts; watch your language; be eclectic; be a psychologist; know what matters; lose your ego; think for yourself, not by yourself; make connections, not theories; and don't give up. Each chapter is chockfull of real-world examples showing these principles at work-from the discovery of penicillin to the fight for trans rights-and how they lead to more thoughtful conclusions. More than a book of tips and tricks (or ways to be insufferably clever at parties), How to Think like a Philosopher is an invitation to develop the habits of good reasoning that our world desperately needs""--"
160,"Ideas, mental faculties, and method :",
160,"If A, then B :",
160,Indian logic /,
160,Indifference arguments /,"In this book Stephen Makin offers a striking new account of some intriguing but neglected arguments - indifference arguments - and of the presocratic atomism underpinned by indifference reasoning. Used by Parmenides, Democritus, Plato, Aristotle and Leibniz as well as some contemporary philosophers, indifference arguments start from claims about a balance of reasons or an absence of asymmetries. While some provide plausible support for surprisingly strong conclusions, others produce no conviction. Here, Makin offers an account of indifference arguments and provides answers to such philosophical questions as 'What makes a good piece of indifference reasoning?', 'How do the arguments work?', 'Do they involve claims about the rationality of belief?', 'Do they entail metaphysical commitments?'. The account that is presented of the Democritean atomic theory strongly emphasizes the continuity of atomism with earlier thought. A number of Zeno's arguments are considered, and there is some discussion of other Eleatics. Indifference arguments in other ancient philosophers, such as Anaximander and Aristotle, also receive attention. The book will be of interest to all those concerned with ancient philosophy and philosophical logic."
160,Inference and fallacies discussed in ancient Indian logic :,
160,Inference and fallacies discussed in ancient Indian logic :,
160,Inference from signs :,
160,Inference in Indian and Western logic /,
160,An introduction to classical and modal logics :,"""This lively and accessible textbook provides a comprehensive and unified introduction to classical and modal logics, treating them with the same level of rigour and detail and showing how they fit together. A fully self-contained learning resource, it will be ideal for upper-level university courses""--"
160,Introduction to critical thinking /,
160,An introduction to formal logic /,
160,An introduction to Hegel's logic /,
160,Introduction to logic /,
160,Introduction to logic /,
160,Introduction to logic and critical thinking /,"Designed for students with no prior training in logic, INTRODUCTION TO LOGIC AND CRITICAL THINKING offers an accessible treatment of logic that enhances understanding of reasoning in everyday life. The text begins with an introduction to arguments. After some linguistic preliminaries, the text presents a detailed analysis of inductive reasoning and associated fallacies. This order of presentation helps to motivate the use of formal methods in the subsequent sections on deductive logic and fallacies. Lively and straightforward prose assists students in gaining facility with the sometimes challenging concepts of logic. By combining a sensitive treatment of ordinary language arguments with a simple but rigorous exposition of basic principles of logic, the text develops students' understanding of the relationships between logic and language, and strengthens their skills in critical thinking."
160,Introduction to logical theory /,
160,Introduction to medieval logic /,"Medieval logicians advanced far beyond the logic of Aristotle, and this book attempts to demonstrate the magnitude of their achievement. Walter Burley, William Ockham, John Buridan, Albert of Saxony, and Paul of Venice are among the great figures examined."
160,An introduction to modal logic /,
160,An introduction to probability and inductive logic /,
160,An introduction to substructural logics /,
882,Introductory debate in Tibetan Buddhism /,
160,An Investigation of the laws of thought :,
160,Invitation to critical thinking /,
160,Irrationality :,"It's a story we can't stop telling ourselves. Once, humans were benighted by superstition and irrationality, but then the Greeks invented reason. Later, the Enlightenment enshrined rationality as the supreme value. Discovering that reason is the defining feature of our species, we named ourselves the ""rational animal."" But is this flattering story itself rational? In this sweeping account of irrationality from antiquity to today--from the fifth-century BC murder of Hippasus for revealing the existence of irrational numbers to the rise of Twitter mobs and the election of Donald Trump--Justin Smith says the evidence suggests the opposite. From sex and music to religion and war, irrationality makes up the greater part of human life and history. Rich and ambitious, Irrationality ranges across philosophy, politics, and current events. Challenging conventional thinking about logic, natural reason, dreams, art and science, pseudoscience, the Enlightenment, the internet, jokes and lies, and death, the book shows how history reveals that any triumph of reason is temporary and reversible, and that rational schemes, notably including many from Silicon Valley, often result in their polar opposite. The problem is that the rational gives birth to the irrational and vice versa in an endless cycle, and any effort to permanently set things in order sooner or later ends in an explosion of unreason. Because of this, it is irrational to try to eliminate irrationality. For better or worse, it is an ineradicable feature of life. Illuminating unreason at a moment when the world appears to have gone mad again, Irrationality is fascinating, provocative, and timely."
882,The is-ought problem :,"Can OUGHT be derived from IS? This book presents a systematic investigation of this time-honored philosophical problem by means of modern alethic-deontic predicate logic. Two comprehensive introductory chapters into the philosophical and logical foundations make the text understandable also for non-logicians ethicists, social scientists and students of philosophy. New in this study are two leitmotifs: relevance and metalogical generality. It turns out that is-ought inferences indeed exist, but they are all irrelevant in a precise logical sense. New proof techniques allow to establish this result for very broad classes of logics. A profound philosophical investigation of the question of analytical or strongly intersubjective is-ought bridge principles supplements the logical study. The final results imply incisive limitations for the justifiability of ethics as opposed to empirical science."
160,Issues & arguments /,
160,"Judgment, rhetoric, and the problem of incommensurability :","""Nola J. Heidlebaugh considers the question of how, in an age of diversity and pluralism, contemporary society can productively address divisive issues. Looking at the dominant postmodern understandings of rhetoric, as well as at arguments extracted from Thomas S. Kuhn's The Structure of Scientific Revolutions. Heidlebaugh finds that many social debates are regarded as intractable because of an incommensurability between the conceptions figuring in the competing positions taken. She offers a redefinition of rhetoric that moves beyond stalemates and produces more inventive arguments.""--BOOK JACKET."
160,Knowledge and demonstration :,
160,Language and clear thinking : an introduction to logic.,
160,The languages of logic :,
160,The languages of logic :,
882,Laws and other worlds :,
160,The laws of discursive thought :,
160,Logic :,"Understand Logic is a comprehensive introduction to this fascinating though sometimes challenging subject. As well as looking at logic in theoretical terms the book considers its everyday uses and demonstrates how it has genuine practical applications. It will take you step by step through the most difficult concepts and is packed with exercises to help you consolidate your learning at every stage. Covering everything from syllogistic logic to logical paradoxes and even looking at logic in Alice in Wonderland, this is the only guide you will ever need."
160,Logic :,
160,Logic :,"Logic is often perceived as having little to do with the rest of philosophy, and even less to do with real life. In this lively and accessible introduction, Graham Priest shows how wrong this conception is. He explores the philosophical roots of the subject, explaining how modern formal logic deals with issues ranging from the existence of God and the reality of time to paradoxes of probability and decision theory. Along the way, the basics of formal logic are explained in simple, non-technical terms, showing that logic is a powerful and exciting part of modern philosophy. In this new edition Graham Priest expands his discussion to cover the subjects of algorithms and axioms, and proofs in mathematics. ABOUT THE SERIES: The Very Short Introductions series from Oxford University Press contains hundreds of titles in almost every subject area. These pocket-sized books are the perfect way to get ahead in a new subject quickly. Our expert authors combine facts, analysis, perspective, new ideas, and enthusiasm to make interesting and challenging topics highly readable."
160,Logic :,
160,Logic :,"Alongside comprehensive coverage of the standard topics, this thoroughly revised second edition also introduces several philosophically important nonclassical logics, free logics, and modal logics, and gives the reader an idea of how they can take their knowledge further. With its wealth of exercises (solutions available in the encyclopedic online supplement), Logic: The Basics is a useful textbook for courses ranging from the introductory level to the early graduate level, and also as a reference for students and researchers in philosophical logic."
160,Logic :,
160,Logic and contemporary rhetoric :,"LOGIC AND CONTEMPORARY RHETORIC: THE USE OF REASON IN EVERYDAY LIFE, 13th Edition, introduces you to sound reasoning using current, relevant, and stimulating examples in a witty and invigorating writing style. Combining examples from television, newspapers, magazines, advertisements, and our nation's political dialogue, this classic text brings the concepts to life and puts critical-thinking skills into a context that you will retain and use throughout your life."
160,Logic and contemporary rhetoric :,
160,Logic and contemporary rhetoric :,
160,"The logic and debate tradition of India, Tibet, and Mongolia :",
441,Blueprint for world conquest /,
441,Bridging east and west :,"The amazing inter-cultural correspondence (1919-1940) between two cultural icons of the twentieth century, Nobel laureates from the East and the West: the Indian poet Rabindranath Tagore (1861-1941) and the French novelist, playwright, and biographer, Romain Rolland (1866-1944), has remained undiscovered for far too long. This work brings together, for the first time in English, these letters and telegrams that are among the finest exchanges of thought between the East and the West, and script the intellectual history of that period. It is also the story of a profound friendship, where Tagore and Rolland unlock their hearts to each other. The book also records the differences of opinion and misunderstandings between the two outstanding humanists of contemporary history, who often felt isolated in their own countries, on serious issues like Gandhi and Fascism. It comprises Rolland's correspondence with the radical Saumyendranath Tagore, and the whole debate on the Tagore-Mussolini controversy. This majestic and serene correspondence, comprising 46 letters and telegrams, along with three dialogues between the two at various times, as well as letters by Rathindranath Tagore and others, is a journey towards the imaging of a different world which would create the possibility of a new space outside cultural hegemony. Edited and annotated by one of India's foremost French scholars, it is one of the most important quests for an alternative discourse in the last century."
441,Collected poems and plays of Rabindranath Tagore.,
441,The crescent moon /,"In The Crescent Moon, Rabindranath Tagore brings alive the world of a child—in some poems he describes the simple joys of children at play, while in others, he feels the bonds of affection between mother and child, and in yet others, he expresses wonder at the earthly beauty all around us. Also included here are some of his most thought-provoking stories with themes that are relevant for children. In ‘The Kabuliwalla’ little Minnie becomes friendly with a burly Afghan man, but will she remember him when he returns after many years? ‘The Parrot’s Tale’ is an allegory about the perils of the modern system of education, and ‘The Kingdom of Cards’, set in a fantasy land of cards, is a powerful statement against the stifling of freedom of any kind."
441,"The crossbow, mediaeval and modern, military and sporting :",
441,Émigrés :,"""This is a study of French words and phrases which, untranslated, have entered the English lexicon. Historians calculate that English, since 1500, has borrowed more words from French than from any other modern foreign language. While it has naturalized many of these words, some have visibly retained their foreign roots, leading varied lives in the English-speaking world while eluding translation and resisting integration. Carrying traces of their French roots in the challenges of spelling and pronunciation they pose to native users of English, often set in italic type to distinguish them from the English surrounding them, they are, so to speak, émigrés: French foreigners in our midst. It was primarily in the 1660s that a cluster of phrases and terms with French roots - à- la-mode, ennui, naïveté, caprice -came to prominence in English as Restoration England was Frenchified by Charles II and his court. More often than not these foreign words have been enthusiastically adopted by English users, as if they lent the language a certain je-ne- sais-quoi that would otherwise elude English expression and leave it tantalisingly incomplete, though occasionally the adoption of these words has met with fear and hostility, in a reflection of the ambivalent reception that has so often awaited the foreigners who count these words as part of their native language. Richard Scholar asks several interesting questions: What uses do French foreign words serve in English? To what extent have these uses changed the meanings of the words in French language and culture? And what does the study of these words reveal of the broader relations between neighbouring languages, cultures, and societies? In addressing these questions the author explores what meanings and associations these words have brought with them from the French tradition, and he places their emergence in English within the wider context of early modern social and cultural attitudes towards foreign cultures, their mediators, and the fashion for all things French""--"
441,Exploring British politics /,
441,Flux coordinates and magnetic field structure :,
441,Gitanjali reborn :,"Radice, himself a recognized English poet and erudite scholar, delved into the deeper meaning of Tagore’s poems and songs, and discussed his ideas on education and the environment with an insight probably no other Westerner has. He also translated Tagore’s short stories and short poems, and finally was able to make a complete breakthrough by translating Gitanjali afresh and restoring Tagore’s original English manuscript. Martin Kämpchen lives in Santiniketan, West Bengal and Germany and is a reputed Tagore scholar and writer."
441,Governing the UK :,
441,Histoire de l'éducation /,
441,How Westminster works... and why it doesn't /,"British politics is broken.Anyone sitting down to watch the news will get the sense that something has gone terribly wrong. We have prime ministers who detonate the economy, secretaries of state who are intellectually incapable of doing the job and MPs who seem temperamentally unsuited to the role. Expertise is denigrated. Lies are rewarded. And deep-seated, long-lasting national problems go permanently unresolved. Most of us have a sense that the system doesn't work, but we struggle to articulate exactly why. Our political and financial system is cloaked in secrecy, archaic terminology, ancient custom and impenetrable technical jargon.Lifting the lid on British politics, How Westminster Works . . . and Why It Doesn't exposes every aspect of the system in a way that can be understood and challenged, from the heights of Downing Street to the depths of the nation's newsrooms, from the hallways of the civil service to the green benches of the Commons.Based on interviews with some of the leading voices in politics, from former occupants of No.10 to key figures in Whitehall, Westminster and Fleet Street, Ian Dunt provides exactly what people in power have always tried to avoid: a full description of the mechanisms of British government. And a vision of how we can fix it."
441,In praise of Annada /,"In 1752, the Bengali poet Bharatchandra Ray completed a long narrative poem dedicated to the glory of Annada, Shiva's consort and the divinity who, as her name proclaims, ""bestows the bounty of rice."" A poet well versed in Sanskrit, Persian, and Hindi--all of which enrich his work--Bharatchandra took up the literary performance genre maṅgalkāvya and thoroughly transformed it, addressing the aesthetic tastes of the court rather than of the traditional village audience. He added depth and sensitivity to well-known legends, along with allusions to his own experiences of poverty, and more than a dash of mischievous wit. The first volume narrates Annada's origins, including the building of her city and temple under Shiva's direction and the spread of her worship, and incorporates praise of his patron, the Nadia royal family. This translation, the first into English, accompanies the original text in the Bangla script. Lively and entertaining, In Praise of Annada was regarded as a major achievement in its own time and remains a treasure of Bengali literature.--"
441,Japan`s new middle class :,
441,Lettres choisies /,
441,Mastering British politics /,
441,The new American society :,
441,On Tagore :,
441,The origins of primitive methodism /,
441,Outcast London :,"SOCIAL & CULTURAL HISTORY. In the second half of the nineteenth century, Victorian middle and upper classes felt increasingly threatened by the masses of outcast London. Gareth Stedman Jones, working from a mass of statistical and documentary evidence, argues that after 1850 London passed through a crisis of social and economic development. Outcast London is a fascinating and important study of the problem at the center of the crisis: the casual poor and their fraught relations with the labor market, with housing and with middle-class London."
441,Poems /,
441,Political institutions in the United Kingdom /,
441,Politics and governance in the UK /,
441,Practical French phonetics /,
441,Rabindranath Tagore :,
441,Rabindranath Tagore's Gora /,
441,Reconstucting ancient linen body armor :,
441,The rich and the super-rich :,
441,Selected poems /,
441,Tagore :,
441,Tagore beyond borders :,"""This book looks at Rabindranath Tagore's creative art, social commitment, literary and artistic representation and his unique legacy in the cultural history of modern India-as a blend of the quintessentially Indian and the liberal universalist. Tagore's genius, which he expressed through his poetry, songs, paintings, drama and philosophy, is celebrated across the globe. In 1913, he was awarded the Nobel prize for Literature for his volume of poetry, Gitanjali (Song Offerings), making him the first Nobel laureate from Asia. This volume of essays celebrates his intellectual engagements and his incredible legacy by discussing the diverse ways in which his works have been reinterpreted, adapted and translated over the years. It analyses his perspectives on modernity, nationalism, liberation, education, post-colonialism and translatability, and their relevance today. The leitmotif is a Tagore who, while imaginable as made possible only within the Indian tradition, eludes attempts aimed at identification with a national culture and remains a 'cosmopolitan' in the best sense of the term. This volume will be of interest to readers and researchers in the fields of literature, philosophy, political science, cultural studies, Asian studies, South Asian studies, and Tagore studies. Fans of Tagore will also find this an interesting read as it presents many little knows aspects of the poet's work""--"
441,Twentieth century borrowings from French to English :,"French has long been the donor language par excellence in the history of English. French has contributed to the English vocabulary in the form of new words since before the Norman Conquest. The French influence on the English lexicon represents the focus of linguistic concern in a considerable number of investigations of the language and its development. Yet French borrowings which have recently been adopted into English have as yet figured little if at all in such studies. The present study sets out to shed light on the French impact on English in the recent past. The results presented in this book are based on a corpus of 1677 twentieth-century French borrowings collected from the Oxford English Dictionary Online. On the basis of their meanings, the words under consideration have been assigned to different subject fields in order to give a tour d'horizon of the manifold areas and spheres of life enriched by French in recent times. The first part of the present investigation concentrates on the phonological and orthographical reception of the various borrowings. The focus of this study is on the semantic development of the French borrowings in comparison to their sources in the donor language. Emphasis has been placed upon analysing whether a particular meaning a borrowing assumes after its first attested use is taken over from French, or whether it represents an independent semantic change within English."
441,Universalist hopes in India and Europe :,
441,Who governs Britain? /,"The British system has been radically transformed in recent decades, far more than most of us realise. As acclaimed political scientist and bestselling author Anthony King shows, this transformation lies at the heart of British politics today. Imagining - or pretending - that the British political system and Britain's place in the world have not greatly changed, our political leaders consistently promise more than they can perform. Political and economic power is now widely dispersed both inside and outside the UK, but Westminster politicians still talk the language of Attlee and Churchill. How exactly has the British system changed? Where does power now lie? In Who Governs Britain?, King offers the first assessment in many years of Britain's governing arrangements as a whole, providing much needed context for the 2015 general election."
441,Who governs Britain? /,"The British system has been radically transformed in recent decades, far more than most of us realise. As acclaimed political scientist and bestselling author Anthony King shows, this transformation lies at the heart of British politics today. Imagining - or pretending - that the British political system and Britain's place in the world have not greatly changed, our political leaders consistently promise more than they can perform. Political and economic power is now widely dispersed both inside and outside the UK, but Westminster politicians still talk the language of Attlee and Churchill. How exactly has the British system changed? Where does power now lie? In Who Governs Britain?, King offers the first assessment in many years of Britain's governing arrangements as a whole, providing much needed context for the 2015 general election."
716,Across the Great Divide :,
716,Basil Valentine his Triumphant chariot of antimony :,
716,Concerto al-Quds /,"At the age of eighty-six, Adonis, an Arabic poet with Syrian origins, a critic, an essayist, and a devoted secularist, has come out of retirement to pen an extended, innovative poem on Jerusalem/Al-Quds. It is a hymn to a troubled city embattled by the conflicting demands of Jews, Christians, and Muslims. Adonis's city, as a coveted land, ought to suggest the universal love of humanity; as a land of tragedy, a place of contending history and beliefs, and a locus of bitterness, conflict, hatred, rivalry, and blood. Wrapping multiple voices, historical references, and political viewpoints within his ecstatic lyricism, Adonis has created a provocative work of unique beauty and profound wisdom, beautifully rendered in English by award-winning poet Khaled Mattawa."
716,A Crack in the wall :,
716,Egyptian colloquial poetry in the modern Arabic canon :,
716,The environment program :,
716,Environmental awakening :,
716,Handbook of youth mentoring /,
716,Home-grown school feeding : a framework to link school feeding with local agricultural production /,
716,Making ancient cities :,
716,Metrical structure of Arabic /,
716,My happiness bears no relation to happiness :,
716,Post-secondary education on the edge :,
716,Promoting child and parent wellbeing :,"Informed by a wealth of research, this accessible book focuses on a strengths-based approach to promoting children's wellbeing and giving them the best opportunities to succeed. By identifying risk factors and the protective factors which can be used to counter them, this book stresses the importance of preventative measures and early intervention to effectively support parents and their children. It shows that there are many protective factors and practices that parents, teachers and carers can employ to support children's development, promote mental and emotional wellbeing, and reduce the risks of crime and anti-social behaviour. Each section explores the issues associated with specific age groups, from pregnancy to early teens. It identifies areas that should be a key focus for practitioners and services such as promoting attachment and communication, and highlights effective practices such as motivational interviewing and cognitive behavioural therapy (CBT). Bringing together the international evidence-base concerning ways of working with young children and their families, this book offers practical advice for practitioners, managers and commissioners of services across health and social care."
716,Rabbit's blues :,"In his eulogy of saxophonist Johnny Hodges, Duke Ellington ended with the words, ""Never the world's most highly animated showman or greatest stage personality, but a tone so beautiful it sometimes brought tears to the eyes--this was Johnny Hodges. This is Johnny Hodges."" Hodges' unforgettable tone resonated throughout the jazz world over the greater part of the twentieth century. As a teenager, Hodges developed his playing style by imitating Sidney Bechet, the New Orleans soprano sax player, then honed it in late-night cutting sessions in New York and a succession of bands lead by Chick Webb, Willie ""The Lion"" Smith, and Luckey Roberts. In 1928 he joined Duke Ellington, beginning an association that would continue, with one interruption, until Hodges' death. Hodges' celebrated technique and silky tone marked him then, and still today, as one of the most important and influential saxophone players in the history of jazz."
716,The school food revolution :,
716,Sonic technologies :,
716,Sonic technologies :,
824,当代英文散文选读 /,
824,当代英文散文选读 /,
824,A century of English essays : Everyman's Library No. 653.,
824,A companion to Shakespeare studies /,
824,Achievements of the left hand :,
824,Across the plains :,
824,ACSM's resource manual for Guidelines for exercise testing and prescription /,
824,ACSM`s exercise management for persons with chronic diseases and disabilities /,
824,The advancement of learning /,
824,Aldous Huxley's Hearst essays /,
824,An atlas of histology /.,
824,Angelo Mosso's Circulation of blood in the human brain /,"The result is a classic of neuroscience now available for wide appreciation by neuroscientists, neurologists, psychologists, psychiatrists, historians of science and medicine, and the general public""--"
824,Applied cryptography and network security :,"This two-volume set of LNCS 12146 and 12147 constitutes the refereed proceedings of the 18th International Conference on Applied Cryptography and Network Security, ACNS 2020, held in Rome, Italy, in October 2020.The conference was held virtually due to the COVID-19 pandemic.The 46 revised full papers presented were carefully reviewed and selected from 214 submissions. The papers were organized in topical sections named: cryptographic protocols cryptographic primitives, attacks on cryptographic primitives, encryption and signature, blockchain and cryptocurrency, secure multi-party computation, post-quantum cryptography."
824,Armed truce :,
824,The art of the essay :,
824,"Art, dialogue, and outrage :","By ""unquestionably Africa's most versatile writer and arguably her finest"" (New York Times), Nobel laureate Wole Soyinka, Art, Dialogue, and Outrage is a fierce and provocative contribution to the debate on multi-culturalism. This volume brings together nineteen iconoclastic essays from the past twenty-five years on African, European, and American literature, culture, and politics - many of which are published here for the first time.Whether he is discoursing on the idea of ""negritude"" in ""From a Common Backcloth: A Reassessment of the African Literary Image"" or on protest literature in ""The Writer in a Modern African State""; debunking the orthodoxies of contemporary literary criticism in ""The Critic and Society: Barthes, Leftocracy and Other Mythologies""; offering surprising readings of Shakespeare and Aristophanes; expounding on the tragedy of ""the recurrent cycle of human stupidity""; skewering intellectual demigods or his own critics, Soyinka is never less than profound and incisive.Art, Dialogue, and Outrage gives a startling vision of culture in our times."
824,"Art, dialogue, and outrage :",
824,Australians in Shanghai :,"In the first half of the twentieth century, a diverse community of Australians settled in Shanghai. There they forged a 'China trade', circulating goods, people and ideas across the South China Sea, from Shanghai and Hong Kong to Sydney and Melbourne. This trade has been largely forgotten in contemporary Australia, where future economic ties trump historical memory when it comes to popular perceptions of China. After the First World War, Australians turned to Chinese treaty ports, fleeing poverty and unemployment, while others sought to 'save' China through missionary work and socialist ideas. Chinese Australians, disillusioned by Australian racism under the White Australia Policy, arrived to participate in Chinese nation building and ended up forging business empires which survive to this day."
824,The autobiography of Benvenuto Cellini /,
824,The avoidance of literature :,
824,"Bacon's essays ; and, Colours of good and evil /",
824,The bedside 'guardian' 28 :,
824,Beginning Old English /,
824,Beginning Old English /,
824,The Black rainbow :,
824,The book beautiful :,
824,A book of essays /,
824,"Brilliant, brilliant, brilliant brilliant brilliant :","""A collection of essays by the popular Vice contributor""--"
824,Cambridge and Charles Lamb /,
824,The Cambridge companion to Edmund Burke /,"""This comprehensive and accessible Companion examines the life and writings of Edmund Burke, one of the eighteenth-century's most influential thinkers""--"
824,The Cambridge history of the British essay /,"""This book provides multiple perspectives on a key form of public discourse, addressing the essay's postcolonial (Irish, Indian, African, American) and gendered contexts, its material manifestations in print (newspapers, essay periodicals, reviews, magazines), visual culture, and digital forms through today's blogosphere""--"
824,Carlyle and Macaulay selections /,
824,Carlyle and the burden of history /,
824,Carlyle and the search for authority /,
824,A Carlyle reader :,
824,The centre of hilarity :,
824,Changing my mind :,
824,Changing my mind /,"""In these engaging and erudite essays, critically acclaimed writer Julian Barnes explores what is involved when we change our minds: about words, about politics, about books, about memories, about age and time""--"
824,Charles Lamb :,
824,Charles Lamb /,
824,"Charles Lamb, Elia and the London magazine :",
824,Cinematicity in media history /,"""This collection ... [focuses] on the relations of cinema to other media, artworks and diverse forms of entertainment, demarcating their sometimes conjoined, sometimes separate, histories ... [and] seeks to make visible the complex ways in which media anticipate, interfere with and draw on one another, demonstrating how what we have called 'cinematicity' makes itself felt in practices of seeing, reading, writing and thinking both before and after the 'birth' of cinema""--Page 1."
824,Classic essays in English /,
824,"Codes, cryptology and curves with computer algebra /","This well-balanced text touches on theoretical and applied aspects of protecting digital data. The reader is provided with the basic theory and is then shown deeper fascinating detail, including the current state of the art. Readers will soon become familiar with methods of protecting digital data while it is transmitted, as well as while the data is being stored. Both basic and advanced error-correcting codes are introduced together with numerous results on their parameters and properties. The authors explain how to apply these codes to symmetric and public key cryptosystems and secret sharing. Interesting approaches based on polynomial systems solving are applied to cryptography and decoding codes. Computer algebra systems are also used to provide an understanding of how objects introduced in the book are constructed, and how their properties can be examined. This book is designed for Masters-level students studying mathematics, computer science, electrical engineering or physics."
824,Collected essays /,
824,The collected letters of Thomas and Jane Welsh Carlyle /,
824,The collected works of Kenneth White /,
824,Color me English :,"A collection of the author's observations on race, culture, and belonging before and after the September 11 attacks discusses his childhood memories of a Muslim fellow student and his international research into colonial histories."
824,The common reader /,
824,Complete essays /,
824,Complete essays /,
824,The complete essays /,
824,Contributions to the Morning chronicle.,
824,The Convent-Garden journal :,
824,Courage and other broadcasts /,
824,Critical and historical essays /,
824,Critical and historical essays /,
824,Critical and historical essays /,
824,Critical and miscellaneous essays /,
824,Critical and miscellaneous essays /,
824,Critical essays from the Spectator /,
824,"Critical, historical, and miscellaneous essays and poems /",
824,"Critical, historical, and miscellaneous essays and poems /",
824,Cryptography and network security /,"""Starting with the historical evolution of computer and communications networks and their security, the book then arrives at the main definitions of cryptography and network security. Next, the basics of information theory, how to measure information, the information associated with a certain source are also discussed. Source codes are presented, along with the concepts of information transmission, joint information, conditional entropy, mutual information and channel capacity. Computer networks are discussed, including the main protocols and network architectures, and the important TCP/IP protocol. Network security, a topic intrinsically connected to computer networks and the Internet, is presented, along with information about basic hacker attacks, alternatives to prevent attacks, data protection and secure protocols. The information theoretical aspects of cryptography are described including the hash function. An appendix includes a review of probability theory. Illustrations and graphics will help the reader understand the theory""--"
824,Cryptology :,"Cryptology: Classical and Modern, Second Edition proficiently introduces readers to the fascinating field of cryptology. The book covers classical methods including substitution, transposition, Alberti, Vigenere, and Hill ciphers. It also includes coverage of the Enigma machine, Turing bombe, and Navajo code. Additionally, the book presents modern methods like RSA, ElGamal, and stream ciphers, as well as the Diffie-Hellman key exchange and Advanced Encryption Standard. When possible, the book details methods for breaking both classical and modern methods."
824,Culture and anarchy and other selected prose /,
824,D.H. Lawrence's non-fiction :,
824,The day-star of liberty :,
824,The death of metaphor /,
824,Decline of the English murder :,
824,A double singleness :,
824,Elizabethan essays /,
824,"England, half English :",
824,English critical essays :,
824,The English essayists :,"Excerpt from The English Essayists: A Comprehensive Selection From the Works of the Great Essayists William P. Nimmo CO 1880it does not treat of minerals or fossils, of the virtues of plants, or the inﬂuence of planets; it does not meddle with forms of belief or systems of philosophy, nor launch into the world of spiritual existences but it makes familiar with the world of men and women, records their actions, assigns their motives, exhibits their whims, characterises their pursuits in all their singular and endless variety, ridicules their absurdities, exposes their inconsistencies, 'holds the mirror up to nature, and shows the very age and body of the time, its form and pressure, takes minutes of our dress, our looks, words, thoughts, and actions; shows us what we are, and what we are not; plays the whole game of human life over before us It is the best and most natural course of study. About the Publisher Forgotten Books publishes hundreds of thousands of rare and classic books. Find more at www.forgottenbooks.com This book is a reproduction of an important historical work. Forgotten Books uses state-of-the-art technology to digitally reconstruct the work, preserving the original format whilst repairing imperfections present in the aged copy. In rare cases, an imperfection in the original, such as a blemish or missing page, may be replicated in our edition. We do, however, repair the vast majority of imperfections successfully; any imperfections that remain are intentionally left to preserve the state of such historical works"
824,English essays :,
824,English for international banking and finance /,
824,"Essay, advancement of learning, new atlantis, and other pieces /",
824,"The Essay, old and new /",
824,The essays /,
824,Essays /,
824,Essays /,
824,Essays and introductions /,
824,Essays by modern masters /,
824,Essays on freethinking and plainspeaking /,
824,Essays on his own times /,
824,"Essays on life, art and science /",
824,"The essays or counsels, civil and moral =",
824,"Essays, English and American :",
824,"Essays, English and American /",
824,Exercise in modern medicine /,
824,Explorations /,
824,Explorations in college reading /,
824,Facing unpleasant facts :,
824,Facts and inventions :,"""James Boswell (1740-1795), best known as the biographer of Samuel Johnson, was also a lawyer, journalist, diarist, and an insightful chronicler of a pivotal epoch in Western history. This fascinating collection, edited by Paul Tankard, presents a generous and varied selection of Boswell's journalistic writings, most of which have not been published since the eighteenth century. It offers a new angle on the history of journalism, an idiosyncratic view of literature, politics, and public life in late eighteenth-century Britain, and an original perspective on a complex and engaging literary personality""--"
824,Falling into language /,
824,Fields of vision :,
824,The fight and other writings /,
824,Form and idea /,
824,Form and idea;,
824,Forum :,
824,Francis Bacon /,
824,Friends talking in the night :,
824,G. K. Chesterton.,
824,A gentle introduction to Old English /,
824,George Orwell :,"The articles collected in George Orwell's Essays illuminate the life and work of one of the most individual writers of this century - a man who elevated political writing to an art. This outstanding collection brings together Orwell's longer, major essays and a fine selection of shorter pieces that includes 'My Country Right or Left', 'Decline of the English Murder', 'Shooting an Elephant' and 'A Hanging'. With great originality and wit Orwell unfolds his views on subjects ranging from a revaluation of Charles Dickens to the nature of Socialism, from a comic yet profound discussion of naughty seaside postcards to a spirited defence of English cooking. Displaying an almost unrivalled mastery of English plain prose, Orwell's essays created a unique literary manner from the process of thinking aloud and continue to challenge, move and entertain. This Penguin Modern Classics edition includes an introduction by Bernard Crick."
824,Great English essays :,
824,A guide to Old English /,
824,A guide to old English /,
824,Guidelines for graded exercise testing and exercise prescription /,
824,Harriet Martineau in the London Daily news :,
824,Hazlitt :,
824,Hazlitt :,
824,Hazlitt /,
824,Hazlitt & the creative imagination.,
824,Hazlitt and the reach of sense :,"The `only pretension, of which I am tenacious,' declares William Hazlitt in The Plain Speaker, `is that of being a metaphysician'; yet up till now his metaphysics, and particularly what is here identified as his `power principle', have not been examined in detail. This book identifies the metaphysical Hazlitt within the other and better-known Hazlitt, long acknowledged as a master of `the familiar style' and more recently celebrated for the fierceness and intensity of his political prose. Studying his development of the power principle as a counter to the pleasure principle of the Utilitarians, it examines the revelation of power in his philosophy of discourse, his account of imaginative structure, his theory of genius, and his moral theory, and asserts the tenacity of this principle throughout his work. Disseminated through the range of his writings, Hazlitt's metaphysics becomes a metaphysics of power in more senses than one: it is both argument and example, itself manifesting that force of human intellect that it seeks to explicate."
824,Hazlitt and the reach of sense :,
824,"Hazlitt, the mind of a critic /",
824,The hidden Huxley :,
824,Homage to qwert yuiop :,
824,A hundred English essays /,
824,I too am here :,
824,In depth :,
824,In the mirror of the eighth king /,
824,In these times /,
824,The influence of political bias in selected essays of George Orwell /,
824,Inside the whale :,"Delving into the literary canon, George Orwell encounters dusty classics and lesser-known works of literature on his own exhilarating terms. The novels of Henry Miller lead him inside the belly of Jonah's whale, an imagined refuge in a time of total war. A trenchant investigation of Charles Dickens unfolds into a poignant portrait of nineteenth-century liberalism. A minor pamphlet on Shakespeare by Tolstoy provokes a stirring evocation of humanism and the excessive vitality of life. A series of singularly thrilling reading experiences, they celebrate Orwell's engagement with the world of writers and literature."
824,Inside the whale and other essays /,
824,The Intelligencer /,
824,An introduction to old English /,"""This unique textbook teaches the Old English language, pairing grammatical instruction with historical and literary documents in chronological order and providing lexical, historical, literary, and cultural information relevant to translation passages. Brief exercises and advanced translation sentences reinforce the lessons. A section of advanced readings is followed by a grammatical appendix and glossaries""--"
824,Introduction to Old English /,
824,"Joan of Arc, The English mail-coach, and The Spanish military nun /",
824,Johnson Agonistes and other essays /,
824,Joseph Addison /,
824,Joseph Addison and Richard Steele :,
824,Keepers of the flame :,
824,Landscape with figures :,
824,Last essays /,
824,Lectures and essays :,
824,"Lectures on Shakespears, Etc : Everyman's Library No. 162.",
824,"Letters of Thomas Carlyle to John Stuart Mill, John Sterling, and Robert Browning /",
824,The life of Richard Steele /,
824,Lines in the sand :,"A.A. Gill was rightly hailed as one of the greatest journalists of our time. This selection of some of his recent pieces, which he made himself before his untimely death, spans the last five years from all corners of the world. It shows him at his most perceptive, brilliant and funny. His subjects range from the controversial - fur - to the heartfelt - a fantastic crystallisation of what it means to be European. He tackles life drawing, designs his own tweed, considers boyhood through the prism of the Museum of Childhood, and spends a day at Donald Trump's university. In his final two articles he wrote with characteristic wit and courage about his cancer diagnosis - 'the full English - and the limits of the NHS. But more than any other subject, a recurring theme emerges in the overwhelming story of our times: the refugee crisis. In the last few years A.A. Gill wrote with compassion and anger about the refugees' story, giving us both its human face and its appalling context. The resulting articles are journalism at its finest and fiercest first appearing in The Sunday Times and Australian Gourmet Traveller."
824,The literary genres of Edmund Burke :,
824,Love + hate :,"In the story of a Pakistani woman who has begun a new life in Paris, an essay about the writing of Kureishi's acclaimed film Le Week-End, and an account of Kafka's relationship with his father, readers will find Kureishi also exploring the topics that he continues to make new, and make his own: growing up and growing old; betrayal and loyalty; imagination and repression; marriage and fatherhood."
824,Lytton Strachey /,
824,The major works /,"This authoritative edition was originally published in the acclaimed Oxford Authors series under the general editorship of Frank Kermode. It brings together an extensive collection of Bacon's writing - the major prose in full, together with sixteen other pieces not otherwise available - to give the essence of his work and thinking. Although he had a distinguished career as a lawyer and statesman, Francis Bacon's lifelong goal was to improve and extend human knowledge. In The Advancement of Learning (1605) he made a brilliant critique of the deficiencies of previous systems of thought and proposed improvements to knowledge in every area of human life. He conceived the Essays (1597, much enlarged in 1625) as a study of the formative influences on human behaviour, psychological and social. In The New Atlantis (1626) he outlined his plan for a scientific research institute in the form of a Utopian fable. In addition to these major English works this edition includes 'Of Tribute', an important early work here printed complete for the first time, and a revealing selection of his legal and political writings, together with his poetry. A special feature of the edition is its extensive annotation which identifies Bacon's sources and allusions, and glosses his vocabulary. ABOUT THE SERIES: For over 100 years Oxford World's Classics has made available the widest range of literature from around the globe. Each affordable volume reflects Oxford's commitment to scholarship, providing the most accurate text plus a wealth of other valuable features, including expert introductions by leading authorities, helpful notes to clarify the text, up-to-date bibliographies for further study, and much more."
824,Marvell and the civic crown /,
824,Marvellous codes :,
824,Max Beerbohm and the act of writing /,
012,"""Do women really make better leaders than men?"" :",
012,American Indian languages :,
012,Ancient civilizations of the New World /,"In this concise, yet sweeping look at the origins and development of ancient New World civilizations, Richard Adams provides a superb introductory overview of these unique and fascinating cultures. Incorporating the latest breakthroughs in the study of the cultures of Mesoamerica and the Andes, Adams examines the development of the Olmec, Maya, Azt."
012,Barcoding nature :,
012,Bibliographical notes on Ku Yen-wu 顧炎武 (613-1682) /,
012,Biochemical systematics and evolution /,
012,Biological identification :,
012,The book of the kings of Egypt /,
012,Can job turnover improve technical efficiency? :,
012,Classification in geography /,
012,The closing of the American mind :,"In 1987, eminent political philosopher Allan Bloom published The Closing of the American Mind, an appraisal of contemporary America that “hits with the approximate force and effect of electroshock therapy” (The New York Times) and has not only been vindicated, but has also become more urgent today. In clear, spirited prose, Bloom argues that the social and political crises of contemporary America are part of a larger intellectual crisis: the result of a dangerous narrowing of curiosity and exploration by the university elites. Now, in this twenty-fifth anniversary edition, acclaimed author and journalist Andrew Ferguson contributes a new essay that describes why Bloom’s argument caused such a furor at publication and why our culture so deeply resists its truths today."
012,Collective myopia as the blocking mechanism to organizational learning /,
012,Companion to the political economy of rent seeking /,
012,Consuming ancient Egypt /,"Consuming Ancient Egypt examines the influence of Ancient Egypt on the everyday lives of contemporary people, of all ages, throughout the world. It looks at the Egypt tourist sees, Egypt in film and Egypt as the inspiration for opera. It asks why so many books are published each year on Egyptological subjects at all levels, from the austerely academic to the riotous celebrations of Egypt as a land of mystery, enchantment and fantasy. It then considers the ways in which Ancient Egypt interacts with the living world, in architecture, museum going, the acquisition of souvenirs and reproductions."
012,Data analysis and information systems :,
012,Dead ends of transition :,
012,Developing literacy programs for homeless adults /,
012,Digital storytelling for educative purposes :,"This book is an exposition of a curriculum innovation within the complex yet fertile ground of school-based education in Singapore. Beyond straightforward descriptions and protocols, this book purposefully connects classroom practices with theories in a clear, uncomplicated way. The result provides a series of rationales for action, reflection and understanding that other publications in digital storytelling fail to cover or explain in sufficient detail. Broadly, these include digital multimodal authorship; teachers' and students' storytelling task design and assessment; the use of digital storytelling as a reflective and reflexive expression of teachers' professionalism; and dialogism in classroom practice."
012,Doing liberal arts education :,"This book examines and shares concrete and specific strategies and policies for doing liberal arts education in a wide range of contexts. It deepens readers’ understanding of the processes of adopting interdisciplinary and cross-cultural approaches to the development and teaching of liberal arts courses, integrating diversity and inclusion in policies and practices of liberal arts education, and institutionalizing evidence-based policy making. Moreover, it provides educators and policymakers with practical guidelines on how to incorporate core values of liberal arts education."
012,Durkheim and postmodern culture /,
012,Early dynastic Egypt /,"Early Dynastic Egypt spans the five centuries preceding the construction of the Great Pyramid at Giza. This was the formative period of ancient Egyptian civilization, and it witnessed the creation of a distinctive culture that was to endure for 3,000 years. This book examines the background to that great achievement, the mechanisms by which it was accomplished, and the character of life in the Nile valley during the first 500 years of Pharaonic rule. The results of over thirty years of international scholarship and excavation are presented in a single highly illustrated volume. It traces the re-discovery of Early Dynastic Egypt, explains how the dynasties established themselves in government and concludes by examining the impact of the early state on individual communities and regions."
012,Employee share plans :,
012,Entry mode and performance of foreign direct investment :,
012,Every living thing :,"""In the 18th century, two men dedicated their lives to the same daunting task: identifying and describing all life on Earth. Their approaches could not have been more different. Carl Linnaeus, a pious Swedish doctor with a huckster's flair, believed that life belonged in tidy, static categories. Georges-Louis de Buffon, an aristocratic polymath and keeper of France's royal garden, viewed life as a dynamic swirl of complexities. Both began believing their work to be difficult, but not impossible--how could the planet possibly hold more than a few thousand species? Stunned by life's diversity, both fell far short of their goal. But in the process they articulated starkly divergent views on nature, on humanity's role in shaping the fate of our planet, and on humanity itself. The rivalry between these two unique, driven individuals created reverberations that still echo today. Linnaeus, with the help of acolyte explorers he called ""apostles"" (only half of whom returned alive), gave the world such concepts as mammal, primate and homo sapiens--but he also denied species change and promulgated racist pseudo-science. Buffon coined the term reproduction, formulated early prototypes of evolution and genetics, and argued passionately against prejudice. It was a clash that, during their lifetimes, Buffon seemed to be winning. But their posthumous fates would take a very different turn""--"
012,Excellence without a soul :,
012,Fifty years of Thomas Mann studies :,
012,Framed :,"John Grisham is known worldwide for his bestselling novels, but it’s his real-life passion for justice that led to his work with Jim McCloskey of Centurion Ministries, the first organization dedicated to exonerating innocent people who have been wrongly convicted. Together they offer an inside look at the many injustices in our criminal justice system.A fundamental principle of our legal system is a presumption of innocence, but once someone has been found guilty, there is very little room to prove doubt. These ten true stories shed light on Americans who were innocent but found guilty and forced to sacrifice friends, families, and decades of their lives to prison while the guilty parties remained free. In each of the stories, John Grisham and Jim McCloskey recount the dramatic hard-fought battles for exoneration. They take a close look at what leads to wrongful convictions in the first place and the racism, misconduct, flawed testimony, and corruption in the court system that can make them so hard to reverse.Impeccably researched and told with page-turning suspense as only John Grisham can deliver, Framed is the story of winning freedom when the battle already seems lost and the deck is stacked against you."
012,Fundamentals of plant systematics /,
012,Gender inequities after the implementation of equal opportunities legislation :,
012,Globalisation in advertising I :,
012,Globalisation in advertising II :,
012,The home buyer's inspection guide :,
012,"Identity, learning, and the liberal arts /","This book ""argues that we must foster a conversation between those in liberal studies and those who work with student development theory. This conversation reveals that the skills of academic inquiry inherent in liberal learning are the skills of personal development inherent in student development theory. This issue tackles the ideas of liberal learning and outlines a pedagogical direction to realize them.""--Series ed."
012,Information systems and data analysis :,
012,Invertebrate respiration /,
012,Judging the world :,
012,Jurisdiction /,
012,Knowledge transfer in higher education :,
012,Lactate :,
012,Learning assistance and developmental education :,
012,Liberal arts colleges and liberal arts education :,
012,"Machine learning, neural and statistical classification /",
012,Mapping frontiers across medieval Islam :,"The story of the 9th-century caliphal mission from Baghdad to discover the legendary barrier against the apocalyptic nations of Gog and Magog mentioned in the Quran has been either dismissed as superstition or treated as historical fact. By exploring the intellectual and literary history surrounding the production and early reception of this adventure, Travis Zadeh traces the conceptualization of frontiers within early 'Abbasid society and re-evaluates the modern treatment of marvels and monsters inhabiting medieval Islamic descriptions of the world."
012,Modeling direct marketing response :,
012,Modern methods in plant taxonomy /,
012,"Multiversities, ideas, and democracy /","""Multiversities are sprawling conglomerates that provide liberal undergraduate, graduate, and professional education. As wellsprings of innovation and ideas, these institutions represent the core of society's research enterprise. This book contends that, in the contemporary world, multiversities need to be conceptualized in a new way, that is, not just as places of teaching and research, but as fundamental institutions of democracy.""--BOOK JACKET."
012,New approaches in classification and data analysis /,
012,The new systematics /,
012,Olmec archaeology and early Mesoamerica /,
012,On the classification and geographical distribution of the mammalia :,
012,On the classification and geographical distribution of the mammalia :,
012,Outline of cultural materials /,
012,The passionate intellect :,
012,The Political economy of rent-seeking /,
012,Reclaiming the public university :,
012,Regulation of fixed-term employment contracts :,
012,"Rents, rent-seeking and economic development :",
012,Respiration in the invertebrates /,
012,Respiration of amphibious vertebrates /,
012,The Shakespeare First Folio :,
012,Similarity and categorization /,
012,The statistical end-to-end delay guarantee for networks with self-similar traffic /,
012,Structure and function of invertebrate oxygen carriers /,
012,Supervision of literacy programs :,
012,Taxonomy and ecology :,
012,A thesaurus of African languages :,"A Thesaurus of African Languages, a Classified and Annotated Inventory of the Spoken Languages of Africa: With an Appendix on Their Written Representation."
012,The value of risk :,
012,"War, spectacle, and politics in the ancient Andes /","Warfare in the pre-Columbian Andes took on many forms, from inter-village raids to campaigns of conquest. Andean societies also created spectacular performances and artwork alluding to war ? acts of symbolism that worked as political rhetoric while drawing on ancient beliefs about supernatural beings, warriors, and the dead. In this book, Elizabeth Arkush disentangles Andean warfare from Andean war-related spectacle and offers insights into how both evolved over time. Synthesizing the rich archaeological record of fortifications, skeletal injury, and material evidence, she presents fresh visions of war and politics among the Moche, Chim."
012,Why choose the liberal arts? /,
825,1000 extra/ordinaires objets =,"Things, objects, stuff, trinkets, tools, materials, gadgets, the things we use, abuse, throw away, cherish, depend on: these are the things we own, simple objects for our everyday lives. They may or may not hold special meaning to us, but their importance as objects of cultural identity is unmistakable.Produced, under the direction of Olivieri Toscani, by the agency Colors (the same agency that produces Benetton's campaigns), Extra/Ordinary's subject matter may be already familiar to those who have seen recent features in the agency's magazine, Colors. Colors' motto, """"diversity is good"""", translates perfectly into a book that celebrates the differences in our everyday objects. Continuing the theme introduced in Colors, this new book shows us the extraordinary in the ordinary. Jaunting off on a tour around the globe, you'll see that what is ordinary halfway across the world (or perhaps for your neighbors across the street) may be totally foreign to you.Discover the wonderful absurdity of a priest's portable mass-in-a-briefcase kit, or the stunning difference between fly-swatters from Zimbabwe and South Korea. Ogle at the juxtaposition of neoprene surfing shoes and bullfighting slippers; have a gander at a package of emu cutlets and a can of blowfish soup. In case you see something that you absolutely must have, check out the yellow pages section at the end of the book; here you can find out where to get it and even how much it costs, as well as lots of little tidbits of interesting information to make your journey complete.Maybe you've already come across some of these objects, or will seek them out on future voyages. Next time you pick up your toothbrush or comb your hair, youmay think twice about the things that you use every day- perhaps they're not so ordinary after all."
825,1959 :,
825,1959 :,
825,Accounting for governmental & nonprofit entities /,"For more than 60 years, Accounting for Governmental & Nonprofit Entities has been the leader in the market. It is a comprehensive governmental and not-for-profit accounting text written for students who will be auditing and working in public and not-for- profit sector entities. Originally published in 1951 and written by Professor R. M. Mikesell, this book and the many subsequent editions revised by Professors Leon Hay, Earl Wilson, Susan Kattelus, Jacqueline Reck, and Suzanne Lowensohn, have given generations of instructors and students a comprehensive knowledge of the specialized accounting and financial reporting practices of governmental and not-for-profit organizations, as well as an understanding of how those organizations can better meet the information needs of a diverse set of financial statement users and decision makers. The vision of these original authors continues to be reflected in this 18th edition, and their strategy of providing a large and innovative set of instructional support materials, prepared and tested in the classroom by the authors, continues to be a guiding principle today. The current author team brings to this edition their extensive experience teaching government and not-for-profit courses, as well as insights gained from their professional experience, scholarly writing, and professional activities. The result is a relevant and accurate text that includes the most effective instructional tools."
825,Advanced computing in electron microscopy /,
825,Advanced scanning microscopy for nanotechnology :,
825,All connected now :,"Going beyond the narrow economic focus common to most books about globalization, All Together Now describes four kinds of global change-economic, political, cultural, biological-all of which are now accelerating, driven by the increasing mobility of symbols, goods, people, and non-human life forms. Anderson describes how we are entering an age of open systems as systems of all kinds-organizations, nations, ecosystems-change in similar ways. Boundaries around systems are penetrated, challenged, renegotiated, relocated. Systems that were once relatively isolated develop new connections and linkages to other systems. Anderson argues that this globalizing world is radically uncentralized even though people and societies are richly interconnected. All Together Now shows how globalization is advanced even by anti-globalization movements, while global-scale problems such as climate change draw us together into the first global civilization."
825,The atomic submarine /,
824,The basal ganglia VIII /,
825,Building requirements for national libraries in developing countries :,
825,The Cambridge history of the Cold War /,
825,The Cambridge history of the Cold War /,Leading scholars discuss the developments that made the Cold War into a long-lasting international system during the 1960s and 1970s.
825,Chemical reactions and the electron microscope /,
825,The Cold War :,"This guide exposes the reality behind the war between capitalism and communism, two ideologies divided by the Iron Curtain. New revelations show that what was once regarded as simply a struggle between good and evil was in fact a far more complex affair. Merrilyn Thomas peels back the layers of deception and intrigue and offers a penetrating assessment of the legacy of instability that continues today. Dr Merrilyn Thomas is currently a research Fellow at UCL."
825,The Cold War :,
825,Cold War :,"More than a bipolar conflict between two Superpowers, the decades-long Cold War had implications for the entire world. In this accessible, comprehensive retelling, Carole K. Fink provides new insights and perspectives on key events with an emphasis on people, power, and ideas, along with cultural coverage ""from the Beetle to the Beatles."" Cold War goes beyond US-USSR relations to explore the Cold War from an international perspective, including key events and developments in Africa, Asia, and Latin America. Fink also offers a broader time line of the Cold War than any other text, charting the lead-up to the conflict from the Russian Revolution and World War II and discussing the aftermath of the Cold War since 1992. Based on the latest research and scholarship, Cold War is the consummate book on this lengthy and complex conflict for today's students and history buffs."
825,The Cold War 1949-2016 /,
825,Cold War summits :,"""This book examines six summits spanning the beginning and the end of the Cold War. Using declassified documents from U.S., British, and other archives, Chris Tudda shows how the Cold War developed from an ideological struggle between capitalism and communism into a truly global struggle. From Potsdam in 1945, to Malta in 1989, the nuclear superpowers met to determine how to end the Second World War, manage the arms race, and ultimately end the Cold War. Meanwhile, the newly independent nations of the Third World, including the People's Republic of China, became active and respected members of the international community determined to manage their own fates independent of the superpowers. The six summits--Potsdam (1945), Bandung (1955), Glassboro (1967), Beijing (1972), Vienna (1972), and Malta (1989)--are here examined together in a single volume for the first time. An introductory essay provides a historiographical analysis of Cold War summitry, while the conclusion ties the summits together and demonstrates how the history of the Cold War can be understood not only by examining the meetings between the superpowers, but also by analyzing how the developing nations became agents of change and thus affected international relations""--From publisher's website."
825,"The Cold War, 1945-1991 /",
825,"Coming apart, coming together /",
825,Confronting empire /,
825,Countdown /,"Summary: Transcript of author's talks with cross-section of people from India, Pakistan, Nepal on the nuclear tests conducted by India and Pakistan in 1998."
825,Cultural studies of the modern Middle Ages /,
825,Deliver us from evil :,
825,Delivering home-based services :,
825,The devil reached toward the sky :,"""On the 80th anniversary of the Hiroshima and Nagasaki bombings, the Pulitzer Prize finalist whose work is 'oral history at its finest' (Pittsburgh Post-Gazette) delivers an epic narrative of the atomic bomb's creation and deployment, woven from the voices of hundreds of scientists, generals, soldiers, and civilians. ... Drawing from dozens of oral history archives and hundreds of books, reports, letters, diaries, and transcripts from across the US, Japan, and Europe, Graff masterfully blends the memories and perspectives from the known and unknown--key figures like J. Robert Oppenheimer, General Leslie Groves, and President Truman; the crews of the B-29 bombers; and the haunting stories of the Hibakusha--the 'bomb-affected people.' Both a testament to human ingenuity and resilience and a compelling drama told by the participants who lived it, The Devil Reached Toward the Sky is a singular, profound, and searing book about the inception of our most powerful weapon and its haunting legacy""-- Provided by publisher."
825,Electron microscopy /,
825,Electron microscopy and analysis /,
825,Electron microscopy in materials science :,
825,EMAG-Micro 89 /,
825,Emergencies and disorder in the European empires after 1945 /,"The Asia-Pacific region presents one of the greatest challenges to international security in the post-Cold War era. Using a thematic and country-based approach, this volume discusses in detail the security issues of the region: the impact of American military reductions; Japan's emergent security role; the implications of fragile peace in Cambodia; the prospects for regional security cooperation; arms sales and the prospects for arms control; and nuclear proliferation."
825,Ending empire :,
825,Essays from Select British eloquence /,
825,Europe unite speeches 1947 and 1948 /,
825,Excitatory amino acids and the cerebral cortex /,"The thirty-two original contributions in this book provide an up-to-date, interdisciplinary account of current research activity in all aspects of excitatory amino acid transmitters, particularly glutamate and aspartate, in the context of the structure and function of the cerebral cortex in health and in disease. It has recently become clear that the excitatory amino acids and their receptors are critically linked to normal processes of development and synaptic transmission, and to learning and memory, as well as to identifiable disease processes such as Alzheimer's disease, epilepsy, and cortical damage due to stroke/ischemia. Moreover, the pharmacological nature and chemical structures of many of the receptors and binding sites for these synaptic mediators and their modulators are becoming known, thereby enabling the cloning of each receptor subtype. Such advances may help immeasurably in the identification of endogenous ligands for the amino acid receptors and the development of pharmaceuticals and other therapeutic interventions in coming years. The topics are dealt with from electrophysiological, biochemical, anatomical, pharmacological, clinical, and behavioral perspectives to provide a thorough account of the functional roles played by these compounds in the part of the brain dealing with higher processes. The material is broad-based, yet presented in a style that allows clinical and basic scientists alike easy access to integrated material across chapters and between sections."
825,The fallacy of Star Wars /,
825,Family treatment in social work practice /,
825,The frontal lobes and human behaviour /,
825,Frontlines :,
825,The grand fleet :,
825,Half a brain is enough :,"""Half a Brain is Enough is the story of Nico, a little boy who at the age of three was given a right hemispherectomy to control intractable epilepsy. Antonio Battro, a distinguished neuroscientist and educationalist, charts what he calls Nico's 'neuroeducation' with humor and compassion in an intriguing book which is part case history, part meditation on the nature of consciousness and the brain, and part manifesto. Throughout the book Battro combines the highest standards of scientific scholarship with a warmth and humanity that guide the reader through the intricacies of brain surgery, neuronal architecture and the application of the latest information technology in education, in a way that is accessible and engaging as well as making a significant contribution to the current scientific literature."" ""Half a Brain is Enough will be compulsory reading for anyone who is interested in the ways we think and learn.""--BOOK JACKET."
825,A hard and bitter peace :,"This comprehensive text provides a balanced survey of the Cold War in a genuinely global framework. Presenting not only Soviet and Western perspectives, but also the outlooks of peoples and leaders throughout Asia, the Middle East, Africa, and Latin America, Edward H. Judge and John W. Langdon offer in-depth treatment of imperialism, anti-imperialism, decolonization, national liberation struggles, and their Cold War connections. The authors explore the background and context for all major developments during the era, as well as capsule biographies and character analyses of key figures. Tracing the Cold War from its roots in East-West tensions before and during World War II through its origins in the immediate postwar era, the book concludes with the Cold War's legacy, which continues today. Written in a clear and lively style, this compelling text will bring the era to life for readers who didn't experience its dramas and crises directly -- Provided by publisher."
825,High-resolution transmission electron microscopy and associated techniques /,
825,Hippocampus :,
825,Hitting home :,
825,The human frontal lobes :,"""Subject Areas/Keywords: brains, cognitive, diseases, dysfunctions, executive functions, frontal-subcortical circuits, frontotemporal dementia, human frontal lobes, lesions, mental disorders, networks, neuroanatomy, neurological, neurology, neuronal pathways, neuropsychiatric disorders, neuropsychological assessments, neuropsychology, neuroscience, normal aging, prefrontal cortex DESCRIPTION This authoritative work, now thoroughly revised, has given thousands of clinicians, students, and researchers a state-of-the-art understanding of the human frontal lobes--the large brain region that plays a critical role in behavior, cognition, health, and disease. Leading authorities from multiple disciplines address the anatomy and chemistry of the frontal cortex, neuropsychological assessments of capabilities unique to the frontal lobes, the nature of (and possible treatment avenues for) frontotemporal dementia and related conditions, and implications for understanding and treating neuropsychiatric disorders, such as schizophrenia, mania, and depression. Illustrations include eight pages in full color""--"
825,An introduction to family social work /,
825,Leaders of transition /,
825,"Mental maps in the early Cold War era, 1945-1968 /",
825,Models of information processing in the basal ganglia /,
825,Models of information processing in the basal ganglia /,
825,The modern warship /,
825,Molecular and cellular mechanisms of neostriatal function /,
825,Muggeridge through the microphone :,
825,Neurobiology of cingulate cortex and limbic thalamus :,
825,The neurophysiology of the cerebral cortex /,
825,Nuclear weapons /,"""A basic understanding of the science and history of nuclear weapons, including attempts to control, limit, and use them, and the prospects for eliminating them completely""--"
825,Nuclear weapons and international security :,
825,The orbitofrontal cortex /,"The book is unique in providing a coherent multidisciplinary approach to understanding the functions of one of the most interesting regions of the human brain, in both health and in disease, including depression. The Orbitofrontal Cortex will be valuable for those in the fields of neuroscience, neurology, psychology, psychiatry, biology, animal behaviour, economics, and philosophy, from the undergraduate level upwards."
825,The origins of the cold war /,
825,Out of the cold :,"""Featuring first hand accounts by international politicians and diplomats along with analyses by leading scholars, this unique collection of essays provides insights from multiple perspectives to foster better understanding of international relations during and after the Cold War. Experts from both sides of the ""iron curtain"" shed light on the origins, struggles, ending, and legacy of the conflict that dominated the second half of the twentieth century and that still affects current East-West relations, the securing and dismantling of weapons of mass destruction, and the instability of many regions. With a particular focus on diplomatic relations, the book looks at the origins of the conflict from Yalta to Korea, the prelude to Detente from Cuba to Vietnam, followed by the move from Detente to dialogue. It then addresses such issues as strategic weapons, the impact of the war on scientific research, intelligence, and the fall of the Berlin Wall. Lastly, it examines the legacy of the Cold War across regions of the world, including Europe, Japan, India, China, and the lessons to be drawn for today's diplomatic relations and intelligence. With contributions from Howard Baker, Jr., Sir Anthony Brenton, Susan Eisenhower, Grigoryi Karasin, Alexander Likhotal, Kishan Rana, Ying Rong, and more, the volume presents a true international treatment of a subject of global dimensions and importance. Students of politics and international relations will find it invaluable as will Foreign Service practitioners, and instructors teaching the Cold War and foreign affairs""--"
825,The Oxford handbook of the Cold War /,"34 essays by a team of leading scholars offering a broad reassessment of the Cold War, calling into question orthodox ways of ordering the chronology of the period and presenting new insights into the global dimension of the conflict."
825,The Oxford handbook of the Cold War /,"34 essays by a team of leading scholars offering a broad reassessment of the Cold War, calling into question orthodox ways of ordering the chronology of the period and presenting new insights into the global dimension of the conflict."
825,Palgrave advances in Cold War history /,
825,Physical principles of electron microscopy :,
825,Politicians and rhetoric :,
825,Politicians and rhetoric :,
825,Popular culture in a new age /,
825,The possibility of everything :,"Worried about how to handle an imaginary friend's apparent hold on their daughter, Hope Edelman and her husband made the unlikely choice to take the young child to Maya healers in Belize, hoping that a shaman might help them banish this disruption--and, as they came to understand, all it represented--from their lives. In this deeply affecting, beautifully written memoir, Hope explores what they ultimately discover."
825,"The president, the Pope, and the prime minister :",
825,Procedures in electron microscopy /,
825,Psychophysiology of the frontal lobes /,
012,Religion and the Cold War :,
825,Remembering the Cold War :,
825,The Routledge companion to sound studies /,"""The Routledge Companion to Sound Studies is an extensive volume presenting a comparative and historically informed understanding of the workings of sound in culture, while also mapping potential future directions for research in the field. Experts from a variety of disciplines within sound studies cover such diverse topics as politics, gender, media, race, literature and sport. Individual sections that consider the importance of sound in an increasingly mediated world; the role that sound media play in the construction of experience; and the ways in which sound has been theorized to produce a distinctive sensory contribution to knowledge. This wide-ranging and vibrant collection provides a rich resource for scholars and students of media and culture""--"
825,The Routledge handbook of the Cold War /,
825,The sail & steam Navy list :,
825,The Samson option :,
825,Scanned probe microscopy :,
825,Scanning tunneling microscopy and its application /,
825,Scanning tunneling microscopy and spectroscopy :,
825,Social policy for children and families :,
825,"Social policy, employment and family change in comparative perspective /",
825,Social work practice with families :,"Social Work Practice with Families uses resiliency-a strength-based perspective-to frame a collaborative approach to assessment and treatment with families. In so doing, the text aims to help practitioners select a therapeutic model that effectively assists in addressing risk factors and promoting important resources. The book provides clear examples of the elements in a strength-affirming assessment and engagement process, discusses resiliency in terms of families belonging to various cultural groups and family structures, and identifies resiliency issues and implications for practice with families facing major problems. Including current evaluation research from the United States, Canada, and around the globe, the text serves as a helpful resource to undergraduate and graduate social work students and practitioners."
825,Social work practice with families :,
012,Social work with children and families :,
825,Social work with troubled families :,"An important strand of government social policy, the TFP gives rise to a number of ethical and political questions about assertive outreach, choice, use of power and eliding the structural inequalities which, it is often argued, largely account for the difficulties troubled families face. Social Work with Troubled Families: A Critical Introduction debates these issues, offers an examination of the systemic framework which underpins it and looks at the initiative in a broader context."
825,"Social work, marriage, and ethnicity :",
825,Speeches and letters on American Affairs /,
825,The speeches of Charles Dickens :,
825,"Systemic perspectives in mental health, social work and youth care :","""Systemic Perspectives in Mental Health, Social Work and Youth Care describes the theoretical foundations of a systemic framework, or 'systemic lens', and how the counsellor, therapist, social worker or other health professional can apply these ground principles in therapeutic meetings with clients. The book presents a wide variety of perspectives and interventions, multiple examples, and practical methods, applicable to professionals with a range of experience. A case study covering a diverse family of three generations is presented throughout the book to clearly illustrate systemic perspectives, concepts, and practices. This accessible book will inform and enhance the therapist's practice and conversations with individuals, couples, parents, groups or networks, even in the presence of psychopathology, multi-stressors or complex networks. This highly readable guide will be essential reading for systemic practitioners of all backgrounds, as well as professionals looking to understand systemic approaches, and for those working in social work, youth care or mental health who want to enhance their current practice""--"
825,The dynamics of modernization : a study in comparative history /,
825,The promise of world tensions /,
825,Thinking about nuclear weapons :,"""It is really encouraging to see that such a book has been published ... No one can deny that Open University students - and all other interested parties - are given both sides of case."" - Tribune."
825,Transmission electron microscopy :,
825,Twilight of the West /,
825,Working with vulnerable families :,
825,The world since 1945 :,
825,The world transformed :,"Oxford University Press is pleased to be the new publisher of the bestselling anthology The World Transformed, 1945 to the Present: A Documentary Reader, Second Edition. Edited by Michael H. Hunt, this collection invites students to interpret and evaluate 180 documents organized into forty topical sections ranging over the last seven decades and virtually the entire globe. It serves as an ideal companion volume to Hunt's text, A World Transformed: 1945 to the Present, but can also be used as a stand-alone reader in a variety of courses in history, international relations, and global studies."
825,Writing religion :,"In the late 1980s, the Alevis, at that time thought to be largely assimilated into the secular Turkish mainstream, began to assert their difference as they never had before. The question of Alevism's origins and its relation to Islam and to Turkish culture became a highly contested issue. According to the dominant understanding, Alevism is part of the Islamic tradition, although located on its margins. It is further assumed that Alevism is intrinsically related to Anatolian and Turkish culture, carrying an ancient Turkish heritage, leading back into pre-Islamic Central Asian Turkish pasts."
018,Actions and structure :,
018,Adhesion molecules in health and disease /,
018,Aggregation in economic analysis :,"Professor Green discusses the definition of consistent aggregation and the problem of grouping variables in a single equation; he deals with the aggregation of equations and the probable errors; and summarizes, with reference to the text, the considerations involved in selecting an appropriate form of aggregation. The author's survey presents a well-balanced overview and analysis of aggregation, and makes readily accessible for the first time much material otherwise difficult to obtain."
018,Altuigurische Texte der Kirche des Ostens aus Zentralasien :,"The book is intended to present a full documentation of the Old Uigur texts of the Church of the East known from several places of Central Asia, mainly Bulayik and Kurutka in the Turfan oasis, as well as Xaraxoto.Our knowledge about the Christian communities in the Turfan oasis is very limited. Although there are some traces of an interrelationship between the Syriac, Iranian and Old Uigur text fragments, hardly anything can be stated in precise terms, the main reason being that we have no exact dates. The only possible period in which speakers of all these groups could communicate with each other is the tenth century, when Sogdian was still a spoken language. Most of the Old Uigur texts probably belong to the 13th or 14th centuries, while the Syriac texts necessary for the liturgy may have been used by both other groups.The themes of the texts are very diverse. Starting with fragments of a creed (A) and the legend of the Magi (B), the survey continues with several fragments of prayers and confessional texts (C, D, E, F). A letter of petition (G) gives insight into the life of a monastery. The legend of Saint George is the topic of H, while a fragment of the apocryphal acts of Paul is given in I and J is a benediction on the occasion of a marriage. Other fragments could be identified only in a preliminary way (K to P). Q is a document with an ecumenical theme. R is a Syriac text in Uigur transcription, which has been edited by M. Dickens and the present author. Of special interest are the Uigur glosses in a Syriac liturgical manuscript now preserved in Taipei (S), which will be edited by A. Muraviev in a separate publication. The few but important texts from Xaraxoto (T to W) are also included here, amongst them a sermon of five folios in which some Syriac texts, e.g. Matt. 10:42, are quoted.The texts have been presented in transliteration and/or transcription and in German translation. Several indexes will hopefully be useful to the researcher. Special attention has been paid to the personal names of Christian origin. Material collected from many other Old Uigur texts leads to the conclusion that people who, judging from their names, were Christians interacted in business affairs with people of Buddhist background. Splitting the index of words into one for the Turfan group (A to S) and one for the Xaraxoto group (T to W) was intended to give a better opportunity for further study of the slight linguistic differences between the two groups."
018,Among economists :,
018,Approaches to measurement in international relations :,
018,Atlas of descriptive histology /,
018,Atlas of descriptive histology /,
018,An atlas of ultrastructure /,
018,Aztecs :,
018,The Aztecs /,
018,Basic histology :,
018,Basic histology /,
018,Basic histology /,
018,Beyond empiricism :,
018,The biology of oligodendrocytes /,
018,The Cambridge handbook of cognitive linguistics /,"A comprehensive survey of the quickly developing discipline of cognitive linguistics, its rich methodology, key results, and interdisciplinary context.The best survey of cognitive linguistics available, this Handbook provides a thorough explanation of its rich methodology, key results, and interdisciplinary context. With in-depth coverage of the research questions, basic concepts, and various theoretical approaches, the Handbook addresses newly emerging subfields and shows their contribution to the discipline. The Handbook introduces fields of study that have become central to cognitive linguistics, such as conceptual mappings and construction grammar. It explains all the main areas of linguistic analysis traditionally expected in a full linguistics framework, and includes fields of study such as language acquisition, sociolinguistics, diachronic studies, and corpus linguistics. Setting linguistic facts within the context of many other disciplines, the Handbook will be welcomed by researchers and students in a broad range of disciplines, including linguistics, cognitive science, neuroscience, gesture studies, computational linguistics, and multimodal studies."
018,The captors' narrative :,
018,"Case, referentiality, and phrase structure /",
018,Catalogue of Syriac manuscripts in Syrian churches and monasteries /,
018,Catalogue of the Morrison Collection :,
018,"Causal explanation and model building in history, economics, and the new economic history /",
018,Cell biology and histology /,
018,"China's Southern Tang dynasty, 937-976 /","The Southern Tang was one of China's minor dynasties and one of the great states in China in the tenth century. Although often regarded as one of several states preceding the much better known Song dynasty (960-1279), the Southern Tang dynasty was in fact the key state in this period, preserving cultural values and artefacts from the former great Tang dynasty (618-907) which were to form the basis of Song rule, and thereby presenting the Song with a direct link to the Tang and it traons."
018,Clinically integrated histology /,"""Finally there is a histology atlas that helps you relate histology to clinical medicine. Only Clinically Integrated Histology effectively identifies and reinforces the clinically important concepts and relationships to help you apply your study of histology to real-life clinical problems."" ""More than 300 detail-capturing photomicrographs and line drawings - including 155 in full color - complement the book's systematic coverage of inflammation, allergy, and immunity as well as the skin, blood, musculoskeletal and nervous systems, cardiovascular and lymphatic systems, lungs, kidneys, gastrointestinal tract and liver, endocrine and reproductive systems, and eyes.""--BOOK JACKET."
018,Cnut the Great /,
018,Cognitive grammar in stylistics :,
018,Cognitive linguistic approaches to text and discourse :,"""Analysing a range of genres, including novels, poems, health forums, holiday guestbooks, prayers, political songs and news stories, each chapter applies frameworks in Cognitive Linguistics to shed light on the meanings and meaning-making processes invoked when we encounter texts. The book presents new insights into the workings of textual phenomena such as metaphor, viewpoint and deixis but also sheds light on more elusive, epiphenomenal qualities such as a text's ambience, atmosphere, power, ideology or persuasiveness. The book takes new strides in cognitive text analysis by exploiting experimental and ethnographic methods to empirically investigate readers' reception of, and resistance to, texts""--Page 4 of cover."
012,Cognitive modeling in linguistics /,
018,Color atlas of basic histology /,
018,Computers in biomedical research.,
018,The Conduct of inquiry :,
018,The conduct of inquiry :,
018,Construction grammar :,"""What do speakers of a language have to know, and what can they 'figure out' on the basis of that knowledge, in order for them to use their language successfully? This is the question at the heart of Construction Grammar, an approach to the study of language that views all dimensions of language as equal contributors to shaping linguistic expressions. The trademark characteristic of Construction Grammar is the insight that language is a repertoire of more or less complex patterns - constructions - that integrate form and meaning. This textbook shows how a Construction Grammar approach can be used to analyze the English language, offering explanations for language acquisition, variation and change. It covers all levels of syntactic description, from word-formation and inflectional morphology to phrasal and clausal phenomena and information-structure constructions. Each chapter includes exercises and further readings, making it an accessible introduction for undergraduate students of linguistics and English language""--"
018,Construction grammar and its application to English /,
018,Corpus-based studies of lesser-described languages :,
018,Daily life of the Aztecs /,"""This book is about Daily Life of the Aztecs""--"
018,Data description and presentation /,
018,Derived coordination :,"This monograph explores the different types of clausal relations in the world's languages. In the recent literature, there have been claims that the strict dichotomy of subordination and coordination cannot be maintained since some constructions seem to be in between these two categories. This study investigates these constructions in detail. The first part is concerned with clause chaining constructions, while the second is concerned with different cases of asymmetric coordination in English. In both parts, it is shown that the different tests to distinguish clausal relations indeed yield different results for the specific constructions. This poses a severe challenge for the established theories of clausal relations. However, as it is argued, recent analyses of coordination provide for the possibility to map a subordinate structure onto a coordinate one by means of regular transformational rules. It is shown that a single movement step derives all the peculiar properties of the phenomena in question. This book thus provides the first comprehensive solution for a long-standing problem in theoretical syntax."
018,Developments in geographical method /,
018,A divide-and-conquer learning approach to radial basis function networks /,
018,Divided China :,
018,Dragon lords :,"""Why did the Vikings sail to England? Were they indiscriminate raiders, motivated solely by bloodlust and plunder? One narrative, the stereotypical one, might have it so. But locked away in the buried history of the British Isles are other, far richer and more nuanced, stories; and these hidden tales paint a picture very different from the ferocious pillagers of popular repute""--"
018,Econometric model performance :,"Models of the American economy exist in government, research institutes, universities, and private corporations. Given the proliferation, it is wise to take stock because these models come from diverse sources and describe different conditions from alternative points of view. They could be saying different things about the economy. The high-level comparative studies in this volume, gathered from several issues of the International Economic Review, with a substantive introduction and the addition of more comparative material, evaluate the performance of eleven models of the American economy: the Wharton Mark Ill Model; Brookings Model; Hickman-Coen Annual Model; Liu-Hwa Monthly Model; Data Resources, Inc. (DRI) Model; Federal Reserve Bank of St. Louis Model; Michigan Quarterly Econometric (MOEM) Model; Wharton Annual and Industry Model; Anticipation Version of the Wharton Mark Ill Model/Fair Model; U.S. Department of Commerce (BEA) Model."
018,Econometrics /,
018,The Economics of Uncertainty /,"Game theory has brought into economics an uncertainty principle similar to the one brought into physics by the quantum theory. Professor Barch's main purpose in this book is to show how one can construct realistic economic theories by taking uncertainty into account instead of dismissing it. He brings together a number of recent developments in different fields of economics and other social sciences in which uncertainty and chance play a central role and shows that they really constitute an entity. These developments include the revisions of utility, the introduction of game theory as a basic tool, and the view of the foundations of probability theory adopted by modern Bayesian statisticians.Originally published in 1968.The Princeton Legacy Library uses the latest print-on-demand technology to again make available previously out-of-print books from the distinguished backlist of Princeton University Press. These editions preserve the original texts of these important books while presenting them in durable paperback and hardcover editions. The goal of the Princeton Legacy Library is to vastly increase access to the rich scholarly heritage found in the thousands of books published by Princeton University Press since its founding in 1905."
018,The elusive brain :,"Featuring a foreword by renowned neuroscientist Joseph E. LeDoux, The Elusive Brain is an illuminating, comprehensive survey of contemporary literature's engagement with neuroscience. This fascinating book explores how literature interacts with neuroscience to provide a better understanding of the brain's relationship to the self. Jason Tougaw surveys the work of contemporary writers-including Oliver Sacks, Temple Grandin, Richard Powers, Siri Hustvedt, and Tito Rajarshi Mukhopadhyay-analyzing the way they experiment with literary forms to frame new views of the immaterial experiences that compose a self. He argues that their work offers a necessary counterbalance to a wider cultural neuromania that seeks out purely neural explanations for human behaviors as varied as reading, economics, empathy, and racism. Building on recent scholarship, Tougaw's evenhanded account will be an original contribution to the growing field of neuroscience and literature."
018,Essays in mathematical economics :,Professor Morgenstern's deep interests in economic time series and problems of measurement are represented by path-breaking articles devoted to the application of modern statistical analysis to temporal economic data.Originally published in 1967.The Princeton Legacy Library uses the latest print-on-demand technology to again make available previously out-of-print books from the distinguished backlist of Princeton University Press. These editions preserve the original texts of these important books while presenting them in durable paperback and hardcover editions. The goal of the Princeton Legacy Library is to vastly increase access to the rich scholarly heritage found in the thousands of books published by Princeton University Press since its founding in 1905.
018,European progress in spatial analysis /,
018,Explain me this :,"Our use of language is highly creative yet also constrained, we use words and phrases creatively to express ourselves in ever-changing contexts, readily extending language constructions in new ways. Yet native speakers also implicitly know when a creative and easily interpretable formulation-such as ""Explain me this"" or ""She considered to go""-doesn't sound quite right. In this incisive book, Adele Goldberg explores how these creative but constrained language skills emerge from a combination of general cognitive mechanisms and experience.Shedding critical light on an enduring linguistic paradox, Goldberg demonstrates how words and abstract constructions are generalized and constrained in the same ways. When learning language, we record partially abstracted tokens of language within the high-dimensional conceptual space that is used when we speak or listen. Our implicit knowledge of language includes dimensions related to form, function, and social context. At the same time, abstract memory traces of linguistic usage-events cluster together on a subset of dimensions, with overlapping aspects strengthened via repetition. In this way, dynamic categories that correspond to words and abstract constructions emerge from partially overlapping memory traces, and as a result, distinct words and constructions compete with one another each time we select them to express our intended messages.While much of the research on this puzzle has favored semantic or functional explanations over statistical ones, Goldberg's approach stresses that both the functional and statistical aspects of constructions emerge from the same learning mechanisms."
018,Explain me this :,"Our use of language is highly creative yet also constrained, we use words and phrases creatively to express ourselves in ever-changing contexts, readily extending language constructions in new ways. Yet native speakers also implicitly know when a creative and easily interpretable formulation-such as ""Explain me this"" or ""She considered to go""-doesn't sound quite right. In this incisive book, Adele Goldberg explores how these creative but constrained language skills emerge from a combination of general cognitive mechanisms and experience.Shedding critical light on an enduring linguistic paradox, Goldberg demonstrates how words and abstract constructions are generalized and constrained in the same ways. When learning language, we record partially abstracted tokens of language within the high-dimensional conceptual space that is used when we speak or listen. Our implicit knowledge of language includes dimensions related to form, function, and social context. At the same time, abstract memory traces of linguistic usage-events cluster together on a subset of dimensions, with overlapping aspects strengthened via repetition. In this way, dynamic categories that correspond to words and abstract constructions emerge from partially overlapping memory traces, and as a result, distinct words and constructions compete with one another each time we select them to express our intended messages.While much of the research on this puzzle has favored semantic or functional explanations over statistical ones, Goldberg's approach stresses that both the functional and statistical aspects of constructions emerge from the same learning mechanisms."
018,Explorations in maximizing syntactic minimization /,
018,Field projects for sociology students /,
018,Finite mathematics :,
018,Five dynasties and ten kingdoms /,
018,The flight from ambiguity :,
018,Formal grammar :,"This volume draws together fourteen previously published papers which explore the nature of mental grammar through a formal, generative approach. The book begins by outlining the development of formal grammar in the last fifty years, with a particular focus on the work of Noam Chomsky, and moves into an examination of a diverse set of phenomena in various languages that shed light on theory and model construction. Many of the papers focus on comparisons between English and Norwegian, highlighting the importance of comparative approaches to the study of language. With a comprehensive collection of papers that demonstrate the richness of formal approaches, this volume is key reading for students and scholars interested in the study of grammar."
018,Foundations of social research /,
018,Foundations of social research /,
018,From warhorses to ploughshares :,"Mingzong (r. 926–933) was the most illustrious emperor of the Five Dynasties, and one of the most admired of China’s middle period, the Tang to Song. A warrior of Shatuo-Turk ancestry, he ascended the throne of the Later Tang on the heels of a mutiny against his adopted brother, thus sparing his dynasty an early death. Mingzong’s brief reign came to be heralded by historians as the “Small Repose”―a happy convergence of peace and prosperity. He marshaled a cluster of eminently able courtiers, men who balanced Confucian charity against the military discipline demanded in a time of transition. These years were marked by trade with bordering states, frenzied diplomatic activity, and a succession of defections from states to the north. Mingzong wisely eschewed military conflict, except as a last resort. Conservative in moral and legal matters, he introduced radical economic reforms that included deregulation of traditional monopolies and timely changes to the tributary system. Drawing extensively on primary sources, including Mingzong’s spirited correspondence with his officials, this political and cultural biography brings to life a charismatic emperor who was held up as a model ruler by succeeding generations."
018,General equilibrium analysis :,
018,Genetic linguistics :,
018,"Geography, towards a general spatial systems approach /",
018,Glial man :,"""Why do we need a different approach to understanding the human brain? And what do we mean when we use the phrase glial man? If we want to understand how systems function, whether mechanical or living, we need to be absolutely clear about their components. Presumably everyone knows what the brain is, and most have heard it is composed of neurons. The word 'neuron' has become such a part of our everyday vocabulary that a French politician, in response to a biting interview question, exclaimed: ""give me credit for having at least two neurons to rub together!"" It wouldn't have occurred to him to say ""...two glial cells!"" But it's those glial cells, those non-neuronal brain cells, that are the subject of this book""--"
018,Grammatical constructions :,
018,Histochemistry :,
018,Histology /,
018,Histology /,
018,Histology and cell biology /,
018,Histology at a glance /,
018,Histology for pathologists /,
018,Historical sources in geography /,
018,A history of social research methods /,
018,A history of social research methods /,
018,How to solve it :,
018,The human genome :,
018,Human histology :,
018,Ideology and method in economics /,
018,Inferential statistics for sociologists :,
018,Introduction to econometrics :,
018,An introduction to econometrics /,
018,Introduction to equilibrium analysis :,
018,Introduction to geographic field methods and techniques /,
018,An introduction to quantitative business analysis /,
018,An introduction to quantitative economics /,"Originally published in 1978. This book is designed to enable students on main courses in economics to comprehend literature which employs econometric techniques as a method of analysis, to use econometric techniques themselves to test hypotheses about economic relationships and to understand some of the difficulties involved in interpreting results. While the book is mainly aimed at second-year undergraduates undertaking courses in applied economics, its scope is sufficiently wide to take in students at postgraduate level who have no background in econometrics - it integrates fully the mathematical and statistical techniques used in econometrics with micro- and macroeconomic case studies."
018,Junqueira's basic histology :,
012,Making progress simpler? :,
018,Marketing and the computer /,
018,Meta-ethnography :,
018,Meta-ethnography :,
018,The methodology of economic model building :,
018,Methodology of economics and other social sciences /,
018,Methods and models of operations research.,
018,Models of spatial processes :,
018,Moderne Ökonometrie /,
012,The modular architecture of grammar /,"""Modular grammar postulates several autonomous generative systems interacting with one another as opposed to the prevailing theory of transformational grammar where there is a single generative component - the syntax - from which other representations are derived. In this book Jerrold Sadock develops his influential theory of grammar, formalizing several generative modules that independently characterize the levels of syntax, semantics, role structure, morphology and linear order, as well as an interface system that connects them. Multi-modular grammar provides simpler, more intuitive analyses of grammatical phenomena and allows for greater empirical coverage than prevailing styles of grammar. The book illustrates this with a wide-ranging analysis of English grammatical phenomena, including raising, control, passive, inversion, do-support, auxiliary verbs and ellipsis. The modules are simple enough to be cast as phrase structure grammars and are presented in sufficient detail to make descriptions of grammatical phenomena more explicit than the approximate accounts offered in other studies""--"
018,Molecular biology and human disease /,
018,Motivating the symbolic :,"The book outlines a new approach to the study of motivation in language, which is firmly rooted in the paradigm of cognitive linguistics, but it is developed in critical (and constructive) dialogue with classical theories in semiotics: Ferdinand de Saussure's structural linguistics and Charles S. Peirce's model of the sign. The author's proposal hinges upon the Peircean distinction between iconic, indexical, and symbolic signs, but the classical typology is reinterpreted within the framework of cognitive linguistics. The approach does not seek to ""categorize"" different linguistic expressions into one of the three Peircean types, but attempts to capture the dynamicity of meanings in terms of iconicity, indexicality, and conventionality. The book presents an analysis of selected vocabulary and morphosyntactic structures of English."
018,Optimal decision rules for government and industry /,
018,Our knowledge of the external world :,
018,The Oxford handbook of construction grammar /,
018,The Oxford handbook of construction grammar /,"The last decade has seen a rise in popularity in construction-based approaches to grammar. The various approaches within the rubric 'construction grammar' all see language as a network of constructions-pairings of form and meaning. Construction Grammar, as a kind of cognitive linguistics, differs significantly from mainstream generative grammar as espoused by Chomsky and his followers. Advocates of Construction Grammar see it as a psychologically plausible theory of human language. As such, it is capable of providing a principled account of language acquisition, language variation and language change. Research in Construction Grammar also includes multidisciplinary cognitive studies in psycholinguistics, neurolinguistics, and computational linguistics."
018,The Oxford handbook of linguistic minimalism /,
018,The philosophy of generative linguistics /,
018,Political research methods :,
018,A portrait of five dynasties China :,
018,Power and politics in tenth-century China :,"Political turbulence was common during the times of dynastic transition in imperial China. Multiple regional regimes frequently rose on the lands of the former unified empire, vying for political and military supremacy until a dominant power emerged and achieved reunification. The period of political fragmentation during the tenth century, known as the Five Dynasties and Ten States (907-979) was typical of such times. Lasting more than a half century, the period is thought to have been one of unique political intrigue, during which founding rulers of humble origins engaged in schemes and strategies that increasingly inspire popular interest today. This book is an exploration of the complicated national politics and intricate interstate relations of the early tenth century with a focus on the Former Shu (891-925), one of the ""Ten States"" that significantly contributed to the formation of the unique political configuration of the day. From the viewpoint of traditional historiography, the five northern dynasties constituted the ""central"" powers of the tenth century that dominated national politics and ultimately led China to the Northern Song reunification. In contrast, southern regimes were usually treated as subordinate or secondary powers, all considered neither legitimate nor capable of ever challenging the north, politically or militarily. This binary grouping and its discriminatory interpretation fundamentally shaped later historians' perception of the national politics of Five Dynasties China. Even today, compared to the studies on the political history of the five northern dynasties, the neglect of the southern regimes is obvious in modern scholarship, especially in Western language publications. By focusing on the political history of the Former Shu regime in the south, this book seeks to provide a new understanding of the geopolitics of Five Dynasties China. This book sheds much light on the complicated natio"
018,Practical illustrated histology /,
018,Preface to econometrics :,
018,Production theory and indivisible commodities /,"One of the usual assumptions in economic theory is that an entity called a commodity can be measured or that the amount of it can be represented by any real number. The functions (or other types of mapping) with which the economist deals, such as production functions, demand curves, and cost functions are assumed to be defined for real number arrays and to behave properly with respect to various criteria of continuity. Assumptions of this sort imply an acceptance of commodity divisibility. However, it is possible that in many instances indivisible rather than divisible commodities are the more relevant factors. This book incorporates the notion of indivisibility in a limited way into an analysis of production and allocation in the belief that there is a large class of problems for which this type of analysis is relevant.Originally published in 1969.The Princeton Legacy Library uses the latest print-on-demand technology to again make available previously out-of-print books from the distinguished backlist of Princeton University Press. These editions preserve the original texts of these important books while presenting them in durable paperback and hardcover editions. The goal of the Princeton Legacy Library is to vastly increase access to the rich scholarly heritage found in the thousands of books published by Princeton University Press since its founding in 1905."
018,Qualitative and quantitative social research :,
018,The quantitative approach to economic history /,
018,Questions on German history :,
018,Recollections of a revolution :,
018,Reliability and validity in qualitative research /,
018,Rethinking parameters /,"Parameters of linguistic variation were originally conceived, within the chomskyan Principles and Parameters Theory, as UG-determined options that were associated with grammatical principles and had a rich deductive structure. This characterization of parametric differences among languages has changed significantly over the years, especially so with the advent of Minimalism. This book collects a representative sample of current generative research on the status, origin and size of parameters."
018,The rules of sociological method /,
018,Selected readings in econometrics from Econometrica /,
018,Sensing the change :,
018,Social research methods /,
018,Social theory for planning /,
018,Sociological analysis :,
018,"Sociological concepts and research : acquisition, analysis, and interpretation of social information /",
018,Sociological methods :,
018,Sociological theory in research practice /,
018,Sociological work :,"Howard S. Becker is a leading contemporary sociologist who interprets society as collective action and sociology, therefore, as the study of collective action. This volume explores the theory and methods necessary to study collective action and social interaction. Becker includes most of his work on theory and method that has not previously appeared in book form. It reflects his unique way of thinking about and studying society.The first part of the book treats methodological problems as problems of social interaction and lists a series of research problems requiring analytic attention. The second part illustrates Becker's approach through full reports on two of his major research projects. Four theoretical statements on how people change comprise the third part, and the fourth part includes important contributions to the study of deviance. These essays illustrate the need to study deviance as part of the general study of society, not as an isolated specialty.Sociological Work is an important statement of the distinctive theoretical and methodological views associated with the Chicago School of Sociology; it shows a deep concern with the first-hand study of processes and human consequences of collective action and interaction. This illuminating volume is an engaging introduction to some of the issues of importance to sociologists and those interested in the studies of collective action and deviance, and it is well adapted to use in courses in these areas."
018,Sociology tomorrow /,
012,Spell-out and the minimalist program /,
018,Statistical concepts in geography /,
018,The strategy of social inquiry :,
018,The structure of social theory :,
018,The structure of sociological inference /,
018,Systemic functional grammar :,"""For the first time, this book provides a usage-based model for describing the grammar of languages, by applying Systemic Functional Linguistics (SFL) comparatively to English, Spanish and Chinese. Advancing SFL theory, it is essential reading for researchers and students of grammar within usage-based frameworks""--"
018,A systemic functional grammar of English :,"""Providing a simple - but not simplistic - introduction to the systemic functional grammar of English, this book serves as a launching pad for the beginning student and a review for the more seasoned linguist. With an introduction to systemic functional grammar (SFG) through lexicogrammar and the concept of rankshift, this book is the first introduction to SFG (including Appraisal) with examples exclusively sourced from twenty-first century texts. Written for those learning English and English linguistics as a foreign language, this serves as an easy-to-read introduction or refresher course for systemic functional linguistics""--"
018,A systemic functional grammar of French :,"A Systemic Functional Grammar of French provides an accessible introduction to systemic functional linguistics through French. This concise introduction to the systemic functional grammar (SFG) framework provides illustrations throughout that highlight how the framework can be used to analyse authentic language texts. This will be of interest to students in alternative linguistic frameworks who wish to acquire a basic understanding of SFG as well as academics in related areas, such as literary and cultural studies, interested in seeing how SFG can be applied to their fields."
018,Temporary equilibrium and long-run equilibrium /,
018,Theoretical geography /,
018,Tissue repair and regeneration /,
018,Understanding an African kingdom :,
018,Understanding and social inquiry /,
018,Urban data sources /,
018,Usage-based approaches to language acquisition and processing :,"This book presents a view of language as a complex adaptive system that is learned through usage. In a series of research studies, they analyze Verb-Argument Constructions (VACs) in first and second language learning, processing, and use. Drawing on diverse epistemological and methodological perspectives, they show how language emerges out of multiple experiences of meaning-making. In the development of both mother tongue and additional languages, each usage experience affects construction knowledge following general principles of learning relating to frequency, contingency, and semantic prototypicality. The implications of this work will be of value to students and scholars from a wide range of disciplinary interests in language and learning."
018,Verb meaning and the lexicon :,"The relationship between the meaning of words and the structure of sentences is an important area of research in linguistics. Studying the connections between lexical conceptual meaning and event structural relations, this book arrives at a modular classification of verb types within English and across languages. Ramchand argues that lexical encyclopedic content and event structural aspects of meaning need to be systematically distinguished, and that thematic and aspectual relations belong to the latter domain of meaning. The book proposes a syntactic decompositional view of core verbal meaning, and sets out to account for the variability and systematicity of argument structure realisation across verb types. It also proposes an interesting view of lexical insertion."
018,Wheater's basic histopathology :,
148,Affective learning together :,
012,The Barnes Foundation :,"""This volume represents the first overview of works from the art collection of the Barnes Foundation, Merion, PA, highlighting the diversity of cultural forms assembled by Dr. Albert C. Barnes""--"
148,Behind closed doors :,
148,Co-teaching in higher education :,"""Co-Teaching in Higher Education, edited by Daniel Jarvis and Mumbi Kariuki, brings together an international group of educators and scholars to examine the theoretical frameworks and practical experiences relating to co-planning, co-teaching, and co-assessing at the post-secondary level. Co-teaching practices at the elementary and secondary school levels have been widely documented. This collection explores topics that will enable post-secondary instructors to maximize their courses ̉potential including undergraduate projects, graduate level co-teaching, pair and group co-teaching, co-taught single-subject courses, and innovative cross-curricular experiments. Contributors share their insights addressing key factors such as logistics, resources, administrative support, Ministry initiatives, and academic freedom. Jarvis and Kariuki have created an indispensable resource that provides the reader with an informed perspective on the realities of creating and sustaining rich co-teaching experiences at the university level.""--"
148,Cooperative teaching :,
018,Cy Twombly :,"""This revelatory publication provides a comprehensive and multifaceted account of Cy Twombly's ten-painting masterpiece Fifty Days at Iliam (1978), the pinnacle of the artist's lifelong engagement with Homer's Iliad. In his introduction, Carlos Basualdo provides an account of the Philadelphia Museum of Art's acquisition of the paintings in 1989. Richard Fletcher's and Emily Greenwood's essays explore the intertextual dimension of Twombly's project and his adaptation of Homer's literary tropes as a basis for his visual metaphors. Olena Chervonik traces Twombly's engagement with the theme of the Trojan War, which first appeared in the artist's work in the early 1960s, a decade before he made Fifty Days at Iliam. French photographer Annabelle d'Huart is interviewed by Carlos Basualdo about the circumstances of her visit to Twombly's studio in 1978, and her resulting photographs capturing the moment the paintings were being completed. Finally, Nicola Del Roscio, president of the Cy Twombly Foundation, reminisces about the setting and atmosphere of Twombly's studio in Bassano in Teverina, in central Italy, where this painting cycle was created, and addresses the artist's working process and sources of inspiration""--"
148,Elements of libertarian leadership;,
148,Enlightening symbols :,"While all of us regularly use basic math symbols such as those for plus, minus, and equals, few of us know that many of these symbols weren't available before the sixteenth century. What did mathematicians rely on for their work before then? And how did mathematical notations evolve into what we know today? In Enlightening Symbols, popular math writer Joseph Mazur explains the fascinating history behind the development of our mathematical notation system. He shows how symbols were used initially, how one symbol replaced another over time, and how written math was conveyed before and after symbols became widely adopted.Traversing mathematical history and the foundations of numerals in different cultures, Mazur looks at how historians have disagreed over the origins of the numerical system for the past two centuries. He follows the transfigurations of algebra from a rhetorical style to a symbolic one, demonstrating that most algebra before the sixteenth century was written in prose or in verse employing the written names of numerals. Mazur also investigates the subconscious and psychological effects that mathematical symbols have had on mathematical thought, moods, meaning, communication, and comprehension. He considers how these symbols influence us (through similarity, association, identity, resemblance, and repeated imagery), how they lead to new ideas by subconscious associations, how they make connections between experience and the unknown, and how they contribute to the communication of basic mathematics.From words to abbreviations to symbols, this book shows how math evolved to the familiar forms we use today."
148,Ethical liberalism in contemporary societies /,
148,Finale :,
148,The Finale NotePad primer :,
148,The Finale primer :,
148,First principles :,
148,The grocers :,
148,How to cite legal authorities /,
148,How to plan and implement a peer coaching program /,
148,Introduction to early medieval notation /,
148,The language of mathematics :,"""A marvelous compendium of mathematical symbols and their fascinating historiesGalileo famously wrote that the book of nature is written in mathematical language. The Language of Mathematics is a wide-ranging and beautifully illustrated collection of short, colorful histories of the most commonly used symbols in mathematics, providing readers with an engaging introduction to the origins, evolution, and conceptual meaning of each one.In dozens of lively and informative entries, Raýul Rojas shows how today's mathematics stands on the shoulders of giants, mathematicians from around the world who developed mathematical notation through centuries of collective effort. He tells the stories of such figures as al-Khwarizmi, Renýe Descartes, Joseph-Louis Lagrange, Carl Friedrich Gauss, Augustin-Louis Cauchy, Karl Weierstrass, Sofia Kovalevskaya, David Hilbert, and Kenneth Iverson. Topics range from numbers and variables to sets and functions, constants, and combinatorics. Rojas describes the mathematical problems associated with different symbols and reveals how mathematical notation has sometimes been an accidental process. The entries are self-contained and can be read in any order, each one examining one or two symbols, their history, and the variants they may have had over time.An essential companion for math enthusiasts, The Language of Mathematics shows how mathematics is a living and evolving entity, forever searching for the best symbolism to express relationships between abstract concepts and to convey meaning""--"
148,Mensuration and proportion signs :,
148,Models of collaboration /,
148,Music notation :,
148,Music notation :,
018,Mutated symbols in law and pop culture /,"Mutated Symbols in Law and Pop Culture plays with iconic representations of fusion, liminality, dispossession, and development. Mutations embody life because they illustrate phases and progression. Mutations and mutants fascinate the public. They are depicted by artists, including James Franco, Cary Elwes, Sara Bareilles, The Smashing Pumpkins, Quvenzhane Wallis, Pablo Picasso, Alicia Keys, Katy Perry, Debbie Reynolds, Maddie Ziegler, the Olsen twins, Mark McGrath, and Paul Simon. This book discusses physiological manifestations of mutations, such as beauty and specialness (e.g., white tigers); aesthetic (e.g., redheads); innovation (e.g., Mormonism); and prowess (e.g., tuxedos). Mutated Symbols in Law and Pop Culture focuses on strata that are popularly contemplated in culture and by the law; for example, primordial states (e.g., sleep); supranatural physicality (e.g., bionic); irresistible impulse (e.g., psychopath); queer semantic shift (e.g., gay ); and class (e.g., Leo). Mutated Symbols in Law and Pop Culture interweaves interdisciplinary analyses because mutations exceed defined ranges. For example, symbology and culture evocatively synergize in constitutional law. A symbol becomes legally protected if it is intended to communicate a particularized message that is likely to be understood by observers. This book demonstrates that mutations may not be sufficiently protected as speech. Even though the symbolism of mutations is the subject of study, the meaning of specific symbols may not be understood by the public. Symbols of mutation may identify cultural desires, embrace zeniths, and transform mundane or worn events into fantasies. Perhaps as a means of preserving, defending, and protecting mutations, culture has exhibited and spotlighted them."
148,Peer coaching for educators /,
148,Peer coaching for educators /,
148,The PrintMusic! primer :,
148,The school buddy system :,
148,Shelf life :,
148,Shopping at Giant Foods :,
148,Short story criticism :,"Presents literary criticism on the works of short-story writers of all nations, cultures, and time periods. Critical essays are selected from leading sources, including published journals, magazines, books, reviews, diaries, newspapers, pamphlets, and scholarly papers."
148,Teacher collaboration and talk in multilingual classrooms /,"""This volume looks at the interactions of collaborating teachers in multilingual classrooms and how these impact on knowledge. It also looks at how policy statements and ideologies around multilingualism position teachers and learners in particular ways. A linguistic ethnographic approach is taken in the study, which considers the discourses of whole class and small group teaching and learning. Chapters consider the relation between different languages, different pedagogies and different teacher identities in the secondary school classroom. The book documents how a policy of inclusion is played out in practice.""--BOOK JACKET."
148,Teacher peer assistance and review :,
148,Teachers' teaming handbook :,
148,"Teaching together, learning together /",
148,Team organization :,
148,Teamwork :,
148,"The notation of polyphonic music, 900-1600 /",
148,Tractatus figurarum =,
148,Tradition(s) :,"What exactly is tradition? Stephen H. Watson provides a fine-grained account of tradition that draws on Gadamer, who conceives of tradition in terms of continuity, and Foucault, who engages in critique through the presentation of difference. Tradition(s) accomplishes this through a series of original readings of Kant and post-Kantian German philosophy."
148,Visual perception of music notation :,
148,We gain more than we give :,
148,Working together in schools :,
148,Working together in schools :,
169,Analogies in physics and life :,
169,Closing the opportunity gap :,"This book offers a novel and proven approach to the retention and success of underrepresented students. It advocates a strategic approach through which an institution sets clear goals and metrics and integrates the identity support work of cultural / diversity centers with skill building through cohort activities to enable students to successfully navigate college, graduate on time and transition to the world of work. Underlying the process is an intersectional and identity-conscious, rather than identity-centered, framework that addresses the complexity of students' assets and needs as they encounter the unfamiliar terrain of college."
012,Completing college :,
169,Crossing the finish line :,"The United States has long been a model for accessible, affordable education, as exemplified by the country's public universities. And yet less than 60 percent of the students entering American universities today are graduating. Why is this happening, and what can be done? Crossing the Finish Line provides the most detailed exploration ever of college completion at America's public universities. This groundbreaking book sheds light on such serious issues as dropout rates linked to race, gender, and socioeconomic status. Probing graduation rates at twenty-one flagship public universities and four statewide systems of public higher education, the authors focus on the progress of students in the entering class of 1999--from entry to graduation, transfer, or withdrawal. They examine the effects of parental education, family income, race and gender, high school grades, test scores, financial aid, and characteristics of universities attended (especially their selectivity). The conclusions are compelling: minority students and students from poor families have markedly lower graduation rates--and take longer to earn degrees--even when other variables are taken into account. Noting the strong performance of transfer students and the effects of financial constraints on student retention, the authors call for improved transfer and financial aid policies, and suggest ways of improving the sorting processes that match students to institutions. An outstanding combination of evidence and analysis, Crossing the Finish Line should be read by everyone who cares about the nation's higher education system."
169,Green chemistry for dyes removal from wastewater :,
012,Increasing persistence :,"""This groundbreaking book offers a compendium on college student persistence that bridges the gap between concept, theory, and research to successful practice. The book is anchored by the American College Testing organization's What Works in Student Retention survey of 1,100 colleges and universities, which provides insights on the causes of attrition and identifies retention interventions most likely to enhance student persistence. It also includes decision-makers and practitioners with evidence-based interventions and best practices for improving student persistence""--"
169,Leaving college :,
169,The logic of metaphor :,
169,Portraying analogy /,
169,Rethinking college student retention /,"""Drawing on studies funded by the Lumina Foundation, the nation's largest private foundation focused solely on increasing Americans' success in higher education, the authors revise current theories of college student departure, making the important distinction between residential and commuter colleges and universities, and thereby taking into account the role of the external environment and the characteristics of social communities in student departure and retention. A unique feature of the authors' approach is that they also consider the role that the various characteristics of different states play in degree completion and first-year persistence.First-year college student retention and degree completion is a multi-layered, multi-dimensional problem, and the book's recommendations for state- and institutional-level policy and practice will help policy-makers and planners at all levels as well as anyone concerned with institutional retention rates--and helping students reach their maximum potential for success--understand the complexities of the issue and develop policies and initiatives to increase student persistence""--"
169,Short story criticism :,"Presents literary criticism on the works of short-story writers of all nations, cultures, and time periods. Critical essays are selected from leading sources, including published journals, magazines, books, reviews, diaries, newspapers, pamphlets, and scholarly papers."
169,"Student mobilities, migration and the internationalization of higher education /",
169,Systematic approaches to argument by analogy /,
169,The transfer challenge :,
169,Visual analogy :,
169,Visual analogy :,
018,Animal :,"This book is a broad-ranging survey that explores and celebrates humankind's ongoing fascination with animals. Since our very first moments on Earth, we have been compelled to make images of the curious beasts around us--whether as sources of food, danger, wonder, power, scientific significance or companionship. This carefully curated selection of images, chosen by an international panel of experts, delves into our shared past to tell the story of animal life. From the first cave paintings, extraordinary medieval bestiaries and exquisite scientific illustration, to iconic paintings, contemporary artworks and the incredible technological advancements that will shape our futures together, the huge range of works reflects the beauty and variety of animals themselves--including butterflies, hummingbirds, bats, frogs, tigers, dogs, jellyfish, spiders and elephants. Arranged in a curated and thought-provoking sequence, this compilation includes iconic works by some of the great names in zoology, such as Conrad Gesner, Charles Darwin and John James Audubon, as well as celebrated artists and photographers, indigenous cultures and lesser-known figures who have made important contributions to the study and representation of animals throughout history."
462,Animals /,"Animals have become the focus of much recent art, informing numerous works and projects featured at major exhibitions. Contemporary art has become a privileged terrain for exploring interspecies relationships, providing the conditions for diverse disciplines and theoretical positions to engage with animal behaviour and consciousness. Artists' engagement with animals opens up new perspectives on the dynamics of dominance, oppression and exclusion, with parallels in human society; and animal nature is at the heart of debates on the 'anthropocene' era and the ecological concerns of scientists, thinkers and artists alike. Centred on contemporary artworks, this anthology attests to the trans-disciplinary nature of this subject, with art as one of its principal points of convergence"
462,Bioactive food as dietary interventions for diabetes /,"Focuses on the role of bioactive foods in addressing pre-diabetes symptoms, their potential to complement other treatments for those suffering from diabetes and diabetic-related obesity and other health issues. Documents foods that can affect metabolic syndrome and ways the associated information could be used to understand other diseases that share common etiological pathways. Includes insights from experts from around the world, providing global perspectives and options based on various regional foods--"
462,Chronic complications in diabetes :,
462,Diabetes & obesity /,
462,Diabetic neuropathy :,
462,Ellenberg & Rifkin's diabetes mellitus.,
462,The evidence base for diabetes care /,
012,A history of the Spanish lexicon :,
462,Image processing in diabetic related causes /,
462,Joslin's diabetes mellitus.,
462,Molecular biology of diabetes /,
462,Molecular pathogenesis of diabetes mellitus /,
012,Nanotechnology and nanomedicine in diabetes /,"""Understanding the importance of nanosciences is somewhat problematic as a great deal of text can be rather technical in nature with little consideration to the novice. In this book information is readable as it has sections for the novice and expert alike. Each chapter has an abstract, ""key facts"", and a ""mini-dictionary"" of key terms and phrases within each chapter. Each chapter has a summary in point form The book covers for example, introductions to the field, lipid matrix nanoparticles, atomic force microscopy, characterization of tissues at the nanometer scale, antisense oligonucleotides, carbon nanotubes, , nanocomposites, nanorods, carbon nanomaterials, nanolabeled diabetogenic, nanofiber wound dressings, and nanotechnology footsocks""--"
012,Nurses' guide to teaching diabetes self-management /,
462,Nutrition and diabetes :,
462,The pH miracle for diabetes :,
462,"Prediction, prevention, and genetic counseling in IDDM /",
012,Resorts :,"""The 3rd Edition of Resorts: Management and Operation is a summary of almost 30 years of thought, analysis, and research into the field of resort management written from a business viewpoint yet takes into account the unique structure of resorts. The text is divided into three sections. Each section has a philosophical basis for the inclusion of the subsequent principles and practices.The first section covers major types of resorts: those that are mountain-based, beach-based and golf/tennis based. Two chapters are devoted to each of the various resort types. The first chapters of each resort type focuses on development issues with the impact on operations noted throughout. The second chapter in each resort type deals with guest profiles and management issues. The second section highlights what makes managing a resort different from managing a 'regular' hotel. The final section features a newly expanded chapter on spas, pools, and indoor water parks along with individual chapters on specialty resorts, cruise ships and casinos, reflecting the importance of these types of properties""--Provided by publisher."
462,Sculpture in wood /,
462,"Second International Conference on Power Electronics and Variable-Speed Drives, 24-26 November 1986 /",
012,Visual word recognition /,
462,Vocabulario en movimiento :,
462,Vocabulario en movimiento :,
675,Active ageing in the European Union :,
675,German paradise Mallorca :,
675,Gerontological social work in action :,"""Gerontological Social Work in Action introduces 'anti-oppression gerontology' (AOG), a critical approach to social work with older adults, their families, and communities. AOG principles are applied to direct and indirect practice and a range of topics of relevance to social work practice in the context of a rapidly aging world. Weaving together stories, theories, research, and practical tools, this unique textbook prompts social workers to think differently and push back against oppressive forces. It pays attention to issues, realities, and contexts which are largely absent in social work education and gerontological practice. This includes important developments in our understanding of age/ism; theories of aging and social work; sites and sectors of health and social care; managing risk and frailty; moral, ethical and legal questions about aging, including medical assistance in dying; caregiving; dementia and citizenship; trauma, and much more. This textbook should be considered essential reading to social work students new to aging and/or seeking to specialize as well as others interested in the application of anti-oppressive principles to working and researching with older adults""--"
675,Ibiza bohemia /,"""From roaring nightlife to peaceful yoga retreats, Ibiza's hippie-chic atmosphere is its hallmark. This quintessential Mediterranean hot spot has served as an escape for artists, creatives, and musicians alike for decades. It is a place to reinvent oneself, to walk the fine line between civilization and wilderness, and to discover bliss.""--Amazon.com."
675,Location theory and the shoe and leather industries.,
675,The practice of social work with older adults :,"""The purpose of this book is to trace the development of geriatric social work through the response of the social work professional organizations to the needs of older adults and through the experiences of the author, leading to a greater understanding of this important practice specialty. It demonstrates the author's application of social work skills and knowledge in the areas of communication, environmental and family systems, cultural issues, community relationships, client assessment and treatment plans, research, and advocacy. The author's accounts of career opportunities, challenges, and successes as well as real-life case illustrations, provide a window into the development of social work and related mental health services in the fields of aging and healthcare during her career (40+ years). Kaplan's goal is both to re-affirm the geriatric professionals' commitment to working with older adults and demonstrate the diverse ways in which to improve their clients' lives, as well as encourage more professionals and students to consider the many paths that can be taken to serve this aging population. The book reveals the diverse settings and roles that have emerged for practitioners to work with older adults in delivering healthcare, long-term care, and community-based services""--"
018,Social work practice with older adults :,"Social Work Practice With Older Adults by Jill Chonody and Barbra Teater presents a contemporary framework based on the World Health Organization's active aging policy that allows forward-thinking students to focus on client strengths and resources when working with the elderly. The Actively Aging framework takes into account health, social, behavioral, economic, and personal factors as they relate to aging, but also explores environmental issues, which aligns with the new educational standards put forth by the Council on Social Work Education. Covering micro, mezzo, and macro practice domains, the text examines all aspects of working with aging populations, from assessment through termination."
675,Winter in Majorca /,
675,Winter in Majorca /,
018,Advanced introduction to environmental impact assessment /,"Elgar Advanced Introductions are stimulating and thoughtful introductions to major fields in the social sciences, business and law, expertly written by the world's leading scholars. Designed to be accessible yet rigorous, they offer concise and lucid surveys of the substantive and policy issues associated with discrete subject areas. The Advanced Introduction to Environmental Impact Assessment explores the unifying and universal principles at the heart of Environmental Impact Assessment (EIA) wherever it may be practiced worldwide. This overview of the field by Angus Morrison-Saunders emphasizes the big ideas upon which EIA was founded and which remain central to theory and practice today. In a nutshell, EIA is essentially about thinking before acting."
714,All the world on a page :,"""There was no shortage of great Russian prose written during the twentieth century, much of it inevitably representing a period of revolution, war, penal servitude, and political collapse; but the distinction and prestige of poetry never waned in Russia, a country in which poetry has been regarded as the premier source of creative inventiveness and psychological and emotional truth. Despite the huge challenges posed by the Soviet system, poetry found a route to talk about the interior life and explore individual consciousness, and through linguistic means to present a different, defamiliarized take on the world. And the form has flourished in the post-Soviet era. In this new anthology, editors Andrew Kahn and Mark Lipovetsky aim to demonstrate that poetry in the twentieth and twenty-first century is the jewel in the crown of Russian literature. Out of each of the thirty-four works here included a personal view of the world emerges, but this collection as a whole conveys a bigger picture about a Russian poetic tradition that is both national and international, playful and existential, historical and contemporary. Each poem is reproduced in the original Russian and presented in translation. An explanatory essay introduces each poet and offers a close reading of the poem, with specific consideration of form, language, and questions of translation. The introduction provides an overview of the Russian tradition and explores how the history of its poetry is also an image of this complex and fascinating country. Andrew Kahn and Mark Lipovetsky aim to demonstrate that Russian poetry has been unstintingly responsive and illuminatingly vital even at the darkest historical times. Whatever the context, whether one of Socialist Realism or Glasnost', and whatever the mode of publication, whether official or clandestine in samizdat, Russian poetry has exhibited a remarkable resourcefulness""--"
714,American slavery and Russian serfdom in the post-emancipation imagination /,"""The abolition of Russian serfdom in 1861 and American slavery in 1865 transformed both nations as Russian peasants and African Americans gained new rights as subjects and citizens. During the second half of the long nineteenth century, Americans and Russians responded to these societal transformations through a fascinating array of new cultural productions. Analyzing portrayals of African Americans and Russian serfs in oil paintings, advertisements, fiction, poetry, and ephemera housed in American and Russian archives, Amanda Brickell Bellows argues that these widely circulated depictions shaped collective memory of slavery and serfdom, affected the development of national consciousness, and influenced public opinion as peasants and freedpeople strove to exercise their newfound rights""--"
018,The application of science in environmental impact assessment /,"""The Application of Science in Environmental Impact Assessment begins by defining an appropriate role for science in EIA. From here it goes on to reflect more closely on empirical and deductive biophysical sciences as they relate to well-known stages of the generic EIA process and explores whether scientific theory and practice are at their vanguard in EIA and related applications. Throughout the book the authors reflect on biophysical science as it applies to stages of the EIA process and also consider debates surrounding the role of science as it relates to political and administrative dimensions of EIA. Based on this review, the book concludes that improvements to the quality of science in EIA will rely on the adoption of stronger participatory and collaborative working arrangements""--"
714,The art of learning :,
012,Ba duan jin /,"Ba Duan Jin is practiced in two major positionsstanding and sitting. As the standing style is easier and more popular, this style is taken as the basis for the compilation of Ba Duan Jin in the Chinese Health Qigong Series. Ba Duan Jin brings practitioners into harmony with the universe."
714,Before the singing :,
714,Business uses of the Freedom of Information Act /,
714,Chengdu-Nanchong Expressway Project in the People's Republic of China.,
714,The Civil War and Reconstruction :,
714,The Civil War Confiscation Acts :,
714,Climate change and the oceanic carbon cycle :,"This title includes a number of Open Access chapters. This valuable compendium provides an overview of the variables and consequences of oceanic carbon cycling in the context of climate change. The chapters highlight the importance of marine plankton in carbon processing as well as the effects of rising CO2 and temperature in their functioning. Marine ecosystems are being increasingly threatened by growing human pressures, including climate change. Understanding the consequences that climate change may have is crucial to predict the future of our oceans. Rising temperatures and ocean acidification may profoundly alter the mode of matter and energy transformation in marine ecosystems, which could have irreversible consequences for our planet on ecological timescales. For that reason, the scientific community has engaged in the grand challenge of studying the variables and consequences of oceanic carbon cycling in the context of climate change, which has emerged as a relevant field of science. The book is broken into four sections: Understanding the Importance of Ocean Biogeochemistry Quantifying Oceanic Carbon Variables Phytoplankton and Oceanic Carbon Cycle Ocean Acidification Edited by a researcher with many years of experience and with contributions from scientists from around the world, this volume explores the most important topics on climate change and oceanic carbon cycling."
714,"Climate change, adaptive capacity and development /",
714,Collected poems /,
714,Comparative risk assessment and environmental decision making /,
714,Construction detailing for landscape and garden design :,
714,Distant valleys :,
714,The EIS book :,
714,Environmental accounting in theory and practice /,
714,Environmental assessment /,
714,Environmental assessment in developing and transitional countries :,
012,Environmental consulting fundamentals :,"""1 What Is Environmental Consulting? People, People who need people Are the luckiest people in the world --Bob Merrill and Jule Styne, ""People"" 1.1 The Environment and Environmental Hazards To understand what constitutes environmental consulting, we first must understand the meaning of ""the environment."" Webster's Dictionary defines environment as the complex of physical, chemical, and biotic factors (as climate, soil, and living things) that act upon an organism or an ecological community and ultimately determine its form and survival. Let's dissect this definition and discuss how it pertains to the contents of this book. As the definition indicates, physical factors include climate and soil, where climate includes the air, sunlight, and one of the fundamental requirements for life on earth (and a topic of discussion in many of the book's chapters), water. The chemical factors include the interactions between many of these physical factors as well as chemicals that occur naturally and those introduced by mankind. The ""living things"" indicated in the definition encompass the full range of living things: microbial, plant, and animal life. Conditions that have the ability to affect these living things are known as environmental hazards. An environmental hazard should not be confused with chemicals that can adversely change the environment. These chemicals, known in various contexts as pollutants or contaminants, are one of the three essential parts of an environmental hazard. For an environmental hazard to exist, three conditions must be present (see Figure 1.1). There must be a source of the pollution, a receptor for the pollution, and a pathway connecting the two. ""--"
714,Environmental impact analysis :,"""This book provides a comprehensive description of the environmental analysis and approval process. It describes the methods and tools available to successfully accomplish the analysis and includes a step-by-step description of how to prepare an environmental analysis document that meets technical, regulatory, and stakeholder expectations and requirements. Case studies drawn from author's long experience with preparation and review of environmental analyses illustrate each step. The text details the regulatory mandates and identifies approaches for prediction of impacts, interaction with stakeholders, comparison of alternatives, and obtaining regulatory approval and public acceptance.""--"
714,Environmental impact assessment :,
714,Environmental Impact Assessment /,
714,Environmental impact assessment in Australia :,
012,Environmental impact assessment in practice /,
714,Environmental impact assessment methodologies /,
714,Environmental impact statements :,
714,Environmental performance measurement :,
714,Environmental risk analysis :,"Environmental Risk Analysis: Probability Distribution Calculations defines the role that probability distributions play in risk analysis, and gives direction on how to measure and compare the magnitude of risk more efficiently. Designed for the practicing environmental engineer and scientist, this book clearly explains the key fundamentals, principles, and applications of probability distributions in environmental risk analysis."
714,Environmental risk management /,"This timely publication considers recent developments in environmental risk management as they relate to commercial organizations, including risk transfer through insurance. It starts by looking at characterization of risks based on the hazard-pathway-receptor principles, emphasizing the importance of site specific factors. Environmental risks are increasingly considered as a part of strategic control assessment. Checklists and case studies are presented to assist in review and assessment of environmental risks. Further guidance is offered for decision making under uncertainty, showing the potential of tools such as Monte Carlo analysis and fuzzy logic, and leading to a review of risk assessment and management frameworks. Environmental Risk Management is an accessible and valuable reference to those from a range of backgrounds - including occupational hygiene, safety, quality personnel and operational managers - who are dealing with environmental issues within their organization."
714,Environmental risk planning and management /,
714,The essence of T'ai chi /,
714,"The free Negro in North Carolina, 1790-1860 /",
714,Global environmental risk /,
714,Guidelines for baseline ecological assessment /,
012,Handbook of environmental engineering assessment :,
714,"Hazards, vulnerability and environmental justice /","From Hurricane Katrina and the south Asian tsunami to human-induced atrocities, terrorist attacks and the looming effects of climate change, the world is assailed by both natural and unnatural hazards and disasters. These expose not only human vulnerability - particularly that of the poorest, who are least able to respond and adapt - but also the profound worldwide environmental injustices that result from the geographical distribution of risks, hazards and disasters.This collection of essays, from one of the most renowned and experienced experts, provides a timely assessment of these critical themes. Presenting the top selections from Susan L. Cutter's thirty years of scholarship on hazards, vulnerability and environmental justice, the volume tackles issues such as nuclear and toxic hazards, risk assessment, communication and planning, and societal responses. Cutter maps out the terrain and draws out the salient themes with a fresh, powerful introduction written in the wake of her work in the aftermath of Katrina.This essential collection is ideal for professionals, researchers, academics and"
714,"Hazards, vulnerability and environmental justice /",
012,Health Qigong.,This new exercise is based upon Da Wu which was recorded in ancient documents. with stress laid on flexing movements and rotation of jointsthroughout the body. Da Wu is a set of joint-relaxingdance exercises that has graceful movements and iseasy to learn; it is suitable for people of variedabilities . Qigong helps prevent illnesses. improve health and prolong life. Contents: Chapter OriginsChapter CharacteristicsChapter Essential PointsChapter MovementsSection Names ofthe MovementsSection Movements. Tips and Health BenefitsInitial StanceStep 1 Hold Head High and Chin Up (Ang Shou Shi) Step 2 Open Hips (Kai kua Shi) Step ...
012,Health Qigong.,"Health Qigong - 12-Routine Exercises is a new exercise regimen developed by the Chinese Health Qigong Association. This new compilation of movements synthesizes the essence of different schools of the original exercise and puts more emphasis on the movements of the neck, shoulders, waist and legs. This is a sitting-posture regimen that involves systematic exercise of the head, neck, shoulders, back, waist, arms, legs, chest and abdomen one after another. It has graceful movements and smooth links which are safe, reliable, easy to learn, and suitable for various kinds of qigong enthusiasts. Qigong practice offers disease-preventing, body-building, and life.-prolonging effects."
012,Health Qigong.,The movements are meanl to be practiced using mental concentration focused along the meridians. and incorporate rising andsquatting. extending and withdrawing. bending and stretching. These simple. beautiful movements are easy to learn. benefiting practitioners both physically and spiritually. The book may serve as a reference forpeople who wish to practice the exercises to prevent disease and prolong life. Contents: Chapter Origins and DevelopmentChapter CharacteristicsChapter Main PointsSection Health...
012,Health Qigong.,"Health Qigong - 12-Routine Exercises is a new exercise regimen developed by the Chinese Health Qigong Association. This new compilation of movements synthesizes the essence of different schools of the original exercise and puts more emphasis on the movements of the neck, shoulders, waist and legs. This is a sitting-posture regimen that involves systematic exercise of the head, neck, shoulders, back, waist, arms, legs, chest and abdomen one after another. It has graceful movements and smooth links which are safe, reliable, easy to learn, and suitable for various kinds of qigong enthusiasts. Qigong practice offers disease-preventing, body-building, and life.-prolonging effects."
012,Health Qigong.,"Health Qigong: Taiji Stick Health Preservation Exercises is a new set of exercises created by the Chinese Health Qigong Association. Embodying the concept of Taiji, which emphasizes the harmony of yin and yang, man and nature, this new set of exercises distills the essence of traditional stick practice, guides body movements and stick wielding, and coordinates directed breathing and imagination. The whole set of exercises is graceful, easy to learn, and suitable for people of all ages; and it helps cure diseases, improve health, and prolong life."
714,Impact assessment and sustainable development :,
714,Impact of global environment /,
714,Introduction to environmental impact assessment /,"A comprehensive, clearly structured and readable overview of the subject, Introduction to Environmental Impact Assessment has established itself as the leading introduction to EIA worldwide. This fifth edition is a major update reflecting many significant changes in EIA procedures, process, practice and prospects over the last decade."
714,Introduction to environmental impact assessment /,
714,Introduction to environmental impact assessment /,
012,Introduction to environmental impact assessment /,
714,Making better environmental decisions :,
714,A manual for tumbling and apparatus stunts /,
714,Mayakovsky :,"An absorbing portrait of an extraordinary man, an analysis of the work of a great Russian poet, and the evocation of a crucial period in Russian cultural history--all are combined in Edward J. Brown's literary biography of Vladimir Mayakovsky. It is the only book to reveal the whole Mayakovsky, not just aspects of his tortured personality or artistic work, and will be immediately recognized as definitive. Mayakovsky contributed to the cultural life of Soviet Russia not only as a lyric poet but as a playwright, graphic artist, and satirist of the conventional art forms of his day. By examining his art in terms of his life, Edward Brown shows how intensely personal it was and how bound up in the literary and political history of his time. The intellectual turmoil of the period is skillfully re-created, especially the nature, ambience, and personalities of Russian futurism. Above all, the book reveals the man--a committed Bolshevik and a dedicated artist, but also a hypochondriac, compulsive gambler, and eventual suicide. Originally published in 1973."
714,Medicine ball book :,
714,Medieval Andalusian courtly culture in the Mediterranean :,
714,Methods of environmental impact assessment /,
714,Our ecological footprint :,"Our Ecological Footprint presents an internationally-acclaimed tool for measuring and visualizing the resources required to sustain our households, communities, regions and nations, converting the seemingly complex concepts of carrying capacity, resource-use, waste-disposal and the like into a graphic form that everyone can grasp and use. An excellent handbook for community activists, planners, teachers, students and policy makers."
012,Preparing NEPA environmental assessments :,
714,The Prince and the Sufi :,"""The Prince and the Sufi is the literary composition of the seventeenth-century Judeo-Persian poet Elisha ben Shmūel. In The Prince and the Sufi: The Judeo-Persian Rendition of the Buddha Biographies, Dalia Yasharpour provides a thorough analysis of this popular work to show how the Buddha's life story has undergone substantial transformation with the use of Jewish, Judeo-Persian and Persian-Islamic sources. The complete annotated edition of the text and the corresponding English translation are thorough and insightful. This scholarly study makes available to readers an important branch in the genealogical tree of the Buddha biographies""--"
714,Records management handbook /,
714,A ruined land :,"""As the Civil War drew to a close, its final battles and unsolved issues left a complex legacy of pain. Southern plantation owners stripped of their land struggled to find a way to survive amid shortages, and watched the growing changes around them with resentment and fear. Newly freed slaves searched for a way to make a home in a land that had viewed them as chattel. Northern reformers struggled to educate an enormous population of former slaves to prepare them for a new life."" ""Michael Golay shows the impact of victory and defeat on the ordinary Americans who both influenced events and were caught up in them. Through careful research coupled with compassion, Golay takes a unique perspective by interweaving personal histories of soldiers and civilians with the larger events of the Civil War."" ""Some of the chief characters whose stories unfold include Oliver Otis Howard, one of Sherman's generals and commissioner of the Freedmen's Bureau; Lew Wallace, an amateur soldier, author, and member of the courts martial for the Lincoln conspirators and the Andersonville commandant; Laura Towne, a northern volunteer teacher in the reformist community on the Sea Islands; George Julian, a Radical Republican congressman from Indiana and bitter opponent of President Andrew Johnson; and Emily LeConte, the teenage daughter of a slaveholding southern family.""--BOOK JACKET."
714,Slaves no more :,
714,Sound advice :,
714,Strategic environmental assessment in policy and sector reform :,
714,Strong together! :,
714,Sustainable development in a developing world :,
714,The Tai Chi bible :,
714,Teaching kids to sing /,
714,The three way tavern :,
018,Utilizing innovative technologies to address the public health impact of climate change :,"""This book presents an overview of global warming and greenhouse gas emissions, key indicators of climate change, regional trends in the United States, and global trends and impacts, explores the major health impacts of climate change, and their impact on vulnerable populations, explores climate change and environmental justice, describes the DOI Framework, and other topics""--"
714,Valuation of ecological resources :,
714,Variations :,
714,Vladimir Mayakovsky :,
714,Waterscapes :,"Water is the scarcest of all natural resources. It is a global challenge to develop, produce and deploy technologies, systems and products for sustainable water consumption. The model for this approach is the world leader GROHE, which has been working for some time in the field of ecological solutions for water resources. The GROHE idea is not simply to deal with the economical and functional side of water supply but also to consider the pleasurable aspects of water and to reflect that consideration with the high design requirements of many architects. This volume presents buildings of different typologies with GROHE water technology solutions. The book also features interviews and essays by experts who explain the current state of sustainable water use water developments as well as the interaction of water technology and design."
714,Wu qin xi /,
714,Wu qin xi /,"Wu Qin Xi or Five-Animal Exercises imitating the movements of nimals and birds, is a group of physical and breathing exercises for health care with a uniquely Chinese national flavor. The system was esigned by Hua Tuo, a leading physician of the Eastern Han Dynasty (25-220 AD). In this book, the physical movements and spiritual expressions of hose creatures are vividly described, and the principles of raditional Qigong exercises are used as guidance for students. During practice of the exercises, they are asked to coordinate their mind with the movements, and combine internal exercises with xternal exercises. Experience has proved that after a certain period of practice, both the physical and the mental health are improved."
012,Yi jin jing /,"Yi Jin Jing (Tendon-Muscle Strengthening Exercises) is a health and fitness exercise handed down from ancient China. Health Qigong--Yi Jin Jing features extended, soft and even movements displaying a graceful charm, and it puts focus on the turning and flexing of the spine, thus invigorating the limbs and internal organs. These movements have been proved to be able to improve health and fitness, prevent diseases, lengthen life and improve the intellect. In particular, practice of the Yi Jin Jing exercises has very impressive effects on the respiratory system, flexibility, balance and muscular strength. It can also prevent and cure diseases of the joints, digestive system, cardiovascular system and nervous system.."
714,내가 뽑은 나의 시 /,
714,내안에서꺼낸빛살 =,
763,Advancing to communism :,
763,The alms bazaar :,
763,The bayous of Louisiana /,
763,Challenges for nonprofits and philanthropy :,"""For nearly three decades, Pablo Eisenberg's speeches and articles have provoked thoughtful, and at times contentious, debate in the nonprofit world. Intellectually vigorous, rigorously honest, and unstintingly courageous, he has addressed the questions and challenges facing philanthropy today. The works collected here include the best of Eisenberg's published and unpublished pieces on American and global philanthropy - its challenges, responsibilities, hits and misses, accountability, and leadership - and make clear his views of what lies ahead is the greatest intergenerational transfer of wealth in U.S. history looms.""--BOOK JACKET."
763,Collective agriculture and rural development in Soviet Central Asia /,
763,Collective farms which work? /,
763,COVID-19 and the voluntary and community sector in the UK :,"The voluntary sector was central to the COVID-19 response: fulfilling basic needs, highlighting new and existing inequalities and coordinating action where the state had been slow to respond. This book curates rigorous academic, policy and practice-based research into the response and adaptation of the UK voluntary sector during the pandemic. Contributions explore the ways the sector responded to new challenges and the longer-term consequences for the sector’s workforce, volunteers and beneficiaries. Written for researchers and practitioners, this book considers what the voluntary sector can learn from the pandemic to maximise its contribution in the event of future crises."
763,"Decollectivisation, destruction, and disillusionment :",
763,"Defamation law in Louisiana, 1800-1988 /",
763,Encouraging diversity :,
763,The Europa international foundation directory 2013 :,
012,Fighting words :,
763,Fundamental social rights at work in the European Community /,
763,In search of America's best nonprofits /,"This book reveals what the leaders of many admired nonprofits have to say about their purpose, and what America's leaders have to say about the organizations that attract them most. It provides the average citizen with an understanding of what makes a charity deserving of financial or volunteer support. And it also explores the workings of America's third sector, a dimension of our economy that produces 1.3 million jobs and generates more than 10 percent of the gross national product. If you are among the one in ten Americans working for a nonprofit and are looking for inspiration or practical ideas for improving your organization, In Search of America's Best Nonprofits is packed with the insights and information you need. If you are someone who wants to make informed choices before you contribute your time, talent, or money to a charity you don't know well, this book will serve as an excellent guide that will help you choose well."
763,International perspectives on voluntary action :,
763,"Law, labour, and empire :","""Seafarers were the first workers to inhabit a truly international labour market, a sector of industry which, throughout the early modern period, drove European economic and imperial expansion, technological and scientific development, and cultural and material exchanges around the world. This volume adopts a comparative perspective, presenting current research about maritime labourers across three centuries, in the Mediterranean Sea and the Atlantic and Indian Oceans, to understand how seafarers contributed to legal and economic transformation within Europe and across the world. Focusing on the three related themes of legal systems, labouring conditions, and imperial power, these essays explore the dynamic and reciprocal relationship between seafarers' individual and collective agency, and the social and economic frameworks which structured their lives""--"
763,Lectures on agricultural growth and employment :,
763,Lectures on agricultural growth and employment :,
763,The legitimacy of philanthropic foundations :,
763,Making the nonprofit sector in the United States :,
763,Making the world safe :,
763,New forms of employment in Europe /,
763,Nonprofits and advocacy :,
763,The not-for-profit CEO workbook :,
763,Ojibwa summer /,
763,The Oxford handbook of religion and violence /,
763,Princeton readings in religion and violence /,"This groundbreaking anthology provides the most comprehensive overview for understanding the fascinating relationship between religion and violence - historically, culturally, and in the contemporary world. Bringing together writings from scholarly and religious traditions, it is the first volume to unite primary sources - justifications for violence from religious texts, theologians, and activists - with invaluable essays by authoritative scholars. The first half of the collection includes original source materials justifying violence from various religious perspectives: Hindu, Chinese, Christian, Muslim, Jewish, and Buddhist. Showing that religious violence is found in every tradition, these sources include ancient texts and scriptures along with thoughtful essays from theologians wrestling with such issues as military protection and pacifism. This collection also includes the writings of modern-day activists involved in suicide bombings, attacks on abortion clinics, and nerve gas assaults."
763,Private foundations and development partnerships :,"""Private foundations and development partnerships, American philanthropy and global development agendas""--"
763,"Religion, terror and violence :",
763,Rockefeller philanthropy and modern social science /,"Making use of untapped resources, Seim looks at the impact of the Rockefellers, viewed through the lens of their philanthropic support of social science from 1890-1940."
763,"Secondary cities and urban networking in the Indian Ocean Realm, c. 1400-1800 /",
763,Selling social change (without selling out) :,
763,Stone lithography /,
763,Sustainability in coffee production :,
012,Teaching religion and violence /,
763,The new nonprofit almanac and desk reference :,
763,A very present help :,
763,The voluntary and non-profit sector in Japan :,
763,The work of repair :,"""In the timber plantations in northeastern South Africa, laborers work long hours among tall, swaying lines of eucalypts, on land once theirs. In 2008, at the height of the HIV/AIDS crisis, timber corporations distributed hot cooked meals as a nutrition intervention to bolster falling productivity and profits. But life and sustenance are about much more than calories and machinic bodies. What is at stake is the nurturing of capacity across all domains of life-physical, relational, cosmological-in the form of amandla. An Nguni word meaning power, strength or capacity, amandla organizes ordinary concerns with one's abilities to earn a wage, to strengthen one's body, and to take care of others; it describes the potency of medicines and sexual vitality; and it captures a history of anti-colonial and anti-apartheid struggle for freedom. The ordinary actions coordinated by and directed at amandla do not obscure the wounding effects of plantation labor or the long history of racial oppression, but rather form the basis of what the Algerian artist Kader Attia calls repair. In this captivating ethnography, Cousins examines how amandla, as the primary material of the work of repair, anchors ordinary scenes of living and working in and around the plantations. As a space of exploitation that enables the global paper and packaging industry to extract labor power, the plantation depends on the availability of creative action in ordinary life to capitalize on bodily capacity. The Work of Repair is a fine-grained exploration of the relationships between laborers in the timber plantations of KwaZulu-Natal, and the historical decompositions and reinventions of the milieu of those livelihoods and lives. Offering a fresh approach to the existential, ethical and political stakes of ethnography from and of late liberal South Africa, the book attends to urgent questions of postapartheid life: the fate of employment; the role of the state in providing welfare and access to treatment; the regulation of popular curatives; the queering of kinship; and the future of custom and its territories. Through detailed descriptions, Cousins explicates the important and fragile techniques that constitute the work of repair: the effort to augment one's capacity in a way that draws on, acknowledges, and reimagines the wounds of history, keeping open the possibility of a future through and with others""--"
763,The work of repair :,"""In the timber plantations in northeastern South Africa, laborers work long hours among tall, swaying lines of eucalypts, on land once theirs. In 2008, at the height of the HIV/AIDS crisis, timber corporations distributed hot cooked meals as a nutrition intervention to bolster falling productivity and profits. But life and sustenance are about much more than calories and machinic bodies. What is at stake is the nurturing of capacity across all domains of life-physical, relational, cosmological-in the form of amandla. An Nguni word meaning power, strength or capacity, amandla organizes ordinary concerns with one's abilities to earn a wage, to strengthen one's body, and to take care of others; it describes the potency of medicines and sexual vitality; and it captures a history of anti-colonial and anti-apartheid struggle for freedom. The ordinary actions coordinated by and directed at amandla do not obscure the wounding effects of plantation labor or the long history of racial oppression, but rather form the basis of what the Algerian artist Kader Attia calls repair. In this captivating ethnography, Cousins examines how amandla, as the primary material of the work of repair, anchors ordinary scenes of living and working in and around the plantations. As a space of exploitation that enables the global paper and packaging industry to extract labor power, the plantation depends on the availability of creative action in ordinary life to capitalize on bodily capacity. The Work of Repair is a fine-grained exploration of the relationships between laborers in the timber plantations of KwaZulu-Natal, and the historical decompositions and reinventions of the milieu of those livelihoods and lives. Offering a fresh approach to the existential, ethical and political stakes of ethnography from and of late liberal South Africa, the book attends to urgent questions of postapartheid life: the fate of employment; the role of the state in providing welfare and access to treatment; the regulation of popular curatives; the queering of kinship; and the future of custom and its territories. Through detailed descriptions, Cousins explicates the important and fragile techniques that constitute the work of repair: the effort to augment one's capacity in a way that draws on, acknowledges, and reimagines the wounds of history, keeping open the possibility of a future through and with others""--"
137,The abc of child safety :,
137,American unemployment :,"""The history of unemployment and many concepts surrounding it remain a mystery to many Americans. Frank Stricker believes we need to understand this essential thread in our shared past. American Unemployment is an introduction for everyone that takes aim at misinformation, willful deceptions, and popular myths to set the record straight: -Workers do not normally choose to be unemployed. -Workers do not normally choose to be unemployed. -In our current system, persistent unemployment is not an aberration. It is much more common than full employment, and the outcome of elite policy choices. -Labor surpluses propped up by flawed unemployment numbers have helped to keep real wages stagnant for more than forty years. -Prior to the New Deal and the era of big government, laissez-faire policies repeatedly led to depressions with heavy, even catastrophic, job losses. -Undercounting the unemployed sabotages the creation of government job programs that can lead to more high-paying jobs and full employment. Written for non-economists, American Unemployment is a history and primer on vital economic topics that also provides a roadmap to better jobs and economic security""--"
137,The Cambridge guide to orchestration /,
137,The causes of structural unemployment :,
137,The Causes of unemployment /,
137,Combatting unemployment /,
137,Combatting unemployment /,"Combatting Unemployment Paperback IZA Prize in Labor Economics English By (author) Richard Layard , By (author) Stephen J. Nickell , Edited by Werner Eichhorst , Edited by Klaus F. Zimmermann Share Why is unemployment higher in some countries than others? Why does it fluctuate between decades? Why are some people at greater risk than others? Layard and Nickell have worked on these issues for thirty years. Their famous model, first published in 1986, is now used throughout the world. It asserts that unemployment must be high enough to reduce the real wages for which workers settle to the level justified by productivity. So what affects 'wage push'? The authors showed early on that the key factors affecting 'wage push' are how unemployed workers are treated and how wages are negotiated. If unemployed people get benefits without being required to accept jobs, vacancies go unfilled and mass unemployment results. The solution is welfare-to-work policies like those now introduced in most parts of the world."
137,Determinants of private sector development in Chinese industry /,
137,Diagnosing unemployment /,
137,A dynamic theory of personality;,
137,The economics of unemployment /,"Hobson's study of the depression and resulting unemployment in the aftermath of the First World War is a far-sighted analysis which looks beyond the consequences of the war itself, at the root economic causes of the crisis."
137,The elucidation of organic electrode processes /,
137,Fighting for jobs :,
137,Financial reporting standards and the New Zealand life insurance industry :,
137,Half a citizen :,"Summary: This book examines what life is like on welfare in Australia. Based on interviews with 150 welfare recipients, it highlights the contradictions of welfare policy in both promoting independence and disempowering clients, and the contrast between public perceptions and lived experience. Topics include: the context of the Australian welfare system; poverty and deprivation; resilience and fear; housing and housing tenure; social exclusion and stigma; social networks and civic engagement; the importance of paid work; barriers and transitions to work; Centrelink service delivery; and values and ethics about income support."
137,How to improve your personality /,
137,Inflation and unemployment :,
137,International trade with equilibrium unemployment /,
137,Interpreting handwriting /,
137,Irregular migration and human security in East Asia /,
137,Job loss from imports :,
137,Die Jobkiller :,
137,Lives in progress :,
137,"Losing work, moving on :",
137,Narrating unemployment /,
018,The Oxford handbook of job loss and job search /,"ob search is and always has been an integral part of people's working lives. Whether one is brand new to the labor market or considered a mature, experienced worker, job seekers are regularly met with new challenges in a variety of organizational settings. Edited by Ute-Christine Klehe and Edwin A.J. van Hooft, The Oxford Handbook of Job Loss and Job Search provides readers with one of the first comprehensive overviews of the latest research and empirical knowledge in the areas of job loss and job search.Multidisciplinary in nature, Klehe, van Hooft, and their contributing authors offer fascinating insight into the diverse theoretical and methodological perspectives from which job loss and job search have been studied, such as psychology, sociology, labor studies, and economics. Discussing the antecedents and consequences of job loss, as well as outside circumstances that may necessitate a more rigorous job hunt, this Handbook presents in-depth and up-to-date knowledge on the methods and processes of this important time in one's life. Further, it examines the unique circumstances faced by different populations during their job search, such as those working job-to-job, the unemployed, mature job seekers, international job seekers, and temporary employed workers.Job loss and unemployment are among the worst stressors individuals can encounter during their lifetimes. As a result, this Handbook concludes with a discussion of the various types of interventions developed to aid the unemployed. Further, it offers readers important insights and identifies best practices for both scholars and practitioners working in the areas of job loss, unemployment, career transitions, outplacement, and job search."
137,Personality :,
137,Personality : readings in theory and research /,
137,Personality and behavior /,
137,Personality and persuasibility /,
137,PERSONALITY ASSESSMENT.,
137,The problem of the unemployed :,
137,The rediscovery of man /,
137,Rise of the robots :,"""In Silicon Valley the phrase ""disruptive technology"" is tossed around on a casual basis. No one doubts that technology has the power to devastate entire industries and upend various sectors of the job market. But Rise of the Robots asks a bigger question: Can accelerating technology disrupt our entire economic system to the point where a fundamental restructuring is required? Companies like Facebook and YouTube may only need a handful of employees to achieve enormous valuations, but what will be the fate of those of us not lucky or smart enough to have gotten into the great shift from human labor to computation?""--Publisher information."
137,"The self in growth, teaching, and learning :",
137,Short story criticism :,"Presents literary criticism on the works of short-story writers of all nations, cultures, and time periods. Critical essays are selected from leading sources, including published journals, magazines, books, reviews, diaries, newspapers, pamphlets, and scholarly papers."
137,Soldiers and kings :,"""An intimate and one-of-a-kind look at the world of human smuggling in Latin America, by a MacArthur ""genius"" grant winner and anthropologist Political instability, poverty, climate change, and the insatiable appetite for cheap labor all fuel clandestine movement across borders. As those borders harden, the demand for smugglers who aid migrants across them increases every year. Yet media and politicians have always characterized smugglers-or coyotes, or guides, as they are often known by the migrants who hire their services-using tired tropes and stereotypes, as boogie men and violent warlords. In an effort to better understand this essential yet extralegal billion dollar global industry, internationally recognized anthropologist and expert Jason De León embedded with a group of smugglers moving migrants across Mexico over the course of seven years. The result of this unprecedented access is SOLDIERS AND KINGS: the first ever in-depth, character-driven look at human smuggling. It is a heart-wrenching and intimate narrative that revolves around the life and death of one coyote, Chino, who falls in love and tries to leave smuggling behind. In a powerful, original voice, De León expertly chronicles the lives of low-level foot soldiers breaking into the smuggling game, and morally conflicted gang leaders who oversee rag-tag crews of guides and informants along the migrant trail. SOLDIERS AND KINGS is not only a ground-breaking up-close glimpse of a difficult-to-access world, it is a masterpiece of narrative nonfiction""--"
137,Student's guide for personality dynamics and effective behavior /,
137,The personality of man.,
137,Theories of personality :,
137,A theory of cognitive dissonance /,
137,The tolls of uncertainty :,"""Nearly one hundred years after the Great Depression, Dorothea Lange's indelible photographs remain vivid in our collective memory as the face of unemployment. Her portraits showed down and out men waiting in breadlines and the desperation of families living through the trauma of job loss. Though evocative, however, these pictures don't look much like today's unemployed. Instead of male laborers in breadlines or relief camps, today we see men and women in equal numbers, manual laborers and high-flying executives, high school graduates alongside those with college degrees. The one truth about unemployment held constant between then and now is the anxiety and disquiet Lange captioned, ""The Toll of Uncertainty."" Ten years ago, we had our own devastating recession, during which one out of every six workers reported a job loss. The lesson we carried from it into the following decade was that all workers are at heightened risk for job loss and its accompanying uncertainty. Although media outlets dubbed the Great Recession of 2007-2009 a ""man-cession"" because men's job losses were double women's at first, women experienced greater job loss after the so-called ""conclusion"" of the recession and recovered jobs at a slower rate than men. Women also appeared to face greater economic consequences of job loss: they were more likely than men to experience hunger and deprivation. These trends bring us to the first puzzle at the heart of this book: do women and men experience job loss and its effects differently? Using in-depth interviews from 100 people from rural and urban counties in Pennsylvania, Sarah Damaske investigates how men and women of different classes lose jobs, experience the economic and social ramifications of their unemployment in their own lives and their family life, and begin to search for work again. She argues that many of ways we have thought about unemployment are either incomplete (like the breadline) or just plain wrong""--"
137,"Trade unions, employment, and unemployment duration /",
137,The undocumented Americans /,"""Traveling across the country, journalist Karla Cornejo Villavicencio risked arrest at every turn to report the extraordinary stories of her fellow undocumented Americans. Her subjects have every reason to be wary around reporters, but Cornejo Villavicencio has unmatched access to their stories. Her work culminates in a stunning, essential read for our times. Born in Ecuador and brought to the United States when she was five years old, Cornejo Villavicencio has lived the American Dream. Raised on her father's deliveryman income, she later became one of the first undocumented students admitted into Harvard. She is now a doctoral candidate at Yale University and has written for The New York Times. She weaves her own story among those of the eleven million undocumented who have been thrust into the national conversation today as never before. Looking well beyond the flashpoints of the border or the activism of the DREAMERS, Cornejo Villavicencio explores the lives of the undocumented as rarely seen in our daily headlines. In New York, we meet the undocumented workers who were recruited in the federally funded Ground Zero cleanup after 9/11. In Miami we enter the hidden botanicas, which offer witchcraft and homeopathy to those whose status blocks them from any other healthcare options. In Flint, Michigan, we witness how many live in fear as the government issues raids at grocery stores and demands identification before offering life-saving clean water. In her book, Undocumented America, Cornejo Villavicencio powerfully reveals the hidden corners of our nation of immigrants. She brings to light remarkable stories of hope and resilience, and through them we come to understand what it truly means to be American""--"
137,The unemployed /,
137,Unemployment :,
137,Unemployment :,
137,Unemployment :,"This book discusses unemployment and its relations to economic, political and social aspects. The first chapter studies the relationship of unemployment to the level of confidence that characterizes some macroeconomic relevant agents, such as consumers or investors. Chapter Two investigates the effects of productivity growth shocks on unemployment, both in the short run and in the medium - long run. Chapter Three reviews finite sample inference for unemployment-inflation tradeoff. Chapter Four focuses on understanding how the Great Recession of 2007-2009 and/or long-term labor market changes may have separately or jointly affected health among employed workers in 2010. Chapter Five evaluates the persistence of the unemployment rate in the following emerging European countries: Slovenia, Slovakia, the Czech Republic, Poland, Hungary, Cyprus, Malta, Estonia, Latvia and Lithuania. Chapter Six discusses the case of election results on the political aspects of unemployment. Chapter Seven studies the relationship between unemployment and the (individual) perceived levels of well-being, such as life satisfaction or happiness. Chapter Eight assesses the association between homelessness and survival in a population of unemployed individuals in one region of northern Poland. Chapter Nine studies the impact that educational level and vocational training programmes had on the labour market of semi-peripheral EU countries, using Greece as a case study. Chapter Ten estimates the effects of area unemployment rate on smoking and drinking in China."
137,Unemployment :,
137,Unemployment :,
137,Unemployment : where does it hurt? /,
137,Unemployment after Keynes :,
137,Unemployment in transition :,
137,Unemployment policy :,
137,"Unemployment, labour slack, and labour market accounting :",
137,Voluntary employee withdrawal and inattendance :,
137,Ways to improve your personality /,
137,Youth unemployment and society /,
839,'Why is your axe bloody?' :,
839,"""Ibsen the romantic"" :",
839,100 Danish poems :,"The poems harvested for this collection provide a concise overview of Danish poetry, with a representative selection of works by 65 poets. The fresh translations of the poems, the majority of which have not previously been available in English, poignantly capture the many qualities to be found in Danish lyric poetry. Distilled from a rich and long lyric tradition, the collection displays an astonishing range of voices, showcasing the ability of Danish poetry, even while it speaks to a long tradition with many threads running through it, to constantly reinvent and recast itself. The edition is bilingual, allowing the Danish and English texts to be read side by side. An informative introduction outlines the central developments in the history of Danish poetry, situating its most important oeuvres and themes within a larger international framework."
137,According to the law :,
839,Accounting for the distributive trades /,
839,American Yiddish poetry :,"This remarkable volume introduces to the large English-speaking audience what is probably the most coherent segment of twentieth-century American literature not written in English. The range of American Yiddish Poetry runs the gamut from individualistic verse of alienation in the modern metropolis, responses to Western culture and ideologies, and experiments with poetic form and the resources of the Yiddish language, to the vitriolic associative chains of a politically engaged anarchist existentialist; from hymns to urban architecture and landscapes and the plight of African Americans to confrontations with the experiences of Jewish history and the loss of the Yiddish language. The bilingual facing-page format, the notes and the biographies of poets, the selections from Yiddish theory and criticism, and a comprehensive introduction to the cultural background and concerns of the poetry enhance the poems themselves."
137,Anecdotes of destiny ;,
137,Anecdotes of destiny /,
839,The apostle /,
839,Ask the sun /,
018,Astrid Lindgren :,"The first English-language biography of Astrid Lindgren provides a moving and revealing portrait of the beloved Scandinavian literary icon whose adventures of Pippi Longstocking have influenced generations of young readers all over the world. Lindgren's sometimes turbulent life as an unwed teenage mother, outspoken advocate for the rights of women and children, and celebrated editor and author is chronicled in fascinating detail by Jens Andersen, one of Denmark's most popular biographers. Based on extensive research and access to primary sources and letters, this highly readable account describes Lindgren's battles with depression and her personal struggles through war, poverty, motherhood, and fame. Andersen examines the writer's oeuvre as well to uncover the secrets to the books' universal appeal and why they have resonated so strongly with young readers for more than seventy years."
839,Astrobiology :,
839,Astrobiology :,"""Understand that astrobiology is concerned with the origin, evolution, and distribution of life in the Universe. It investigates life in its cosmic context. Understand some of the detailed scientific questions that underpin astrobiology's main lines of enquiry. Know about some aspects of the history of astrobiology and how it emerged as a field""--"
839,August Strindberg :,
839,August Strindberg /,
839,Babette's feast and other stories /,
839,Barabbas /,
839,Berliner Notizen /,
839,The birth of modern political satire :,
839,Brand : a dramatic poem /,
839,Brand /,
839,Brand /,
839,Brand /,
839,The bridal wreath /,
839,A burnt child /,
839,By the open sea /,
839,Called home /,
839,The Cambridge companion to August Strindberg /,
839,The Cambridge companion to Ibsen /,"In the history of modern theatre, Ibsen is one of the dominating figures. The sixteen chapters of this 1994 Companion explore his life and work, providing an invaluable reference work for students. In chronological terms they range from an account of Ibsen's earliest pieces, through the years of rich experimentation, to the mature 'Ibsenist' plays that made him famous towards the end of the nineteenth century. Among the thematic topics are discussions of Ibsen's comedy, realism, lyric poetry and feminism. Substantial chapters account for Ibsen's influence on the international stage and his challenge to theatre and film directors and playwrights today. Essential reference materials include a full chronology, list of works and essays on twentieth-century criticism and further reading."
839,The Cambridge history of old Norse-Icelandic literature /,"""An in-depth, accessible history of Old Norse-Icelandic literature, this book provides analysis of all key genres in this celebrated body of writing and of their literary and historical contexts. Through essays by internationally distinguished scholars, it presents a fresh, unified, authoritative guide for specialists, students and general readers""--"
839,The Cambridge Reinaert fragments (Culemann fragments) /,
839,China CMO :,"""China is, all at once, the world's most dynamic, frustrating, confusing, inspiring, and challenging marketplace. As companies invest more and more in marketing, raising the country to second behind the US in advertising spending, there have been many white papers, books, and reports on how to win. This book is different - it comes straight from the mouths, heads, and hearts of sixteen of the leading CMOs (Chief Marketing Officers) based in China. From Coca-Cola, Starbucks, McDonalds, and Visa to local companies such as Lenovo and Bank of Communications. This is their story. These are their ideas.""--Back cover."
839,The Chinese consumer market :,
839,Cinnamoncandy /,
839,Civilized life in the universe :,
839,"Colonization, violence, and narration in white South African writing :",
839,Complete poems /,
839,The confession of a fool /,
839,Confessions of a Yiddish writer and other essays/,"""Chava Rosenfarb (1923-2011) was one of the most prominent Yiddish novelists of the second half of the twentieth century. Born in Poland in 1923, she survived the Lodz ghetto, Auschwitz, and Bergen-Belsen, immigrating to Canada in 1950 and settling in Montreal. There she wrote novels, poetry, short stories, plays, and essays, including The Tree of Life: A Trilogy of Life in the Lodz Ghetto, a seminal novel on the Holocaust. Confessions of a Yiddish Writer and Other Essays comprises thirteen personal and literary essays by Rosenfarb, ranging from autobiographical accounts of her childhood and experiences before and during the Holocaust to literary criticism that discusses the work of other Jewish writers. The collection also includes two travelogues, which recount a trip to Australia and another to Prague in 1993, the year it became the capital of the Czech Republic. While several of these essays appeared in the prestigious Yiddish literary journal Di goldene keyt, most were never translated. This book marks the first time that Rosenfarb's non-fiction writings have been presented together in English. A compilation of the memoir and diary excerpts that formed the basis of Rosenfarb's widely acclaimed fiction, Confessions of a Yiddish Writer and Other Essays deepens the reader's understanding of an incredible Yiddish woman and her experiences as a survivor in the post-Holocaust world. ""--"
839,The contact paradox :,"In The Contact Paradox, author Keith Cooper looks at how far SETI (the Search for Extraterrestrial Intelligence) has come since its modest beginnings by speaking to the leading names in the field and beyond. SETI forces us to confront our naruew in a way that we seldom have before - where did we come from, where are we going, and who are we in the cosmic context of things?This book considers the assumptions we make in our search for extraterrestrial life, and explores how those assumptions can teach us about ourselves."
839,Contemporary Norwegian women's writing :,
018,The country of the blind :,"The Country of the Blind challenges the reigning conception of Ibsen as social critic. It offers new and unique interpretations stressing his preoccupation with the limitations and failings of humankind that do not change, in particular one's reluctance or inability to confront unpleasant truths about one's self and the consequent attempts to conceal those truths from self and from others. The result, in the plays considered, is that his personae are not what they appear to be. We shall observe that Mrs. Alving is not an heroic figure who has sacrificed all for her beloved son; that the ""virtuous"" parson Manders may in fact be the father of Oswald; that neither Gregers Werle nor Dr. Thomas Stockmann are the idealists they profess to be; that Hedda Gabler and Halvard Solness are the very antitheses of the persons they imagine themselves. This gulf between illusion and actuality is evident even in the case of secondary agents, confirming the supposition that Ibsen believed self-deception inseparable from the human condition. The protagonists' stratagems necessarily interact, forbidding each knowledge of each and all knowledge of the meaning of external circumstance. They are, and they remain, ignorant of their own nature, and of the character of their closest associates, imprisoned by the maze they have jointly fashioned. The book should be of interest to the general reader, to companies interested in performing the plays analyzed, to Ibsen scholars, and as a text for courses in Ibsen."
839,Court and culture :,
137,The dangerous age :,
839,Danish literature as world literature /,"""Despite being a minor language, Danish literature is one of the world's most actively translated, and the Scandinavian state is the home of a number of significant writers. Hans Christian Andersen remains one of the most translated authors in the world, philosopher Søren Kierkegaard inspired modern Existentialism, Karen Blixen chronicled her life in colonial Kenya as well as writing imaginary, cosmopolitan tales, and the writers among the circles of literary critic Georg Brandes in the late 19th century were especially important to the further development of European Modernism. Danish Literature as World Literature introduces key figures from 800 years of Danish literature and their impact on world literature. It includes chapters devoted to post-1945 literature on beat and systemic poetry as well as the Scandinavia noir vogue that in both crime fiction and cinema. ""--"
018,Danish literature as world literature /,"Despite being a minor language, Danish literature is one of the world's most actively translated, and the Scandinavian country is the home of a number of significant writers. Hans Christian Andersen remains one of the most translated authors in the world, philosopher Soren Kierkegaard inspired modern Existentialism, Karen Blixen chronicled her life in colonial Kenya as well as writing imaginary, cosmopolitan tales, and the writers among the circles of literary critic Georg Brandes in the late 19th century were especially important to the further development of European Modernism."
839,A darker shade :,"Original Swedish crime stories from the masters of Nordic noir including a never before published story by Stieg Larsson. Ever since Stieg Larsson shone a light on the brilliance of Swedish crime writing with his bestselling Girl With the Dragon Tattoo, readers have devoured this dark and compelling genre. Now the nation's best crimewriters have been brought together to form the first ever anthology of Swedish crime. Contributors include: - Stieg Larsson, author of The Girl with the Dragon Tattoo. - Henning Mankell, creator of Wallander. - Per Wahloeoe and Maj Sjoewall, creators of Martin Beck. - Eva Gabrielsson, writer and thirty-year partner to Stieg Larsson."
839,The dead dogs /,"A young man lives alone with his mother and his beloved dog in a house in a small village overlooking the fjord. The dog has run off and gone missing. This has never happened before...In The Dead Dogs, lives are shockingly disrupted by an event that changes the direction of their future.Fosse's drama explores life lived in unexpected ways, with a sense of otherness pervading the present and colouring the characters' relationships."
839,"Dear Mendl, dear Reyzl :",
839,The details /,
839,The details /,
839,"The diaries of Franz Kafka, 1910-13 /",
839,The distant shore :,
839,Dramas of testimony /,
839,Dutch and Flemish feminist poems from the Middle Ages to the present :,
839,Dutch and Flemish plays /,
839,A dybbuk ;,
839,Early polemical writings /,
018,Ecocritical perspectives on children's texts and cultures :,"This volume presents key contributions to the study of ecocriticism in Nordic children's and YA literary and cultural texts, in dialogue with international classics. It investigates the extent to which texts for children and young adults reflect current environmental concerns. The chapters are grouped into five thematic areas: Ethics and Aesthetics, Landscape, Vegetal, Animal, and Human, and together they explore Nordic representations and a Nordic conception, or feeling, of nature. The textual analyses are complemented with the lived experiences of outdoor learning practices in preschools and schools captured through children's own statements. The volume highlights the growing influence of posthumanist theory and the continuing traces of anthropocentric concerns within contemporary children's literature and culture, and a non-dualistic understanding of nature-culture interaction is reflected in the conceptual tool of the volume: The Nature in Culture Matrix."
839,"Eddic, Skaldic, and beyond :","""Explores the blurring of boundaries between genres (skaldic and eddic), periods (Viking Age, medieval, early modern) and cultures (Icelandic, Scandinavian, English, continental) in Old Norse-Icelandic poetry""--"
839,The Egyptian :,
839,Eleven plays /,
839,Encyclopedia of Nordic crime fiction :,"""This reference guide introduces the world of Nordic crime fiction to English-speaking readers. Steeped in noir techniques and viewpoints, many of these novels are reaching international audiences through film and TV adaptations""--"
839,Enemies :,
839,An enemy of the people ;,
839,Extrasolar planets and astrobiology /,
839,Extraterrestrials /,"""In this EK title Roush investigates a topic that has fascinated him since college -- the possibility and probability of life, intelligent or otherwise, in the universe. The book covers the history and science of our search for extraterrestrial life, and investigates what that search means for us as a species, as well as what the implications of finding life on other planets might mean for life on Earth. The book covers various iterations of SETI, or the search for extraterrestrial intelligence, both in listening for messages from space as well as sending them. Roush also covers more recent efforts to find exoplanets, worlds similar enough to our own to possibly harbor life in even very basic forms. Some of this research is driven by discoveries of 'extremophile' life here on Earth in places and conditions previously considered to be unconducive to life forms. Roush co-taught a course on this topic last year at MIT""--"
839,Fair haven and foul strand /,
839,The Family Moskat /,
839,Five plays of Strindberg /,
839,The following story /,
839,The following story /,
839,Forever a stranger and other stories /,
839,Four major plays /,
839,Four screenplays of Ingmar Bergman /,
839,Frankenstein`s aunt /,
839,A friend of Kafka and other stories /,
839,From the life of the marionettes /,
839,Frühe Prosa.,
839,Fundamentals of radiation protection /,
839,The games of night /,
839,The genesis of a saga narrative :,"The origins of many of the Icelandic sagas have long been the subject of critical speculation and controversy. This book demonstrates that an investigation of the relationship between verse and prose in saga narrative can be used to reconstruct how the sagas were composed. O'Donoghue provides a detailed analysis of Kormaks saga, revealing that far from being a seamless narrative of either pre-Christian oral tradition or later medieval fiction, the work is in fact a patchwork of different kinds of literary materials."
839,The genesis of a saga narrative :,
839,German drama between the wars :,
839,Ghosts ; A public enemy ; When we dead wake /,
839,Giants in the earth : a saga of the prairie /,
839,Giants in the earth /,
839,The girl on the sofa /,"A girl sits on a sofa, not knowing what to do with herself. She argues with her mother and envies her older sister. She also longs for her absent father, a seaman. A middle-aged woman paints a portrait of herself as a young girl, sitting on a sofa, but she's beginning to doubt her artistic ability. Still at odds with her sister and her mother and haunted by her dead father, she's unable to shake the continuing presence of the past in her life."
012,The girl with the dragon tattoo and philosophy :,
839,The Gray book /,
839,The great wall of China :,
839,The greatest fire :,
839,Grettir's saga /,"A sweeping epic of the Viking Age, Grettir's Saga follows the life of the outlaw Grettir the Strong as he battles against sorcery, bad luck, and the vengefulness of his enemies. Feared by many, Grettir is a warrior and also a poet and a lover, who is afraid of the dark. Unable to resolve the dispute that has outlawed him, he lives outside the bounds of family life and he roams the countryside, ridding Iceland and Norway of berserker warriors, trolls, and the walking dead. The saga presents a poignant story of medieval Icelandic society, combining details of everyday legal disputes with folklore and legend. Written in the fourteenth century, but based on earlier oral and written sources, Grettir's Saga, with its scathing humour, explicit verses, and fantastic monsters, is among the most famous and widely read of Iceland's sagas."
839,Gunnar's daughter /,
018,Habitability of the universe before earth /,"Habitability of the Universe before Earth: Astrobiology: Exploring Life on Earth and Beyond (series) examines the times and places-before life existed on Earth-that might have provided suitable environments for life to occur, addressing the question: Is life on Earth de novo, or derived from previous life? The universe changed considerably during the vast epoch between the Big Bang 13.8 billion years ago and the first evidence of life on Earth 4.3 billion years ago, providing significant time and space to contemplate where, when and under what circumstances life might have arisen. No other book covers this cosmic time period from the point of view of its potential for life. The series covers a broad range of topics encompassing laboratory and field research into the origins and evolution of life on Earth, life in extreme environments and the search for habitable environments in our solar system and beyond, including exoplanets, exomoons and astronomical biosignatures.--"
839,Hans Christian Andersen :,"""Rarely does an American or European child grow up without an introduction to Hans Christian Andersen's ""The Ugly Duckling,"" ""The Princess and the Pea,"" or ""Thumbelina."" Andersen began publishing his fairy tales in 1835, and they brought him almost immediate acclaim among Danish and German readers, followed quickly by the French, Swedes, Swiss, Norwegians, British, and Americans. Ultimately he wrote more than 150 tales. And yet, Paul Binding contends in this incisive book, Andersen cannot be confined to the category of writings for children. His work stands at the very heart of mainstream European literature. The author considers the entire scope of Andersen's prose, from his juvenilia to his very last story. He shows that Andersen's numerous novels, travelogues, autobiographies, and even his fairy tales (notably addressed not to children but to adults) earned a vast audience because they distilled the satisfactions, tensions, hopes, and fears of Europeans as their continent emerged from the Napoleonic Wars. The book sheds new light on Andersen as an intellectual, his rise to international stardom, and his connections with other eminent European writers. It also pays tribute to Andersen's enlightened values-values that ensure the continuing appeal of his works""--"
839,Hedda gabler and other plays :,
839,Hedda Gabler and other plays /,
018,Heirs of the Vikings :,"Viking settlers and their descendants inhabited both England and Normandy in the tenth century, but narratives discussing their origins diverged significantly. This comparative study explores the depictions of Scandinavia and the events of the Viking Age in genealogies, origin myths, hagiographies, and charters from the two regions. Analysis of this literary evidence reveals the strategic use of Scandinavian identity by Norman and Anglo-Saxon elites. Countering interpretations which see claims of Viking identity as expressions of contact with Scandinavia, the comparison demonstrates the local, political significance of these claims. In doing so, the book reveals the earliest origins of familiar legends which at once demonize and romanticize the Vikings - and which have their roots in both Anglo-Saxon and Norman traditions. Dr Katherine Cross is a historian of the early Middle Ages at the British Museum and Wolfson College, University of Oxford."
839,Henrik Ibsen :,
137,The history of Danish dreams /,
839,History of Norwegian literature /,
839,A history of Swedish literature /,
839,Homecoming /,
839,How to find a habitable planet /,
137,I am David /,
839,I keep recalling :,
839,Ibsen :,
839,Ibsen and the theatre :,
018,"Ibsen, Scandinavia and the making of a world drama /","""Henrik Ibsen's drama is the most prominent and lasting contribution of the cultural surge seen in Scandinavian literature in the later nineteenth century. When he made his debut in Norway in 1850, the nation's literary presence was negligible, yet by 1890 Ibsen had become one of Europe's most famous authors. Contrary to the standard narrative of his move from restrictive provincial origins to liberating European exile, Narve Fulss and Tore Rem show how Ibsen's trajectory was preconditioned on his continued embeddedness in Scandinavian society and culture, and that he experienced great success in his home markets. This volume traces how Ibsen's works first travelled outside Scandinavia and studies the mechanisms of his appropriation in Germany, Britain and France. Engaging with theories of book dissemination and world literature, and re-assessing the emergence of 'peripheral' literary nations, this book provides new perspectives on the work of this major figure of European literature and theatre""--"
839,Ibsen's selected plays :,"The Norton Critical Edition includes five major plays spanning Ibsen's long career in recent translations by Brian Johnston (Peer Gynt, The Wild Duck, and The Master Builder) and Brian Johnston and Rick Davis (A Doll House and Hedda Gabler). The translation of Peer Gynt appears for the first time in this Norton Critical Edition. ""Backgrounds"" gives students an understanding of Ibsen's creative process with selections from his correspondence and other writings. Twenty-seven documents have been collected and arranged by play, with a section of autobiographical writings at the end. Ibsen's plays continue to provoke diverse commentary. ""Criticism"" includes nineteen of the most important responses to Ibsen's work, among them essays by Bernard Shaw, Sandra Saari, E. M. Forster, Hugh Kenner, and Joan Templeton. A Chronology and Selected Bibliography are also included."
839,Identity and ethos :,
839,Illuminations /,
839,Illuminations /,"""There has been no more original, no more serious critic and reader in our time."" -- George Steiner Walter Benjamin was an icon of criticism, renowned for his insight on art, literature, and philosophy. This volume includes his views on Kafka, with whom he felt a close personal affinity; his studies on Baudelaire and Proust; and his essays on Leskov and on Brecht's epic theater. Illuminations also includes his penetrating study ""The Work of Art in the Age of Mechanical Reproduction,"" an enlightening discussion of translation as a literary mode, and his theses on the philosophy of history. Hannah Arendt selected the essays for this volume and introduces them with a classic essay about Benjamin's life in a dark historical era."
839,The image and other stories /,
839,In the Demon's bedroom :,
839,In the Dutch mountains /,
018,Inadvertent /,"""Why I Write"" may prove to be the most difficult question Karl Ove Knausgaard has struggled to answer yet it is central to the project of one of the most influential writers working today. To write, for the Norwegian artist, is to resist easy thinking and preconceived notions that inhibit awareness of our lives."
839,Isaac Bashevis Singer /,
137,Isak Dinesen :,
137,Isak Dinesen :,
137,Isak Dinesen :,
137,Isak Dinesen and the engendering of narrative /,
839,Jeppe of the hill and other comedies /,
839,King Harald's saga :,
839,The king of the fields /,
839,Knut Hamsun /,
839,"Kristin Labransdatter : the Bridal wreath, the mistress of Husaby, the cross.",
839,Landscape with rowers :,
839,The last lullaby :,
137,Last tales /,
839,The league of youth ; a doll`s house ; the lady from the sea /,
839,The league of youth ;,
839,Life everywhere :,"""For many people, the main question about extraterrestrial life is whether or not it exists. To much of the scientific community, however, that question has already been answered: It does. And it's probably within our own solar system."" ""The scientists who believe in extraterrestrial life are staking their careers, research funds, and prestige that they're right. Institutions are doing so as well - NASA has its Institute of Astrobiology, the University of Washington its Department of Astrobiology. Their high-stakes gamble is giving rise to a new science of life on other worlds."" ""The discovery of life on other planets will be one of the great turning points in human history. Life Everywhere tells why many scientists think that discovery is inevitable, and what they think we will learn from it.""--BOOK JACKET."
839,Life in the universe :,"Astrobiology, the study of life and its existence in the universe, is one of the hottest areas of scientific research. Lewis Dartnell considers some of the fascinating questions facing researchers today. Could life exist anywhere else in the universe? What might aliens really look like? Dartnell explains why Earth is uniquely suited for life and reveals our profound connection to the cosmos."
839,Life in the universe :,
839,The literary history of Hamlet :,
018,Little Wise Wolf /,"Little Wise Wolf spends all his time reading big books and discovering new stars. So, naturally, he’s much too busy to help his neighbors. Then, one day, he’s summoned to the castle to heal the ailing king. It’s a long way, and Little Wise Wolf is unprepared for the arduous journey. Tired and hungry, he begins to doubt how wise he is, as there are many things he doesn’t know about the world. Things his neighbors know all about. But will they help him?"
839,"Lone mothers, social security and the family in Hong Kong /",
839,Ludvig Holberg (1684-1754) :,"""Ludvig Holberg (1684-1754) was the foremost representative of the Danish-Norwegian Enlightenment and also a European figure of note. He was an Enlightenment thinker in the conventional sense, with significant works in natural law and history, but also a very important body of moral essays and epistles. He authored several engaging autobiographies and European travelogues; and - not least - a major utopian novel that was a European bestseller, a couple of interesting satires, and a large number of plays, mainly comedies. These comedies have secured Holberg's status as the most significant playwright in Scandinavia before Ibsen and Strindberg; his plays remain hugely popular and have hardly been off the stage since he died. Through his extensive oeuvre, but especially through his plays, Holberg had a decisive influence on the formation of modern Danish as a literary language, something that was a self-conscious effort on the part of a man who saw himself as an educator of the public. Despite all these accomplishments Holberg is most often remembered outside of the Nordic countries for Edvard Grieg's Holberg Suite and in the title of one of the most prestigious prizes in the humanities. It is the aim of the contributors to this volume to revive Holberg as a very major figure from a very minor corner of the Enlightenment world, presenting the latest scholarship from Scandinavia on the main areas of Holberg's work with serious emphasis on the wider European Enlightenment context and perspectives. It will appeal to all those researching intellectual history, history of philosophy, literary history/studies, theatre studies, church historiography, Scandinavian studies and Enlightenment Europe.""--"
839,A madman's manifesto =,
839,The magician of Lublin /,
839,Mamme dear :,
839,The manor /,
839,The master builder and other plays /,
839,Memories and vagaries /,
839,The Messingkauf dialogues /,
839,"Die Metapher, die immer da ist :",
839,Miss Julie :,
839,Mothers in poverty :,
