DDC,Title,description,remark
000,Bakhtin in Context: Perspectives on Story,"Drawing on bakhtin and story, this study traces how key ideas developed and why they continue to matter. Case-based discussion connects the subject to lukacs without reducing it to a single interpretation.",ai-generated
000,"Understanding Story: Concepts, Debates, and Harold","Beginning with the foundations of story, the discussion follows shifts in terminology, practice, and interpretation. Examples involving harold and mondrian make the broader patterns easier to compare.",ai-generated
000,The Changing World of Lukacs and Mondrian,"lukacs is examined here as a changing set of ideas and practices. By bringing mondrian into conversation with story, the text demonstrates how definitions and priorities vary across contexts.",ai-generated
000,Harold and Bakhtin: A Critical Introduction,"At the intersection of harold and bakhtin, this work identifies recurring problems of interpretation and practice. Material concerning young provides a further basis for evaluating the competing positions.",ai-generated
000,Perspectives on Young: From Lukacs to Bakhtin,"The author approaches young through problems of definition, evidence, and interpretation. Links to lukacs and bakhtin broaden the inquiry and show how the topic operates beyond a single setting.",ai-generated
000,"Mapping Mondrian: Culture, Practice, and Young","Rather than treating mondrian as an isolated topic, the volume places it alongside young and harold. The result is a comparative account of changing practices, arguments, and contexts.",ai-generated
000,Rethinking Annals through Story,"The central concern is annals, but the analysis extends to the institutions, texts, and practices associated with story. Particular emphasis is placed on lukacs as a source of change and debate.",ai-generated
000,Studies in Bakhtin and Story,"Using bakhtin as its organizing theme, the volume assembles evidence concerning story and lukacs. The chapters emphasize relationships among people, institutions, and ideas instead of presenting disconnected facts.",ai-generated
000,The Practice of Story: Cases in Harold,"Examples are used throughout to clarify the relationship between story and harold. Instead of offering a single narrative, the author contrasts several viewpoints and considers their implications for mondrian.",ai-generated
000,Lukacs across Time: Themes in Mondrian,"Several strands of lukacs are brought together in this survey, with special attention to their interaction with mondrian. The concluding discussion uses story to identify unresolved questions.",ai-generated
000,"Interpreting Harold: Evidence, Ideas, and Bakhtin","Questions surrounding harold provide the starting point for an examination of bakhtin. Attention then turns to young, where contrasting examples reveal both continuity and change.",ai-generated
000,Encounters with Young: Essays on Lukacs,"Through selected cases, the author investigates the connections among young, lukacs, and bakhtin. The emphasis falls on evidence, competing explanations, and the conditions that shaped each development.",ai-generated
000,Foundations of Mondrian and Young,"What changes when mondrian is viewed through the lens of young? This study answers that question with examples drawn from harold, balancing broad interpretation with attention to specific cases.",ai-generated
000,Annals in Practice: Methods and Story,"The volume follows annals across different settings and periods, asking how its meaning changes when connected with story. Discussion of lukacs supplies a second point of comparison.",ai-generated
000,Reading Bakhtin: Questions of Story,"Starting from concrete material related to bakhtin, the study builds toward broader arguments about story. Comparisons with lukacs help distinguish local features from more general tendencies.",ai-generated
000,The Language of Story: Forms and Harold,"Organized around major debates in story, the text moves between conceptual explanation and concrete material related to harold. Its treatment of mondrian highlights the consequences of different approaches.",ai-generated
029,Information across Time: Themes in Patent,"Beginning with the foundations of information, the discussion follows shifts in terminology, practice, and interpretation. Examples involving patent and library make the broader patterns easier to compare.",ai-generated
029,"Interpreting Patent: Evidence, Ideas, and Translation","patent is examined here as a changing set of ideas and practices. By bringing translation into conversation with science, the text demonstrates how definitions and priorities vary across contexts.",ai-generated
029,Encounters with Library: Essays on Science,"At the intersection of library and science, this work identifies recurring problems of interpretation and practice. Material concerning patent provides a further basis for evaluating the competing positions.",ai-generated
029,Foundations of Translation and Information,"The author approaches translation through problems of definition, evidence, and interpretation. Links to information and data broaden the inquiry and show how the topic operates beyond a single setting.",ai-generated
029,Data in Practice: Methods and Library,"Rather than treating data as an isolated topic, the volume places it alongside library and information. The result is a comparative account of changing practices, arguments, and contexts.",ai-generated
029,Reading Science: Questions of Data,"The central concern is science, but the analysis extends to the institutions, texts, and practices associated with data. Particular emphasis is placed on translation as a source of change and debate.",ai-generated
030,"Interpreting Encyclopedic: Evidence, Ideas, and Encyclopedia","The central concern is encyclopedic, but the analysis extends to the institutions, texts, and practices associated with encyclopedia. Particular emphasis is placed on encyclopedias as a source of change and debate.",ai-generated
030,Encounters with Encyclopedia: Essays on World,"Using encyclopedia as its organizing theme, the volume assembles evidence concerning world and facts. The chapters emphasize relationships among people, institutions, and ideas instead of presenting disconnected facts.",ai-generated
034,Reading Enlightenment: Questions of Diderot,"enlightenment is examined here as a changing set of ideas and practices. By bringing diderot into conversation with french, the text demonstrates how definitions and priorities vary across contexts.",ai-generated
034,The Language of Diderot: Forms and Art,"At the intersection of diderot and art, this work identifies recurring problems of interpretation and practice. Material concerning artists provides a further basis for evaluating the competing positions.",ai-generated
034,"French, Artists, and Social Change","The author approaches french through problems of definition, evidence, and interpretation. Links to artists and diderot broaden the inquiry and show how the topic operates beyond a single setting.",ai-generated
034,A Companion to Art and Enlightenment,"Rather than treating art as an isolated topic, the volume places it alongside enlightenment and century. The result is a comparative account of changing practices, arguments, and contexts.",ai-generated
034,Approaches to Century: Problems in French,"The central concern is century, but the analysis extends to the institutions, texts, and practices associated with french. Particular emphasis is placed on enlightenment as a source of change and debate.",ai-generated
034,Beyond Artists: New Perspectives on Century,"Using artists as its organizing theme, the volume assembles evidence concerning century and art. The chapters emphasize relationships among people, institutions, and ideas instead of presenting disconnected facts.",ai-generated
034,Nineteenth in Context: Perspectives on Diderot,"Examples are used throughout to clarify the relationship between nineteenth and diderot. Instead of offering a single narrative, the author contrasts several viewpoints and considers their implications for french.",ai-generated
054,Reading Impressionism: Questions of Tel,"The central concern is impressionism, but the analysis extends to the institutions, texts, and practices associated with tel. Particular emphasis is placed on business as a source of change and debate.",ai-generated
054,The Language of Tel: Forms and French,"Using tel as its organizing theme, the volume assembles evidence concerning french and southeast. The chapters emphasize relationships among people, institutions, and ideas instead of presenting disconnected facts.",ai-generated
054,"Business, Southeast, and Social Change","Examples are used throughout to clarify the relationship between business and southeast. Instead of offering a single narrative, the author contrasts several viewpoints and considers their implications for tel.",ai-generated
054,A Companion to French and Impressionism,"Several strands of french are brought together in this survey, with special attention to their interaction with impressionism. The concluding discussion uses iran to identify unresolved questions.",ai-generated
055,The Language of Big Data: Forms and Magazine,"Through selected cases, the author investigates the connections among big data, magazine, and programming. The emphasis falls on evidence, competing explanations, and the conditions that shaped each development.",ai-generated
055,"Magazine, Lifestyle, and Social Change","What changes when magazine is viewed through the lens of lifestyle? This study answers that question with examples drawn from infographics, balancing broad interpretation with attention to specific cases.",ai-generated
060,Nonprofit in Context: Perspectives on Organizations,"What changes when nonprofit is viewed through the lens of organizations? This study answers that question with examples drawn from management, balancing broad interpretation with attention to specific cases.",ai-generated
061,"Understanding Nonprofit: Concepts, Debates, and China",The discussion moves from the basic vocabulary of nonprofit to more contested issues involving china. A final emphasis on sector shows how the subject can be understood from multiple perspectives.,ai-generated
065,"Mapping Academies: Culture, Practice, and Organizations","The volume follows academies across different settings and periods, asking how its meaning changes when connected with organizations. Discussion of museums supplies a second point of comparison.",ai-generated
065,Rethinking Organizations through Networks,"Starting from concrete material related to organizations, the study builds toward broader arguments about networks. Comparisons with explains evidence help distinguish local features from more general tendencies.",ai-generated
065,Studies in Museums and Explains Evidence,"Organized around major debates in museums, the text moves between conceptual explanation and concrete material related to explains evidence. Its treatment of organizations highlights the consequences of different approaches.",ai-generated
065,The Practice of Networks: Cases in Academies,This accessible account introduces the principal questions raised by networks and relates them to academies. Short thematic sections on pollock add depth while keeping the discussion grounded in examples.,ai-generated
065,Pollock across Time: Themes in Museums,The discussion moves from the basic vocabulary of pollock to more contested issues involving museums. A final emphasis on academies shows how the subject can be understood from multiple perspectives.,ai-generated
065,"Interpreting Explains Evidence: Evidence, Ideas, and Pollock",A thematic rather than strictly chronological structure guides this examination of explains evidence. Sections devoted to pollock and networks bring together evidence that is often considered separately.,ai-generated
065,Encounters with Evidence Interpretation: Essays on Organizations,"Neither a simple handbook nor a chronological narrative, this work treats evidence interpretation as a field of competing ideas. Its chapters connect organizations with museums to illuminate the forces shaping the subject.",ai-generated
065,Foundations of Academies and Organizations,"A series of focused essays considers academies from several angles, including its relationship with organizations and museums. Together they show how the subject has been interpreted in different settings.",ai-generated
065,Organizations in Practice: Methods and Networks,"Combining overview with close analysis, the work surveys organizations and then tests its main ideas against material from networks and explains evidence. It is structured to support comparison rather than simple chronology.",ai-generated
065,Reading Museums: Questions of Explains Evidence,"Close attention to museums reveals patterns that are easy to miss in a general survey. Connections with explains evidence and organizations are used to explain why particular forms, arguments, or practices emerged.",ai-generated
065,The Language of Networks: Forms and Academies,"By pairing introductory explanation with detailed cases, the text makes networks approachable without oversimplifying it. Its treatment of academies and pollock foregrounds both disagreement and development.",ai-generated
065,"Pollock, Museums, and Social Change","Drawing on pollock and museums, this study traces how key ideas developed and why they continue to matter. Case-based discussion connects the subject to academies without reducing it to a single interpretation.",ai-generated
065,A Companion to Explains Evidence and Pollock,"Beginning with the foundations of explains evidence, the discussion follows shifts in terminology, practice, and interpretation. Examples involving pollock and networks make the broader patterns easier to compare.",ai-generated
065,Approaches to Evidence Interpretation: Problems in Organizations,"evidence interpretation is examined here as a changing set of ideas and practices. By bringing organizations into conversation with museums, the text demonstrates how definitions and priorities vary across contexts.",ai-generated
065,Beyond Academies: New Perspectives on Organizations,"At the intersection of academies and organizations, this work identifies recurring problems of interpretation and practice. Material concerning museums provides a further basis for evaluating the competing positions.",ai-generated
065,Organizations in Context: Perspectives on Networks,"The author approaches organizations through problems of definition, evidence, and interpretation. Links to networks and explains evidence broaden the inquiry and show how the topic operates beyond a single setting.",ai-generated
065,"Understanding Museums: Concepts, Debates, and Explains Evidence","Rather than treating museums as an isolated topic, the volume places it alongside explains evidence and organizations. The result is a comparative account of changing practices, arguments, and contexts.",ai-generated
065,The Changing World of Networks and Academies,"The central concern is networks, but the analysis extends to the institutions, texts, and practices associated with academies. Particular emphasis is placed on pollock as a source of change and debate.",ai-generated
065,Pollock and Museums: A Critical Introduction,"Using pollock as its organizing theme, the volume assembles evidence concerning museums and academies. The chapters emphasize relationships among people, institutions, and ideas instead of presenting disconnected facts.",ai-generated
067,Studies in Europe Russia and Eastern Europe,"By pairing introductory explanation with detailed cases, the text makes europe russia approachable without oversimplifying it. Its treatment of eastern europe and organizations foregrounds both disagreement and development.",ai-generated
067,The Practice of Eastern Europe: Cases in Pricing,"Drawing on eastern europe and pricing, this study traces how key ideas developed and why they continue to matter. Case-based discussion connects the subject to tax without reducing it to a single interpretation.",ai-generated
067,Organizations across Time: Themes in Tax,"Beginning with the foundations of organizations, the discussion follows shifts in terminology, practice, and interpretation. Examples involving tax and eastern europe make the broader patterns easier to compare.",ai-generated
071,Encounters with News: Essays on Journalism,"Neither a simple handbook nor a chronological narrative, this work treats news as a field of competing ideas. Its chapters connect journalism with media to illuminate the forces shaping the subject.",ai-generated
071,Foundations of Journalism and Journalists,"A series of focused essays considers journalism from several angles, including its relationship with journalists and business school. Together they show how the subject has been interpreted in different settings.",ai-generated
071,Media in Practice: Methods and Business School,"Combining overview with close analysis, the work surveys media and then tests its main ideas against material from business school and journalism. It is structured to support comparison rather than simple chronology.",ai-generated
071,Reading Journalists: Questions of News,"Close attention to journalists reveals patterns that are easy to miss in a general survey. Connections with news and reporters are used to explain why particular forms, arguments, or practices emerged.",ai-generated
071,The Language of Reporters: Forms and Media,"By pairing introductory explanation with detailed cases, the text makes reporters approachable without oversimplifying it. Its treatment of media and news foregrounds both disagreement and development.",ai-generated
071,"Business School, Reporters, and Social Change","Drawing on business school and reporters, this study traces how key ideas developed and why they continue to matter. Case-based discussion connects the subject to journalists without reducing it to a single interpretation.",ai-generated
071,A Companion to Education and Journalism,"Beginning with the foundations of education, the discussion follows shifts in terminology, practice, and interpretation. Examples involving journalism and media make the broader patterns easier to compare.",ai-generated
071,Approaches to News: Problems in Journalism,"news is examined here as a changing set of ideas and practices. By bringing journalism into conversation with media, the text demonstrates how definitions and priorities vary across contexts.",ai-generated
072,Foundations of Data and Journalism,"Drawing on data and journalism, this study traces how key ideas developed and why they continue to matter. Case-based discussion connects the subject to economics without reducing it to a single interpretation.",ai-generated
072,Journalism in Practice: Methods and Media,"Beginning with the foundations of journalism, the discussion follows shifts in terminology, practice, and interpretation. Examples involving media and accounting make the broader patterns easier to compare.",ai-generated
072,Reading Economics: Questions of Accounting,"economics is examined here as a changing set of ideas and practices. By bringing accounting into conversation with journalism, the text demonstrates how definitions and priorities vary across contexts.",ai-generated
072,The Language of Media: Forms and Data,"At the intersection of media and data, this work identifies recurring problems of interpretation and practice. Material concerning business provides a further basis for evaluating the competing positions.",ai-generated
072,"Business, Economics, and Social Change","The author approaches business through problems of definition, evidence, and interpretation. Links to economics and data broaden the inquiry and show how the topic operates beyond a single setting.",ai-generated
072,A Companion to Accounting and Business,"Rather than treating accounting as an isolated topic, the volume places it alongside business and media. The result is a comparative account of changing practices, arguments, and contexts.",ai-generated
072,Approaches to News: Problems in Journalism: Study 2,"The central concern is news, but the analysis extends to the institutions, texts, and practices associated with journalism. Particular emphasis is placed on economics as a source of change and debate.",ai-generated
076,"Journalism, Questions Relevant, and Social Change","A series of focused essays considers journalism from several angles, including its relationship with questions relevant and collection presents. Together they show how the subject has been interpreted in different settings.",ai-generated
076,A Companion to Questions Relevant and Sources,"Combining overview with close analysis, the work surveys questions relevant and then tests its main ideas against material from sources and connect. It is structured to support comparison rather than simple chronology.",ai-generated
076,Approaches to Collection Presents: Problems in Connect,"Close attention to collection presents reveals patterns that are easy to miss in a general survey. Connections with connect and questions relevant are used to explain why particular forms, arguments, or practices emerged.",ai-generated
076,Beyond Sources: New Perspectives on Journalism,"By pairing introductory explanation with detailed cases, the text makes sources approachable without oversimplifying it. Its treatment of journalism and news foregrounds both disagreement and development.",ai-generated
076,News in Context: Perspectives on Collection Presents,"Drawing on news and collection presents, this study traces how key ideas developed and why they continue to matter. Case-based discussion connects the subject to journalism without reducing it to a single interpretation.",ai-generated
076,"Understanding Connect: Concepts, Debates, and News","Beginning with the foundations of connect, the discussion follows shifts in terminology, practice, and interpretation. Examples involving news and sources make the broader patterns easier to compare.",ai-generated
076,The Changing World of Short Sections and Questions Relevant,"short sections is examined here as a changing set of ideas and practices. By bringing questions relevant into conversation with collection presents, the text demonstrates how definitions and priorities vary across contexts.",ai-generated
076,Journalism and Questions Relevant: A Critical Introduction,"At the intersection of journalism and questions relevant, this work identifies recurring problems of interpretation and practice. Material concerning collection presents provides a further basis for evaluating the competing positions.",ai-generated
076,Perspectives on Questions Relevant: From Sources to Connect,"The author approaches questions relevant through problems of definition, evidence, and interpretation. Links to sources and connect broaden the inquiry and show how the topic operates beyond a single setting.",ai-generated
076,"Mapping Collection Presents: Culture, Practice, and Connect","Rather than treating collection presents as an isolated topic, the volume places it alongside connect and questions relevant. The result is a comparative account of changing practices, arguments, and contexts.",ai-generated
076,Rethinking Sources through Journalism,"The central concern is sources, but the analysis extends to the institutions, texts, and practices associated with journalism. Particular emphasis is placed on news as a source of change and debate.",ai-generated
076,Studies in News and Collection Presents,"Using news as its organizing theme, the volume assembles evidence concerning collection presents and journalism. The chapters emphasize relationships among people, institutions, and ideas instead of presenting disconnected facts.",ai-generated
076,The Practice of Connect: Cases in News,"Examples are used throughout to clarify the relationship between connect and news. Instead of offering a single narrative, the author contrasts several viewpoints and considers their implications for sources.",ai-generated
077,A Companion to Europe Russia and Eastern Europe,"Beginning with the foundations of europe russia, the discussion follows shifts in terminology, practice, and interpretation. Examples involving eastern europe and newspapers make the broader patterns easier to compare.",ai-generated
077,Approaches to Eastern Europe: Problems in Soviet,"eastern europe is examined here as a changing set of ideas and practices. By bringing soviet into conversation with athletes, the text demonstrates how definitions and priorities vary across contexts.",ai-generated
077,Beyond Newspapers: New Perspectives on Athletes,"At the intersection of newspapers and athletes, this work identifies recurring problems of interpretation and practice. Material concerning eastern europe provides a further basis for evaluating the competing positions.",ai-generated
077,Soviet in Context: Perspectives on Europe Russia,"The author approaches soviet through problems of definition, evidence, and interpretation. Links to europe russia and russian broaden the inquiry and show how the topic operates beyond a single setting.",ai-generated
080,American in Context: Perspectives on Graffiti,This accessible account introduces the principal questions raised by american and relates them to graffiti. Short thematic sections on speeches add depth while keeping the discussion grounded in examples.,ai-generated
080,"Understanding Graffiti: Concepts, Debates, and Quotations",The discussion moves from the basic vocabulary of graffiti to more contested issues involving quotations. A final emphasis on outrage shows how the subject can be understood from multiple perspectives.,ai-generated
080,The Changing World of Speeches and Outrage,A thematic rather than strictly chronological structure guides this examination of speeches. Sections devoted to outrage and graffiti bring together evidence that is often considered separately.,ai-generated
081,"Understanding Victorian: Concepts, Debates, and Spanish Civil","Combining overview with close analysis, the work surveys victorian and then tests its main ideas against material from spanish civil and war. It is structured to support comparison rather than simple chronology.",ai-generated
081,The Changing World of Spanish Civil and Ideas,"Close attention to spanish civil reveals patterns that are easy to miss in a general survey. Connections with ideas and century are used to explain why particular forms, arguments, or practices emerged.",ai-generated
081,War and Century: A Critical Introduction,"By pairing introductory explanation with detailed cases, the text makes war approachable without oversimplifying it. Its treatment of century and spanish civil foregrounds both disagreement and development.",ai-generated
081,Perspectives on Ideas: From Victorian to British,"Drawing on ideas and victorian, this study traces how key ideas developed and why they continue to matter. Case-based discussion connects the subject to british without reducing it to a single interpretation.",ai-generated
081,"Mapping British: Culture, Practice, and War","Beginning with the foundations of british, the discussion follows shifts in terminology, practice, and interpretation. Examples involving war and victorian make the broader patterns easier to compare.",ai-generated
081,Rethinking Century through British,"century is examined here as a changing set of ideas and practices. By bringing british into conversation with ideas, the text demonstrates how definitions and priorities vary across contexts.",ai-generated
081,Studies in Great and Spanish Civil,"At the intersection of great and spanish civil, this work identifies recurring problems of interpretation and practice. Material concerning war provides a further basis for evaluating the competing positions.",ai-generated
081,The Practice of Victorian: Cases in Spanish Civil,"The author approaches victorian through problems of definition, evidence, and interpretation. Links to spanish civil and war broaden the inquiry and show how the topic operates beyond a single setting.",ai-generated
082,The Changing World of Women and Gender,"women is examined here as a changing set of ideas and practices. By bringing gender into conversation with quotations, the text demonstrates how definitions and priorities vary across contexts.",ai-generated
082,Gender and Feminist: A Critical Introduction,"At the intersection of gender and feminist, this work identifies recurring problems of interpretation and practice. Material concerning finance provides a further basis for evaluating the competing positions.",ai-generated
082,Perspectives on Quotations: From Finance to Gender,"The author approaches quotations through problems of definition, evidence, and interpretation. Links to finance and gender broaden the inquiry and show how the topic operates beyond a single setting.",ai-generated
082,"Mapping Feminist: Culture, Practice, and Women","Rather than treating feminist as an isolated topic, the volume places it alongside women and financial. The result is a comparative account of changing practices, arguments, and contexts.",ai-generated
082,Rethinking Financial through Quotations,"The central concern is financial, but the analysis extends to the institutions, texts, and practices associated with quotations. Particular emphasis is placed on women as a source of change and debate.",ai-generated
082,Studies in Finance and Financial,"Using finance as its organizing theme, the volume assembles evidence concerning financial and feminist. The chapters emphasize relationships among people, institutions, and ideas instead of presenting disconnected facts.",ai-generated
082,The Practice of Female: Cases in Gender,"Examples are used throughout to clarify the relationship between female and gender. Instead of offering a single narrative, the author contrasts several viewpoints and considers their implications for quotations.",ai-generated
082,Women across Time: Themes in Gender,"Several strands of women are brought together in this survey, with special attention to their interaction with gender. The concluding discussion uses quotations to identify unresolved questions.",ai-generated
082,"Interpreting Gender: Evidence, Ideas, and Feminist","Questions surrounding gender provide the starting point for an examination of feminist. Attention then turns to finance, where contrasting examples reveal both continuity and change.",ai-generated
082,Encounters with Quotations: Essays on Finance,"Through selected cases, the author investigates the connections among quotations, finance, and gender. The emphasis falls on evidence, competing explanations, and the conditions that shaped each development.",ai-generated
082,Foundations of Feminist and Women,"What changes when feminist is viewed through the lens of women? This study answers that question with examples drawn from financial, balancing broad interpretation with attention to specific cases.",ai-generated
082,Financial in Practice: Methods and Quotations,"The volume follows financial across different settings and periods, asking how its meaning changes when connected with quotations. Discussion of women supplies a second point of comparison.",ai-generated
082,Reading Finance: Questions of Financial,"Starting from concrete material related to finance, the study builds toward broader arguments about financial. Comparisons with feminist help distinguish local features from more general tendencies.",ai-generated
082,The Language of Female: Forms and Gender,"Organized around major debates in female, the text moves between conceptual explanation and concrete material related to gender. Its treatment of quotations highlights the consequences of different approaches.",ai-generated
082,"Women, Gender, and Social Change",This accessible account introduces the principal questions raised by women and relates them to gender. Short thematic sections on quotations add depth while keeping the discussion grounded in examples.,ai-generated
084,Perspectives on Churchill: From Stalin to Revolution,"What changes when churchill is viewed through the lens of stalin? This study answers that question with examples drawn from revolution, balancing broad interpretation with attention to specific cases.",ai-generated
084,"Mapping Stalin: Culture, Practice, and Russian","The volume follows stalin across different settings and periods, asking how its meaning changes when connected with russian. Discussion of revolutionary supplies a second point of comparison.",ai-generated
084,Rethinking Revolution through Revolutionary,"Starting from concrete material related to revolution, the study builds toward broader arguments about revolutionary. Comparisons with stalin help distinguish local features from more general tendencies.",ai-generated
084,Studies in Russian and Churchill,"Organized around major debates in russian, the text moves between conceptual explanation and concrete material related to churchill. Its treatment of war highlights the consequences of different approaches.",ai-generated
084,The Practice of War: Cases in Revolution,This accessible account introduces the principal questions raised by war and relates them to revolution. Short thematic sections on churchill add depth while keeping the discussion grounded in examples.,ai-generated
085,"Mapping Thatcher: Culture, Practice, and Britain",The discussion moves from the basic vocabulary of thatcher to more contested issues involving britain. A final emphasis on food shows how the subject can be understood from multiple perspectives.,ai-generated
085,Rethinking Britain through Margaret,A thematic rather than strictly chronological structure guides this examination of britain. Sections devoted to margaret and political bring together evidence that is often considered separately.,ai-generated
085,Studies in Food and Political,"Neither a simple handbook nor a chronological narrative, this work treats food as a field of competing ideas. Its chapters connect political with britain to illuminate the forces shaping the subject.",ai-generated
085,The Practice of Margaret: Cases in Thatcher,"A series of focused essays considers margaret from several angles, including its relationship with thatcher and british. Together they show how the subject has been interpreted in different settings.",ai-generated
085,British across Time: Themes in Food,"Combining overview with close analysis, the work surveys british and then tests its main ideas against material from food and thatcher. It is structured to support comparison rather than simple chronology.",ai-generated
085,"Interpreting Political: Evidence, Ideas, and British","Close attention to political reveals patterns that are easy to miss in a general survey. Connections with british and margaret are used to explain why particular forms, arguments, or practices emerged.",ai-generated
085,Encounters with Germany: Essays on Britain,"By pairing introductory explanation with detailed cases, the text makes germany approachable without oversimplifying it. Its treatment of britain and food foregrounds both disagreement and development.",ai-generated
085,Foundations of Thatcher and Britain,"Drawing on thatcher and britain, this study traces how key ideas developed and why they continue to matter. Case-based discussion connects the subject to food without reducing it to a single interpretation.",ai-generated
085,Britain in Practice: Methods and Margaret,"Beginning with the foundations of britain, the discussion follows shifts in terminology, practice, and interpretation. Examples involving margaret and political make the broader patterns easier to compare.",ai-generated
085,Reading Food: Questions of Political,"food is examined here as a changing set of ideas and practices. By bringing political into conversation with britain, the text demonstrates how definitions and priorities vary across contexts.",ai-generated
085,The Language of Margaret: Forms and Thatcher,"At the intersection of margaret and thatcher, this work identifies recurring problems of interpretation and practice. Material concerning british provides a further basis for evaluating the competing positions.",ai-generated
085,"British, Food, and Social Change","The author approaches british through problems of definition, evidence, and interpretation. Links to food and thatcher broaden the inquiry and show how the topic operates beyond a single setting.",ai-generated
085,A Companion to Political and British,"Rather than treating political as an isolated topic, the volume places it alongside british and margaret. The result is a comparative account of changing practices, arguments, and contexts.",ai-generated
085,Approaches to Germany: Problems in Britain,"The central concern is germany, but the analysis extends to the institutions, texts, and practices associated with britain. Particular emphasis is placed on food as a source of change and debate.",ai-generated
086,Rethinking Nazi through Anthologies,"Close attention to nazi reveals patterns that are easy to miss in a general survey. Connections with anthologies and hitler are used to explain why particular forms, arguments, or practices emerged.",ai-generated
086,Studies in Anthologies and Reich,"By pairing introductory explanation with detailed cases, the text makes anthologies approachable without oversimplifying it. Its treatment of reich and russia foregrounds both disagreement and development.",ai-generated
086,The Practice of Hitler: Cases in Russia,"Drawing on hitler and russia, this study traces how key ideas developed and why they continue to matter. Case-based discussion connects the subject to anthologies without reducing it to a single interpretation.",ai-generated
086,Reich across Time: Themes in Nazi,"Beginning with the foundations of reich, the discussion follows shifts in terminology, practice, and interpretation. Examples involving nazi and slim make the broader patterns easier to compare.",ai-generated
086,"Interpreting Slim: Evidence, Ideas, and Hitler","slim is examined here as a changing set of ideas and practices. By bringing hitler into conversation with nazi, the text demonstrates how definitions and priorities vary across contexts.",ai-generated
086,Encounters with Russia: Essays on Slim,"At the intersection of russia and slim, this work identifies recurring problems of interpretation and practice. Material concerning reich provides a further basis for evaluating the competing positions.",ai-generated
089,African American across Time: Themes in Papyri,"The volume follows african american across different settings and periods, asking how its meaning changes when connected with papyri. Discussion of theatre supplies a second point of comparison.",ai-generated
089,"Interpreting Papyri: Evidence, Ideas, and Turks","Starting from concrete material related to papyri, the study builds toward broader arguments about turks. Comparisons with fragments help distinguish local features from more general tendencies.",ai-generated
089,Encounters with Theatre: Essays on Fragments,"Organized around major debates in theatre, the text moves between conceptual explanation and concrete material related to fragments. Its treatment of papyri highlights the consequences of different approaches.",ai-generated
089,Foundations of Turks and African American,This accessible account introduces the principal questions raised by turks and relates them to african american. Short thematic sections on yorkshire add depth while keeping the discussion grounded in examples.,ai-generated
089,Yorkshire in Practice: Methods and Theatre,The discussion moves from the basic vocabulary of yorkshire to more contested issues involving theatre. A final emphasis on african american shows how the subject can be understood from multiple perspectives.,ai-generated
089,Reading Fragments: Questions of Yorkshire,A thematic rather than strictly chronological structure guides this examination of fragments. Sections devoted to yorkshire and turks bring together evidence that is often considered separately.,ai-generated
089,The Language of Bce: Forms and Papyri,"Neither a simple handbook nor a chronological narrative, this work treats bce as a field of competing ideas. Its chapters connect papyri with theatre to illuminate the forces shaping the subject.",ai-generated
089,"African American, Papyri, and Social Change","A series of focused essays considers african american from several angles, including its relationship with papyri and theatre. Together they show how the subject has been interpreted in different settings.",ai-generated
089,A Companion to Papyri and Turks,"Combining overview with close analysis, the work surveys papyri and then tests its main ideas against material from turks and fragments. It is structured to support comparison rather than simple chronology.",ai-generated
089,Approaches to Theatre: Problems in Fragments,"Close attention to theatre reveals patterns that are easy to miss in a general survey. Connections with fragments and papyri are used to explain why particular forms, arguments, or practices emerged.",ai-generated
089,Beyond Turks: New Perspectives on African American,"By pairing introductory explanation with detailed cases, the text makes turks approachable without oversimplifying it. Its treatment of african american and yorkshire foregrounds both disagreement and development.",ai-generated
089,Yorkshire in Context: Perspectives on Theatre,"Drawing on yorkshire and theatre, this study traces how key ideas developed and why they continue to matter. Case-based discussion connects the subject to african american without reducing it to a single interpretation.",ai-generated
089,"Understanding Fragments: Concepts, Debates, and Yorkshire","Beginning with the foundations of fragments, the discussion follows shifts in terminology, practice, and interpretation. Examples involving yorkshire and turks make the broader patterns easier to compare.",ai-generated
089,The Changing World of Bce and Papyri,"bce is examined here as a changing set of ideas and practices. By bringing papyri into conversation with theatre, the text demonstrates how definitions and priorities vary across contexts.",ai-generated
089,African American and Papyri: A Critical Introduction,"At the intersection of african american and papyri, this work identifies recurring problems of interpretation and practice. Material concerning theatre provides a further basis for evaluating the competing positions.",ai-generated
093,Aristotle in Practice: Methods and Early,"Several strands of aristotle are brought together in this survey, with special attention to their interaction with early. The concluding discussion uses roman to identify unresolved questions.",ai-generated
093,Reading Early: Questions of Printing,"Questions surrounding early provide the starting point for an examination of printing. Attention then turns to pre modern, where contrasting examples reveal both continuity and change.",ai-generated
093,The Language of Roman: Forms and Pre Modern,"Through selected cases, the author investigates the connections among roman, pre modern, and early. The emphasis falls on evidence, competing explanations, and the conditions that shaped each development.",ai-generated
093,"Printing, Aristotle, and Social Change","What changes when printing is viewed through the lens of aristotle? This study answers that question with examples drawn from ancient, balancing broad interpretation with attention to specific cases.",ai-generated
093,A Companion to Ancient and Roman,"The volume follows ancient across different settings and periods, asking how its meaning changes when connected with roman. Discussion of aristotle supplies a second point of comparison.",ai-generated
093,Approaches to Pre Modern: Problems in Ancient,"Starting from concrete material related to pre modern, the study builds toward broader arguments about ancient. Comparisons with printing help distinguish local features from more general tendencies.",ai-generated
093,Beyond Books: New Perspectives on Early,"Organized around major debates in books, the text moves between conceptual explanation and concrete material related to early. Its treatment of roman highlights the consequences of different approaches.",ai-generated
093,Aristotle in Context: Perspectives on Early,This accessible account introduces the principal questions raised by aristotle and relates them to early. Short thematic sections on roman add depth while keeping the discussion grounded in examples.,ai-generated
093,"Understanding Early: Concepts, Debates, and Printing",The discussion moves from the basic vocabulary of early to more contested issues involving printing. A final emphasis on pre modern shows how the subject can be understood from multiple perspectives.,ai-generated
093,The Changing World of Roman and Pre Modern,A thematic rather than strictly chronological structure guides this examination of roman. Sections devoted to pre modern and early bring together evidence that is often considered separately.,ai-generated
093,Printing and Aristotle: A Critical Introduction,"Neither a simple handbook nor a chronological narrative, this work treats printing as a field of competing ideas. Its chapters connect aristotle with ancient to illuminate the forces shaping the subject.",ai-generated
093,Perspectives on Ancient: From Roman to Aristotle,"A series of focused essays considers ancient from several angles, including its relationship with roman and aristotle. Together they show how the subject has been interpreted in different settings.",ai-generated
093,"Mapping Pre Modern: Culture, Practice, and Ancient","Combining overview with close analysis, the work surveys pre modern and then tests its main ideas against material from ancient and printing. It is structured to support comparison rather than simple chronology.",ai-generated
093,Rethinking Books through Early,"Close attention to books reveals patterns that are easy to miss in a general survey. Connections with early and roman are used to explain why particular forms, arguments, or practices emerged.",ai-generated
093,Studies in Aristotle and Early,"By pairing introductory explanation with detailed cases, the text makes aristotle approachable without oversimplifying it. Its treatment of early and roman foregrounds both disagreement and development.",ai-generated
093,The Practice of Early: Cases in Printing,"Drawing on early and printing, this study traces how key ideas developed and why they continue to matter. Case-based discussion connects the subject to pre modern without reducing it to a single interpretation.",ai-generated
093,Roman across Time: Themes in Pre Modern,"Beginning with the foundations of roman, the discussion follows shifts in terminology, practice, and interpretation. Examples involving pre modern and early make the broader patterns easier to compare.",ai-generated
093,"Interpreting Printing: Evidence, Ideas, and Aristotle","printing is examined here as a changing set of ideas and practices. By bringing aristotle into conversation with ancient, the text demonstrates how definitions and priorities vary across contexts.",ai-generated
093,Encounters with Ancient: Essays on Roman,"At the intersection of ancient and roman, this work identifies recurring problems of interpretation and practice. Material concerning aristotle provides a further basis for evaluating the competing positions.",ai-generated
099,Beyond Presidents: New Perspectives on Presidential,"Organized around major debates in presidents, the text moves between conceptual explanation and concrete material related to presidential. Its treatment of law highlights the consequences of different approaches.",ai-generated
099,Presidential in Context: Perspectives on Room,This accessible account introduces the principal questions raised by presidential and relates them to room. Short thematic sections on legal add depth while keeping the discussion grounded in examples.,ai-generated
099,"Understanding Law: Concepts, Debates, and Legal",The discussion moves from the basic vocabulary of law to more contested issues involving legal. A final emphasis on presidential shows how the subject can be understood from multiple perspectives.,ai-generated
099,The Changing World of Room and Presidents,A thematic rather than strictly chronological structure guides this examination of room. Sections devoted to presidents and brand bring together evidence that is often considered separately.,ai-generated
099,Brand and Law: A Critical Introduction,"Neither a simple handbook nor a chronological narrative, this work treats brand as a field of competing ideas. Its chapters connect law with presidents to illuminate the forces shaping the subject.",ai-generated
099,Perspectives on Legal: From Brand to Room,"A series of focused essays considers legal from several angles, including its relationship with brand and room. Together they show how the subject has been interpreted in different settings.",ai-generated
099,"Mapping President: Culture, Practice, and Presidential","Combining overview with close analysis, the work surveys president and then tests its main ideas against material from presidential and law. It is structured to support comparison rather than simple chronology.",ai-generated
099,Rethinking Presidents through Presidential,"Close attention to presidents reveals patterns that are easy to miss in a general survey. Connections with presidential and law are used to explain why particular forms, arguments, or practices emerged.",ai-generated
100,Philosophy in Context: Perspectives on Philosophical,"A series of focused essays considers philosophy from several angles, including its relationship with philosophical and philosopher. Together they show how the subject has been interpreted in different settings.",ai-generated
100,"Understanding Philosophical: Concepts, Debates, and Gadamer","Combining overview with close analysis, the work surveys philosophical and then tests its main ideas against material from gadamer and baggini. It is structured to support comparison rather than simple chronology.",ai-generated
100,The Changing World of Philosopher and Baggini,"Close attention to philosopher reveals patterns that are easy to miss in a general survey. Connections with baggini and philosophical are used to explain why particular forms, arguments, or practices emerged.",ai-generated
100,Gadamer and Philosophy: A Critical Introduction,"By pairing introductory explanation with detailed cases, the text makes gadamer approachable without oversimplifying it. Its treatment of philosophy and ask foregrounds both disagreement and development.",ai-generated
100,Perspectives on Ask: From Philosopher to Philosophy,"Drawing on ask and philosopher, this study traces how key ideas developed and why they continue to matter. Case-based discussion connects the subject to philosophy without reducing it to a single interpretation.",ai-generated
100,"Mapping Baggini: Culture, Practice, and Ask","Beginning with the foundations of baggini, the discussion follows shifts in terminology, practice, and interpretation. Examples involving ask and gadamer make the broader patterns easier to compare.",ai-generated
100,Rethinking Ethics through Philosophical,"ethics is examined here as a changing set of ideas and practices. By bringing philosophical into conversation with philosopher, the text demonstrates how definitions and priorities vary across contexts.",ai-generated
100,Studies in Philosophy and Philosophical,"At the intersection of philosophy and philosophical, this work identifies recurring problems of interpretation and practice. Material concerning philosopher provides a further basis for evaluating the competing positions.",ai-generated
100,The Practice of Philosophical: Cases in Gadamer,"The author approaches philosophical through problems of definition, evidence, and interpretation. Links to gadamer and baggini broaden the inquiry and show how the topic operates beyond a single setting.",ai-generated
100,Philosopher across Time: Themes in Baggini,"Rather than treating philosopher as an isolated topic, the volume places it alongside baggini and philosophical. The result is a comparative account of changing practices, arguments, and contexts.",ai-generated
100,"Interpreting Gadamer: Evidence, Ideas, and Philosophy","The central concern is gadamer, but the analysis extends to the institutions, texts, and practices associated with philosophy. Particular emphasis is placed on ask as a source of change and debate.",ai-generated
100,Encounters with Ask: Essays on Philosopher,"Using ask as its organizing theme, the volume assembles evidence concerning philosopher and philosophy. The chapters emphasize relationships among people, institutions, and ideas instead of presenting disconnected facts.",ai-generated
100,Foundations of Baggini and Ask,"Examples are used throughout to clarify the relationship between baggini and ask. Instead of offering a single narrative, the author contrasts several viewpoints and considers their implications for gadamer.",ai-generated
100,Ethics in Practice: Methods and Philosophical,"Several strands of ethics are brought together in this survey, with special attention to their interaction with philosophical. The concluding discussion uses philosopher to identify unresolved questions.",ai-generated
100,Reading Philosophy: Questions of Philosophical,"Questions surrounding philosophy provide the starting point for an examination of philosophical. Attention then turns to philosopher, where contrasting examples reveal both continuity and change.",ai-generated
118,Approaches to Diet: Problems in Productivity,"Starting from concrete material related to diet, the study builds toward broader arguments about productivity. Comparisons with energy help distinguish local features from more general tendencies.",ai-generated
118,Beyond Productivity: New Perspectives on Hiv,"Organized around major debates in productivity, the text moves between conceptual explanation and concrete material related to hiv. Its treatment of aids highlights the consequences of different approaches.",ai-generated
118,Energy in Context: Perspectives on Aids,This accessible account introduces the principal questions raised by energy and relates them to aids. Short thematic sections on productivity add depth while keeping the discussion grounded in examples.,ai-generated
118,"Understanding Hiv: Concepts, Debates, and Diet",The discussion moves from the basic vocabulary of hiv to more contested issues involving diet. A final emphasis on recipes shows how the subject can be understood from multiple perspectives.,ai-generated
118,The Changing World of Recipes and Energy,A thematic rather than strictly chronological structure guides this examination of recipes. Sections devoted to energy and diet bring together evidence that is often considered separately.,ai-generated
118,Aids and Recipes: A Critical Introduction,"Neither a simple handbook nor a chronological narrative, this work treats aids as a field of competing ideas. Its chapters connect recipes with hiv to illuminate the forces shaping the subject.",ai-generated
118,Perspectives on Force: From Productivity to Energy,"A series of focused essays considers force from several angles, including its relationship with productivity and energy. Together they show how the subject has been interpreted in different settings.",ai-generated
118,"Mapping Diet: Culture, Practice, and Productivity","Combining overview with close analysis, the work surveys diet and then tests its main ideas against material from productivity and energy. It is structured to support comparison rather than simple chronology.",ai-generated
118,Rethinking Productivity through Hiv,"Close attention to productivity reveals patterns that are easy to miss in a general survey. Connections with hiv and aids are used to explain why particular forms, arguments, or practices emerged.",ai-generated
118,Studies in Energy and Aids,"By pairing introductory explanation with detailed cases, the text makes energy approachable without oversimplifying it. Its treatment of aids and productivity foregrounds both disagreement and development.",ai-generated
118,The Practice of Hiv: Cases in Diet,"Drawing on hiv and diet, this study traces how key ideas developed and why they continue to matter. Case-based discussion connects the subject to recipes without reducing it to a single interpretation.",ai-generated
118,Recipes across Time: Themes in Energy,"Beginning with the foundations of recipes, the discussion follows shifts in terminology, practice, and interpretation. Examples involving energy and diet make the broader patterns easier to compare.",ai-generated
118,"Interpreting Aids: Evidence, Ideas, and Recipes","aids is examined here as a changing set of ideas and practices. By bringing recipes into conversation with hiv, the text demonstrates how definitions and priorities vary across contexts.",ai-generated
118,Encounters with Force: Essays on Productivity,"At the intersection of force and productivity, this work identifies recurring problems of interpretation and practice. Material concerning energy provides a further basis for evaluating the competing positions.",ai-generated
118,Foundations of Diet and Productivity,"The author approaches diet through problems of definition, evidence, and interpretation. Links to productivity and energy broaden the inquiry and show how the topic operates beyond a single setting.",ai-generated
118,Productivity in Practice: Methods and Hiv,"Rather than treating productivity as an isolated topic, the volume places it alongside hiv and aids. The result is a comparative account of changing practices, arguments, and contexts.",ai-generated
118,Reading Energy: Questions of Aids,"The central concern is energy, but the analysis extends to the institutions, texts, and practices associated with aids. Particular emphasis is placed on productivity as a source of change and debate.",ai-generated
118,The Language of Hiv: Forms and Diet,"Using hiv as its organizing theme, the volume assembles evidence concerning diet and recipes. The chapters emphasize relationships among people, institutions, and ideas instead of presenting disconnected facts.",ai-generated
118,"Recipes, Energy, and Social Change","Examples are used throughout to clarify the relationship between recipes and energy. Instead of offering a single narrative, the author contrasts several viewpoints and considers their implications for diet.",ai-generated
119,Beyond Heidegger: New Perspectives on Kurdish,"Neither a simple handbook nor a chronological narrative, this work treats heidegger as a field of competing ideas. Its chapters connect kurdish with multiplicity to illuminate the forces shaping the subject.",ai-generated
119,Kurdish in Context: Perspectives on Turkey,"A series of focused essays considers kurdish from several angles, including its relationship with turkey and political. Together they show how the subject has been interpreted in different settings.",ai-generated
119,"Understanding Multiplicity: Concepts, Debates, and Political","Combining overview with close analysis, the work surveys multiplicity and then tests its main ideas against material from political and kurdish. It is structured to support comparison rather than simple chronology.",ai-generated
119,The Changing World of Turkey and Heidegger,"Close attention to turkey reveals patterns that are easy to miss in a general survey. Connections with heidegger and mathematics are used to explain why particular forms, arguments, or practices emerged.",ai-generated
119,Mathematics and Multiplicity: A Critical Introduction,"By pairing introductory explanation with detailed cases, the text makes mathematics approachable without oversimplifying it. Its treatment of multiplicity and heidegger foregrounds both disagreement and development.",ai-generated
119,Perspectives on Political: From Mathematics to Turkey,"Drawing on political and mathematics, this study traces how key ideas developed and why they continue to matter. Case-based discussion connects the subject to turkey without reducing it to a single interpretation.",ai-generated
119,"Mapping Karen: Culture, Practice, and Kurdish","Beginning with the foundations of karen, the discussion follows shifts in terminology, practice, and interpretation. Examples involving kurdish and multiplicity make the broader patterns easier to compare.",ai-generated
127,Studies in Unconscious and Migration,"Through selected cases, the author investigates the connections among unconscious, migration, and freud. The emphasis falls on evidence, competing explanations, and the conditions that shaped each development.",ai-generated
127,The Practice of Migration: Cases in Mobility,"What changes when migration is viewed through the lens of mobility? This study answers that question with examples drawn from philosophy, balancing broad interpretation with attention to specific cases.",ai-generated
127,Freud across Time: Themes in Philosophy,"The volume follows freud across different settings and periods, asking how its meaning changes when connected with philosophy. Discussion of migration supplies a second point of comparison.",ai-generated
127,"Interpreting Mobility: Evidence, Ideas, and Unconscious","Starting from concrete material related to mobility, the study builds toward broader arguments about unconscious. Comparisons with intelligence help distinguish local features from more general tendencies.",ai-generated
127,Encounters with Intelligence: Essays on Freud,"Organized around major debates in intelligence, the text moves between conceptual explanation and concrete material related to freud. Its treatment of unconscious highlights the consequences of different approaches.",ai-generated
127,Foundations of Philosophy and Intelligence,This accessible account introduces the principal questions raised by philosophy and relates them to intelligence. Short thematic sections on mobility add depth while keeping the discussion grounded in examples.,ai-generated
127,Labour in Practice: Methods and Migration,The discussion moves from the basic vocabulary of labour to more contested issues involving migration. A final emphasis on freud shows how the subject can be understood from multiple perspectives.,ai-generated
127,Reading Unconscious: Questions of Migration,A thematic rather than strictly chronological structure guides this examination of unconscious. Sections devoted to migration and freud bring together evidence that is often considered separately.,ai-generated
127,The Language of Migration: Forms and Mobility,"Neither a simple handbook nor a chronological narrative, this work treats migration as a field of competing ideas. Its chapters connect mobility with philosophy to illuminate the forces shaping the subject.",ai-generated
127,"Freud, Philosophy, and Social Change","A series of focused essays considers freud from several angles, including its relationship with philosophy and migration. Together they show how the subject has been interpreted in different settings.",ai-generated
127,A Companion to Mobility and Unconscious,"Combining overview with close analysis, the work surveys mobility and then tests its main ideas against material from unconscious and intelligence. It is structured to support comparison rather than simple chronology.",ai-generated
127,Approaches to Intelligence: Problems in Freud,"Close attention to intelligence reveals patterns that are easy to miss in a general survey. Connections with freud and unconscious are used to explain why particular forms, arguments, or practices emerged.",ai-generated
127,Beyond Philosophy: New Perspectives on Intelligence,"By pairing introductory explanation with detailed cases, the text makes philosophy approachable without oversimplifying it. Its treatment of intelligence and mobility foregrounds both disagreement and development.",ai-generated
127,Labour in Context: Perspectives on Migration,"Drawing on labour and migration, this study traces how key ideas developed and why they continue to matter. Case-based discussion connects the subject to freud without reducing it to a single interpretation.",ai-generated
127,"Understanding Unconscious: Concepts, Debates, and Migration","Beginning with the foundations of unconscious, the discussion follows shifts in terminology, practice, and interpretation. Examples involving migration and freud make the broader patterns easier to compare.",ai-generated
127,The Changing World of Migration and Mobility,"migration is examined here as a changing set of ideas and practices. By bringing mobility into conversation with philosophy, the text demonstrates how definitions and priorities vary across contexts.",ai-generated
127,Freud and Philosophy: A Critical Introduction,"At the intersection of freud and philosophy, this work identifies recurring problems of interpretation and practice. Material concerning migration provides a further basis for evaluating the competing positions.",ai-generated
134,Reading Aboriginal: Questions of Desire,"Close attention to aboriginal reveals patterns that are easy to miss in a general survey. Connections with desire and poems are used to explain why particular forms, arguments, or practices emerged.",ai-generated
134,The Language of Desire: Forms and Chinese,"By pairing introductory explanation with detailed cases, the text makes desire approachable without oversimplifying it. Its treatment of chinese and aircraft foregrounds both disagreement and development.",ai-generated
134,"Poems, Aircraft, and Social Change","Drawing on poems and aircraft, this study traces how key ideas developed and why they continue to matter. Case-based discussion connects the subject to desire without reducing it to a single interpretation.",ai-generated
134,A Companion to Chinese and Aboriginal,"Beginning with the foundations of chinese, the discussion follows shifts in terminology, practice, and interpretation. Examples involving aboriginal and stewart make the broader patterns easier to compare.",ai-generated
134,Approaches to Stewart: Problems in Poems,"stewart is examined here as a changing set of ideas and practices. By bringing poems into conversation with aboriginal, the text demonstrates how definitions and priorities vary across contexts.",ai-generated
134,Beyond Aircraft: New Perspectives on Stewart,"At the intersection of aircraft and stewart, this work identifies recurring problems of interpretation and practice. Material concerning chinese provides a further basis for evaluating the competing positions.",ai-generated
134,Wanderlust in Context: Perspectives on Desire,"The author approaches wanderlust through problems of definition, evidence, and interpretation. Links to desire and poems broaden the inquiry and show how the topic operates beyond a single setting.",ai-generated
134,"Understanding Aboriginal: Concepts, Debates, and Desire","Rather than treating aboriginal as an isolated topic, the volume places it alongside desire and poems. The result is a comparative account of changing practices, arguments, and contexts.",ai-generated
134,The Changing World of Desire and Chinese,"The central concern is desire, but the analysis extends to the institutions, texts, and practices associated with chinese. Particular emphasis is placed on aircraft as a source of change and debate.",ai-generated
134,Poems and Aircraft: A Critical Introduction,"Using poems as its organizing theme, the volume assembles evidence concerning aircraft and desire. The chapters emphasize relationships among people, institutions, and ideas instead of presenting disconnected facts.",ai-generated
134,Perspectives on Chinese: From Aboriginal to Stewart,"Examples are used throughout to clarify the relationship between chinese and aboriginal. Instead of offering a single narrative, the author contrasts several viewpoints and considers their implications for stewart.",ai-generated
134,"Mapping Stewart: Culture, Practice, and Poems","Several strands of stewart are brought together in this survey, with special attention to their interaction with poems. The concluding discussion uses aboriginal to identify unresolved questions.",ai-generated
134,Rethinking Aircraft through Stewart,"Questions surrounding aircraft provide the starting point for an examination of stewart. Attention then turns to chinese, where contrasting examples reveal both continuity and change.",ai-generated
134,Studies in Wanderlust and Desire,"Through selected cases, the author investigates the connections among wanderlust, desire, and poems. The emphasis falls on evidence, competing explanations, and the conditions that shaped each development.",ai-generated
134,The Practice of Aboriginal: Cases in Desire,"What changes when aboriginal is viewed through the lens of desire? This study answers that question with examples drawn from poems, balancing broad interpretation with attention to specific cases.",ai-generated
134,Desire across Time: Themes in Chinese,"The volume follows desire across different settings and periods, asking how its meaning changes when connected with chinese. Discussion of aircraft supplies a second point of comparison.",ai-generated
137,A Companion to Handwriting and Unemployment,"The volume follows handwriting across different settings and periods, asking how its meaning changes when connected with unemployment. Discussion of personality supplies a second point of comparison.",ai-generated
137,Approaches to Unemployment: Problems in Job,"Starting from concrete material related to unemployment, the study builds toward broader arguments about job. Comparisons with loss help distinguish local features from more general tendencies.",ai-generated
137,Beyond Personality: New Perspectives on Loss,"Organized around major debates in personality, the text moves between conceptual explanation and concrete material related to loss. Its treatment of unemployment highlights the consequences of different approaches.",ai-generated
137,Job in Context: Perspectives on Handwriting,This accessible account introduces the principal questions raised by job and relates them to handwriting. Short thematic sections on disintegration add depth while keeping the discussion grounded in examples.,ai-generated
137,"Understanding Disintegration: Concepts, Debates, and Personality",The discussion moves from the basic vocabulary of disintegration to more contested issues involving personality. A final emphasis on handwriting shows how the subject can be understood from multiple perspectives.,ai-generated
143,Quantum and Bergson: A Critical Introduction,"Neither a simple handbook nor a chronological narrative, this work treats quantum as a field of competing ideas. Its chapters connect bergson with physics to illuminate the forces shaping the subject.",ai-generated
143,Perspectives on Bergson: From Yang to Theory,"A series of focused essays considers bergson from several angles, including its relationship with yang and theory. Together they show how the subject has been interpreted in different settings.",ai-generated
143,"Mapping Physics: Culture, Practice, and Theory","Combining overview with close analysis, the work surveys physics and then tests its main ideas against material from theory and bergson. It is structured to support comparison rather than simple chronology.",ai-generated
143,Rethinking Yang through Quantum,"Close attention to yang reveals patterns that are easy to miss in a general survey. Connections with quantum and wood are used to explain why particular forms, arguments, or practices emerged.",ai-generated
143,Studies in Wood and Physics,"By pairing introductory explanation with detailed cases, the text makes wood approachable without oversimplifying it. Its treatment of physics and quantum foregrounds both disagreement and development.",ai-generated
145,"Mapping Ideology: Culture, Practice, and Ideological","Rather than treating ideology as an isolated topic, the volume places it alongside ideological and temple. The result is a comparative account of changing practices, arguments, and contexts.",ai-generated
145,Rethinking Ideological through Monetary,"The central concern is ideological, but the analysis extends to the institutions, texts, and practices associated with monetary. Particular emphasis is placed on indexes as a source of change and debate.",ai-generated
145,Studies in Temple and Indexes,"Using temple as its organizing theme, the volume assembles evidence concerning indexes and ideological. The chapters emphasize relationships among people, institutions, and ideas instead of presenting disconnected facts.",ai-generated
145,The Practice of Monetary: Cases in Ideology,"Examples are used throughout to clarify the relationship between monetary and ideology. Instead of offering a single narrative, the author contrasts several viewpoints and considers their implications for revived.",ai-generated
145,Revived across Time: Themes in Temple,"Several strands of revived are brought together in this survey, with special attention to their interaction with temple. The concluding discussion uses ideology to identify unresolved questions.",ai-generated
145,"Interpreting Indexes: Evidence, Ideas, and Revived","Questions surrounding indexes provide the starting point for an examination of revived. Attention then turns to monetary, where contrasting examples reveal both continuity and change.",ai-generated
145,Encounters with Yang: Essays on Ideological,"Through selected cases, the author investigates the connections among yang, ideological, and temple. The emphasis falls on evidence, competing explanations, and the conditions that shaped each development.",ai-generated
145,Foundations of Ideology and Ideological,"What changes when ideology is viewed through the lens of ideological? This study answers that question with examples drawn from temple, balancing broad interpretation with attention to specific cases.",ai-generated
145,Ideological in Practice: Methods and Monetary,"The volume follows ideological across different settings and periods, asking how its meaning changes when connected with monetary. Discussion of indexes supplies a second point of comparison.",ai-generated
145,Reading Temple: Questions of Indexes,"Starting from concrete material related to temple, the study builds toward broader arguments about indexes. Comparisons with ideological help distinguish local features from more general tendencies.",ai-generated
145,The Language of Monetary: Forms and Ideology,"Organized around major debates in monetary, the text moves between conceptual explanation and concrete material related to ideology. Its treatment of revived highlights the consequences of different approaches.",ai-generated
145,"Revived, Temple, and Social Change",This accessible account introduces the principal questions raised by revived and relates them to temple. Short thematic sections on ideology add depth while keeping the discussion grounded in examples.,ai-generated
145,A Companion to Indexes and Revived,The discussion moves from the basic vocabulary of indexes to more contested issues involving revived. A final emphasis on monetary shows how the subject can be understood from multiple perspectives.,ai-generated
145,Approaches to Yang: Problems in Ideological,A thematic rather than strictly chronological structure guides this examination of yang. Sections devoted to ideological and temple bring together evidence that is often considered separately.,ai-generated
145,Beyond Ideology: New Perspectives on Ideological,"Neither a simple handbook nor a chronological narrative, this work treats ideology as a field of competing ideas. Its chapters connect ideological with temple to illuminate the forces shaping the subject.",ai-generated
145,Ideological in Context: Perspectives on Monetary,"A series of focused essays considers ideological from several angles, including its relationship with monetary and indexes. Together they show how the subject has been interpreted in different settings.",ai-generated
145,"Understanding Temple: Concepts, Debates, and Indexes","Combining overview with close analysis, the work surveys temple and then tests its main ideas against material from indexes and ideological. It is structured to support comparison rather than simple chronology.",ai-generated
145,The Changing World of Monetary and Ideology,"Close attention to monetary reveals patterns that are easy to miss in a general survey. Connections with ideology and revived are used to explain why particular forms, arguments, or practices emerged.",ai-generated
148,The Practice of Tradition: Cases in Symbols,"A series of focused essays considers tradition from several angles, including its relationship with symbols and liberalism. Together they show how the subject has been interpreted in different settings.",ai-generated
148,Symbols across Time: Themes in Philosophy,"Combining overview with close analysis, the work surveys symbols and then tests its main ideas against material from philosophy and classical. It is structured to support comparison rather than simple chronology.",ai-generated
148,"Interpreting Liberalism: Evidence, Ideas, and Classical","Close attention to liberalism reveals patterns that are easy to miss in a general survey. Connections with classical and symbols are used to explain why particular forms, arguments, or practices emerged.",ai-generated
148,Encounters with Philosophy: Essays on Tradition,"By pairing introductory explanation with detailed cases, the text makes philosophy approachable without oversimplifying it. Its treatment of tradition and common sense foregrounds both disagreement and development.",ai-generated
148,Foundations of Common Sense and Liberalism,"Drawing on common sense and liberalism, this study traces how key ideas developed and why they continue to matter. Case-based discussion connects the subject to tradition without reducing it to a single interpretation.",ai-generated
148,Classical in Practice: Methods and Common Sense,"Beginning with the foundations of classical, the discussion follows shifts in terminology, practice, and interpretation. Examples involving common sense and philosophy make the broader patterns easier to compare.",ai-generated
148,Reading Meaning: Questions of Symbols,"meaning is examined here as a changing set of ideas and practices. By bringing symbols into conversation with liberalism, the text demonstrates how definitions and priorities vary across contexts.",ai-generated
148,The Language of Tradition: Forms and Symbols,"At the intersection of tradition and symbols, this work identifies recurring problems of interpretation and practice. Material concerning liberalism provides a further basis for evaluating the competing positions.",ai-generated
151,Encounters with Accounting: Essays on Modeling,"Through selected cases, the author investigates the connections among accounting, modeling, and data. The emphasis falls on evidence, competing explanations, and the conditions that shaped each development.",ai-generated
151,Foundations of Modeling and Financial,"What changes when modeling is viewed through the lens of financial? This study answers that question with examples drawn from biological, balancing broad interpretation with attention to specific cases.",ai-generated
151,Data in Practice: Methods and Biological,"The volume follows data across different settings and periods, asking how its meaning changes when connected with biological. Discussion of modeling supplies a second point of comparison.",ai-generated
151,Reading Financial: Questions of Accounting,"Starting from concrete material related to financial, the study builds toward broader arguments about accounting. Comparisons with managers help distinguish local features from more general tendencies.",ai-generated
151,The Language of Managers: Forms and Data,"Organized around major debates in managers, the text moves between conceptual explanation and concrete material related to data. Its treatment of accounting highlights the consequences of different approaches.",ai-generated
151,"Biological, Managers, and Social Change",This accessible account introduces the principal questions raised by biological and relates them to managers. Short thematic sections on financial add depth while keeping the discussion grounded in examples.,ai-generated
151,A Companion to Statistical and Modeling,The discussion moves from the basic vocabulary of statistical to more contested issues involving modeling. A final emphasis on data shows how the subject can be understood from multiple perspectives.,ai-generated
151,Approaches to Accounting: Problems in Modeling,A thematic rather than strictly chronological structure guides this examination of accounting. Sections devoted to modeling and data bring together evidence that is often considered separately.,ai-generated
156,"Keynes, Keynesian, and Social Change","What changes when keynes is viewed through the lens of keynesian? This study answers that question with examples drawn from behavior, balancing broad interpretation with attention to specific cases.",ai-generated
156,A Companion to Keynesian and Economics,"The volume follows keynesian across different settings and periods, asking how its meaning changes when connected with economics. Discussion of economic supplies a second point of comparison.",ai-generated
156,Approaches to Behavior: Problems in Economic,"Starting from concrete material related to behavior, the study builds toward broader arguments about economic. Comparisons with keynesian help distinguish local features from more general tendencies.",ai-generated
156,Beyond Economics: New Perspectives on Keynes,"Organized around major debates in economics, the text moves between conceptual explanation and concrete material related to keynes. Its treatment of post highlights the consequences of different approaches.",ai-generated
156,Post in Context: Perspectives on Behavior,This accessible account introduces the principal questions raised by post and relates them to behavior. Short thematic sections on keynes add depth while keeping the discussion grounded in examples.,ai-generated
156,"Understanding Economic: Concepts, Debates, and Post",The discussion moves from the basic vocabulary of economic to more contested issues involving post. A final emphasis on economics shows how the subject can be understood from multiple perspectives.,ai-generated
156,The Changing World of Theory and Keynesian,A thematic rather than strictly chronological structure guides this examination of theory. Sections devoted to keynesian and behavior bring together evidence that is often considered separately.,ai-generated
156,Keynes and Keynesian: A Critical Introduction,"Neither a simple handbook nor a chronological narrative, this work treats keynes as a field of competing ideas. Its chapters connect keynesian with behavior to illuminate the forces shaping the subject.",ai-generated
156,Perspectives on Keynesian: From Economics to Economic,"A series of focused essays considers keynesian from several angles, including its relationship with economics and economic. Together they show how the subject has been interpreted in different settings.",ai-generated
156,"Mapping Behavior: Culture, Practice, and Economic","Combining overview with close analysis, the work surveys behavior and then tests its main ideas against material from economic and keynesian. It is structured to support comparison rather than simple chronology.",ai-generated
156,Rethinking Economics through Keynes,"Close attention to economics reveals patterns that are easy to miss in a general survey. Connections with keynes and post are used to explain why particular forms, arguments, or practices emerged.",ai-generated
156,Studies in Post and Behavior,"By pairing introductory explanation with detailed cases, the text makes post approachable without oversimplifying it. Its treatment of behavior and keynes foregrounds both disagreement and development.",ai-generated
157,A Companion to Creativity and Utility,The discussion moves from the basic vocabulary of creativity to more contested issues involving utility. A final emphasis on austrian shows how the subject can be understood from multiple perspectives.,ai-generated
157,Approaches to Utility: Problems in Psychology,A thematic rather than strictly chronological structure guides this examination of utility. Sections devoted to psychology and personality bring together evidence that is often considered separately.,ai-generated
157,Beyond Austrian: New Perspectives on Personality,"Neither a simple handbook nor a chronological narrative, this work treats austrian as a field of competing ideas. Its chapters connect personality with utility to illuminate the forces shaping the subject.",ai-generated
157,Psychology in Context: Perspectives on Creativity,"A series of focused essays considers psychology from several angles, including its relationship with creativity and creative. Together they show how the subject has been interpreted in different settings.",ai-generated
157,"Understanding Creative: Concepts, Debates, and Austrian","Combining overview with close analysis, the work surveys creative and then tests its main ideas against material from austrian and creativity. It is structured to support comparison rather than simple chronology.",ai-generated
157,The Changing World of Personality and Creative,"Close attention to personality reveals patterns that are easy to miss in a general survey. Connections with creative and psychology are used to explain why particular forms, arguments, or practices emerged.",ai-generated
157,Economics and Utility: A Critical Introduction,"By pairing introductory explanation with detailed cases, the text makes economics approachable without oversimplifying it. Its treatment of utility and austrian foregrounds both disagreement and development.",ai-generated
157,Perspectives on Creativity: From Utility to Austrian,"Drawing on creativity and utility, this study traces how key ideas developed and why they continue to matter. Case-based discussion connects the subject to austrian without reducing it to a single interpretation.",ai-generated
157,"Mapping Utility: Culture, Practice, and Psychology","Beginning with the foundations of utility, the discussion follows shifts in terminology, practice, and interpretation. Examples involving psychology and personality make the broader patterns easier to compare.",ai-generated
157,Rethinking Austrian through Personality,"austrian is examined here as a changing set of ideas and practices. By bringing personality into conversation with utility, the text demonstrates how definitions and priorities vary across contexts.",ai-generated
157,Studies in Psychology and Creativity,"At the intersection of psychology and creativity, this work identifies recurring problems of interpretation and practice. Material concerning creative provides a further basis for evaluating the competing positions.",ai-generated
157,The Practice of Creative: Cases in Austrian,"The author approaches creative through problems of definition, evidence, and interpretation. Links to austrian and creativity broaden the inquiry and show how the topic operates beyond a single setting.",ai-generated
159,Beyond Financial: New Perspectives on Finance,"At the intersection of financial and finance, this work identifies recurring problems of interpretation and practice. Material concerning smes provides a further basis for evaluating the competing positions.",ai-generated
159,Finance in Context: Perspectives on Willa,"The author approaches finance through problems of definition, evidence, and interpretation. Links to willa and management broaden the inquiry and show how the topic operates beyond a single setting.",ai-generated
159,"Understanding Smes: Concepts, Debates, and Management","Rather than treating smes as an isolated topic, the volume places it alongside management and finance. The result is a comparative account of changing practices, arguments, and contexts.",ai-generated
159,The Changing World of Willa and Financial,"The central concern is willa, but the analysis extends to the institutions, texts, and practices associated with financial. Particular emphasis is placed on physics as a source of change and debate.",ai-generated
159,Physics and Smes: A Critical Introduction,"Using physics as its organizing theme, the volume assembles evidence concerning smes and financial. The chapters emphasize relationships among people, institutions, and ideas instead of presenting disconnected facts.",ai-generated
159,Perspectives on Management: From Physics to Willa,"Examples are used throughout to clarify the relationship between management and physics. Instead of offering a single narrative, the author contrasts several viewpoints and considers their implications for willa.",ai-generated
159,"Mapping Nonprofit: Culture, Practice, and Finance","Several strands of nonprofit are brought together in this survey, with special attention to their interaction with finance. The concluding discussion uses smes to identify unresolved questions.",ai-generated
159,Rethinking Financial through Finance,"Questions surrounding financial provide the starting point for an examination of finance. Attention then turns to smes, where contrasting examples reveal both continuity and change.",ai-generated
160,Logic in Context: Perspectives on Critical Thinking,"Examples are used throughout to clarify the relationship between logic and critical thinking. Instead of offering a single narrative, the author contrasts several viewpoints and considers their implications for logical.",ai-generated
160,"Understanding Critical Thinking: Concepts, Debates, and Arguments","Several strands of critical thinking are brought together in this survey, with special attention to their interaction with arguments. The concluding discussion uses reasoning to identify unresolved questions.",ai-generated
160,The Changing World of Logical and Reasoning,"Questions surrounding logical provide the starting point for an examination of reasoning. Attention then turns to critical thinking, where contrasting examples reveal both continuity and change.",ai-generated
160,Arguments and Logic: A Critical Introduction,"Through selected cases, the author investigates the connections among arguments, logic, and philosophy. The emphasis falls on evidence, competing explanations, and the conditions that shaped each development.",ai-generated
160,Perspectives on Philosophy: From Logical to Logic,"What changes when philosophy is viewed through the lens of logical? This study answers that question with examples drawn from logic, balancing broad interpretation with attention to specific cases.",ai-generated
160,"Mapping Reasoning: Culture, Practice, and Philosophy","The volume follows reasoning across different settings and periods, asking how its meaning changes when connected with philosophy. Discussion of arguments supplies a second point of comparison.",ai-generated
160,Rethinking Brentano through Critical Thinking,"Starting from concrete material related to brentano, the study builds toward broader arguments about critical thinking. Comparisons with logical help distinguish local features from more general tendencies.",ai-generated
160,Studies in Logic and Critical Thinking,"Organized around major debates in logic, the text moves between conceptual explanation and concrete material related to critical thinking. Its treatment of logical highlights the consequences of different approaches.",ai-generated
162,The Changing World of Deduction and Wastewater,A thematic rather than strictly chronological structure guides this examination of deduction. Sections devoted to wastewater and treatment bring together evidence that is often considered separately.,ai-generated
162,Wastewater and Logic: A Critical Introduction,"Neither a simple handbook nor a chronological narrative, this work treats wastewater as a field of competing ideas. Its chapters connect logic with deductive to illuminate the forces shaping the subject.",ai-generated
162,Perspectives on Treatment: From Deductive to Wastewater,"A series of focused essays considers treatment from several angles, including its relationship with deductive and wastewater. Together they show how the subject has been interpreted in different settings.",ai-generated
162,"Mapping Logic: Culture, Practice, and Deduction","Combining overview with close analysis, the work surveys logic and then tests its main ideas against material from deduction and water. It is structured to support comparison rather than simple chronology.",ai-generated
162,Rethinking Water through Treatment,"Close attention to water reveals patterns that are easy to miss in a general survey. Connections with treatment and deduction are used to explain why particular forms, arguments, or practices emerged.",ai-generated
162,Studies in Deductive and Water,"By pairing introductory explanation with detailed cases, the text makes deductive approachable without oversimplifying it. Its treatment of water and logic foregrounds both disagreement and development.",ai-generated
162,The Practice of Hume: Cases in Wastewater,"Drawing on hume and wastewater, this study traces how key ideas developed and why they continue to matter. Case-based discussion connects the subject to treatment without reducing it to a single interpretation.",ai-generated
162,Deduction across Time: Themes in Wastewater,"Beginning with the foundations of deduction, the discussion follows shifts in terminology, practice, and interpretation. Examples involving wastewater and treatment make the broader patterns easier to compare.",ai-generated
166,Rethinking Logic through Syllogistic,"Starting from concrete material related to logic, the study builds toward broader arguments about syllogistic. Comparisons with aristotle help distinguish local features from more general tendencies.",ai-generated
166,Studies in Syllogistic and Aristotelian,"Organized around major debates in syllogistic, the text moves between conceptual explanation and concrete material related to aristotelian. Its treatment of universities highlights the consequences of different approaches.",ai-generated
166,The Practice of Aristotle: Cases in Universities,This accessible account introduces the principal questions raised by aristotle and relates them to universities. Short thematic sections on syllogistic add depth while keeping the discussion grounded in examples.,ai-generated
166,Aristotelian across Time: Themes in Logic,The discussion moves from the basic vocabulary of aristotelian to more contested issues involving logic. A final emphasis on assessment shows how the subject can be understood from multiple perspectives.,ai-generated
166,"Interpreting Assessment: Evidence, Ideas, and Aristotle",A thematic rather than strictly chronological structure guides this examination of assessment. Sections devoted to aristotle and logic bring together evidence that is often considered separately.,ai-generated
166,Encounters with Universities: Essays on Assessment,"Neither a simple handbook nor a chronological narrative, this work treats universities as a field of competing ideas. Its chapters connect assessment with aristotelian to illuminate the forces shaping the subject.",ai-generated
166,Foundations of Modal and Syllogistic,"A series of focused essays considers modal from several angles, including its relationship with syllogistic and aristotle. Together they show how the subject has been interpreted in different settings.",ai-generated
166,Logic in Practice: Methods and Syllogistic,"Combining overview with close analysis, the work surveys logic and then tests its main ideas against material from syllogistic and aristotle. It is structured to support comparison rather than simple chronology.",ai-generated
166,Reading Syllogistic: Questions of Aristotelian,"Close attention to syllogistic reveals patterns that are easy to miss in a general survey. Connections with aristotelian and universities are used to explain why particular forms, arguments, or practices emerged.",ai-generated
168,The Practice of Crime: Cases in Argument,"Drawing on crime and argument, this study traces how key ideas developed and why they continue to matter. Case-based discussion connects the subject to arguments without reducing it to a single interpretation.",ai-generated
168,Argument across Time: Themes in Crimes,"Beginning with the foundations of argument, the discussion follows shifts in terminology, practice, and interpretation. Examples involving crimes and forensic make the broader patterns easier to compare.",ai-generated
168,"Interpreting Arguments: Evidence, Ideas, and Forensic","arguments is examined here as a changing set of ideas and practices. By bringing forensic into conversation with argument, the text demonstrates how definitions and priorities vary across contexts.",ai-generated
168,Encounters with Crimes: Essays on Crime,"At the intersection of crimes and crime, this work identifies recurring problems of interpretation and practice. Material concerning financial provides a further basis for evaluating the competing positions.",ai-generated
168,Foundations of Financial and Arguments,"The author approaches financial through problems of definition, evidence, and interpretation. Links to arguments and crime broaden the inquiry and show how the topic operates beyond a single setting.",ai-generated
168,Forensic in Practice: Methods and Financial,"Rather than treating forensic as an isolated topic, the volume places it alongside financial and crimes. The result is a comparative account of changing practices, arguments, and contexts.",ai-generated
168,Reading Argumentation: Questions of Argument,"The central concern is argumentation, but the analysis extends to the institutions, texts, and practices associated with argument. Particular emphasis is placed on arguments as a source of change and debate.",ai-generated
168,The Language of Crime: Forms and Argument,"Using crime as its organizing theme, the volume assembles evidence concerning argument and arguments. The chapters emphasize relationships among people, institutions, and ideas instead of presenting disconnected facts.",ai-generated
169,Analogy across Time: Themes in Metaphors,"Rather than treating analogy as an isolated topic, the volume places it alongside metaphors and analogical. The result is a comparative account of changing practices, arguments, and contexts.",ai-generated
169,"Interpreting Metaphors: Evidence, Ideas, and Metaphorical","The central concern is metaphors, but the analysis extends to the institutions, texts, and practices associated with metaphorical. Particular emphasis is placed on cognitive as a source of change and debate.",ai-generated
169,Encounters with Analogical: Essays on Cognitive,"Using analogical as its organizing theme, the volume assembles evidence concerning cognitive and metaphors. The chapters emphasize relationships among people, institutions, and ideas instead of presenting disconnected facts.",ai-generated
169,Foundations of Metaphorical and Analogy,"Examples are used throughout to clarify the relationship between metaphorical and analogy. Instead of offering a single narrative, the author contrasts several viewpoints and considers their implications for metaphor.",ai-generated
169,Metaphor in Practice: Methods and Analogical,"Several strands of metaphor are brought together in this survey, with special attention to their interaction with analogical. The concluding discussion uses analogy to identify unresolved questions.",ai-generated
169,Reading Cognitive: Questions of Metaphor,"Questions surrounding cognitive provide the starting point for an examination of metaphor. Attention then turns to metaphorical, where contrasting examples reveal both continuity and change.",ai-generated
169,The Language of Retention: Forms and Metaphors,"Through selected cases, the author investigates the connections among retention, metaphors, and analogical. The emphasis falls on evidence, competing explanations, and the conditions that shaped each development.",ai-generated
169,"Analogy, Metaphors, and Social Change","What changes when analogy is viewed through the lens of metaphors? This study answers that question with examples drawn from analogical, balancing broad interpretation with attention to specific cases.",ai-generated
169,A Companion to Metaphors and Metaphorical,"The volume follows metaphors across different settings and periods, asking how its meaning changes when connected with metaphorical. Discussion of cognitive supplies a second point of comparison.",ai-generated
169,Approaches to Analogical: Problems in Cognitive,"Starting from concrete material related to analogical, the study builds toward broader arguments about cognitive. Comparisons with metaphors help distinguish local features from more general tendencies.",ai-generated
169,Beyond Metaphorical: New Perspectives on Analogy,"Organized around major debates in metaphorical, the text moves between conceptual explanation and concrete material related to analogy. Its treatment of metaphor highlights the consequences of different approaches.",ai-generated
177,A Companion to Kindness and Generosity,"Combining overview with close analysis, the work surveys kindness and then tests its main ideas against material from generosity and welfare. It is structured to support comparison rather than simple chronology.",ai-generated
177,Approaches to Generosity: Problems in Seminars,"Close attention to generosity reveals patterns that are easy to miss in a general survey. Connections with seminars and gossip are used to explain why particular forms, arguments, or practices emerged.",ai-generated
177,Beyond Welfare: New Perspectives on Gossip,"By pairing introductory explanation with detailed cases, the text makes welfare approachable without oversimplifying it. Its treatment of gossip and generosity foregrounds both disagreement and development.",ai-generated
177,Seminars in Context: Perspectives on Kindness,"Drawing on seminars and kindness, this study traces how key ideas developed and why they continue to matter. Case-based discussion connects the subject to friendship without reducing it to a single interpretation.",ai-generated
177,"Understanding Friendship: Concepts, Debates, and Welfare","Beginning with the foundations of friendship, the discussion follows shifts in terminology, practice, and interpretation. Examples involving welfare and kindness make the broader patterns easier to compare.",ai-generated
177,The Changing World of Gossip and Friendship,"gossip is examined here as a changing set of ideas and practices. By bringing friendship into conversation with seminars, the text demonstrates how definitions and priorities vary across contexts.",ai-generated
177,Microbial and Generosity: A Critical Introduction,"At the intersection of microbial and generosity, this work identifies recurring problems of interpretation and practice. Material concerning welfare provides a further basis for evaluating the competing positions.",ai-generated
177,Perspectives on Kindness: From Generosity to Welfare,"The author approaches kindness through problems of definition, evidence, and interpretation. Links to generosity and welfare broaden the inquiry and show how the topic operates beyond a single setting.",ai-generated
177,"Mapping Generosity: Culture, Practice, and Seminars","Rather than treating generosity as an isolated topic, the volume places it alongside seminars and gossip. The result is a comparative account of changing practices, arguments, and contexts.",ai-generated
178,Approaches to Bitcoin: Problems in Blockchain,"bitcoin is examined here as a changing set of ideas and practices. By bringing blockchain into conversation with plant, the text demonstrates how definitions and priorities vary across contexts.",ai-generated
178,Beyond Blockchain: New Perspectives on Connor,"At the intersection of blockchain and connor, this work identifies recurring problems of interpretation and practice. Material concerning microbes provides a further basis for evaluating the competing positions.",ai-generated
178,Plant in Context: Perspectives on Microbes,"The author approaches plant through problems of definition, evidence, and interpretation. Links to microbes and blockchain broaden the inquiry and show how the topic operates beyond a single setting.",ai-generated
178,"Understanding Connor: Concepts, Debates, and Bitcoin","Rather than treating connor as an isolated topic, the volume places it alongside bitcoin and fraud. The result is a comparative account of changing practices, arguments, and contexts.",ai-generated
178,The Changing World of Fraud and Plant,"The central concern is fraud, but the analysis extends to the institutions, texts, and practices associated with plant. Particular emphasis is placed on bitcoin as a source of change and debate.",ai-generated
178,Microbes and Fraud: A Critical Introduction,"Using microbes as its organizing theme, the volume assembles evidence concerning fraud and connor. The chapters emphasize relationships among people, institutions, and ideas instead of presenting disconnected facts.",ai-generated
178,Perspectives on Energy: From Blockchain to Plant,"Examples are used throughout to clarify the relationship between energy and blockchain. Instead of offering a single narrative, the author contrasts several viewpoints and considers their implications for plant.",ai-generated
178,"Mapping Bitcoin: Culture, Practice, and Blockchain","Several strands of bitcoin are brought together in this survey, with special attention to their interaction with blockchain. The concluding discussion uses plant to identify unresolved questions.",ai-generated
178,Rethinking Blockchain through Connor,"Questions surrounding blockchain provide the starting point for an examination of connor. Attention then turns to microbes, where contrasting examples reveal both continuity and change.",ai-generated
178,Studies in Plant and Microbes,"Through selected cases, the author investigates the connections among plant, microbes, and blockchain. The emphasis falls on evidence, competing explanations, and the conditions that shaped each development.",ai-generated
178,The Practice of Connor: Cases in Bitcoin,"What changes when connor is viewed through the lens of bitcoin? This study answers that question with examples drawn from fraud, balancing broad interpretation with attention to specific cases.",ai-generated
178,Fraud across Time: Themes in Plant,"The volume follows fraud across different settings and periods, asking how its meaning changes when connected with plant. Discussion of bitcoin supplies a second point of comparison.",ai-generated
180,Ancient Medieval in Context: Perspectives on Philosophy,"What changes when ancient medieval is viewed through the lens of philosophy? This study answers that question with examples drawn from eastern, balancing broad interpretation with attention to specific cases.",ai-generated
180,"Understanding Philosophy: Concepts, Debates, and Greek","The volume follows philosophy across different settings and periods, asking how its meaning changes when connected with greek. Discussion of plato supplies a second point of comparison.",ai-generated
180,The Changing World of Eastern and Plato,"Starting from concrete material related to eastern, the study builds toward broader arguments about plato. Comparisons with philosophy help distinguish local features from more general tendencies.",ai-generated
180,Greek and Ancient Medieval: A Critical Introduction,"Organized around major debates in greek, the text moves between conceptual explanation and concrete material related to ancient medieval. Its treatment of socrates highlights the consequences of different approaches.",ai-generated
180,Perspectives on Socrates: From Eastern to Ancient Medieval,This accessible account introduces the principal questions raised by socrates and relates them to eastern. Short thematic sections on ancient medieval add depth while keeping the discussion grounded in examples.,ai-generated
184,Perspectives on Plato: From Translated to Socrates,"Examples are used throughout to clarify the relationship between plato and translated. Instead of offering a single narrative, the author contrasts several viewpoints and considers their implications for socrates.",ai-generated
184,"Mapping Translated: Culture, Practice, and Symposium","Several strands of translated are brought together in this survey, with special attention to their interaction with symposium. The concluding discussion uses platonic to identify unresolved questions.",ai-generated
184,Rethinking Socrates through Platonic,"Questions surrounding socrates provide the starting point for an examination of platonic. Attention then turns to translated, where contrasting examples reveal both continuity and change.",ai-generated
184,Studies in Symposium and Plato,"Through selected cases, the author investigates the connections among symposium, plato, and symphony. The emphasis falls on evidence, competing explanations, and the conditions that shaped each development.",ai-generated
184,The Practice of Symphony: Cases in Socrates,"What changes when symphony is viewed through the lens of socrates? This study answers that question with examples drawn from plato, balancing broad interpretation with attention to specific cases.",ai-generated
184,Platonic across Time: Themes in Symphony,"The volume follows platonic across different settings and periods, asking how its meaning changes when connected with symphony. Discussion of symposium supplies a second point of comparison.",ai-generated
184,"Interpreting Benjamin: Evidence, Ideas, and Translated","Starting from concrete material related to benjamin, the study builds toward broader arguments about translated. Comparisons with socrates help distinguish local features from more general tendencies.",ai-generated
184,Encounters with Plato: Essays on Translated,"Organized around major debates in plato, the text moves between conceptual explanation and concrete material related to translated. Its treatment of socrates highlights the consequences of different approaches.",ai-generated
184,Foundations of Translated and Symposium,This accessible account introduces the principal questions raised by translated and relates them to symposium. Short thematic sections on platonic add depth while keeping the discussion grounded in examples.,ai-generated
184,Socrates in Practice: Methods and Platonic,The discussion moves from the basic vocabulary of socrates to more contested issues involving platonic. A final emphasis on translated shows how the subject can be understood from multiple perspectives.,ai-generated
184,Reading Symposium: Questions of Plato,A thematic rather than strictly chronological structure guides this examination of symposium. Sections devoted to plato and symphony bring together evidence that is often considered separately.,ai-generated
184,The Language of Symphony: Forms and Socrates,"Neither a simple handbook nor a chronological narrative, this work treats symphony as a field of competing ideas. Its chapters connect socrates with plato to illuminate the forces shaping the subject.",ai-generated
184,"Platonic, Symphony, and Social Change","A series of focused essays considers platonic from several angles, including its relationship with symphony and symposium. Together they show how the subject has been interpreted in different settings.",ai-generated
184,A Companion to Benjamin and Translated,"Combining overview with close analysis, the work surveys benjamin and then tests its main ideas against material from translated and socrates. It is structured to support comparison rather than simple chronology.",ai-generated
184,Approaches to Plato: Problems in Translated,"Close attention to plato reveals patterns that are easy to miss in a general survey. Connections with translated and socrates are used to explain why particular forms, arguments, or practices emerged.",ai-generated
184,Beyond Translated: New Perspectives on Symposium,"By pairing introductory explanation with detailed cases, the text makes translated approachable without oversimplifying it. Its treatment of symposium and platonic foregrounds both disagreement and development.",ai-generated
186,Rethinking Plotinus through Chinese,A thematic rather than strictly chronological structure guides this examination of plotinus. Sections devoted to chinese and platonism bring together evidence that is often considered separately.,ai-generated
186,Studies in Chinese and Soul,"Neither a simple handbook nor a chronological narrative, this work treats chinese as a field of competing ideas. Its chapters connect soul with neoplatonism to illuminate the forces shaping the subject.",ai-generated
186,The Practice of Platonism: Cases in Neoplatonism,"A series of focused essays considers platonism from several angles, including its relationship with neoplatonism and chinese. Together they show how the subject has been interpreted in different settings.",ai-generated
186,Soul across Time: Themes in Plotinus,"Combining overview with close analysis, the work surveys soul and then tests its main ideas against material from plotinus and philosophy. It is structured to support comparison rather than simple chronology.",ai-generated
186,"Interpreting Philosophy: Evidence, Ideas, and Platonism","Close attention to philosophy reveals patterns that are easy to miss in a general survey. Connections with platonism and plotinus are used to explain why particular forms, arguments, or practices emerged.",ai-generated
186,Encounters with Neoplatonism: Essays on Philosophy,"By pairing introductory explanation with detailed cases, the text makes neoplatonism approachable without oversimplifying it. Its treatment of philosophy and soul foregrounds both disagreement and development.",ai-generated
186,Foundations of Prose and Chinese,"Drawing on prose and chinese, this study traces how key ideas developed and why they continue to matter. Case-based discussion connects the subject to platonism without reducing it to a single interpretation.",ai-generated
186,Plotinus in Practice: Methods and Chinese,"Beginning with the foundations of plotinus, the discussion follows shifts in terminology, practice, and interpretation. Examples involving chinese and platonism make the broader patterns easier to compare.",ai-generated
186,Reading Chinese: Questions of Soul,"chinese is examined here as a changing set of ideas and practices. By bringing soul into conversation with neoplatonism, the text demonstrates how definitions and priorities vary across contexts.",ai-generated
186,The Language of Platonism: Forms and Neoplatonism,"At the intersection of platonism and neoplatonism, this work identifies recurring problems of interpretation and practice. Material concerning chinese provides a further basis for evaluating the competing positions.",ai-generated
186,"Soul, Plotinus, and Social Change","The author approaches soul through problems of definition, evidence, and interpretation. Links to plotinus and philosophy broaden the inquiry and show how the topic operates beyond a single setting.",ai-generated
186,A Companion to Philosophy and Platonism,"Rather than treating philosophy as an isolated topic, the volume places it alongside platonism and plotinus. The result is a comparative account of changing practices, arguments, and contexts.",ai-generated
186,Approaches to Neoplatonism: Problems in Philosophy,"The central concern is neoplatonism, but the analysis extends to the institutions, texts, and practices associated with philosophy. Particular emphasis is placed on soul as a source of change and debate.",ai-generated
189,Aquinas across Time: Themes in Philosophy,"Several strands of aquinas are brought together in this survey, with special attention to their interaction with philosophy. The concluding discussion uses medieval to identify unresolved questions.",ai-generated
189,"Interpreting Philosophy: Evidence, Ideas, and Augustine","Questions surrounding philosophy provide the starting point for an examination of augustine. Attention then turns to modern contemporary, where contrasting examples reveal both continuity and change.",ai-generated
189,Encounters with Medieval: Essays on Modern Contemporary,"Through selected cases, the author investigates the connections among medieval, modern contemporary, and philosophy. The emphasis falls on evidence, competing explanations, and the conditions that shaped each development.",ai-generated
189,Foundations of Augustine and Aquinas,"What changes when augustine is viewed through the lens of aquinas? This study answers that question with examples drawn from philosophers, balancing broad interpretation with attention to specific cases.",ai-generated
189,Philosophers in Practice: Methods and Medieval,"The volume follows philosophers across different settings and periods, asking how its meaning changes when connected with medieval. Discussion of aquinas supplies a second point of comparison.",ai-generated
189,Reading Modern Contemporary: Questions of Philosophers,"Starting from concrete material related to modern contemporary, the study builds toward broader arguments about philosophers. Comparisons with augustine help distinguish local features from more general tendencies.",ai-generated
189,The Language of Christian: Forms and Philosophy,"Organized around major debates in christian, the text moves between conceptual explanation and concrete material related to philosophy. Its treatment of medieval highlights the consequences of different approaches.",ai-generated
189,"Aquinas, Philosophy, and Social Change",This accessible account introduces the principal questions raised by aquinas and relates them to philosophy. Short thematic sections on medieval add depth while keeping the discussion grounded in examples.,ai-generated
189,A Companion to Philosophy and Augustine,The discussion moves from the basic vocabulary of philosophy to more contested issues involving augustine. A final emphasis on modern contemporary shows how the subject can be understood from multiple perspectives.,ai-generated
189,Approaches to Medieval: Problems in Modern Contemporary,A thematic rather than strictly chronological structure guides this examination of medieval. Sections devoted to modern contemporary and philosophy bring together evidence that is often considered separately.,ai-generated
189,Beyond Augustine: New Perspectives on Aquinas,"Neither a simple handbook nor a chronological narrative, this work treats augustine as a field of competing ideas. Its chapters connect aquinas with philosophers to illuminate the forces shaping the subject.",ai-generated
189,Philosophers in Context: Perspectives on Medieval,"A series of focused essays considers philosophers from several angles, including its relationship with medieval and aquinas. Together they show how the subject has been interpreted in different settings.",ai-generated
189,"Understanding Modern Contemporary: Concepts, Debates, and Philosophers","Combining overview with close analysis, the work surveys modern contemporary and then tests its main ideas against material from philosophers and augustine. It is structured to support comparison rather than simple chronology.",ai-generated
189,The Changing World of Christian and Philosophy,"Close attention to christian reveals patterns that are easy to miss in a general survey. Connections with philosophy and medieval are used to explain why particular forms, arguments, or practices emerged.",ai-generated
189,Aquinas and Philosophy: A Critical Introduction,"By pairing introductory explanation with detailed cases, the text makes aquinas approachable without oversimplifying it. Its treatment of philosophy and medieval foregrounds both disagreement and development.",ai-generated
189,Perspectives on Philosophy: From Augustine to Modern Contemporary,"Drawing on philosophy and augustine, this study traces how key ideas developed and why they continue to matter. Case-based discussion connects the subject to modern contemporary without reducing it to a single interpretation.",ai-generated
189,"Mapping Medieval: Culture, Practice, and Modern Contemporary","Beginning with the foundations of medieval, the discussion follows shifts in terminology, practice, and interpretation. Examples involving modern contemporary and philosophy make the broader patterns easier to compare.",ai-generated
189,Rethinking Augustine through Aquinas,"augustine is examined here as a changing set of ideas and practices. By bringing aquinas into conversation with philosophers, the text demonstrates how definitions and priorities vary across contexts.",ai-generated
189,Studies in Philosophers and Medieval,"At the intersection of philosophers and medieval, this work identifies recurring problems of interpretation and practice. Material concerning aquinas provides a further basis for evaluating the competing positions.",ai-generated
197,A Companion to Higher Education and Academic,"Beginning with the foundations of higher education, the discussion follows shifts in terminology, practice, and interpretation. Examples involving academic and russian make the broader patterns easier to compare.",ai-generated
197,Approaches to Academic: Problems in Students,"academic is examined here as a changing set of ideas and practices. By bringing students into conversation with advising, the text demonstrates how definitions and priorities vary across contexts.",ai-generated
197,Beyond Russian: New Perspectives on Advising,"At the intersection of russian and advising, this work identifies recurring problems of interpretation and practice. Material concerning academic provides a further basis for evaluating the competing positions.",ai-generated
197,Students in Context: Perspectives on Higher Education,"The author approaches students through problems of definition, evidence, and interpretation. Links to higher education and food broaden the inquiry and show how the topic operates beyond a single setting.",ai-generated
197,"Understanding Food: Concepts, Debates, and Russian","Rather than treating food as an isolated topic, the volume places it alongside russian and higher education. The result is a comparative account of changing practices, arguments, and contexts.",ai-generated
197,The Changing World of Advising and Food,"The central concern is advising, but the analysis extends to the institutions, texts, and practices associated with food. Particular emphasis is placed on students as a source of change and debate.",ai-generated
197,Student and Academic: A Critical Introduction,"Using student as its organizing theme, the volume assembles evidence concerning academic and russian. The chapters emphasize relationships among people, institutions, and ideas instead of presenting disconnected facts.",ai-generated
197,Perspectives on Higher Education: From Academic to Russian,"Examples are used throughout to clarify the relationship between higher education and academic. Instead of offering a single narrative, the author contrasts several viewpoints and considers their implications for russian.",ai-generated
197,"Mapping Academic: Culture, Practice, and Students","Several strands of academic are brought together in this survey, with special attention to their interaction with students. The concluding discussion uses advising to identify unresolved questions.",ai-generated
199,Beyond Spinoza: New Perspectives on Higher Education,"Through selected cases, the author investigates the connections among spinoza, higher education, and bakhtin. The emphasis falls on evidence, competing explanations, and the conditions that shaped each development.",ai-generated
199,Higher Education in Context: Perspectives on Curricula,"What changes when higher education is viewed through the lens of curricula? This study answers that question with examples drawn from philosophy, balancing broad interpretation with attention to specific cases.",ai-generated
199,"Understanding Bakhtin: Concepts, Debates, and Philosophy","The volume follows bakhtin across different settings and periods, asking how its meaning changes when connected with philosophy. Discussion of higher education supplies a second point of comparison.",ai-generated
199,The Changing World of Curricula and Spinoza,"Starting from concrete material related to curricula, the study builds toward broader arguments about spinoza. Comparisons with frankfurt help distinguish local features from more general tendencies.",ai-generated
199,Frankfurt and Bakhtin: A Critical Introduction,"Organized around major debates in frankfurt, the text moves between conceptual explanation and concrete material related to bakhtin. Its treatment of spinoza highlights the consequences of different approaches.",ai-generated
199,Perspectives on Philosophy: From Frankfurt to Curricula,This accessible account introduces the principal questions raised by philosophy and relates them to frankfurt. Short thematic sections on curricula add depth while keeping the discussion grounded in examples.,ai-generated
199,"Mapping Hell: Culture, Practice, and Higher Education",The discussion moves from the basic vocabulary of hell to more contested issues involving higher education. A final emphasis on bakhtin shows how the subject can be understood from multiple perspectives.,ai-generated
199,Rethinking Spinoza through Higher Education,A thematic rather than strictly chronological structure guides this examination of spinoza. Sections devoted to higher education and bakhtin bring together evidence that is often considered separately.,ai-generated
199,Studies in Higher Education and Curricula,"Neither a simple handbook nor a chronological narrative, this work treats higher education as a field of competing ideas. Its chapters connect curricula with philosophy to illuminate the forces shaping the subject.",ai-generated
199,The Practice of Bakhtin: Cases in Philosophy,"A series of focused essays considers bakhtin from several angles, including its relationship with philosophy and higher education. Together they show how the subject has been interpreted in different settings.",ai-generated
219,Beyond Arts Music: New Perspectives on Booklet,"Organized around major debates in arts music, the text moves between conceptual explanation and concrete material related to booklet. Its treatment of teaching highlights the consequences of different approaches.",ai-generated
219,Booklet in Context: Perspectives on Piano,This accessible account introduces the principal questions raised by booklet and relates them to piano. Short thematic sections on evidence interpretation add depth while keeping the discussion grounded in examples.,ai-generated
219,"Understanding Teaching: Concepts, Debates, and Evidence Interpretation",The discussion moves from the basic vocabulary of teaching to more contested issues involving evidence interpretation. A final emphasis on booklet shows how the subject can be understood from multiple perspectives.,ai-generated
219,The Changing World of Piano and Arts Music,A thematic rather than strictly chronological structure guides this examination of piano. Sections devoted to arts music and doubts bring together evidence that is often considered separately.,ai-generated
219,Doubts and Teaching: A Critical Introduction,"Neither a simple handbook nor a chronological narrative, this work treats doubts as a field of competing ideas. Its chapters connect teaching with arts music to illuminate the forces shaping the subject.",ai-generated
219,Perspectives on Evidence Interpretation: From Doubts to Piano,"A series of focused essays considers evidence interpretation from several angles, including its relationship with doubts and piano. Together they show how the subject has been interpreted in different settings.",ai-generated
219,"Mapping Explains Evidence: Culture, Practice, and Booklet","Combining overview with close analysis, the work surveys explains evidence and then tests its main ideas against material from booklet and teaching. It is structured to support comparison rather than simple chronology.",ai-generated
219,Rethinking Arts Music through Booklet,"Close attention to arts music reveals patterns that are easy to miss in a general survey. Connections with booklet and teaching are used to explain why particular forms, arguments, or practices emerged.",ai-generated
219,Studies in Booklet and Piano,"By pairing introductory explanation with detailed cases, the text makes booklet approachable without oversimplifying it. Its treatment of piano and evidence interpretation foregrounds both disagreement and development.",ai-generated
219,The Practice of Teaching: Cases in Evidence Interpretation,"Drawing on teaching and evidence interpretation, this study traces how key ideas developed and why they continue to matter. Case-based discussion connects the subject to booklet without reducing it to a single interpretation.",ai-generated
219,Piano across Time: Themes in Arts Music,"Beginning with the foundations of piano, the discussion follows shifts in terminology, practice, and interpretation. Examples involving arts music and doubts make the broader patterns easier to compare.",ai-generated
219,"Interpreting Doubts: Evidence, Ideas, and Teaching","doubts is examined here as a changing set of ideas and practices. By bringing teaching into conversation with arts music, the text demonstrates how definitions and priorities vary across contexts.",ai-generated
219,Encounters with Evidence Interpretation: Essays on Doubts,"At the intersection of evidence interpretation and doubts, this work identifies recurring problems of interpretation and practice. Material concerning piano provides a further basis for evaluating the competing positions.",ai-generated
219,Foundations of Explains Evidence and Booklet,"The author approaches explains evidence through problems of definition, evidence, and interpretation. Links to booklet and teaching broaden the inquiry and show how the topic operates beyond a single setting.",ai-generated
219,Arts Music in Practice: Methods and Booklet,"Rather than treating arts music as an isolated topic, the volume places it alongside booklet and teaching. The result is a comparative account of changing practices, arguments, and contexts.",ai-generated
219,Reading Booklet: Questions of Piano,"The central concern is booklet, but the analysis extends to the institutions, texts, and practices associated with piano. Particular emphasis is placed on evidence interpretation as a source of change and debate.",ai-generated
219,The Language of Teaching: Forms and Evidence Interpretation,"Using teaching as its organizing theme, the volume assembles evidence concerning evidence interpretation and booklet. The chapters emphasize relationships among people, institutions, and ideas instead of presenting disconnected facts.",ai-generated
219,"Piano, Arts Music, and Social Change","Examples are used throughout to clarify the relationship between piano and arts music. Instead of offering a single narrative, the author contrasts several viewpoints and considers their implications for doubts.",ai-generated
219,A Companion to Doubts and Teaching,"Several strands of doubts are brought together in this survey, with special attention to their interaction with teaching. The concluding discussion uses arts music to identify unresolved questions.",ai-generated
220,Bible in Context: Perspectives on Biblical,"A series of focused essays considers bible from several angles, including its relationship with biblical and hebrew. Together they show how the subject has been interpreted in different settings.",ai-generated
220,"Understanding Biblical: Concepts, Debates, and Readings","Combining overview with close analysis, the work surveys biblical and then tests its main ideas against material from readings and text. It is structured to support comparison rather than simple chronology.",ai-generated
220,The Changing World of Hebrew and Text,"Close attention to hebrew reveals patterns that are easy to miss in a general survey. Connections with text and biblical are used to explain why particular forms, arguments, or practices emerged.",ai-generated
220,Readings and Bible: A Critical Introduction,"By pairing introductory explanation with detailed cases, the text makes readings approachable without oversimplifying it. Its treatment of bible and sinaiticus foregrounds both disagreement and development.",ai-generated
220,Perspectives on Sinaiticus: From Hebrew to Bible,"Drawing on sinaiticus and hebrew, this study traces how key ideas developed and why they continue to matter. Case-based discussion connects the subject to bible without reducing it to a single interpretation.",ai-generated
220,"Mapping Text: Culture, Practice, and Sinaiticus","Beginning with the foundations of text, the discussion follows shifts in terminology, practice, and interpretation. Examples involving sinaiticus and readings make the broader patterns easier to compare.",ai-generated
220,Rethinking Edwards through Biblical,"edwards is examined here as a changing set of ideas and practices. By bringing biblical into conversation with hebrew, the text demonstrates how definitions and priorities vary across contexts.",ai-generated
220,Studies in Bible and Biblical,"At the intersection of bible and biblical, this work identifies recurring problems of interpretation and practice. Material concerning hebrew provides a further basis for evaluating the competing positions.",ai-generated
220,The Practice of Biblical: Cases in Readings,"The author approaches biblical through problems of definition, evidence, and interpretation. Links to readings and text broaden the inquiry and show how the topic operates beyond a single setting.",ai-generated
220,Hebrew across Time: Themes in Text,"Rather than treating hebrew as an isolated topic, the volume places it alongside text and biblical. The result is a comparative account of changing practices, arguments, and contexts.",ai-generated
222,The Changing World of Genesis and Nonverbal,"The central concern is genesis, but the analysis extends to the institutions, texts, and practices associated with nonverbal. Particular emphasis is placed on biblical as a source of change and debate.",ai-generated
222,Nonverbal and World: A Critical Introduction,"Using nonverbal as its organizing theme, the volume assembles evidence concerning world and bible. The chapters emphasize relationships among people, institutions, and ideas instead of presenting disconnected facts.",ai-generated
222,Perspectives on Biblical: From Bible to Nonverbal,"Examples are used throughout to clarify the relationship between biblical and bible. Instead of offering a single narrative, the author contrasts several viewpoints and considers their implications for nonverbal.",ai-generated
222,"Mapping World: Culture, Practice, and Genesis","Several strands of world are brought together in this survey, with special attention to their interaction with genesis. The concluding discussion uses jewish to identify unresolved questions.",ai-generated
222,Rethinking Jewish through Biblical,"Questions surrounding jewish provide the starting point for an examination of biblical. Attention then turns to genesis, where contrasting examples reveal both continuity and change.",ai-generated
222,Studies in Bible and Jewish,"Through selected cases, the author investigates the connections among bible, jewish, and world. The emphasis falls on evidence, competing explanations, and the conditions that shaped each development.",ai-generated
222,The Practice of Talmud: Cases in Nonverbal,"What changes when talmud is viewed through the lens of nonverbal? This study answers that question with examples drawn from biblical, balancing broad interpretation with attention to specific cases.",ai-generated
222,Genesis across Time: Themes in Nonverbal,"The volume follows genesis across different settings and periods, asking how its meaning changes when connected with nonverbal. Discussion of biblical supplies a second point of comparison.",ai-generated
222,"Interpreting Nonverbal: Evidence, Ideas, and World","Starting from concrete material related to nonverbal, the study builds toward broader arguments about world. Comparisons with bible help distinguish local features from more general tendencies.",ai-generated
225,"Mapping Testament: Culture, Practice, and Xml","Combining overview with close analysis, the work surveys testament and then tests its main ideas against material from xml and manuscripts. It is structured to support comparison rather than simple chronology.",ai-generated
225,Rethinking Xml through Manuscript,"Close attention to xml reveals patterns that are easy to miss in a general survey. Connections with manuscript and paul are used to explain why particular forms, arguments, or practices emerged.",ai-generated
225,Studies in Manuscripts and Paul,"By pairing introductory explanation with detailed cases, the text makes manuscripts approachable without oversimplifying it. Its treatment of paul and xml foregrounds both disagreement and development.",ai-generated
225,The Practice of Manuscript: Cases in Testament,"Drawing on manuscript and testament, this study traces how key ideas developed and why they continue to matter. Case-based discussion connects the subject to christian without reducing it to a single interpretation.",ai-generated
225,Christian across Time: Themes in Manuscripts,"Beginning with the foundations of christian, the discussion follows shifts in terminology, practice, and interpretation. Examples involving manuscripts and testament make the broader patterns easier to compare.",ai-generated
225,"Interpreting Paul: Evidence, Ideas, and Christian","paul is examined here as a changing set of ideas and practices. By bringing christian into conversation with manuscript, the text demonstrates how definitions and priorities vary across contexts.",ai-generated
225,Encounters with Textual Criticism: Essays on Xml,"At the intersection of textual criticism and xml, this work identifies recurring problems of interpretation and practice. Material concerning manuscripts provides a further basis for evaluating the competing positions.",ai-generated
225,Foundations of Testament and Xml,"The author approaches testament through problems of definition, evidence, and interpretation. Links to xml and manuscripts broaden the inquiry and show how the topic operates beyond a single setting.",ai-generated
225,Xml in Practice: Methods and Manuscript,"Rather than treating xml as an isolated topic, the volume places it alongside manuscript and paul. The result is a comparative account of changing practices, arguments, and contexts.",ai-generated
225,Reading Manuscripts: Questions of Paul,"The central concern is manuscripts, but the analysis extends to the institutions, texts, and practices associated with paul. Particular emphasis is placed on xml as a source of change and debate.",ai-generated
225,The Language of Manuscript: Forms and Testament,"Using manuscript as its organizing theme, the volume assembles evidence concerning testament and christian. The chapters emphasize relationships among people, institutions, and ideas instead of presenting disconnected facts.",ai-generated
225,"Christian, Manuscripts, and Social Change","Examples are used throughout to clarify the relationship between christian and manuscripts. Instead of offering a single narrative, the author contrasts several viewpoints and considers their implications for testament.",ai-generated
225,A Companion to Paul and Christian,"Several strands of paul are brought together in this survey, with special attention to their interaction with christian. The concluding discussion uses manuscript to identify unresolved questions.",ai-generated
225,Approaches to Textual Criticism: Problems in Xml,"Questions surrounding textual criticism provide the starting point for an examination of xml. Attention then turns to manuscripts, where contrasting examples reveal both continuity and change.",ai-generated
225,Beyond Testament: New Perspectives on Xml,"Through selected cases, the author investigates the connections among testament, xml, and manuscripts. The emphasis falls on evidence, competing explanations, and the conditions that shaped each development.",ai-generated
225,Xml in Context: Perspectives on Manuscript,"What changes when xml is viewed through the lens of manuscript? This study answers that question with examples drawn from paul, balancing broad interpretation with attention to specific cases.",ai-generated
225,"Understanding Manuscripts: Concepts, Debates, and Paul","The volume follows manuscripts across different settings and periods, asking how its meaning changes when connected with paul. Discussion of xml supplies a second point of comparison.",ai-generated
225,The Changing World of Manuscript and Testament,"Starting from concrete material related to manuscript, the study builds toward broader arguments about testament. Comparisons with christian help distinguish local features from more general tendencies.",ai-generated
237,A Companion to Immortality and Death,"Several strands of immortality are brought together in this survey, with special attention to their interaction with death. The concluding discussion uses hell to identify unresolved questions.",ai-generated
237,Approaches to Death: Problems in Heaven,"Questions surrounding death provide the starting point for an examination of heaven. Attention then turns to church, where contrasting examples reveal both continuity and change.",ai-generated
237,Beyond Hell: New Perspectives on Church,"Through selected cases, the author investigates the connections among hell, church, and death. The emphasis falls on evidence, competing explanations, and the conditions that shaped each development.",ai-generated
237,Heaven in Context: Perspectives on Immortality,"What changes when heaven is viewed through the lens of immortality? This study answers that question with examples drawn from dying, balancing broad interpretation with attention to specific cases.",ai-generated
237,"Understanding Dying: Concepts, Debates, and Hell","The volume follows dying across different settings and periods, asking how its meaning changes when connected with hell. Discussion of immortality supplies a second point of comparison.",ai-generated
237,The Changing World of Church and Dying,"Starting from concrete material related to church, the study builds toward broader arguments about dying. Comparisons with heaven help distinguish local features from more general tendencies.",ai-generated
237,God and Death: A Critical Introduction,"Organized around major debates in god, the text moves between conceptual explanation and concrete material related to death. Its treatment of hell highlights the consequences of different approaches.",ai-generated
237,Perspectives on Immortality: From Death to Hell,This accessible account introduces the principal questions raised by immortality and relates them to death. Short thematic sections on hell add depth while keeping the discussion grounded in examples.,ai-generated
237,"Mapping Death: Culture, Practice, and Heaven",The discussion moves from the basic vocabulary of death to more contested issues involving heaven. A final emphasis on church shows how the subject can be understood from multiple perspectives.,ai-generated
237,Rethinking Hell through Church,A thematic rather than strictly chronological structure guides this examination of hell. Sections devoted to church and death bring together evidence that is often considered separately.,ai-generated
237,Studies in Heaven and Immortality,"Neither a simple handbook nor a chronological narrative, this work treats heaven as a field of competing ideas. Its chapters connect immortality with dying to illuminate the forces shaping the subject.",ai-generated
237,The Practice of Dying: Cases in Hell,"A series of focused essays considers dying from several angles, including its relationship with hell and immortality. Together they show how the subject has been interpreted in different settings.",ai-generated
237,Church across Time: Themes in Dying,"Combining overview with close analysis, the work surveys church and then tests its main ideas against material from dying and heaven. It is structured to support comparison rather than simple chronology.",ai-generated
237,"Interpreting God: Evidence, Ideas, and Death","Close attention to god reveals patterns that are easy to miss in a general survey. Connections with death and hell are used to explain why particular forms, arguments, or practices emerged.",ai-generated
237,Encounters with Immortality: Essays on Death,"By pairing introductory explanation with detailed cases, the text makes immortality approachable without oversimplifying it. Its treatment of death and hell foregrounds both disagreement and development.",ai-generated
237,Foundations of Death and Heaven,"Drawing on death and heaven, this study traces how key ideas developed and why they continue to matter. Case-based discussion connects the subject to church without reducing it to a single interpretation.",ai-generated
237,Hell in Practice: Methods and Church,"Beginning with the foundations of hell, the discussion follows shifts in terminology, practice, and interpretation. Examples involving church and death make the broader patterns easier to compare.",ai-generated
237,Reading Heaven: Questions of Immortality,"heaven is examined here as a changing set of ideas and practices. By bringing immortality into conversation with dying, the text demonstrates how definitions and priorities vary across contexts.",ai-generated
237,The Language of Dying: Forms and Hell,"At the intersection of dying and hell, this work identifies recurring problems of interpretation and practice. Material concerning immortality provides a further basis for evaluating the competing positions.",ai-generated
278,Approaches to Latin: Problems in Christianity,"Close attention to latin reveals patterns that are easy to miss in a general survey. Connections with christianity and america are used to explain why particular forms, arguments, or practices emerged.",ai-generated
278,Beyond Christianity: New Perspectives on Church,"By pairing introductory explanation with detailed cases, the text makes christianity approachable without oversimplifying it. Its treatment of church and catholic foregrounds both disagreement and development.",ai-generated
278,America in Context: Perspectives on Catholic,"Drawing on america and catholic, this study traces how key ideas developed and why they continue to matter. Case-based discussion connects the subject to christianity without reducing it to a single interpretation.",ai-generated
278,"Understanding Church: Concepts, Debates, and Latin","Beginning with the foundations of church, the discussion follows shifts in terminology, practice, and interpretation. Examples involving latin and protestant make the broader patterns easier to compare.",ai-generated
290,"Interpreting Religions: Evidence, Ideas, and Buddhism","Questions surrounding religions provide the starting point for an examination of buddhism. Attention then turns to religious, where contrasting examples reveal both continuity and change.",ai-generated
290,Encounters with Buddhism: Essays on Religion,"Through selected cases, the author investigates the connections among buddhism, religion, and books. The emphasis falls on evidence, competing explanations, and the conditions that shaped each development.",ai-generated
290,Foundations of Religious and Books,"What changes when religious is viewed through the lens of books? This study answers that question with examples drawn from buddhism, balancing broad interpretation with attention to specific cases.",ai-generated
290,Religion in Practice: Methods and Religions,"The volume follows religion across different settings and periods, asking how its meaning changes when connected with religions. Discussion of addiction supplies a second point of comparison.",ai-generated
290,Reading Addiction: Questions of Religious,"Starting from concrete material related to addiction, the study builds toward broader arguments about religious. Comparisons with religions help distinguish local features from more general tendencies.",ai-generated
290,The Language of Books: Forms and Addiction,"Organized around major debates in books, the text moves between conceptual explanation and concrete material related to addiction. Its treatment of religion highlights the consequences of different approaches.",ai-generated
290,"Buddha, Buddhism, and Social Change",This accessible account introduces the principal questions raised by buddha and relates them to buddhism. Short thematic sections on religious add depth while keeping the discussion grounded in examples.,ai-generated
290,A Companion to Religions and Buddhism,The discussion moves from the basic vocabulary of religions to more contested issues involving buddhism. A final emphasis on religious shows how the subject can be understood from multiple perspectives.,ai-generated
313,Fuzzy in Practice: Methods and Declaration,"Rather than treating fuzzy as an isolated topic, the volume places it alongside declaration and logic. The result is a comparative account of changing practices, arguments, and contexts.",ai-generated
313,Reading Declaration: Questions of Wise,"The central concern is declaration, but the analysis extends to the institutions, texts, and practices associated with wise. Particular emphasis is placed on children literature as a source of change and debate.",ai-generated
313,The Language of Logic: Forms and Children Literature,"Using logic as its organizing theme, the volume assembles evidence concerning children literature and declaration. The chapters emphasize relationships among people, institutions, and ideas instead of presenting disconnected facts.",ai-generated
313,"Wise, Fuzzy, and Social Change","Examples are used throughout to clarify the relationship between wise and fuzzy. Instead of offering a single narrative, the author contrasts several viewpoints and considers their implications for wolf.",ai-generated
313,A Companion to Wolf and Logic,"Several strands of wolf are brought together in this survey, with special attention to their interaction with logic. The concluding discussion uses fuzzy to identify unresolved questions.",ai-generated
313,Approaches to Children Literature: Problems in Wolf,"Questions surrounding children literature provide the starting point for an examination of wolf. Attention then turns to wise, where contrasting examples reveal both continuity and change.",ai-generated
313,Beyond Materials Explains: New Perspectives on Declaration,"Through selected cases, the author investigates the connections among materials explains, declaration, and logic. The emphasis falls on evidence, competing explanations, and the conditions that shaped each development.",ai-generated
313,Fuzzy in Context: Perspectives on Declaration,"What changes when fuzzy is viewed through the lens of declaration? This study answers that question with examples drawn from logic, balancing broad interpretation with attention to specific cases.",ai-generated
313,"Understanding Declaration: Concepts, Debates, and Wise","The volume follows declaration across different settings and periods, asking how its meaning changes when connected with wise. Discussion of children literature supplies a second point of comparison.",ai-generated
313,The Changing World of Logic and Children Literature,"Starting from concrete material related to logic, the study builds toward broader arguments about children literature. Comparisons with declaration help distinguish local features from more general tendencies.",ai-generated
313,Wise and Fuzzy: A Critical Introduction,"Organized around major debates in wise, the text moves between conceptual explanation and concrete material related to fuzzy. Its treatment of wolf highlights the consequences of different approaches.",ai-generated
313,Perspectives on Wolf: From Logic to Fuzzy,This accessible account introduces the principal questions raised by wolf and relates them to logic. Short thematic sections on fuzzy add depth while keeping the discussion grounded in examples.,ai-generated
313,"Mapping Children Literature: Culture, Practice, and Wolf",The discussion moves from the basic vocabulary of children literature to more contested issues involving wolf. A final emphasis on wise shows how the subject can be understood from multiple perspectives.,ai-generated
313,Rethinking Materials Explains through Declaration,A thematic rather than strictly chronological structure guides this examination of materials explains. Sections devoted to declaration and logic bring together evidence that is often considered separately.,ai-generated
313,Studies in Fuzzy and Declaration,"Neither a simple handbook nor a chronological narrative, this work treats fuzzy as a field of competing ideas. Its chapters connect declaration with logic to illuminate the forces shaping the subject.",ai-generated
313,The Practice of Declaration: Cases in Wise,"A series of focused essays considers declaration from several angles, including its relationship with wise and children literature. Together they show how the subject has been interpreted in different settings.",ai-generated
313,Logic across Time: Themes in Children Literature,"Combining overview with close analysis, the work surveys logic and then tests its main ideas against material from children literature and declaration. It is structured to support comparison rather than simple chronology.",ai-generated
313,"Interpreting Wise: Evidence, Ideas, and Fuzzy","Close attention to wise reveals patterns that are easy to miss in a general survey. Connections with fuzzy and wolf are used to explain why particular forms, arguments, or practices emerged.",ai-generated
318,Approaches to Emily: Problems in Matt,"The central concern is emily, but the analysis extends to the institutions, texts, and practices associated with matt. Particular emphasis is placed on arsenal as a source of change and debate.",ai-generated
318,Beyond Matt: New Perspectives on Scout,"Using matt as its organizing theme, the volume assembles evidence concerning scout and jack. The chapters emphasize relationships among people, institutions, and ideas instead of presenting disconnected facts.",ai-generated
318,Arsenal in Context: Perspectives on Jack,"Examples are used throughout to clarify the relationship between arsenal and jack. Instead of offering a single narrative, the author contrasts several viewpoints and considers their implications for matt.",ai-generated
318,"Understanding Scout: Concepts, Debates, and Emily","Several strands of scout are brought together in this survey, with special attention to their interaction with emily. The concluding discussion uses clifford to identify unresolved questions.",ai-generated
318,The Changing World of Clifford and Arsenal,"Questions surrounding clifford provide the starting point for an examination of arsenal. Attention then turns to emily, where contrasting examples reveal both continuity and change.",ai-generated
318,Jack and Clifford: A Critical Introduction,"Through selected cases, the author investigates the connections among jack, clifford, and scout. The emphasis falls on evidence, competing explanations, and the conditions that shaped each development.",ai-generated
396,"Herbal, Women, and Social Change","What changes when herbal is viewed through the lens of women? This study answers that question with examples drawn from shift, balancing broad interpretation with attention to specific cases.",ai-generated
397,A Companion to Outcast and Sufism,The discussion moves from the basic vocabulary of outcast to more contested issues involving sufism. A final emphasis on virtual worlds shows how the subject can be understood from multiple perspectives.,ai-generated
397,Approaches to Sufism: Problems in Jewish,A thematic rather than strictly chronological structure guides this examination of sufism. Sections devoted to jewish and sufi bring together evidence that is often considered separately.,ai-generated
397,Beyond Virtual Worlds: New Perspectives on Sufi,"Neither a simple handbook nor a chronological narrative, this work treats virtual worlds as a field of competing ideas. Its chapters connect sufi with sufism to illuminate the forces shaping the subject.",ai-generated
397,Jewish in Context: Perspectives on Outcast,"A series of focused essays considers jewish from several angles, including its relationship with outcast and muslims. Together they show how the subject has been interpreted in different settings.",ai-generated
397,"Understanding Muslims: Concepts, Debates, and Virtual Worlds","Combining overview with close analysis, the work surveys muslims and then tests its main ideas against material from virtual worlds and outcast. It is structured to support comparison rather than simple chronology.",ai-generated
397,The Changing World of Sufi and Muslims,"Close attention to sufi reveals patterns that are easy to miss in a general survey. Connections with muslims and jewish are used to explain why particular forms, arguments, or practices emerged.",ai-generated
397,Muslim and Sufism: A Critical Introduction,"By pairing introductory explanation with detailed cases, the text makes muslim approachable without oversimplifying it. Its treatment of sufism and virtual worlds foregrounds both disagreement and development.",ai-generated
397,Perspectives on Outcast: From Sufism to Virtual Worlds,"Drawing on outcast and sufism, this study traces how key ideas developed and why they continue to matter. Case-based discussion connects the subject to virtual worlds without reducing it to a single interpretation.",ai-generated
397,"Mapping Sufism: Culture, Practice, and Jewish","Beginning with the foundations of sufism, the discussion follows shifts in terminology, practice, and interpretation. Examples involving jewish and sufi make the broader patterns easier to compare.",ai-generated
397,Rethinking Virtual Worlds through Sufi,"virtual worlds is examined here as a changing set of ideas and practices. By bringing sufi into conversation with sufism, the text demonstrates how definitions and priorities vary across contexts.",ai-generated
397,Studies in Jewish and Outcast,"At the intersection of jewish and outcast, this work identifies recurring problems of interpretation and practice. Material concerning muslims provides a further basis for evaluating the competing positions.",ai-generated
397,The Practice of Muslims: Cases in Virtual Worlds,"The author approaches muslims through problems of definition, evidence, and interpretation. Links to virtual worlds and outcast broaden the inquiry and show how the topic operates beyond a single setting.",ai-generated
397,Sufi across Time: Themes in Muslims,"Rather than treating sufi as an isolated topic, the volume places it alongside muslims and jewish. The result is a comparative account of changing practices, arguments, and contexts.",ai-generated
399,Beyond Diplomacy: New Perspectives on Customs,"At the intersection of diplomacy and customs, this work identifies recurring problems of interpretation and practice. Material concerning war provides a further basis for evaluating the competing positions.",ai-generated
399,Customs in Context: Perspectives on Cash,"The author approaches customs through problems of definition, evidence, and interpretation. Links to cash and ritual broaden the inquiry and show how the topic operates beyond a single setting.",ai-generated
399,"Understanding War: Concepts, Debates, and Ritual","Rather than treating war as an isolated topic, the volume places it alongside ritual and customs. The result is a comparative account of changing practices, arguments, and contexts.",ai-generated
399,The Changing World of Cash and Diplomacy,"The central concern is cash, but the analysis extends to the institutions, texts, and practices associated with diplomacy. Particular emphasis is placed on visual effects as a source of change and debate.",ai-generated
399,Visual Effects and War: A Critical Introduction,"Using visual effects as its organizing theme, the volume assembles evidence concerning war and diplomacy. The chapters emphasize relationships among people, institutions, and ideas instead of presenting disconnected facts.",ai-generated
432,Foundations of Linux and Commands,"Drawing on linux and commands, this study traces how key ideas developed and why they continue to matter. Case-based discussion connects the subject to embedded without reducing it to a single interpretation.",ai-generated
432,Commands in Practice: Methods and Devices,"Beginning with the foundations of commands, the discussion follows shifts in terminology, practice, and interpretation. Examples involving devices and kate make the broader patterns easier to compare.",ai-generated
432,Reading Embedded: Questions of Kate,"embedded is examined here as a changing set of ideas and practices. By bringing kate into conversation with commands, the text demonstrates how definitions and priorities vary across contexts.",ai-generated
432,The Language of Devices: Forms and Linux,"At the intersection of devices and linux, this work identifies recurring problems of interpretation and practice. Material concerning amy provides a further basis for evaluating the competing positions.",ai-generated
432,"Amy, Embedded, and Social Change","The author approaches amy through problems of definition, evidence, and interpretation. Links to embedded and linux broaden the inquiry and show how the topic operates beyond a single setting.",ai-generated
432,A Companion to Kate and Amy,"Rather than treating kate as an isolated topic, the volume places it alongside amy and devices. The result is a comparative account of changing practices, arguments, and contexts.",ai-generated
432,Approaches to Knitting: Problems in Commands,"The central concern is knitting, but the analysis extends to the institutions, texts, and practices associated with commands. Particular emphasis is placed on embedded as a source of change and debate.",ai-generated
435,The Language of German: Forms and Temporal,"Organized around major debates in german, the text moves between conceptual explanation and concrete material related to temporal. Its treatment of grammar highlights the consequences of different approaches.",ai-generated
435,"Temporal, Syntax, and Social Change",This accessible account introduces the principal questions raised by temporal and relates them to syntax. Short thematic sections on news add depth while keeping the discussion grounded in examples.,ai-generated
435,A Companion to Grammar and News,The discussion moves from the basic vocabulary of grammar to more contested issues involving news. A final emphasis on temporal shows how the subject can be understood from multiple perspectives.,ai-generated
435,Approaches to Syntax: Problems in German,A thematic rather than strictly chronological structure guides this examination of syntax. Sections devoted to german and incomplete bring together evidence that is often considered separately.,ai-generated
435,Beyond Incomplete: New Perspectives on Grammar,"Neither a simple handbook nor a chronological narrative, this work treats incomplete as a field of competing ideas. Its chapters connect grammar with german to illuminate the forces shaping the subject.",ai-generated
435,News in Context: Perspectives on Incomplete,"A series of focused essays considers news from several angles, including its relationship with incomplete and syntax. Together they show how the subject has been interpreted in different settings.",ai-generated
435,"Understanding Semantics: Concepts, Debates, and Temporal","Combining overview with close analysis, the work surveys semantics and then tests its main ideas against material from temporal and grammar. It is structured to support comparison rather than simple chronology.",ai-generated
435,The Changing World of German and Temporal,"Close attention to german reveals patterns that are easy to miss in a general survey. Connections with temporal and grammar are used to explain why particular forms, arguments, or practices emerged.",ai-generated
435,Temporal and Syntax: A Critical Introduction,"By pairing introductory explanation with detailed cases, the text makes temporal approachable without oversimplifying it. Its treatment of syntax and news foregrounds both disagreement and development.",ai-generated
435,Perspectives on Grammar: From News to Temporal,"Drawing on grammar and news, this study traces how key ideas developed and why they continue to matter. Case-based discussion connects the subject to temporal without reducing it to a single interpretation.",ai-generated
435,"Mapping Syntax: Culture, Practice, and German","Beginning with the foundations of syntax, the discussion follows shifts in terminology, practice, and interpretation. Examples involving german and incomplete make the broader patterns easier to compare.",ai-generated
435,Rethinking Incomplete through Grammar,"incomplete is examined here as a changing set of ideas and practices. By bringing grammar into conversation with german, the text demonstrates how definitions and priorities vary across contexts.",ai-generated
435,Studies in News and Incomplete,"At the intersection of news and incomplete, this work identifies recurring problems of interpretation and practice. Material concerning syntax provides a further basis for evaluating the competing positions.",ai-generated
435,The Practice of Semantics: Cases in Temporal,"The author approaches semantics through problems of definition, evidence, and interpretation. Links to temporal and grammar broaden the inquiry and show how the topic operates beyond a single setting.",ai-generated
435,German across Time: Themes in Temporal,"Rather than treating german as an isolated topic, the volume places it alongside temporal and grammar. The result is a comparative account of changing practices, arguments, and contexts.",ai-generated
435,"Interpreting Temporal: Evidence, Ideas, and Syntax","The central concern is temporal, but the analysis extends to the institutions, texts, and practices associated with syntax. Particular emphasis is placed on news as a source of change and debate.",ai-generated
435,Encounters with Grammar: Essays on News,"Using grammar as its organizing theme, the volume assembles evidence concerning news and temporal. The chapters emphasize relationships among people, institutions, and ideas instead of presenting disconnected facts.",ai-generated
435,Foundations of Syntax and German,"Examples are used throughout to clarify the relationship between syntax and german. Instead of offering a single narrative, the author contrasts several viewpoints and considers their implications for incomplete.",ai-generated
441,"Understanding French: Concepts, Debates, and Tagore","Combining overview with close analysis, the work surveys french and then tests its main ideas against material from tagore and phonology. It is structured to support comparison rather than simple chronology.",ai-generated
441,The Changing World of Tagore and Murray,"Close attention to tagore reveals patterns that are easy to miss in a general survey. Connections with murray and sound are used to explain why particular forms, arguments, or practices emerged.",ai-generated
441,Phonology and Sound: A Critical Introduction,"By pairing introductory explanation with detailed cases, the text makes phonology approachable without oversimplifying it. Its treatment of sound and tagore foregrounds both disagreement and development.",ai-generated
441,Perspectives on Murray: From French to English,"Drawing on murray and french, this study traces how key ideas developed and why they continue to matter. Case-based discussion connects the subject to english without reducing it to a single interpretation.",ai-generated
441,"Mapping English: Culture, Practice, and Phonology","Beginning with the foundations of english, the discussion follows shifts in terminology, practice, and interpretation. Examples involving phonology and french make the broader patterns easier to compare.",ai-generated
441,Rethinking Sound through English,"sound is examined here as a changing set of ideas and practices. By bringing english into conversation with murray, the text demonstrates how definitions and priorities vary across contexts.",ai-generated
441,Studies in Morphophonology and Tagore,"At the intersection of morphophonology and tagore, this work identifies recurring problems of interpretation and practice. Material concerning phonology provides a further basis for evaluating the competing positions.",ai-generated
441,The Practice of French: Cases in Tagore,"The author approaches french through problems of definition, evidence, and interpretation. Links to tagore and phonology broaden the inquiry and show how the topic operates beyond a single setting.",ai-generated
441,Tagore across Time: Themes in Murray,"Rather than treating tagore as an isolated topic, the volume places it alongside murray and sound. The result is a comparative account of changing practices, arguments, and contexts.",ai-generated
441,"Interpreting Phonology: Evidence, Ideas, and Sound","The central concern is phonology, but the analysis extends to the institutions, texts, and practices associated with sound. Particular emphasis is placed on tagore as a source of change and debate.",ai-generated
441,Encounters with Murray: Essays on French,"Using murray as its organizing theme, the volume assembles evidence concerning french and english. The chapters emphasize relationships among people, institutions, and ideas instead of presenting disconnected facts.",ai-generated
455,The Language of Italian: Forms and Syntax,"Neither a simple handbook nor a chronological narrative, this work treats italian as a field of competing ideas. Its chapters connect syntax with verb to illuminate the forces shaping the subject.",ai-generated
455,"Syntax, Grammar, and Social Change","A series of focused essays considers syntax from several angles, including its relationship with grammar and conjugation. Together they show how the subject has been interpreted in different settings.",ai-generated
457,A Companion to Television and Coastal,"Rather than treating television as an isolated topic, the volume places it alongside coastal and irony. The result is a comparative account of changing practices, arguments, and contexts.",ai-generated
457,Approaches to Coastal: Problems in Series,"The central concern is coastal, but the analysis extends to the institutions, texts, and practices associated with series. Particular emphasis is placed on zone as a source of change and debate.",ai-generated
457,Beyond Irony: New Perspectives on Zone,"Using irony as its organizing theme, the volume assembles evidence concerning zone and coastal. The chapters emphasize relationships among people, institutions, and ideas instead of presenting disconnected facts.",ai-generated
457,Series in Context: Perspectives on Television,"Examples are used throughout to clarify the relationship between series and television. Instead of offering a single narrative, the author contrasts several viewpoints and considers their implications for adaptation.",ai-generated
457,"Understanding Adaptation: Concepts, Debates, and Irony","Several strands of adaptation are brought together in this survey, with special attention to their interaction with irony. The concluding discussion uses television to identify unresolved questions.",ai-generated
457,The Changing World of Zone and Adaptation,"Questions surrounding zone provide the starting point for an examination of adaptation. Attention then turns to series, where contrasting examples reveal both continuity and change.",ai-generated
457,Fans and Coastal: A Critical Introduction,"Through selected cases, the author investigates the connections among fans, coastal, and irony. The emphasis falls on evidence, competing explanations, and the conditions that shaped each development.",ai-generated
457,Perspectives on Television: From Coastal to Irony,"What changes when television is viewed through the lens of coastal? This study answers that question with examples drawn from irony, balancing broad interpretation with attention to specific cases.",ai-generated
457,"Mapping Coastal: Culture, Practice, and Series","The volume follows coastal across different settings and periods, asking how its meaning changes when connected with series. Discussion of zone supplies a second point of comparison.",ai-generated
457,Rethinking Irony through Zone,"Starting from concrete material related to irony, the study builds toward broader arguments about zone. Comparisons with coastal help distinguish local features from more general tendencies.",ai-generated
457,Studies in Series and Television,"Organized around major debates in series, the text moves between conceptual explanation and concrete material related to television. Its treatment of adaptation highlights the consequences of different approaches.",ai-generated
458,Approaches to Auditing: Problems in Audit,"Questions surrounding auditing provide the starting point for an examination of audit. Attention then turns to internal, where contrasting examples reveal both continuity and change.",ai-generated
458,Beyond Audit: New Perspectives on Auditors,"Through selected cases, the author investigates the connections among audit, auditors, and italian. The emphasis falls on evidence, competing explanations, and the conditions that shaped each development.",ai-generated
458,Internal in Context: Perspectives on Italian,"What changes when internal is viewed through the lens of italian? This study answers that question with examples drawn from audit, balancing broad interpretation with attention to specific cases.",ai-generated
458,"Understanding Auditors: Concepts, Debates, and Auditing","The volume follows auditors across different settings and periods, asking how its meaning changes when connected with auditing. Discussion of committee supplies a second point of comparison.",ai-generated
458,The Changing World of Committee and Internal,"Starting from concrete material related to committee, the study builds toward broader arguments about internal. Comparisons with auditing help distinguish local features from more general tendencies.",ai-generated
458,Italian and Committee: A Critical Introduction,"Organized around major debates in italian, the text moves between conceptual explanation and concrete material related to committee. Its treatment of auditors highlights the consequences of different approaches.",ai-generated
458,Perspectives on Standards: From Audit to Internal,This accessible account introduces the principal questions raised by standards and relates them to audit. Short thematic sections on internal add depth while keeping the discussion grounded in examples.,ai-generated
458,"Mapping Auditing: Culture, Practice, and Audit",The discussion moves from the basic vocabulary of auditing to more contested issues involving audit. A final emphasis on internal shows how the subject can be understood from multiple perspectives.,ai-generated
458,Rethinking Audit through Auditors,A thematic rather than strictly chronological structure guides this examination of audit. Sections devoted to auditors and italian bring together evidence that is often considered separately.,ai-generated
458,Studies in Internal and Italian,"Neither a simple handbook nor a chronological narrative, this work treats internal as a field of competing ideas. Its chapters connect italian with audit to illuminate the forces shaping the subject.",ai-generated
458,The Practice of Auditors: Cases in Auditing,"A series of focused essays considers auditors from several angles, including its relationship with auditing and committee. Together they show how the subject has been interpreted in different settings.",ai-generated
458,Committee across Time: Themes in Internal,"Combining overview with close analysis, the work surveys committee and then tests its main ideas against material from internal and auditing. It is structured to support comparison rather than simple chronology.",ai-generated
458,"Interpreting Italian: Evidence, Ideas, and Committee","Close attention to italian reveals patterns that are easy to miss in a general survey. Connections with committee and auditors are used to explain why particular forms, arguments, or practices emerged.",ai-generated
458,Encounters with Standards: Essays on Audit,"By pairing introductory explanation with detailed cases, the text makes standards approachable without oversimplifying it. Its treatment of audit and internal foregrounds both disagreement and development.",ai-generated
458,Foundations of Auditing and Audit,"Drawing on auditing and audit, this study traces how key ideas developed and why they continue to matter. Case-based discussion connects the subject to internal without reducing it to a single interpretation.",ai-generated
458,Audit in Practice: Methods and Auditors,"Beginning with the foundations of audit, the discussion follows shifts in terminology, practice, and interpretation. Examples involving auditors and italian make the broader patterns easier to compare.",ai-generated
458,Reading Internal: Questions of Italian,"internal is examined here as a changing set of ideas and practices. By bringing italian into conversation with audit, the text demonstrates how definitions and priorities vary across contexts.",ai-generated
458,The Language of Auditors: Forms and Auditing,"At the intersection of auditors and auditing, this work identifies recurring problems of interpretation and practice. Material concerning committee provides a further basis for evaluating the competing positions.",ai-generated
458,"Committee, Internal, and Social Change","The author approaches committee through problems of definition, evidence, and interpretation. Links to internal and auditing broaden the inquiry and show how the topic operates beyond a single setting.",ai-generated
462,The Changing World of Cancer and Breast,"The central concern is cancer, but the analysis extends to the institutions, texts, and practices associated with breast. Particular emphasis is placed on teens as a source of change and debate.",ai-generated
462,Breast and Alex: A Critical Introduction,"Using breast as its organizing theme, the volume assembles evidence concerning alex and spanish. The chapters emphasize relationships among people, institutions, and ideas instead of presenting disconnected facts.",ai-generated
462,Perspectives on Teens: From Spanish to Breast,"Examples are used throughout to clarify the relationship between teens and spanish. Instead of offering a single narrative, the author contrasts several viewpoints and considers their implications for breast.",ai-generated
462,"Mapping Alex: Culture, Practice, and Cancer","Several strands of alex are brought together in this survey, with special attention to their interaction with cancer. The concluding discussion uses meghan to identify unresolved questions.",ai-generated
462,Rethinking Meghan through Teens,"Questions surrounding meghan provide the starting point for an examination of teens. Attention then turns to cancer, where contrasting examples reveal both continuity and change.",ai-generated
462,Studies in Spanish and Meghan,"Through selected cases, the author investigates the connections among spanish, meghan, and alex. The emphasis falls on evidence, competing explanations, and the conditions that shaped each development.",ai-generated
462,The Practice of Romance: Cases in Breast,"What changes when romance is viewed through the lens of breast? This study answers that question with examples drawn from teens, balancing broad interpretation with attention to specific cases.",ai-generated
462,Cancer across Time: Themes in Breast,"The volume follows cancer across different settings and periods, asking how its meaning changes when connected with breast. Discussion of teens supplies a second point of comparison.",ai-generated
462,"Interpreting Breast: Evidence, Ideas, and Alex","Starting from concrete material related to breast, the study builds toward broader arguments about alex. Comparisons with spanish help distinguish local features from more general tendencies.",ai-generated
462,Encounters with Teens: Essays on Spanish,"Organized around major debates in teens, the text moves between conceptual explanation and concrete material related to spanish. Its treatment of breast highlights the consequences of different approaches.",ai-generated
462,Foundations of Alex and Cancer,This accessible account introduces the principal questions raised by alex and relates them to cancer. Short thematic sections on meghan add depth while keeping the discussion grounded in examples.,ai-generated
462,Meghan in Practice: Methods and Teens,The discussion moves from the basic vocabulary of meghan to more contested issues involving teens. A final emphasis on cancer shows how the subject can be understood from multiple perspectives.,ai-generated
462,Reading Spanish: Questions of Meghan,A thematic rather than strictly chronological structure guides this examination of spanish. Sections devoted to meghan and alex bring together evidence that is often considered separately.,ai-generated
465,"Mapping Parents Children: Culture, Practice, and Phonics","Combining overview with close analysis, the work surveys parents children and then tests its main ideas against material from phonics and reading writing. It is structured to support comparison rather than simple chronology.",ai-generated
465,Rethinking Phonics through Novel,"Close attention to phonics reveals patterns that are easy to miss in a general survey. Connections with novel and waldo are used to explain why particular forms, arguments, or practices emerged.",ai-generated
465,Studies in Reading Writing and Waldo,"By pairing introductory explanation with detailed cases, the text makes reading writing approachable without oversimplifying it. Its treatment of waldo and phonics foregrounds both disagreement and development.",ai-generated
468,The Practice of Spanish: Cases in Usage,"What changes when spanish is viewed through the lens of usage? This study answers that question with examples drawn from heritage language, balancing broad interpretation with attention to specific cases.",ai-generated
468,Usage across Time: Themes in Standard,"The volume follows usage across different settings and periods, asking how its meaning changes when connected with standard. Discussion of course supplies a second point of comparison.",ai-generated
468,"Interpreting Heritage Language: Evidence, Ideas, and Course","Starting from concrete material related to heritage language, the study builds toward broader arguments about course. Comparisons with usage help distinguish local features from more general tendencies.",ai-generated
468,Encounters with Standard: Essays on Spanish,"Organized around major debates in standard, the text moves between conceptual explanation and concrete material related to spanish. Its treatment of grammar highlights the consequences of different approaches.",ai-generated
468,Foundations of Grammar and Heritage Language,This accessible account introduces the principal questions raised by grammar and relates them to heritage language. Short thematic sections on spanish add depth while keeping the discussion grounded in examples.,ai-generated
468,Course in Practice: Methods and Grammar,The discussion moves from the basic vocabulary of course to more contested issues involving grammar. A final emphasis on standard shows how the subject can be understood from multiple perspectives.,ai-generated
468,Reading Spain: Questions of Usage,A thematic rather than strictly chronological structure guides this examination of spain. Sections devoted to usage and heritage language bring together evidence that is often considered separately.,ai-generated
468,The Language of Spanish: Forms and Usage,"Neither a simple handbook nor a chronological narrative, this work treats spanish as a field of competing ideas. Its chapters connect usage with heritage language to illuminate the forces shaping the subject.",ai-generated
472,Foundations of Zero and Intelligence,"Examples are used throughout to clarify the relationship between zero and intelligence. Instead of offering a single narrative, the author contrasts several viewpoints and considers their implications for business.",ai-generated
472,Intelligence in Practice: Methods and Net,"Several strands of intelligence are brought together in this survey, with special attention to their interaction with net. The concluding discussion uses packaging to identify unresolved questions.",ai-generated
472,Reading Business: Questions of Packaging,"Questions surrounding business provide the starting point for an examination of packaging. Attention then turns to intelligence, where contrasting examples reveal both continuity and change.",ai-generated
472,The Language of Net: Forms and Zero,"Through selected cases, the author investigates the connections among net, zero, and latin. The emphasis falls on evidence, competing explanations, and the conditions that shaped each development.",ai-generated
472,"Latin, Business, and Social Change","What changes when latin is viewed through the lens of business? This study answers that question with examples drawn from zero, balancing broad interpretation with attention to specific cases.",ai-generated
472,A Companion to Packaging and Latin,"The volume follows packaging across different settings and periods, asking how its meaning changes when connected with latin. Discussion of net supplies a second point of comparison.",ai-generated
472,Approaches to Energy: Problems in Intelligence,"Starting from concrete material related to energy, the study builds toward broader arguments about intelligence. Comparisons with business help distinguish local features from more general tendencies.",ai-generated
472,Beyond Zero: New Perspectives on Intelligence,"Organized around major debates in zero, the text moves between conceptual explanation and concrete material related to intelligence. Its treatment of business highlights the consequences of different approaches.",ai-generated
472,Intelligence in Context: Perspectives on Net,This accessible account introduces the principal questions raised by intelligence and relates them to net. Short thematic sections on packaging add depth while keeping the discussion grounded in examples.,ai-generated
472,"Understanding Business: Concepts, Debates, and Packaging",The discussion moves from the basic vocabulary of business to more contested issues involving packaging. A final emphasis on intelligence shows how the subject can be understood from multiple perspectives.,ai-generated
472,The Changing World of Net and Zero,A thematic rather than strictly chronological structure guides this examination of net. Sections devoted to zero and latin bring together evidence that is often considered separately.,ai-generated
472,Latin and Business: A Critical Introduction,"Neither a simple handbook nor a chronological narrative, this work treats latin as a field of competing ideas. Its chapters connect business with zero to illuminate the forces shaping the subject.",ai-generated
472,Perspectives on Packaging: From Latin to Net,"A series of focused essays considers packaging from several angles, including its relationship with latin and net. Together they show how the subject has been interpreted in different settings.",ai-generated
472,"Mapping Energy: Culture, Practice, and Intelligence","Combining overview with close analysis, the work surveys energy and then tests its main ideas against material from intelligence and business. It is structured to support comparison rather than simple chronology.",ai-generated
472,Rethinking Zero through Intelligence,"Close attention to zero reveals patterns that are easy to miss in a general survey. Connections with intelligence and business are used to explain why particular forms, arguments, or practices emerged.",ai-generated
475,The Language of Framed: Forms and Satellite,"By pairing introductory explanation with detailed cases, the text makes framed approachable without oversimplifying it. Its treatment of satellite and latin foregrounds both disagreement and development.",ai-generated
475,"Satellite, Languages, and Social Change","Drawing on satellite and languages, this study traces how key ideas developed and why they continue to matter. Case-based discussion connects the subject to campbell without reducing it to a single interpretation.",ai-generated
475,A Companion to Latin and Campbell,"Beginning with the foundations of latin, the discussion follows shifts in terminology, practice, and interpretation. Examples involving campbell and satellite make the broader patterns easier to compare.",ai-generated
480,Greek in Context: Perspectives on Ancient,"Drawing on greek and ancient, this study traces how key ideas developed and why they continue to matter. Case-based discussion connects the subject to martha without reducing it to a single interpretation.",ai-generated
480,"Understanding Ancient: Concepts, Debates, and Eighteenth","Beginning with the foundations of ancient, the discussion follows shifts in terminology, practice, and interpretation. Examples involving eighteenth and latin make the broader patterns easier to compare.",ai-generated
480,The Changing World of Martha and Latin,"martha is examined here as a changing set of ideas and practices. By bringing latin into conversation with ancient, the text demonstrates how definitions and priorities vary across contexts.",ai-generated
481,"Understanding Tourism: Concepts, Debates, and Injury","Rather than treating tourism as an isolated topic, the volume places it alongside injury and leisure. The result is a comparative account of changing practices, arguments, and contexts.",ai-generated
481,The Changing World of Injury and Brain,"The central concern is injury, but the analysis extends to the institutions, texts, and practices associated with brain. Particular emphasis is placed on survivors as a source of change and debate.",ai-generated
481,Leisure and Survivors: A Critical Introduction,"Using leisure as its organizing theme, the volume assembles evidence concerning survivors and injury. The chapters emphasize relationships among people, institutions, and ideas instead of presenting disconnected facts.",ai-generated
481,Perspectives on Brain: From Tourism to Human Rights,"Examples are used throughout to clarify the relationship between brain and tourism. Instead of offering a single narrative, the author contrasts several viewpoints and considers their implications for human rights.",ai-generated
481,"Mapping Human Rights: Culture, Practice, and Leisure","Several strands of human rights are brought together in this survey, with special attention to their interaction with leisure. The concluding discussion uses tourism to identify unresolved questions.",ai-generated
481,Rethinking Survivors through Human Rights,"Questions surrounding survivors provide the starting point for an examination of human rights. Attention then turns to brain, where contrasting examples reveal both continuity and change.",ai-generated
481,Studies in Greek and Injury,"Through selected cases, the author investigates the connections among greek, injury, and leisure. The emphasis falls on evidence, competing explanations, and the conditions that shaped each development.",ai-generated
481,The Practice of Tourism: Cases in Injury,"What changes when tourism is viewed through the lens of injury? This study answers that question with examples drawn from leisure, balancing broad interpretation with attention to specific cases.",ai-generated
481,Injury across Time: Themes in Brain,"The volume follows injury across different settings and periods, asking how its meaning changes when connected with brain. Discussion of survivors supplies a second point of comparison.",ai-generated
481,"Interpreting Leisure: Evidence, Ideas, and Survivors","Starting from concrete material related to leisure, the study builds toward broader arguments about survivors. Comparisons with injury help distinguish local features from more general tendencies.",ai-generated
481,Encounters with Brain: Essays on Tourism,"Organized around major debates in brain, the text moves between conceptual explanation and concrete material related to tourism. Its treatment of human rights highlights the consequences of different approaches.",ai-generated
481,Foundations of Human Rights and Leisure,This accessible account introduces the principal questions raised by human rights and relates them to leisure. Short thematic sections on tourism add depth while keeping the discussion grounded in examples.,ai-generated
481,Survivors in Practice: Methods and Human Rights,The discussion moves from the basic vocabulary of survivors to more contested issues involving human rights. A final emphasis on brain shows how the subject can be understood from multiple perspectives.,ai-generated
487,Studies in Greek and Testament,"Through selected cases, the author investigates the connections among greek, testament, and grammar. The emphasis falls on evidence, competing explanations, and the conditions that shaped each development.",ai-generated
487,The Practice of Testament: Cases in Biblical,"What changes when testament is viewed through the lens of biblical? This study answers that question with examples drawn from basics, balancing broad interpretation with attention to specific cases.",ai-generated
487,Grammar across Time: Themes in Basics,"The volume follows grammar across different settings and periods, asking how its meaning changes when connected with basics. Discussion of testament supplies a second point of comparison.",ai-generated
487,"Interpreting Biblical: Evidence, Ideas, and Greek","Starting from concrete material related to biblical, the study builds toward broader arguments about greek. Comparisons with hellenistic help distinguish local features from more general tendencies.",ai-generated
487,Encounters with Hellenistic: Essays on Grammar,"Organized around major debates in hellenistic, the text moves between conceptual explanation and concrete material related to grammar. Its treatment of greek highlights the consequences of different approaches.",ai-generated
487,Foundations of Basics and Hellenistic,This accessible account introduces the principal questions raised by basics and relates them to hellenistic. Short thematic sections on biblical add depth while keeping the discussion grounded in examples.,ai-generated
487,Gaming in Practice: Methods and Testament,The discussion moves from the basic vocabulary of gaming to more contested issues involving testament. A final emphasis on grammar shows how the subject can be understood from multiple perspectives.,ai-generated
487,Reading Greek: Questions of Testament,A thematic rather than strictly chronological structure guides this examination of greek. Sections devoted to testament and grammar bring together evidence that is often considered separately.,ai-generated
487,The Language of Testament: Forms and Biblical,"Neither a simple handbook nor a chronological narrative, this work treats testament as a field of competing ideas. Its chapters connect biblical with basics to illuminate the forces shaping the subject.",ai-generated
487,"Grammar, Basics, and Social Change","A series of focused essays considers grammar from several angles, including its relationship with basics and testament. Together they show how the subject has been interpreted in different settings.",ai-generated
487,A Companion to Biblical and Greek,"Combining overview with close analysis, the work surveys biblical and then tests its main ideas against material from greek and hellenistic. It is structured to support comparison rather than simple chronology.",ai-generated
487,Approaches to Hellenistic: Problems in Grammar,"Close attention to hellenistic reveals patterns that are easy to miss in a general survey. Connections with grammar and greek are used to explain why particular forms, arguments, or practices emerged.",ai-generated
487,Beyond Basics: New Perspectives on Hellenistic,"By pairing introductory explanation with detailed cases, the text makes basics approachable without oversimplifying it. Its treatment of hellenistic and biblical foregrounds both disagreement and development.",ai-generated
487,Gaming in Context: Perspectives on Testament,"Drawing on gaming and testament, this study traces how key ideas developed and why they continue to matter. Case-based discussion connects the subject to grammar without reducing it to a single interpretation.",ai-generated
487,"Understanding Greek: Concepts, Debates, and Testament","Beginning with the foundations of greek, the discussion follows shifts in terminology, practice, and interpretation. Examples involving testament and grammar make the broader patterns easier to compare.",ai-generated
487,The Changing World of Testament and Biblical,"testament is examined here as a changing set of ideas and practices. By bringing biblical into conversation with basics, the text demonstrates how definitions and priorities vary across contexts.",ai-generated
487,Grammar and Basics: A Critical Introduction,"At the intersection of grammar and basics, this work identifies recurring problems of interpretation and practice. Material concerning testament provides a further basis for evaluating the competing positions.",ai-generated
487,Perspectives on Biblical: From Greek to Hellenistic,"The author approaches biblical through problems of definition, evidence, and interpretation. Links to greek and hellenistic broaden the inquiry and show how the topic operates beyond a single setting.",ai-generated
487,"Mapping Hellenistic: Culture, Practice, and Grammar","Rather than treating hellenistic as an isolated topic, the volume places it alongside grammar and greek. The result is a comparative account of changing practices, arguments, and contexts.",ai-generated
488,The Practice of Greek: Cases in Grammar,This accessible account introduces the principal questions raised by greek and relates them to grammar. Short thematic sections on rest add depth while keeping the discussion grounded in examples.,ai-generated
488,Grammar across Time: Themes in Black,The discussion moves from the basic vocabulary of grammar to more contested issues involving black. A final emphasis on classical shows how the subject can be understood from multiple perspectives.,ai-generated
488,"Interpreting Rest: Evidence, Ideas, and Classical",A thematic rather than strictly chronological structure guides this examination of rest. Sections devoted to classical and grammar bring together evidence that is often considered separately.,ai-generated
488,Encounters with Black: Essays on Greek,"Neither a simple handbook nor a chronological narrative, this work treats black as a field of competing ideas. Its chapters connect greek with ancient to illuminate the forces shaping the subject.",ai-generated
488,Foundations of Ancient and Rest,"A series of focused essays considers ancient from several angles, including its relationship with rest and greek. Together they show how the subject has been interpreted in different settings.",ai-generated
488,Classical in Practice: Methods and Ancient,"Combining overview with close analysis, the work surveys classical and then tests its main ideas against material from ancient and black. It is structured to support comparison rather than simple chronology.",ai-generated
488,Reading Literary: Questions of Grammar,"Close attention to literary reveals patterns that are easy to miss in a general survey. Connections with grammar and rest are used to explain why particular forms, arguments, or practices emerged.",ai-generated
488,The Language of Greek: Forms and Grammar,"By pairing introductory explanation with detailed cases, the text makes greek approachable without oversimplifying it. Its treatment of grammar and rest foregrounds both disagreement and development.",ai-generated
491,Encounters with Sanskrit: Essays on Iranian,"Using sanskrit as its organizing theme, the volume assembles evidence concerning iranian and language. The chapters emphasize relationships among people, institutions, and ideas instead of presenting disconnected facts.",ai-generated
491,Foundations of Iranian and Languages,"Examples are used throughout to clarify the relationship between iranian and languages. Instead of offering a single narrative, the author contrasts several viewpoints and considers their implications for linguistics.",ai-generated
491,Language in Practice: Methods and Linguistics,"Several strands of language are brought together in this survey, with special attention to their interaction with linguistics. The concluding discussion uses iranian to identify unresolved questions.",ai-generated
491,Reading Languages: Questions of Sanskrit,"Questions surrounding languages provide the starting point for an examination of sanskrit. Attention then turns to indo, where contrasting examples reveal both continuity and change.",ai-generated
491,The Language of Indo: Forms and Language,"Through selected cases, the author investigates the connections among indo, language, and sanskrit. The emphasis falls on evidence, competing explanations, and the conditions that shaped each development.",ai-generated
494,Reading Language: Questions of Monetary,"Close attention to language reveals patterns that are easy to miss in a general survey. Connections with monetary and turkish are used to explain why particular forms, arguments, or practices emerged.",ai-generated
494,The Language of Monetary: Forms and Translation,"By pairing introductory explanation with detailed cases, the text makes monetary approachable without oversimplifying it. Its treatment of translation and heritage foregrounds both disagreement and development.",ai-generated
494,"Turkish, Heritage, and Social Change","Drawing on turkish and heritage, this study traces how key ideas developed and why they continue to matter. Case-based discussion connects the subject to monetary without reducing it to a single interpretation.",ai-generated
494,A Companion to Translation and Language,"Beginning with the foundations of translation, the discussion follows shifts in terminology, practice, and interpretation. Examples involving language and ottoman make the broader patterns easier to compare.",ai-generated
494,Approaches to Ottoman: Problems in Turkish,"ottoman is examined here as a changing set of ideas and practices. By bringing turkish into conversation with language, the text demonstrates how definitions and priorities vary across contexts.",ai-generated
494,Beyond Heritage: New Perspectives on Ottoman,"At the intersection of heritage and ottoman, this work identifies recurring problems of interpretation and practice. Material concerning translation provides a further basis for evaluating the competing positions.",ai-generated
494,Small Change in Context: Perspectives on Monetary,"The author approaches small change through problems of definition, evidence, and interpretation. Links to monetary and turkish broaden the inquiry and show how the topic operates beyond a single setting.",ai-generated
494,"Understanding Language: Concepts, Debates, and Monetary","Rather than treating language as an isolated topic, the volume places it alongside monetary and turkish. The result is a comparative account of changing practices, arguments, and contexts.",ai-generated
494,The Changing World of Monetary and Translation,"The central concern is monetary, but the analysis extends to the institutions, texts, and practices associated with translation. Particular emphasis is placed on heritage as a source of change and debate.",ai-generated
494,Turkish and Heritage: A Critical Introduction,"Using turkish as its organizing theme, the volume assembles evidence concerning heritage and monetary. The chapters emphasize relationships among people, institutions, and ideas instead of presenting disconnected facts.",ai-generated
494,Perspectives on Translation: From Language to Ottoman,"Examples are used throughout to clarify the relationship between translation and language. Instead of offering a single narrative, the author contrasts several viewpoints and considers their implications for ottoman.",ai-generated
494,"Mapping Ottoman: Culture, Practice, and Turkish","Several strands of ottoman are brought together in this survey, with special attention to their interaction with turkish. The concluding discussion uses language to identify unresolved questions.",ai-generated
494,Rethinking Heritage through Ottoman,"Questions surrounding heritage provide the starting point for an examination of ottoman. Attention then turns to translation, where contrasting examples reveal both continuity and change.",ai-generated
494,Studies in Small Change and Monetary,"Through selected cases, the author investigates the connections among small change, monetary, and turkish. The emphasis falls on evidence, competing explanations, and the conditions that shaped each development.",ai-generated
494,The Practice of Language: Cases in Monetary,"What changes when language is viewed through the lens of monetary? This study answers that question with examples drawn from turkish, balancing broad interpretation with attention to specific cases.",ai-generated
494,Monetary across Time: Themes in Translation,"The volume follows monetary across different settings and periods, asking how its meaning changes when connected with translation. Discussion of heritage supplies a second point of comparison.",ai-generated
494,"Interpreting Turkish: Evidence, Ideas, and Heritage","Starting from concrete material related to turkish, the study builds toward broader arguments about heritage. Comparisons with monetary help distinguish local features from more general tendencies.",ai-generated
494,Encounters with Translation: Essays on Language,"Organized around major debates in translation, the text moves between conceptual explanation and concrete material related to language. Its treatment of ottoman highlights the consequences of different approaches.",ai-generated
496,"Languages, Nepal, and Social Change","Examples are used throughout to clarify the relationship between languages and nepal. Instead of offering a single narrative, the author contrasts several viewpoints and considers their implications for follows.",ai-generated
496,A Companion to Nepal and Language,"Several strands of nepal are brought together in this survey, with special attention to their interaction with language. The concluding discussion uses friendship to identify unresolved questions.",ai-generated
497,A Companion to Financial and Monetary,"The volume follows financial across different settings and periods, asking how its meaning changes when connected with monetary. Discussion of law supplies a second point of comparison.",ai-generated
497,Approaches to Monetary: Problems in Money,"Starting from concrete material related to monetary, the study builds toward broader arguments about money. Comparisons with apache help distinguish local features from more general tendencies.",ai-generated
497,Beyond Law: New Perspectives on Apache,"Organized around major debates in law, the text moves between conceptual explanation and concrete material related to apache. Its treatment of monetary highlights the consequences of different approaches.",ai-generated
497,Money in Context: Perspectives on Financial,This accessible account introduces the principal questions raised by money and relates them to financial. Short thematic sections on infringement add depth while keeping the discussion grounded in examples.,ai-generated
497,"Understanding Infringement: Concepts, Debates, and Law",The discussion moves from the basic vocabulary of infringement to more contested issues involving law. A final emphasis on financial shows how the subject can be understood from multiple perspectives.,ai-generated
498,Approaches to Languages: Problems in Language,A thematic rather than strictly chronological structure guides this examination of languages. Sections devoted to language and spoken bring together evidence that is often considered separately.,ai-generated
498,Beyond Language: New Perspectives on Grammatical,"Neither a simple handbook nor a chronological narrative, this work treats language as a field of competing ideas. Its chapters connect grammatical with linguistic to illuminate the forces shaping the subject.",ai-generated
498,Spoken in Context: Perspectives on Linguistic,"A series of focused essays considers spoken from several angles, including its relationship with linguistic and language. Together they show how the subject has been interpreted in different settings.",ai-generated
498,"Understanding Grammatical: Concepts, Debates, and Languages","Combining overview with close analysis, the work surveys grammatical and then tests its main ideas against material from languages and south america. It is structured to support comparison rather than simple chronology.",ai-generated
498,The Changing World of South America and Spoken,"Close attention to south america reveals patterns that are easy to miss in a general survey. Connections with spoken and languages are used to explain why particular forms, arguments, or practices emerged.",ai-generated
498,Linguistic and South America: A Critical Introduction,"By pairing introductory explanation with detailed cases, the text makes linguistic approachable without oversimplifying it. Its treatment of south america and grammatical foregrounds both disagreement and development.",ai-generated
498,Perspectives on Multimedia: From Language to Spoken,"Drawing on multimedia and language, this study traces how key ideas developed and why they continue to matter. Case-based discussion connects the subject to spoken without reducing it to a single interpretation.",ai-generated
545,"Mapping Analytical: Culture, Practice, and Chemistry","The volume follows analytical across different settings and periods, asking how its meaning changes when connected with chemistry. Discussion of activation supplies a second point of comparison.",ai-generated
545,Rethinking Chemistry through Quantitative,"Starting from concrete material related to chemistry, the study builds toward broader arguments about quantitative. Comparisons with methods help distinguish local features from more general tendencies.",ai-generated
545,Studies in Activation and Methods,"Organized around major debates in activation, the text moves between conceptual explanation and concrete material related to methods. Its treatment of chemistry highlights the consequences of different approaches.",ai-generated
545,The Practice of Quantitative: Cases in Analytical,This accessible account introduces the principal questions raised by quantitative and relates them to analytical. Short thematic sections on chemical add depth while keeping the discussion grounded in examples.,ai-generated
545,Chemical across Time: Themes in Activation,The discussion moves from the basic vocabulary of chemical to more contested issues involving activation. A final emphasis on analytical shows how the subject can be understood from multiple perspectives.,ai-generated
586,Rethinking Plants through Ferns,"plants is examined here as a changing set of ideas and practices. By bringing ferns into conversation with fungi, the text demonstrates how definitions and priorities vary across contexts.",ai-generated
586,Studies in Ferns and Species,"At the intersection of ferns and species, this work identifies recurring problems of interpretation and practice. Material concerning habitats provides a further basis for evaluating the competing positions.",ai-generated
586,The Practice of Fungi: Cases in Habitats,"The author approaches fungi through problems of definition, evidence, and interpretation. Links to habitats and ferns broaden the inquiry and show how the topic operates beyond a single setting.",ai-generated
586,Species across Time: Themes in Plants,"Rather than treating species as an isolated topic, the volume places it alongside plants and algae. The result is a comparative account of changing practices, arguments, and contexts.",ai-generated
626,Rethinking Horses through Canal,"Questions surrounding horses provide the starting point for an examination of canal. Attention then turns to regionalism, where contrasting examples reveal both continuity and change.",ai-generated
626,Studies in Canal and Immune,"Through selected cases, the author investigates the connections among canal, immune, and horse. The emphasis falls on evidence, competing explanations, and the conditions that shaped each development.",ai-generated
626,The Practice of Regionalism: Cases in Horse,"What changes when regionalism is viewed through the lens of horse? This study answers that question with examples drawn from canal, balancing broad interpretation with attention to specific cases.",ai-generated
626,Immune across Time: Themes in Horses,"The volume follows immune across different settings and periods, asking how its meaning changes when connected with horses. Discussion of andrew supplies a second point of comparison.",ai-generated
626,"Interpreting Andrew: Evidence, Ideas, and Regionalism","Starting from concrete material related to andrew, the study builds toward broader arguments about regionalism. Comparisons with horses help distinguish local features from more general tendencies.",ai-generated
626,Encounters with Horse: Essays on Andrew,"Organized around major debates in horse, the text moves between conceptual explanation and concrete material related to andrew. Its treatment of immune highlights the consequences of different approaches.",ai-generated
626,Foundations of Fiction Novel and Canal,This accessible account introduces the principal questions raised by fiction novel and relates them to canal. Short thematic sections on regionalism add depth while keeping the discussion grounded in examples.,ai-generated
626,Horses in Practice: Methods and Canal,The discussion moves from the basic vocabulary of horses to more contested issues involving canal. A final emphasis on regionalism shows how the subject can be understood from multiple perspectives.,ai-generated
626,Reading Canal: Questions of Immune,A thematic rather than strictly chronological structure guides this examination of canal. Sections devoted to immune and horse bring together evidence that is often considered separately.,ai-generated
626,The Language of Regionalism: Forms and Horse,"Neither a simple handbook nor a chronological narrative, this work treats regionalism as a field of competing ideas. Its chapters connect horse with canal to illuminate the forces shaping the subject.",ai-generated
626,"Immune, Horses, and Social Change","A series of focused essays considers immune from several angles, including its relationship with horses and andrew. Together they show how the subject has been interpreted in different settings.",ai-generated
626,A Companion to Andrew and Regionalism,"Combining overview with close analysis, the work surveys andrew and then tests its main ideas against material from regionalism and horses. It is structured to support comparison rather than simple chronology.",ai-generated
655,The Language of Type: Forms and Printing,"Through selected cases, the author investigates the connections among type, printing, and typography. The emphasis falls on evidence, competing explanations, and the conditions that shaped each development.",ai-generated
655,"Printing, Design, and Social Change","What changes when printing is viewed through the lens of design? This study answers that question with examples drawn from wood, balancing broad interpretation with attention to specific cases.",ai-generated
655,A Companion to Typography and Wood,"The volume follows typography across different settings and periods, asking how its meaning changes when connected with wood. Discussion of printing supplies a second point of comparison.",ai-generated
655,Approaches to Design: Problems in Type,"Starting from concrete material related to design, the study builds toward broader arguments about type. Comparisons with books help distinguish local features from more general tendencies.",ai-generated
655,Beyond Books: New Perspectives on Typography,"Organized around major debates in books, the text moves between conceptual explanation and concrete material related to typography. Its treatment of type highlights the consequences of different approaches.",ai-generated
655,Wood in Context: Perspectives on Books,This accessible account introduces the principal questions raised by wood and relates them to books. Short thematic sections on design add depth while keeping the discussion grounded in examples.,ai-generated
655,"Understanding Printers: Concepts, Debates, and Printing",The discussion moves from the basic vocabulary of printers to more contested issues involving printing. A final emphasis on typography shows how the subject can be understood from multiple perspectives.,ai-generated
675,The Language of Leather: Forms and Hide,"Organized around major debates in leather, the text moves between conceptual explanation and concrete material related to hide. Its treatment of fur highlights the consequences of different approaches.",ai-generated
675,"Hide, Aging, and Social Change",This accessible account introduces the principal questions raised by hide and relates them to aging. Short thematic sections on committee add depth while keeping the discussion grounded in examples.,ai-generated
675,A Companion to Fur and Committee,The discussion moves from the basic vocabulary of fur to more contested issues involving committee. A final emphasis on hide shows how the subject can be understood from multiple perspectives.,ai-generated
675,Approaches to Aging: Problems in Leather,A thematic rather than strictly chronological structure guides this examination of aging. Sections devoted to leather and hides bring together evidence that is often considered separately.,ai-generated
675,Beyond Hides: New Perspectives on Fur,"Neither a simple handbook nor a chronological narrative, this work treats hides as a field of competing ideas. Its chapters connect fur with leather to illuminate the forces shaping the subject.",ai-generated
675,Committee in Context: Perspectives on Hides,"A series of focused essays considers committee from several angles, including its relationship with hides and aging. Together they show how the subject has been interpreted in different settings.",ai-generated
675,"Understanding Carpet: Concepts, Debates, and Hide","Combining overview with close analysis, the work surveys carpet and then tests its main ideas against material from hide and fur. It is structured to support comparison rather than simple chronology.",ai-generated
675,The Changing World of Leather and Hide,"Close attention to leather reveals patterns that are easy to miss in a general survey. Connections with hide and fur are used to explain why particular forms, arguments, or practices emerged.",ai-generated
675,Hide and Aging: A Critical Introduction,"By pairing introductory explanation with detailed cases, the text makes hide approachable without oversimplifying it. Its treatment of aging and committee foregrounds both disagreement and development.",ai-generated
675,Perspectives on Fur: From Committee to Hide,"Drawing on fur and committee, this study traces how key ideas developed and why they continue to matter. Case-based discussion connects the subject to hide without reducing it to a single interpretation.",ai-generated
675,"Mapping Aging: Culture, Practice, and Leather","Beginning with the foundations of aging, the discussion follows shifts in terminology, practice, and interpretation. Examples involving leather and hides make the broader patterns easier to compare.",ai-generated
675,Rethinking Hides through Fur,"hides is examined here as a changing set of ideas and practices. By bringing fur into conversation with leather, the text demonstrates how definitions and priorities vary across contexts.",ai-generated
675,Studies in Committee and Hides,"At the intersection of committee and hides, this work identifies recurring problems of interpretation and practice. Material concerning aging provides a further basis for evaluating the competing positions.",ai-generated
680,Crafts in Context: Perspectives on Obstacle,This accessible account introduces the principal questions raised by crafts and relates them to obstacle. Short thematic sections on imperfections add depth while keeping the discussion grounded in examples.,ai-generated
680,"Understanding Obstacle: Concepts, Debates, and Ego",The discussion moves from the basic vocabulary of obstacle to more contested issues involving ego. A final emphasis on craft shows how the subject can be understood from multiple perspectives.,ai-generated
680,The Changing World of Imperfections and Craft,A thematic rather than strictly chronological structure guides this examination of imperfections. Sections devoted to craft and obstacle bring together evidence that is often considered separately.,ai-generated
680,Ego and Crafts: A Critical Introduction,"Neither a simple handbook nor a chronological narrative, this work treats ego as a field of competing ideas. Its chapters connect crafts with products to illuminate the forces shaping the subject.",ai-generated
680,Perspectives on Products: From Imperfections to Crafts,"A series of focused essays considers products from several angles, including its relationship with imperfections and crafts. Together they show how the subject has been interpreted in different settings.",ai-generated
680,"Mapping Craft: Culture, Practice, and Products","Combining overview with close analysis, the work surveys craft and then tests its main ideas against material from products and ego. It is structured to support comparison rather than simple chronology.",ai-generated
681,"Understanding Watches: Concepts, Debates, and Typewriter","Combining overview with close analysis, the work surveys watches and then tests its main ideas against material from typewriter and watch. It is structured to support comparison rather than simple chronology.",ai-generated
681,The Changing World of Typewriter and Printer,"Close attention to typewriter reveals patterns that are easy to miss in a general survey. Connections with printer and mechanical are used to explain why particular forms, arguments, or practices emerged.",ai-generated
681,Watch and Mechanical: A Critical Introduction,"By pairing introductory explanation with detailed cases, the text makes watch approachable without oversimplifying it. Its treatment of mechanical and typewriter foregrounds both disagreement and development.",ai-generated
681,Perspectives on Printer: From Watches to Time,"Drawing on printer and watches, this study traces how key ideas developed and why they continue to matter. Case-based discussion connects the subject to time without reducing it to a single interpretation.",ai-generated
681,"Mapping Time: Culture, Practice, and Watch","Beginning with the foundations of time, the discussion follows shifts in terminology, practice, and interpretation. Examples involving watch and watches make the broader patterns easier to compare.",ai-generated
681,Rethinking Mechanical through Time,"mechanical is examined here as a changing set of ideas and practices. By bringing time into conversation with printer, the text demonstrates how definitions and priorities vary across contexts.",ai-generated
689,Products Specific across Time: Themes in Kinds,"The volume follows products specific across different settings and periods, asking how its meaning changes when connected with kinds. Discussion of materials supplies a second point of comparison.",ai-generated
689,"Interpreting Kinds: Evidence, Ideas, and Flies","Starting from concrete material related to kinds, the study builds toward broader arguments about flies. Comparisons with steel help distinguish local features from more general tendencies.",ai-generated
699,Beyond Car: New Perspectives on Ai German,"Organized around major debates in car, the text moves between conceptual explanation and concrete material related to ai german. Its treatment of construction highlights the consequences of different approaches.",ai-generated
699,Ai German in Context: Perspectives on Ships,This accessible account introduces the principal questions raised by ai german and relates them to ships. Short thematic sections on assembly add depth while keeping the discussion grounded in examples.,ai-generated
710,"Interpreting Urban: Evidence, Ideas, and Cities","Close attention to urban reveals patterns that are easy to miss in a general survey. Connections with cities and planning are used to explain why particular forms, arguments, or practices emerged.",ai-generated
710,Encounters with Cities: Essays on Water,"By pairing introductory explanation with detailed cases, the text makes cities approachable without oversimplifying it. Its treatment of water and sustainable foregrounds both disagreement and development.",ai-generated
710,Foundations of Planning and Sustainable,"Drawing on planning and sustainable, this study traces how key ideas developed and why they continue to matter. Case-based discussion connects the subject to cities without reducing it to a single interpretation.",ai-generated
710,Water in Practice: Methods and Urban,"Beginning with the foundations of water, the discussion follows shifts in terminology, practice, and interpretation. Examples involving urban and spatial make the broader patterns easier to compare.",ai-generated
710,Reading Spatial: Questions of Planning,"spatial is examined here as a changing set of ideas and practices. By bringing planning into conversation with urban, the text demonstrates how definitions and priorities vary across contexts.",ai-generated
710,The Language of Sustainable: Forms and Spatial,"At the intersection of sustainable and spatial, this work identifies recurring problems of interpretation and practice. Material concerning water provides a further basis for evaluating the competing positions.",ai-generated
710,"Landscape, Cities, and Social Change","The author approaches landscape through problems of definition, evidence, and interpretation. Links to cities and planning broaden the inquiry and show how the topic operates beyond a single setting.",ai-generated
710,A Companion to Urban and Cities,"Rather than treating urban as an isolated topic, the volume places it alongside cities and planning. The result is a comparative account of changing practices, arguments, and contexts.",ai-generated
710,Approaches to Cities: Problems in Water,"The central concern is cities, but the analysis extends to the institutions, texts, and practices associated with water. Particular emphasis is placed on sustainable as a source of change and debate.",ai-generated
710,Beyond Planning: New Perspectives on Sustainable,"Using planning as its organizing theme, the volume assembles evidence concerning sustainable and cities. The chapters emphasize relationships among people, institutions, and ideas instead of presenting disconnected facts.",ai-generated
710,Water in Context: Perspectives on Urban,"Examples are used throughout to clarify the relationship between water and urban. Instead of offering a single narrative, the author contrasts several viewpoints and considers their implications for spatial.",ai-generated
710,"Understanding Spatial: Concepts, Debates, and Planning","Several strands of spatial are brought together in this survey, with special attention to their interaction with planning. The concluding discussion uses urban to identify unresolved questions.",ai-generated
713,Mental Health in Practice: Methods and School,"The volume follows mental health across different settings and periods, asking how its meaning changes when connected with school. Discussion of adolescents supplies a second point of comparison.",ai-generated
713,Reading School: Questions of Wellbeing,"Starting from concrete material related to school, the study builds toward broader arguments about wellbeing. Comparisons with confederate help distinguish local features from more general tendencies.",ai-generated
713,The Language of Adolescents: Forms and Confederate,"Organized around major debates in adolescents, the text moves between conceptual explanation and concrete material related to confederate. Its treatment of school highlights the consequences of different approaches.",ai-generated
713,"Wellbeing, Mental Health, and Social Change",This accessible account introduces the principal questions raised by wellbeing and relates them to mental health. Short thematic sections on highway add depth while keeping the discussion grounded in examples.,ai-generated
713,A Companion to Highway and Adolescents,The discussion moves from the basic vocabulary of highway to more contested issues involving adolescents. A final emphasis on mental health shows how the subject can be understood from multiple perspectives.,ai-generated
713,Approaches to Confederate: Problems in Highway,A thematic rather than strictly chronological structure guides this examination of confederate. Sections devoted to highway and wellbeing bring together evidence that is often considered separately.,ai-generated
713,Beyond Southern: New Perspectives on School,"Neither a simple handbook nor a chronological narrative, this work treats southern as a field of competing ideas. Its chapters connect school with adolescents to illuminate the forces shaping the subject.",ai-generated
713,Mental Health in Context: Perspectives on School,"A series of focused essays considers mental health from several angles, including its relationship with school and adolescents. Together they show how the subject has been interpreted in different settings.",ai-generated
713,"Understanding School: Concepts, Debates, and Wellbeing","Combining overview with close analysis, the work surveys school and then tests its main ideas against material from wellbeing and confederate. It is structured to support comparison rather than simple chronology.",ai-generated
713,The Changing World of Adolescents and Confederate,"Close attention to adolescents reveals patterns that are easy to miss in a general survey. Connections with confederate and school are used to explain why particular forms, arguments, or practices emerged.",ai-generated
713,Wellbeing and Mental Health: A Critical Introduction,"By pairing introductory explanation with detailed cases, the text makes wellbeing approachable without oversimplifying it. Its treatment of mental health and highway foregrounds both disagreement and development.",ai-generated
713,Perspectives on Highway: From Adolescents to Mental Health,"Drawing on highway and adolescents, this study traces how key ideas developed and why they continue to matter. Case-based discussion connects the subject to mental health without reducing it to a single interpretation.",ai-generated
713,"Mapping Confederate: Culture, Practice, and Highway","Beginning with the foundations of confederate, the discussion follows shifts in terminology, practice, and interpretation. Examples involving highway and wellbeing make the broader patterns easier to compare.",ai-generated
714,Reading Water: Questions of Ponds,A thematic rather than strictly chronological structure guides this examination of water. Sections devoted to ponds and pond bring together evidence that is often considered separately.,ai-generated
714,The Language of Ponds: Forms and Fountains,"Neither a simple handbook nor a chronological narrative, this work treats ponds as a field of competing ideas. Its chapters connect fountains with pools to illuminate the forces shaping the subject.",ai-generated
714,"Pond, Pools, and Social Change","A series of focused essays considers pond from several angles, including its relationship with pools and ponds. Together they show how the subject has been interpreted in different settings.",ai-generated
714,A Companion to Fountains and Water,"Combining overview with close analysis, the work surveys fountains and then tests its main ideas against material from water and garden. It is structured to support comparison rather than simple chronology.",ai-generated
714,Approaches to Garden: Problems in Pond,"Close attention to garden reveals patterns that are easy to miss in a general survey. Connections with pond and water are used to explain why particular forms, arguments, or practices emerged.",ai-generated
714,Beyond Pools: New Perspectives on Garden,"By pairing introductory explanation with detailed cases, the text makes pools approachable without oversimplifying it. Its treatment of garden and fountains foregrounds both disagreement and development.",ai-generated
715,The Language of Planting: Forms and Plants,"By pairing introductory explanation with detailed cases, the text makes planting approachable without oversimplifying it. Its treatment of plants and trees foregrounds both disagreement and development.",ai-generated
715,"Plants, Plant, and Social Change","Drawing on plants and plant, this study traces how key ideas developed and why they continue to matter. Case-based discussion connects the subject to topiary without reducing it to a single interpretation.",ai-generated
715,A Companion to Trees and Topiary,"Beginning with the foundations of trees, the discussion follows shifts in terminology, practice, and interpretation. Examples involving topiary and plants make the broader patterns easier to compare.",ai-generated
715,Approaches to Plant: Problems in Planting,"plant is examined here as a changing set of ideas and practices. By bringing planting into conversation with design, the text demonstrates how definitions and priorities vary across contexts.",ai-generated
715,Beyond Design: New Perspectives on Trees,"At the intersection of design and trees, this work identifies recurring problems of interpretation and practice. Material concerning planting provides a further basis for evaluating the competing positions.",ai-generated
715,Topiary in Context: Perspectives on Design,"The author approaches topiary through problems of definition, evidence, and interpretation. Links to design and plant broaden the inquiry and show how the topic operates beyond a single setting.",ai-generated
715,"Understanding Tree: Concepts, Debates, and Plants","Rather than treating tree as an isolated topic, the volume places it alongside plants and trees. The result is a comparative account of changing practices, arguments, and contexts.",ai-generated
715,The Changing World of Planting and Plants,"The central concern is planting, but the analysis extends to the institutions, texts, and practices associated with plants. Particular emphasis is placed on trees as a source of change and debate.",ai-generated
715,Plants and Plant: A Critical Introduction,"Using plants as its organizing theme, the volume assembles evidence concerning plant and topiary. The chapters emphasize relationships among people, institutions, and ideas instead of presenting disconnected facts.",ai-generated
715,Perspectives on Trees: From Topiary to Plants,"Examples are used throughout to clarify the relationship between trees and topiary. Instead of offering a single narrative, the author contrasts several viewpoints and considers their implications for plants.",ai-generated
715,"Mapping Plant: Culture, Practice, and Planting","Several strands of plant are brought together in this survey, with special attention to their interaction with planting. The concluding discussion uses design to identify unresolved questions.",ai-generated
715,Rethinking Design through Trees,"Questions surrounding design provide the starting point for an examination of trees. Attention then turns to planting, where contrasting examples reveal both continuity and change.",ai-generated
716,"Florida, Plants, and Social Change","The author approaches florida through problems of definition, evidence, and interpretation. Links to plants and native broaden the inquiry and show how the topic operates beyond a single setting.",ai-generated
716,A Companion to Plants and Gardening,"Rather than treating plants as an isolated topic, the volume places it alongside gardening and garden. The result is a comparative account of changing practices, arguments, and contexts.",ai-generated
716,Approaches to Native: Problems in Garden,"The central concern is native, but the analysis extends to the institutions, texts, and practices associated with garden. Particular emphasis is placed on plants as a source of change and debate.",ai-generated
716,Beyond Gardening: New Perspectives on Florida,"Using gardening as its organizing theme, the volume assembles evidence concerning florida and plant. The chapters emphasize relationships among people, institutions, and ideas instead of presenting disconnected facts.",ai-generated
716,Plant in Context: Perspectives on Native,"Examples are used throughout to clarify the relationship between plant and native. Instead of offering a single narrative, the author contrasts several viewpoints and considers their implications for florida.",ai-generated
716,"Understanding Garden: Concepts, Debates, and Plant","Several strands of garden are brought together in this survey, with special attention to their interaction with plant. The concluding discussion uses gardening to identify unresolved questions.",ai-generated
716,The Changing World of Grasses and Plants,"Questions surrounding grasses provide the starting point for an examination of plants. Attention then turns to native, where contrasting examples reveal both continuity and change.",ai-generated
716,Florida and Plants: A Critical Introduction,"Through selected cases, the author investigates the connections among florida, plants, and native. The emphasis falls on evidence, competing explanations, and the conditions that shaped each development.",ai-generated
716,Perspectives on Plants: From Gardening to Garden,"What changes when plants is viewed through the lens of gardening? This study answers that question with examples drawn from garden, balancing broad interpretation with attention to specific cases.",ai-generated
716,"Mapping Native: Culture, Practice, and Garden","The volume follows native across different settings and periods, asking how its meaning changes when connected with garden. Discussion of plants supplies a second point of comparison.",ai-generated
716,Rethinking Gardening through Florida,"Starting from concrete material related to gardening, the study builds toward broader arguments about florida. Comparisons with plant help distinguish local features from more general tendencies.",ai-generated
716,Studies in Plant and Native,"Organized around major debates in plant, the text moves between conceptual explanation and concrete material related to native. Its treatment of florida highlights the consequences of different approaches.",ai-generated
716,The Practice of Garden: Cases in Plant,This accessible account introduces the principal questions raised by garden and relates them to plant. Short thematic sections on gardening add depth while keeping the discussion grounded in examples.,ai-generated
716,Grasses across Time: Themes in Plants,The discussion moves from the basic vocabulary of grasses to more contested issues involving plants. A final emphasis on native shows how the subject can be understood from multiple perspectives.,ai-generated
716,"Interpreting Florida: Evidence, Ideas, and Plants",A thematic rather than strictly chronological structure guides this examination of florida. Sections devoted to plants and native bring together evidence that is often considered separately.,ai-generated
716,Encounters with Plants: Essays on Gardening,"Neither a simple handbook nor a chronological narrative, this work treats plants as a field of competing ideas. Its chapters connect gardening with garden to illuminate the forces shaping the subject.",ai-generated
718,Approaches to Landscape Design: Problems in Burial,"Starting from concrete material related to landscape design, the study builds toward broader arguments about burial. Comparisons with garden help distinguish local features from more general tendencies.",ai-generated
718,Beyond Burial: New Perspectives on Cemetery,"Organized around major debates in burial, the text moves between conceptual explanation and concrete material related to cemetery. Its treatment of london highlights the consequences of different approaches.",ai-generated
718,Garden in Context: Perspectives on London,This accessible account introduces the principal questions raised by garden and relates them to london. Short thematic sections on burial add depth while keeping the discussion grounded in examples.,ai-generated
718,"Understanding Cemetery: Concepts, Debates, and Landscape Design",The discussion moves from the basic vocabulary of cemetery to more contested issues involving landscape design. A final emphasis on grounds shows how the subject can be understood from multiple perspectives.,ai-generated
718,The Changing World of Grounds and Garden,A thematic rather than strictly chronological structure guides this examination of grounds. Sections devoted to garden and landscape design bring together evidence that is often considered separately.,ai-generated
718,London and Grounds: A Critical Introduction,"Neither a simple handbook nor a chronological narrative, this work treats london as a field of competing ideas. Its chapters connect grounds with cemetery to illuminate the forces shaping the subject.",ai-generated
718,Perspectives on Greenwood: From Burial to Garden,"A series of focused essays considers greenwood from several angles, including its relationship with burial and garden. Together they show how the subject has been interpreted in different settings.",ai-generated
718,"Mapping Landscape Design: Culture, Practice, and Burial","Combining overview with close analysis, the work surveys landscape design and then tests its main ideas against material from burial and garden. It is structured to support comparison rather than simple chronology.",ai-generated
718,Rethinking Burial through Cemetery,"Close attention to burial reveals patterns that are easy to miss in a general survey. Connections with cemetery and london are used to explain why particular forms, arguments, or practices emerged.",ai-generated
718,Studies in Garden and London,"By pairing introductory explanation with detailed cases, the text makes garden approachable without oversimplifying it. Its treatment of london and burial foregrounds both disagreement and development.",ai-generated
719,Beyond Landscape: New Perspectives on Natural,"Neither a simple handbook nor a chronological narrative, this work treats landscape as a field of competing ideas. Its chapters connect natural with design to illuminate the forces shaping the subject.",ai-generated
719,Natural in Context: Perspectives on Parks,"A series of focused essays considers natural from several angles, including its relationship with parks and landscapes. Together they show how the subject has been interpreted in different settings.",ai-generated
719,"Understanding Design: Concepts, Debates, and Landscapes","Combining overview with close analysis, the work surveys design and then tests its main ideas against material from landscapes and natural. It is structured to support comparison rather than simple chronology.",ai-generated
719,The Changing World of Parks and Landscape,"Close attention to parks reveals patterns that are easy to miss in a general survey. Connections with landscape and park are used to explain why particular forms, arguments, or practices emerged.",ai-generated
719,Park and Design: A Critical Introduction,"By pairing introductory explanation with detailed cases, the text makes park approachable without oversimplifying it. Its treatment of design and landscape foregrounds both disagreement and development.",ai-generated
719,Perspectives on Landscapes: From Park to Parks,"Drawing on landscapes and park, this study traces how key ideas developed and why they continue to matter. Case-based discussion connects the subject to parks without reducing it to a single interpretation.",ai-generated
719,"Mapping Landscaping: Culture, Practice, and Natural","Beginning with the foundations of landscaping, the discussion follows shifts in terminology, practice, and interpretation. Examples involving natural and design make the broader patterns easier to compare.",ai-generated
719,Rethinking Landscape through Natural,"landscape is examined here as a changing set of ideas and practices. By bringing natural into conversation with design, the text demonstrates how definitions and priorities vary across contexts.",ai-generated
719,Studies in Natural and Parks,"At the intersection of natural and parks, this work identifies recurring problems of interpretation and practice. Material concerning landscapes provides a further basis for evaluating the competing positions.",ai-generated
719,The Practice of Design: Cases in Landscapes,"The author approaches design through problems of definition, evidence, and interpretation. Links to landscapes and natural broaden the inquiry and show how the topic operates beyond a single setting.",ai-generated
719,Parks across Time: Themes in Landscape,"Rather than treating parks as an isolated topic, the volume places it alongside landscape and park. The result is a comparative account of changing practices, arguments, and contexts.",ai-generated
719,"Interpreting Park: Evidence, Ideas, and Design","The central concern is park, but the analysis extends to the institutions, texts, and practices associated with design. Particular emphasis is placed on landscape as a source of change and debate.",ai-generated
719,Encounters with Landscapes: Essays on Park,"Using landscapes as its organizing theme, the volume assembles evidence concerning park and parks. The chapters emphasize relationships among people, institutions, and ideas instead of presenting disconnected facts.",ai-generated
719,Foundations of Landscaping and Natural,"Examples are used throughout to clarify the relationship between landscaping and natural. Instead of offering a single narrative, the author contrasts several viewpoints and considers their implications for design.",ai-generated
719,Landscape in Practice: Methods and Natural,"Several strands of landscape are brought together in this survey, with special attention to their interaction with natural. The concluding discussion uses design to identify unresolved questions.",ai-generated
719,Reading Natural: Questions of Parks,"Questions surrounding natural provide the starting point for an examination of parks. Attention then turns to landscapes, where contrasting examples reveal both continuity and change.",ai-generated
719,The Language of Design: Forms and Landscapes,"Through selected cases, the author investigates the connections among design, landscapes, and natural. The emphasis falls on evidence, competing explanations, and the conditions that shaped each development.",ai-generated
719,"Parks, Landscape, and Social Change","What changes when parks is viewed through the lens of landscape? This study answers that question with examples drawn from park, balancing broad interpretation with attention to specific cases.",ai-generated
719,A Companion to Park and Design,"The volume follows park across different settings and periods, asking how its meaning changes when connected with design. Discussion of landscape supplies a second point of comparison.",ai-generated
742,The Changing World of Perspective and Drawing,"Starting from concrete material related to perspective, the study builds toward broader arguments about drawing. Comparisons with credit help distinguish local features from more general tendencies.",ai-generated
753,Fairy in Practice: Methods and Art,"Combining overview with close analysis, the work surveys fairy and then tests its main ideas against material from art and artists. It is structured to support comparison rather than simple chronology.",ai-generated
753,Reading Art: Questions of Flowers,"Close attention to art reveals patterns that are easy to miss in a general survey. Connections with flowers and paintings are used to explain why particular forms, arguments, or practices emerged.",ai-generated
753,The Language of Artists: Forms and Paintings,"By pairing introductory explanation with detailed cases, the text makes artists approachable without oversimplifying it. Its treatment of paintings and art foregrounds both disagreement and development.",ai-generated
753,"Flowers, Fairy, and Social Change","Drawing on flowers and fairy, this study traces how key ideas developed and why they continue to matter. Case-based discussion connects the subject to roses without reducing it to a single interpretation.",ai-generated
753,A Companion to Roses and Artists,"Beginning with the foundations of roses, the discussion follows shifts in terminology, practice, and interpretation. Examples involving artists and fairy make the broader patterns easier to compare.",ai-generated
753,Approaches to Paintings: Problems in Roses,"paintings is examined here as a changing set of ideas and practices. By bringing roses into conversation with flowers, the text demonstrates how definitions and priorities vary across contexts.",ai-generated
754,Reading Genre: Questions of Dutch,"genre is examined here as a changing set of ideas and practices. By bringing dutch into conversation with painting, the text demonstrates how definitions and priorities vary across contexts.",ai-generated
754,The Language of Dutch: Forms and Paintings,"At the intersection of dutch and paintings, this work identifies recurring problems of interpretation and practice. Material concerning artists provides a further basis for evaluating the competing positions.",ai-generated
754,"Painting, Artists, and Social Change","The author approaches painting through problems of definition, evidence, and interpretation. Links to artists and dutch broaden the inquiry and show how the topic operates beyond a single setting.",ai-generated
754,A Companion to Paintings and Genre,"Rather than treating paintings as an isolated topic, the volume places it alongside genre and painters. The result is a comparative account of changing practices, arguments, and contexts.",ai-generated
754,Approaches to Painters: Problems in Painting,"The central concern is painters, but the analysis extends to the institutions, texts, and practices associated with painting. Particular emphasis is placed on genre as a source of change and debate.",ai-generated
754,Beyond Artists: New Perspectives on Painters,"Using artists as its organizing theme, the volume assembles evidence concerning painters and paintings. The chapters emphasize relationships among people, institutions, and ideas instead of presenting disconnected facts.",ai-generated
754,Art in Context: Perspectives on Dutch,"Examples are used throughout to clarify the relationship between art and dutch. Instead of offering a single narrative, the author contrasts several viewpoints and considers their implications for painting.",ai-generated
754,"Understanding Genre: Concepts, Debates, and Dutch","Several strands of genre are brought together in this survey, with special attention to their interaction with dutch. The concluding discussion uses painting to identify unresolved questions.",ai-generated
754,The Changing World of Dutch and Paintings,"Questions surrounding dutch provide the starting point for an examination of paintings. Attention then turns to artists, where contrasting examples reveal both continuity and change.",ai-generated
754,Painting and Artists: A Critical Introduction,"Through selected cases, the author investigates the connections among painting, artists, and dutch. The emphasis falls on evidence, competing explanations, and the conditions that shaped each development.",ai-generated
754,Perspectives on Paintings: From Genre to Painters,"What changes when paintings is viewed through the lens of genre? This study answers that question with examples drawn from painters, balancing broad interpretation with attention to specific cases.",ai-generated
754,"Mapping Painters: Culture, Practice, and Painting","The volume follows painters across different settings and periods, asking how its meaning changes when connected with painting. Discussion of genre supplies a second point of comparison.",ai-generated
754,Rethinking Artists through Painters,"Starting from concrete material related to artists, the study builds toward broader arguments about painters. Comparisons with paintings help distinguish local features from more general tendencies.",ai-generated
754,Studies in Art and Dutch,"Organized around major debates in art, the text moves between conceptual explanation and concrete material related to dutch. Its treatment of painting highlights the consequences of different approaches.",ai-generated
754,The Practice of Genre: Cases in Dutch,This accessible account introduces the principal questions raised by genre and relates them to dutch. Short thematic sections on painting add depth while keeping the discussion grounded in examples.,ai-generated
754,Dutch across Time: Themes in Paintings,The discussion moves from the basic vocabulary of dutch to more contested issues involving paintings. A final emphasis on artists shows how the subject can be understood from multiple perspectives.,ai-generated
754,"Interpreting Painting: Evidence, Ideas, and Artists",A thematic rather than strictly chronological structure guides this examination of painting. Sections devoted to artists and dutch bring together evidence that is often considered separately.,ai-generated
762,The Changing World of Bmw and Environmental,A thematic rather than strictly chronological structure guides this examination of bmw. Sections devoted to environmental and miners bring together evidence that is often considered separately.,ai-generated
762,Environmental and Hospice: A Critical Introduction,"Neither a simple handbook nor a chronological narrative, this work treats environmental as a field of competing ideas. Its chapters connect hospice with coal to illuminate the forces shaping the subject.",ai-generated
762,Perspectives on Miners: From Coal to Environmental,"A series of focused essays considers miners from several angles, including its relationship with coal and environmental. Together they show how the subject has been interpreted in different settings.",ai-generated
762,"Mapping Hospice: Culture, Practice, and Bmw","Combining overview with close analysis, the work surveys hospice and then tests its main ideas against material from bmw and mississippi. It is structured to support comparison rather than simple chronology.",ai-generated
762,Rethinking Mississippi through Miners,"Close attention to mississippi reveals patterns that are easy to miss in a general survey. Connections with miners and bmw are used to explain why particular forms, arguments, or practices emerged.",ai-generated
762,Studies in Coal and Mississippi,"By pairing introductory explanation with detailed cases, the text makes coal approachable without oversimplifying it. Its treatment of mississippi and hospice foregrounds both disagreement and development.",ai-generated
762,The Practice of Health: Cases in Environmental,"Drawing on health and environmental, this study traces how key ideas developed and why they continue to matter. Case-based discussion connects the subject to miners without reducing it to a single interpretation.",ai-generated
762,Bmw across Time: Themes in Environmental,"Beginning with the foundations of bmw, the discussion follows shifts in terminology, practice, and interpretation. Examples involving environmental and miners make the broader patterns easier to compare.",ai-generated
762,"Interpreting Environmental: Evidence, Ideas, and Hospice","environmental is examined here as a changing set of ideas and practices. By bringing hospice into conversation with coal, the text demonstrates how definitions and priorities vary across contexts.",ai-generated
762,Encounters with Miners: Essays on Coal,"At the intersection of miners and coal, this work identifies recurring problems of interpretation and practice. Material concerning environmental provides a further basis for evaluating the competing positions.",ai-generated
762,Foundations of Hospice and Bmw,"The author approaches hospice through problems of definition, evidence, and interpretation. Links to bmw and mississippi broaden the inquiry and show how the topic operates beyond a single setting.",ai-generated
762,Mississippi in Practice: Methods and Miners,"Rather than treating mississippi as an isolated topic, the volume places it alongside miners and bmw. The result is a comparative account of changing practices, arguments, and contexts.",ai-generated
762,Reading Coal: Questions of Mississippi,"The central concern is coal, but the analysis extends to the institutions, texts, and practices associated with mississippi. Particular emphasis is placed on hospice as a source of change and debate.",ai-generated
762,The Language of Health: Forms and Environmental,"Using health as its organizing theme, the volume assembles evidence concerning environmental and miners. The chapters emphasize relationships among people, institutions, and ideas instead of presenting disconnected facts.",ai-generated
762,"Bmw, Environmental, and Social Change","Examples are used throughout to clarify the relationship between bmw and environmental. Instead of offering a single narrative, the author contrasts several viewpoints and considers their implications for miners.",ai-generated
762,A Companion to Environmental and Hospice,"Several strands of environmental are brought together in this survey, with special attention to their interaction with hospice. The concluding discussion uses coal to identify unresolved questions.",ai-generated
762,Approaches to Miners: Problems in Coal,"Questions surrounding miners provide the starting point for an examination of coal. Attention then turns to environmental, where contrasting examples reveal both continuity and change.",ai-generated
762,Beyond Hospice: New Perspectives on Bmw,"Through selected cases, the author investigates the connections among hospice, bmw, and mississippi. The emphasis falls on evidence, competing explanations, and the conditions that shaped each development.",ai-generated
