DDC,Title,description
838,Anna Haag and her secret diary of the Second World War :,"""How was it possible for a well-educated nation to support a regime that made it a crime to think for yourself? This was the key question for the Stuttgart-based author Anna Haag (1888-1982), the democratic feminist whose anti-Nazi diaries are analysed in this book. Like Victor Klemperer, she deconstructed German political propaganda day by day, giving her critique a gendered focus by challenging the ethos of masculinity that sustained the Nazi regime. This pioneering study interprets her diaries, secretly written in twenty notebooks now preserved at the Stuttgart City Archive, as a fascinating source for the study of everyday life in the Third Reich. The opening sections sketch the paradigms that shaped Haag's creativity, analysing the impact of the First World War and the feminist and pacifist commitments that influenced her literary and journalistic writings. Extensive quotations from the diaries are provided, with English translations, to illustrate her responses to the cataclysms that followed the rise of Hitler, from the military conquests and Jewish deportations to the devastation of strategic bombing. The book concludes with a chapter that traces the links between Haag's critique of military tyranny and her contribution to post-war reconstruction."" --"
838,The aphorisms of Franz Kafka /,"""A splendid new translation of an extraordinary work of modern literature-featuring facing-page commentary by Kafka's acclaimed biographer. In 1917 and 1918, Franz Kafka wrote a set of more than 100 aphorisms, known as the Zürau aphorisms, after the Bohemian village in which he composed them. Among the most mysterious of Kafka's writings, they explore philosophical questions about truth, good and evil, and the spiritual and sensory world. This is the first annotated, bilingual volume of these extraordinary writings, which provide great insight into Kafka's mind. Edited, introduced, and with commentaries by preeminent Kafka biographer and authority Reiner Stach, and freshly translated by Shelley Frisch, this beautiful volume presents each aphorism on its own page in English and the original German, with accessible and enlightening notes on facing pages.The most complex of Kafka's writings, the aphorisms merge literary and analytical thinking and are radical in their ideas, original in their images and metaphors, and exceptionally condensed in their language. Offering up Kafka's characteristically unsettling charms, the aphorisms at times put readers in unfamiliar, even inhospitable territory, which can then turn luminous: ""I have never been in this place before: breathing works differently, and a star shines next to the sun, more dazzlingly still.""Above all, this volume reveals that these multifaceted gems aren't far removed from Kafka's novels and stories but are instead situated squarely within his cosmos-arguably at its very core. Long neglected by Kafka readers and scholars, his aphorisms have finally been given their full due here""--"
838,Biographical fiction :,"""In this anthology, authors and scholars of biofiction reflect on, clarify, and define the nature of this unique genre that skilfully and strategically blends the fictional and the factual, specifying precisely how it can engage the historical and critique the political more effectively than traditional forms of fiction"" --"
838,The Cambridge companion to Walter Benjamin /,"This Companion offers a comprehensive introduction to the work and thought of the highly influential twentieth-century critic and theorist Walter Benjamin. The volume provides examinations of the different aspects of Benjamin's work that have had a significant effect on contemporary critical and historical thought. Topics discussed by experts in the field include Benjamin's relation to the avant-garde movements of his time, the form of the work of art, his theories on language and mimesis, modernity, his relation to Brecht and the Frankfurt School, his significance and relevance to modern cultural studies, his formative interpretation of Romanticism, and his autobiographical writings. The volume is aimed at readers who may be coming to Benjamin for the first time or who have some knowledge of Benjamin but would like to know more about the issues and concepts central to his work. Additional material includes a guide to further reading and a chronology."
838,Clairvoyant of the small :,"The great Swiss-German modernist author Robert Walser lived eccentrically on the fringes of society, shocking his Berlin friends by enrolling in butler school and later developing an urban-nomad lifestyle in the Swiss capital, Bern, before checking himself into a psychiatric clinic. A connoisseur of power differentials, his pronounced interest in everything inconspicuous and modest-social outcasts and artists as well as the impoverished, marginalized, and forgotten-prompted W. G. Sebald to dub him ""a clairvoyant of the small."" His revolutionary use of short prose forms had an enormous influence on Franz Kafka, Walter Benjamin, Robert Musil, and many others.--Provided by publisher."
838,Constructing authorship in the work of Günter Grass /,"This book traces a longstanding concern with issues of authorship throughout the work of Gunter Grass, Germany's best-known contemporary writer and public intellectual. Through detailed close-readings of all of his major literary works from 1970 onwards and careful analysis of his political writings from 1965 to 2005, it argues that Grass's tendency to insert clearly recognisable self-images into his literary texts represents a coherent and calculated reaction to his constant exposure in the media-led public sphere. It underlines the degree of play which has characterised Grass's relationship to this sphere and himself as part of it and explains how a concern with the very concept of authorship has conditioned the way his work as a whole has developed on both thematic and structural levels. The major achievement of this study is to develop a new interpretative paradigm for Grass's work. It explains for the first time how his playful tendency to manipulate his own authorial image conditions all levels of his texts and is equally manifest in literary and political realms."
838,The diaries /,"An essential new translation of the author's complete, uncensored diaries - a revelation of the idiosyncrasies and rough edges of one of the twentieth century's most influential writers'The writing glimmers with sensitivity, and openness to the world' - The Wall Street JournalDating from 1909 to 1923, Franz Kafka's Diaries."
838,The essential Goethe /,"The Essential Goethe is the most comprehensive and representative one-volume collection of Goethe's writings ever published in English. It provides English-language readers easier access than ever before to the widest range of work by one of the greatest writers in world history. Goethe's work as playwright, poet, novelist, and autobiographer is fully represented. In addition to the works for which he is most famous, including Faust Part I and the lyric poems, the volume features important literary works that are rarely published in English--including the dramas Egmont, Iphigenia in Tauris, and Torquato Tasso and the bildungsroman Wilhelm Meister's Apprenticeship, a foundational work in the history of the novel. The volume also offers a selection of Goethe's essays on the arts, philosophy, and science, which give access to the thought of a polymath unrivalled in the modern world. Primarily drawn from Princeton's authoritative twelve-volume Goethe edition, the translations are highly readable and reliable modern versions by scholars of Goethe. The volume also features an extensive introduction to Goethe's life and works by volume editor Matthew Bell."
838,Karl Kraus and the critics /,"Karl Kraus and the Critics, the first study devoted entirely to a century of critical reactions to this controversial satirist, who was both deified and vilified in his lifetime and in the six decades since his death, attempts to reduce an enormous amount of criticism to manageable dimensions and to give a typology of this commentary. By means of copious quotation from both major and minor studies as well as reliable translation it provides some access to criticism that has been published only in German. A chronology of Kraus's life and works and an extensive bibliography of both primary and secondary writings are intended to enhance the reference value of this book and to stimulate further reading and research."
838,The labyrinth /,"""Jens Baggesen's The Labyrinth (1792-93) is a genre-bending and highly personal travel book that follows the young Danish author's journey, made in 1789, from Copenhagen through Germany to the Swiss border at Basel. In its outer form, it follows the conventions of travel writing: describing the cities, landscapes, and notable people encountered on the route, while also offering critical commentary on art, architecture, theatre, and literature, mixed with reactions to the unfolding French Revolution. However, Baggesen finds contemporary travel writing to be pedantic and dry and is determined to make his own account as engaging and personal as possible. Based on the principle that 'nothing is more necessary in a volume of travels than a traveller', the narrative eschews a focus on prescribed sights and instead foregrounds his individual responses to the places and people he encounters. Baggesen's account of his journey is not simply sentimental, but rather moves through an array of different, often conflicting affective and intellectual register: from dejection to wit, whimsy, and ebullient joy, including enchanted observations of nature as well as cosmopolitan reveries about the brotherhood of nations""--Amazon."
838,One-way street /,"""One-Way Street is a thoroughfare unlike anything else in literature--by turns exhilarating and bewildering, requiring mental agility and a special kind of urban literacy. Presented here in a new edition with expanded notes, this genre-defying meditation on the semiotics of late-1920s Weimar culture offers a fresh opportunity to encounter Walter Benjamin at his most virtuosic and experimental, writing in a vein that anticipates later masterpieces such as 'On the Concept of History' and The Arcades Project. Composed of sixty short prose pieces that vary wildly in style and theme, One-Way Street evokes a dense cityscape of shops, cafes, and apartments, alive with the hubbub of social interactions and papered over with public inscriptions of all kinds: advertisements, signs, posters, slogans. Benjamin avoids all semblance of linear narrative, presenting readers with a seemingly random sequence of aphorisms, reminiscences, jokes, off-the-cuff observations, dreamlike fantasias, serious philosophical inquiries, apparently unserious philosophical parodies, and trenchant political commentaries. Providing remarkable insight into the occluded meanings of everyday things, Benjamin time and again proves himself the unrivalled interpreter of what he called 'the soul of the commodity.' Despite the diversity of its individual sections, Benjamin's text is far from formless. Drawing on the avant-garde aesthetics of Dada, Constructivism, and Surrealism, its unusual construction implies a practice of reading that cannot be reduced to simple formulas. Still refractory, still radical, One-Way Street is a work in perpetual progress.""--Provided by publisher."
838,Pictorialism in the fictional miniatures of Albert Paris Gütersloh /,"""Pictorialism in the Fictional Miniatures of Albert Paris Gutersloh represents a first attempt in scholarly literature at highlighting the writer and painter Albert Paris Gutersloh's artistic duality by focusing on his ""fictional miniatures,"" i.e. the short prose works. This book breaks new ground by demonstrating that Gutersloh's written and painted works are of a distinctly unified and analogous nature, exemplified most succinctly in the artist's fictional miniatures when juxtaposed with his painted miniatures. By isolating such compositional elements as delineation, framing, staging, setting, and colour - both descriptive and metaphorical - the author establishes that in his fictional miniatures Gutersloh persistently thinks and writes in ""pictures,"" working from a largely pictorial conception and a visually creative imagination. This exploration fills an existing gap in Gutersloh scholarship, and no doubt will stimulate further research.""--BOOK JACKET."
838,"Sketchy, doubtful, incomplete jottings /","'I can promise to be candid, not, however, to be impartial.' A selection of the most insightful maxims and reflections from one of Germany's greatest ever thinkers."
838,The world of yesterday /,"By the author who inspired Wes Anderson's 2014 film, The Grand Budapest HotelWritten as both a recollection of the past and a warning for future generations, The World of Yesterday recalls the golden age of literary Vienna-its seeming permanence, its promise, and its devastating fall.Surrounded by the leading literary lights of the epoch, Stefan Zweig draws a vivid and intimate account of his life and travels through Vienna, Paris, Berlin, and London, touching on the very heart of European culture. His passionate, evocative prose paints a stunning portrait of an era that danced brilliantly on the edge of extinction.This new translation by award-winning Anthea Bell captures the spirit of Zweig's writing in arguably his most revealing work."
842,The best plays of Racine /,"Racine's masterpieces--Andromaque, Britannicus, Phedre, and Athalie--are translated into English verse. The introduction and notes by Mr. Lockert guide the reader to a greater understanding of the plays.Originally published in 1966.The Princeton Legacy Library uses the latest print-on-demand technology to again make available previously out-of-print books from the distinguished backlist of Princeton University Press. These editions preserve the original texts of these important books while presenting them in durable paperback and hardcover editions. The goal of the Princeton Legacy Library is to vastly increase access to the rich scholarly heritage found in the thousands of books published by Princeton University Press since its founding in 1905."
842,Britannicus :,"Jean Racine (1639-99) remains to this day the greatest of French poetic dramatists. Britannicus (1669), the first play in this volume, takes its themes from Roman history: the setting is bloody and treacherous court of the Emperor Nero. Phaedra (1677) dramatizes the Greek myth of Phaedra's doomed love for her stepson Hippolytus. Athaliah (1691), Racine's last and perhaps finest play, draws on the Old Testament story of Athaliah, Queen of Judah and worshipper of Baal, who is threatened and finally forced to concede victory to Joash, a son of the house of David and survivor of Athaliah's massacres."
842,The Cambridge companion to Moliere /,"A detailed introduction to Moliere and his plays, this Companion evokes his own theatrical career, his theatres, patrons, the performers and theatre staff with whom he worked, and the various publics he and his troupes entertained with such success. It looks at his particular brands of comedy and satire. L'Ecole des femmes, Le Tartuffe, Dom Juan, Le Misanthrope, L'Avare and Les Femmes savantes are examined from a variety of different viewpoints, and through the eyes of different ages and cultures. The comedies-ballets, a genre invented by Moliere and his collaborators, are re-instated to the central position which they held in his uvre in Moliere's own lifetime; his two masterpieces in this genre, Le Bourgeois gentilhomme and Le Malade imaginaire, have chapters to themselves. Finally, the Companion looks at modern directors' theatre, exploring the central role played by productions of his work in successive 'revolutions' in the dramatic arts in France."
842,The chief plays Corneille /,"""Well translated by Lacy Lockert, who provided an excellent critical introduction, this is a valuable selection of the plays of the great French Neo-Classicist. Included are Horace, The Cid, Cinna, Polyeucte, Rodugune, Nicomede.""-Library Journal.Originally published in 1952.The Princeton Legacy Library uses the latest print-on-demand technology to again make available previously out-of-print books from the distinguished backlist of Princeton University Press. These editions preserve the original texts of these important books while presenting them in durable paperback and hardcover editions. The goal of the Princeton Legacy Library is to vastly increase access to the rich scholarly heritage found in the thousands of books published by Princeton University Press since its founding in 1905."
842,Don Juan and other plays /,"About the Series: For over 100 years Oxford World's Classics has made available the broadest spectrum of literature from around the globe. Each affordable volume reflects Oxford's commitment to scholarship, providing the most accurate text plus a wealth of other valuable features, including expert introductions by leading authorities, voluminous notes to clarify the text, up-to-date bibliographies for further study, and much more."
842,"""The Farce of the fart"" and other ribaldries :","Was there more to medieval and Renaissance comedy than Chaucer and Shakespeare? Bien sur. For a real taste of saucy early European humor, one must cross the Channel to France. There, in the fifteenth and early sixteenth centuries, the sophisticated met the scatological in popular performances presented by roving troupes in public squares that skewered sex, politics, and religion. For centuries, the scripts for these outrageous, anonymously written shows were available only in French editions gathered from scattered print and manuscript sources. Now prize-winning theater historian Jody Enders brings twelve of the funniest of these farces to contemporary English-speaking audiences in ""The Farce of the Fart"" and Other Ribaldries. Enders's translation captures the full richness of the colorful characters, irreverent humor, and over-the-top plotlines, all in a refreshingly uncensored American vernacular."
842,The Figaro trilogy :,"Who was Figaro? Not the impertinent valet of the operas of Mozart or Rossini, but both the spirit of resistance to oppression and a bourgeois individualist like his creator. The three plays in which he plots and schemes chronicle the slide of the ancien régime into revolution, but also chart the growth of Beaumarchais' humanitarianism. They are also exuberant theatrical entertainment, masterpieces of skill, invention and social satire which helped shape the direction of the French theatre for a hundred years. This lively new translation captures all the zest and energy of the most famous valet in French literature.--From publisher description."
842,French theater since 1968 /,"One lasting effect of France's May 1968 antiestablishment movement has been the reevaluation of the philosophical, psychological, and aesthetic aspects of theater. In the 1950s and 1960s the plays of Samuel Beckett, Jean Genet, and Eugene Ionesco had abolished traditional theatrical forms, as had the existentialist theater of Jean-Paul Sartre, Albert Camus, and Jean Anouilh. French playwrights, bursting with new ideas as well as with confidence in their own worth after 1968, formulated fresh criteria, probed new forms, and experimented with different approaches to the performing arts. As dramatists broke new ground, so directors broke away from established aesthetics to focus on audacious, provocative interpretations of playwright's visions. In this astute examination Bettina L. Knapp looks at how the outcry of young people in 1968 has influenced French directors and playwrights and has changed conceptions of ""theater"" in the two and a half decades following. Beginning with an overview of 25 years of theater - an artistic environment characterized by ""Directors/Directives Galore"" - Knapp proceeds to discuss the contributions of Lucien and Micheline Attoun's Theatre Ouvert, Ariane Mnouchkine's Theatre du Soleil, Antoine Vitez, Armand Gatti, Patrice Chereau, Nathalie Sarraute, Andree Chedid, Liliane Atlan, Michel Vinaver, and Valere Novarina. The study includes a useful appendix of plays, production dates, and directors."
842,Healing the masculine soul :,"Men are increasingly confused over the meaning of true manhood. InHealing the Masculine Soul, Dalbey reveals Christ-centered methods for pursuing and attaining genuine masculine virtues and identity. Practical proven insights for learning how to become a true man of God."
842,In the grip of Minos :,"Tracing the history of confession from the Desert Fathers through the Lateran decree (1215) and the Council of Trent (1543-63), Matthew Senior examines the significance of these events and the role of confessional discourse in works by Dante, Corneille, and Racine. Using a multidisciplinary approach, Senior focuses his study on Minos, the legendary king of Crete and judge of both Homer's and Virgil's underworlds. Dante transforms Minos into a demon who forces the souls of the damned to confess as they enter the underworld; likewise, the ritual of confession opens the gates of Purgatory. Dante's afterlife, according to Senior, is an extrapolation of the Lateran decree, a total vision of humanity governed and punished by its own verity. Following Trent, a new mode of confession makes its appearance, a baroque discourse in which ""the heart speaks to the heart."" Senior argues that Corneille similarly creates a new kind of hero who distinguishes himself as much by the confessional trial of self-statement as by his military exploits. In the work of Racine, Senior notes, Minos appears again, tormenting the conscience of Phedre. Throughout Senior's challenging inquiry, major canonical texts are illuminated by the contemporary debate about the modern equivalent of confession - psychoanalysis. Senior engages the work of Freud, Lacan, Foucault, and the Lacanian feminists in an attempt to establish the religious and literary genealogy of psychoanalysis and to explore its potential as a critical tool and, more important, its ability to bind and loose men and women."
842,"International migration, development and human wellbeing /","Katie Wright explores how human wellbeing is constructed and how it 'travels' across spatial boundaries. She draws on empirical research, undertaken with Peruvian migrants based in London and Madrid and their Peru-based relatives and close friends to explore how human wellbeing is constructed and how it 'travels' transnationally. Katie Wright discusses the concept of 'living well' - exploring how human wellbeing is constructed and how it 'travels' across spatial boundaries. Drawing on empirical research, undertaken with Peruvian migrants based in London and Madrid, she investigates the needs that migrants themselves identify in their attempts to 'live well'. By next examining the perspectives of their Peru-based relatives and close friends, she moves the analysis beyond consideration of how wellbeing is constructed in particular locations to consider inter-subjective impacts of this migration and the global interconnectedness of human wellbeing outcomes."
842,Psychosocial impact of polygamy in the Middle East /,"Psychosocial Impact of Polygamy in the Middle East is the first scholarly volume to deal with plural marriage in the region in a comprehensive way. Its mixed-method research offers a new template for examining family structures including father-mother, father-children, and mother-children relationships, as well as those between the offspring of different mothers. Detailed findings and excerpts from interviews with family members illustrate the psychological and social toll of polygamy not only on women and children, but also on men. The author's innovative guidelines for therapy give practitioners contextual cultural perspective for working with this population. This unique analysis: Explores the role of Arab culture and Islam in polygamy. Discusses the social and economic consequences of polygamous arrangements. Reviews data from a range of quantitative and qualitative studies. Includes experiences of study subjects in their own words. Introduces a model for intervention with polygamous families. Considers the future of polygamy in the Middle East. A groundbreaking volume of lasting significance, Psychosocial Impact of Polygamy in the Middle East sets standards in culturally attuned practice and study for social workers as well as researchers and practitioners in family studies and psychology."
842,Racine and Shakespeare /,"This major critical work by the great French novelist reveals Stendhal's decisive role in the literary renaissance called Romanticism. Written sixteen years before 'The Charterhouse of Parma', it marked the beginning of his illustrious career and established him at the forefront of the French Romantic movement. The first part of 'Racine and Shakespeare' appeared as a pamphlet in 1823, when Waterloo was still bitterly alive in the French mind. In it, Stendhal vigorously championed the spontaneous vitality of Shakespeare while condemning the rigid imitators of Corneille and Racine. The second half of 'Racine and Shakespeare' appeared two years later in answer to a speech against Romanticism by the secretary of the Academie Francaise. It is a brilliant tour de force, an exchange of letters between an old classicist and a young Romanticiist, in which Stendhal defined Romanticism not only for his age but for all time."
842,Racine's mid-career tragedies /,"Translated into English rhyming verse, with introductions, by Lacy Lockert, the four plays included in this volume are Berenice, Bajazet, Mithridate, and Iphigenie. They are significant for their inherent excellence, and for what they reveal about the development of a great dramatist.Originally published in 1958.The Princeton Legacy Library uses the latest print-on-demand technology to again make available previously out-of-print books from the distinguished backlist of Princeton University Press. These editions preserve the original texts of these important books while presenting them in durable paperback and hardcover editions. The goal of the Princeton Legacy Library is to vastly increase access to the rich scholarly heritage found in the thousands of books published by Princeton University Press since its founding in 1905."
842,The resolution :,"Presents a resolution for Christian men that identifies important characteristics for success in faith, family, and fatherhood, and provides biblical references and advice on achieving these personal standards."
842,Samuel Beckett and the theatre of the witness :,"""This book explores Beckett's representation of physical pain in his theatre plays in the long aftermath of World War II, emphasising how the issues raised by this staging of pain speak directly to matters lying at the heart of his work: the affective power of the human body, the doubtful capacity of language as a means of communication, the aesthetic and ethical functioning of the theatre medium, and the vexed question of intersubjective empathy. Alongside the wartime and post-war plays of fellow Francophone writers Albert Camus, Eugène Ionesco, Pablo Picasso, and Marguerite Duras, it resituates Beckett's early plays in a new conceptualising of le théâtre du témoin or a 'theatre of the witness'. These are plays concerned with the epistemological and ethical uncertainties of witnessing another's pain, rather than with the sufferer's own direct experience. They raise troubling questions about our capacity to comprehend and respond to another being's pain. Drawing on an interdisciplinary framework of extant criticism, recorded historical audience response, theatre and affect theory, and medical understandings of bodily pain, this book argues that these plays do not offer any easily negotiable encounter with physical suffering, pushing us to recognize the very 'otherness' of another being's pain, even as it invades our own affective sphere. In place of any comforting transcendence or redemption of endured pain, they offer a starkly sceptical, even pessimistic probing of what it is to witness another's suffering""--"
842,The search for modern tragedy :,"""The attempt to apply an aesthetic or literary approach to fascism remains controversial. In The Search for Modern Tragedy, Mary Ann Frese Witt explores the work of a group of European writers and artists who came to fascism by way of aesthetics. In Italy and France, she maintains, an ideological aesthetic of ""Mediterranean"" fascism developed to a large extent independently of German Nazism. Witt's study of the relationship between fascism and modern tragedy encompasses theoretical writing on tragedy and tragedies by key authors, including Luigi Pirandello, Henry de Montherlant, and Jean Anouilh. She looks at these tragedies in the context of their reception under fascism in Italy and in Vichy France.""--BOOK JACKET."
849,ABC of headache /,"""In its different presentations, headache is one of the most common symptoms seen by family practitioners. The difficulty is in diagnosing the cause of the headache so that the appropriate treatment is provided, or if referral to a specialist is the recommended course of action."" ""The ABC of Headache helps with this dilemma and guides the health care professional to look for the possible causes of presenting symptoms. Based on real case histories, each chapter guides the reader from symptoms through to diagnosis and management."" ""This new ABC is a highly illustrated, informative, and practical source of knowledge. With links to further information and resources. it is a valuable text for health care professionals at all levels of practice and training.""--BOOK JACKET."
849,A critical edition of the Old Provençal epic Daurel et Beton /,"Editing this work in the context of modern scholarship has involved many literary and linguistic problems left untouched by the Meyer edition of 1880. The present edition provides a new, accurate reading of the sole manuscript, supported by copious textual notes and chapters on versification, dating, and language of author and scribe."
849,Headache /,"""The first section, Acute Headaches, includes those headaches that we all need to be aware of on a daily basis, particularly in the ER. These headache disorders can present challenges in diagnosis and treatment that are unique to emergency medicine. The second section, Episodic Headaches, is really the purview of office, clinic and consultant practice. This section includes a variety of common, and less common but interesting, primary headache disorders. Precise diagnosis of patients with episodic headaches leads to specific directed care and good outcomes in a large number of patients""--Provided by publisher."
849,How to beat insomnia and sleep problems :,"Improving Access to Psychological Therapies (IAPT), initiated in 2008, has made psychological therapy more accessible to those in need. This series of self-help titles is the first to be created specifically for low-intensity IAPT and all titles follow an evidence-based cognitive behavioural therapy (CBT) approach which is the treatment of choice for depression and anxiety disorders. All titles are written by authors with considerable experience in the field of CBT self-help research, training and clinical practice. This book is the perfect resource for helping you beat insomnia and sleep problems, either by yourself or in conjunction with the support of an IAPT service. The book is written in a friendly, engaging (and jargon-free!) style and encourages interactive reading through tables, illustrations and worksheets. Real-life case studies illustrate the use of each intervention and demonstrate how you can work through your sleep problems. This book will help you to understand your sleep cycle, and learn techniques to get back to a better night's sleep."
849,Hypnosis in the management of sleep disorders /,"Hypnosis in the Management of Sleep Disorders combines history and medical science to show that the use of hypnosis and hypnotic techniques is effective in the treatment of sleep disorders -- and that this is increasingly validated through modern tools (computers, fMRI images). Dr. Kohler and Kurz show readers that hypnosis and hypnotic techniques are not to be feared or avoided, but that their use can contribute to effective, non-intrusive, and cost-effective approaches to the treatment of sleep problems. This volume is a much needed reference for therapists and their patients alike on how hypnosis can be helpful in the treatment of certain sleep disorders."
849,Into the gray zone :,"""From renowned neuroscientist Adrian Owen comes a thrilling, heartbreaking tale of discovery in one of the least-understood scientific frontiers: the twilight region between full consciousness and brain death. People who inhabit this middle region called the 'gray zone' have sustained traumatic brain injuries or are the victims of stroke or degenerative diseases, such as Alzheimer's and Parkinson's. Many are oblivious to the outside world, and their doctors and families often believe they're incapable of thought. But a sizable number of patients--as many as twenty percent--are experiencing something different: intact minds adrift within damaged brains and bodies. In 2006, Adrian Owen led a team that discovered this lost population and made medical history, provoking an ongoing debate among scientists, physicians, and philosophers about the meaning, value, and purpose of life. In Into the Gray Zone, we follow Owen as he pushes forward the boundaries of science, using a variety of sophisticated brain scans, auditory prompts, and even Alfred Hitchcock film clips to not only 'find' patients who are trapped inside their heads but to actually communicate with them and elicit answers to moving questions, such as 'Are you in pain?' and 'Do you want to go on living?' and 'Are you happy?' (Many gray zone patients do, in fact, claim to be satisfied with their quality of life.) Into the Gray Zone shines a fascinating light on how we think, remember, and pay attention. And it shows us how the field of brain-computer interfaces is about to explode, radically changing prognoses for people with impaired brain function and creating, for all of us, the tantalizing possibility of telepathy and augmented intelligence. Ultimately; this is not just a spellbinding story of scientific discovery but a deeply human, affirming book that causes us to wonder anew at the indomitable bonds of love.""--"
849,An introduction to coping with insomnia and sleeping problems /,"Poor sleep can have a huge impact on our health and wellbeing, leaving us feeling run-down, exhausted and stressed out. This self-help guide explains the causes of insomnia and why it is so difficult to break bad habits. This updated edition gives you clinically proven cognitive behavioural therapy (CBT) techniques for improving the quality of your sleep: * Keeping a sleep diary * Setting personal goals * Improving your sleep hygiene * Dealing with a racing mind * Making lasting improvements to your sleeping and waking pattern."
849,Oxford textbook of headache syndromes /,"""... Each chapter is written by international experts who share their research and extensive experience by providing a wealth of practical advice for use in clinical situations. ... Part of the Oxford Textbooks in Clinical Neurology series, the Oxford Textbook of Headache Syndromes is a trustworthy companion and essential reading for neurologists, medical trainees, and neurology trainees."" -- Back cover."
849,Postcolonial citizens and ethnic migration :,"""As the velocity and intensity of migrations increase around the world, legal citizenship and ethnicity are becoming two of the most contested issues facing the modern state. Many of today's debates about immigration are focused on arguments around the positive and negative effects of increased ethnic diversity and who should be entitled to legal membership. What does it mean politically then to arrive in a country privileged as a legal citizen or co-ethnic? This book is the first to comparatively analyze the political realities of Dutch Antillean citizens in the Netherlands, and Latin American Nikkeijin (Japanese descendants) in Japan, who inherit host state access as post-colonial citizens and ethnic immigrants. Sharpe's unique cross-regional investigation considers the ways in which globalization, immigration, citizenship, and ethnicity interact as a means to understanding some of the strains and contradictions of membership in contemporary liberal democratic states. Postcolonial Citizens and Ethnic Migration will appeal to a wide range of scholars in political science, sociology, anthropology, international relations, ethnic studies and migration""--"
849,"Poverty, charity and social welfare in Central Europe in the 19th and 20th centuries /","Social policy, as executed in western civilization, is apparently at a crossroads, with forgotten contradictions between the rich and the poor having once again become topical. The current economic and social crisis, including the crisis of the welfare state, raises the need to seek solutions from the past as well as the present. This volume brings together examples of social practice in the Central European region from the 19th century to the 1950s."
861,After-dinner declarations /,"Poetry. Latin American Studies. Bilingual edition. Translated from the Spanish by Dave Oliphant. Renowned Chilean ""antipoet"" Nicanor Parra has delivered as a series of five ""verse speeches"" poems that eschew literary ostentation in favor of playful, conversational musings. In a language steeped in colloquialisms, Parra's declarations employ a range of discourses in order to expose the hypocrisy of human institutions and challenge those who remain satisfied with the status quo. Parra uses his linguistic brilliance to confront the most serious problems of our day: ecology, human rights, and the limits of scientific knowledge. The antipoet moves from one topic to another with inventiveness, discovers for us a wealth of political, philosophical, and literary insights, as well as connections between ideas that shape our lives."
861,"Alcohol, power and public health :","In recent years, the reduction of alcohol-related harm has emerged as a major policy issue across Europe. Public health advocates, supported by the World Health Organisation, have challenged an approach that targets problem-drinking individuals, calling instead for governments to control consumption across whole populations through a combination of pricing strategies, restrictions on retail availability and marketing regulations."
861,The Cambridge companion to Latin American poetry /,"The Cambridge Companion to Latin American Poetry provides historical context on the evolution of the Latin American poetic tradition from the sixteenth century to the present day. It is organized into three parts. Part I provides a comprehensive, chronological survey of Latin American poetry and includes separate chapters on Colonial poetry, Romanticism/modernism, the avant-garde, conversational poetry, and contemporary poetry. Part II contains six succinct essays on the major figures Sor Juana Inés de la Cruz, Gabriela Mistral, César Vallejo, Pablo Neruda, Carlos Drummond de Andrade, and Octavio Paz. Part III analyses specific and distinctive trends within the poetic canon, including women's, LGBT, Quechua, Afro-Hispanic, Latino/a and New Media poetry. This Companion also contains a guide to further reading as well as an essay on the best English translations of Latin American poetry. It will be a key resource for students and instructors of Latin American literature and poetry."
861,Catastrophic historicism :,"""Catastrophic Historicism unsettles the historicist constitution of Julia de Burgos (1914-53), Puerto Rico's most iconic writer - a critical task that necessitates redefining the concept of historicism. Through readings of Aristotle, Walter Benjamin, Jacques Derrida, Werner Hamacher, and Frank Ankersmit, Mendoza-de Jesús shows that historicism grounds historical objectivity in the historian's capacity to compose totalizing narratives that domesticate the contingency of the past. While critiques of historicism as a realism leave untouched the sovereignty of the historian, the book insists that reading the text of history requires an attunement to danger - a modality that interrupts historicism by infusing the past with a contingency that evades total appropriation. After desedimenting the monumental tradition that has reduced de Burgos to a totemic figure, Catastrophic Historicism reads the poet's first collection, Poema en 20 surcos (1938). Mendoza-de Jesús argues that the historicity of Poema crystallizes in the lyrical speaker's self-institution as an embodied ipseity, which requires producing racialized/gendered allegorical figures - the bearers of an abject flesh - that lack any ontological resistance to modern alienation. Rather than treating de Burgos's poetics of selfhood as the ideal image of Puerto Rican sovereignty, Mendoza-de Jesús endangers this idealization by drawing attention to the abjection that sustains our attachments to ipseity as the form of a truly sovereign life. In this way, Catastrophic Historicism not only resets the terms of ongoing critiques of historicism in the humanities - it also intervenes in Puerto Rican historicity for the sake of its transformation""--"
861,Flame of love :,"St. John of the Cross considered his poetry to be the most authentic expression of his theology and his ineffable mystical experience. St. Teresa's poetry has not received the same acclaim and attention as John's. But like him, she used poetry as a way of expressing the ineffable -- the divine flame of love which consumed her. These translations accurately preserve the meaning of the original poems, retain their rhyming schemes and utilize meters as close to the original as possible. Each page of English translation faces the original Spanish text of the poems."
861,A new companion to the Libro de buen amor /,"""The New Companion to the Libro de buen amor provides a platform for exploring current, innovative approaches to this classic poem. It is designed for specialists and non-specialists from a variety of fields, who are interested in investigating different aspects of Juan Ruiz's poem and developing fruitful new paths for future research. Chapters in the volume show how the book engages with Christian, Jewish and Muslim cultures, and delve into its legacy in the twentieth and twenty-first centuries. Part One sheds light on intersecting cultural milieux, from the Christian court of Castile, to the experience of Jewish and Muslim communities. Part Two illustrates how the poem's meaning through time can be elucidated using an array of theoretical and interdisciplinary approaches. Contributors are Nora C. Benedict, Erik Ekman, Denise K. Filios, Ryan D. Giles, Michelle Hamilton, Carlos Heusch, José Manuel Hidalgo, Gregory S. Hutcheson, Veronica Menaldi, Simone Pinet, Michael R. Solomon""--"
861,Overcoming alcohol misuse :,"How to regain control when alcohol is taking over your life. Statistics show that misuse of alcohol is a very common problem. Using alcohol unwisely can have long-term effects on your health, career and family life. This self-help book helps you take a healthier approach to drinking. Using methods based on real clinical practice and proven cognitive behavioural therapy (CBT) techniques, this revised and updated edition shows you how to regain control of your alcohol consumption."
861,The poetics of self-consciousness :,"Twentieth-century poetry engages in a highly self-conscious meditation on the nature of poetic language. Spanish poetry, however, has sometimes been considered an exception to this tendency. This book, with its focus on linguistic self-reflexivity, refutes the notion that major Spanish poets such as Jorge Guillen and Vicente Aleixandre are theoretically naive creators. In a series of nuanced readings, Jonathan Mayhew demonstrates the extent to which modern Spanish poets are conscious of their linguistic medium. Previous books on Spanish poetry published in English have been more limited in scope, usually including poets of a single ""generation."" The Poetics of Self-Consciousness is the first to study well-known writers of the earlier part of the century along with more recent poets such as Jose Angel Valente, Jaime Gil de Biedma, Jose Maria Alvarez, and Juan Lamillar. Interpreting poetic texts written from the 1920s through the 1980s, Mayhew is able to trace the evolving function of literary self-consciousness in Spanish poetry while remaining attentive to the differences among writers of the same historical moment. The modernist poets of the earlier part of the century are preoccupied by the problem of literary mimesis: the representation of reality through language. In the postwar years, poets turned their attention to the social and ethical dimensions of poetic language. The postmodernists of more recent decades, finally, are increasingly concerned with their own belatedness with respect to cultural traditions of the past. Critics hailed Jonathan Mayhew's first book, Claudio Rodriguez and the Language of Poetic vision, as an ""enlightening and timely book on perhaps Spain's greatest living poet,"" and ""a signal first effort from a critic with high scholarly standards and a penetrating insight into contemporary poetry."" With The Poetics of Self-Consciousness: Twentieth-Century Spanish Poetry, readers will discover another probing study of other modern and postmodern Spanish poets."
861,Poets of contemporary Latin America :,"""What came after Neruda and Vallejo? This is the first book of answer that question, presenting the new movements in Latin American poetry since 1950. Eight poets are selected, with substantial excerpts from their work and parallel translations in English: the test for inclusion is whether their writing expands the possibilities of poetry. Together they display the new forms and languages of poetry which have been emerging in contemporary Latin America."" ""Revealing the freshness of the poems, as they invite new perceptions of the world and of language, is paramount in this study. Its method is to bring together poetics with cultural studies, presenting detailed readings of the work of each poet, as well as exposition and discussion of their poetics, especially where they grapple with the tensions between the inner self and history in the later twentieth century.""--BOOK JACKET."
861,Reality in movement :,"""Comprehensive study of Octavio Paz's essayistic work and his role as a public intellectual""--"
861,The song of the Cid :,"One of the finest of epic poems, and the only one to have survived from medieval Spain, ""The Song of the Cid"" recounts the adventures of the warlord and nobleman Rodrigo Diaz de Vivar both - 'Mio Cid'. A forceful combination of heroic fiction and historical fact, the tale seethes with the restless, adventurous spirit of Castile, telling of the Cid's unjust banishment from the court of King Alfonso, his victorious campaigns in Valencia and the crowning of his daughters as queens of Aragon and Navarre - the high point of his career as a warmonger. An epic that sings of universal human values, this is one of the greatest of all works of Spanish literature."
861,Spanish golden age poetry in motion :,"""The fourteen essays of this volume engage in distinct ways with the matter of motion in early modern Spanish poetics, without limiting the dialectic of stasis and movement to any single sphere or manifestation. Interrogation of the interdependence of tradition and innovation, poetry, power and politics, shifting signifiers, the intersection of topography and deviant temporalities, the movement between the secular and the sacred, tensions between centres and peripheries, issues of manuscript circulation and reception, poetic calls and echoes across continents and centuries, and between creative writing and reading subjects, all demonstrate that Helgerson's central notion of conspicuous movement is relevant beyond early sixteenth-century secular poetics, By opening it up we approximate a better understanding of poetry's flexible spatio-temporal co-ordinates in a period of extraordinary historical circumstances and conterminous radical cultural transformation""--Back cover."
861,Volcanic reflections :,"Volcanic Reflections: A Bilingual Anthology of Contemporary Ecuadorian Poetry is the third in a series of books that aspires to address a dearth of information in the English-speaking world about South American poetry of the past thirty years. The nineteen outstanding poets included here represent a wide diversity of themes, styles, and perspectives in one of South America's smaller nations. All of them have published extensively, have been recognized through literary awards and inclusion in national and international anthologies, and continue writing and publishing today. For readers unfamiliar with Ecuador, the Introduction provides a brief background of its geography, history, politics, economy, and society. This is followed by an ample selection of representative poems published previously in Spanish, with translations in English on facing pages. The book concludes with a brief biographical sketch of each poet and an unprecedented bibliography of primary and secondary sources for those readers who might want to pursue further reading or research on any poet of interest. Contemporary Uruguayan Poetry: A Bilingual Anthology and Exotic Territory: A Bilingual Anthology of Contemporary Paraguayan Anthology are two companion volumes that offer similar exposure to poetry that deserves to be better known in the English-speaking world."
861,The whole island :,"Cuba's cultural influence throughout the Western Hemisphere, and especially in the United States, has been disproportionally large for so small a country. This landmark volume is the first comprehensive overview of poetry written over the past sixty years. Presented in a beautiful Spanish-English en face edition, The Whole Island makes available the astonishing achievement of a wide range of Cuban poets, including such well-known figures as Nicolás Guillén, José Lezama Lima, and Nancy Morejón, but also poets widely read in Spanish who remain almost unknown to the English-speaking world―among them Fina García Marruz, José Kozer, Raúl Hernández Novás, and Ángel Escobar―and poets born since the Revolution, like Rogelio Saunders, Omar Pérez, Alessandra Molina, and Javier Marimón. The translations, almost all of them new, convey the intensity and beauty of the accompanying Spanish originals. With their work deeply rooted in Cuban culture, many of these poets―both on and off the island―have been at the center of the political and social changes of this tempestuous period. The poems offered here constitute an essential source for understanding the literature and culture of Cuba, its diaspora, and the Caribbean at large, and provide an unparalleled perspective on what it means to be Cuban."
862,Allegories of kingship :,"This study examines issues in politics and political theory in selected works of Pedro Calderon de la Barca (1600-1681), the major dramatist of the middle and later decades of the seventeenth century in Spain. By analyzing secular dramas (comedias) and religious plays (autos sacramentales), Stephen Rupp demonstrates Calderon's awareness of the ideas and institutions of power in Hapsburg Spain and explores the terms of his intervention in the long debate over principles of Christian statecraft. Through references to Rivadeneira, Saavedra Fajardo, and Quevedo, Rupp describes the anti-Machiavellian theory of kingship that informs Calderon's political theater. Rupp's argument proceeds from abstract principles of political theory to particular institutions and events at the Hapsburg court. Discussion of two comedias (La vida es sueno and La cisma de Inglaterra) and five autos (La vida es sueno, A Dios por razon de Estado, El maestrazgo del Toison, El nuevo palacio del Retiro, and El lirio y la azucena) demonstrates Calderon's assimilation of true reason of state to providence, his attitudes concerning the conciliar system and the regime of the royal favorite or valido, and his allegorical treatment of significant state occasions."
862,The beautiful woman in the theater of Lope de Vega :,"""This study examines the dramatic function of the beautiful woman in the theater of Lope de Vega (1562-1635). The author uses as a critical framework medieval, Renaissance, and Baroque ideologies of beauty as well as contemporary feminist studies on the ""beauty myth"" which constructs female beauty as a form of patriarchal oppression against women. Included are a moral and physical portrait of the beautiful woman in Golden Age Spain and a survey of the literary treatment of this topic prior to Lope. The study further considers Lope's presentation of excessive female beauty as a prime agent of social disorder, as a potent threat to male honor, and as an inducement to sexual exploitation.""--BOOK JACKET."
862,A history of the useless precaution plot in Spanish and French literature /,"This edition is annotated and introduced with a detailed chart of representative Spanish and French works of """"useless-precaution"""" plots. The intention of the essay is to deal with the specific aspect of cuckoldry (traceable in literary history), in which cuckolding is the final result of a dramatic plot."
862,Migration at the end of empire :,"""How has migration shaped Mediterranean history? This innovative study presents a new framework for understanding the impact of empire and decolonisation on migrant subjects, and how conflicting temporalities and the politics of departure shaped Mediterranean history in the age of decolonisation""--"
862,Next-generation sequencing data analysis /,"Before detailing the analytic steps for each of these applications, the book presents the ins and outs of the most widely used NGS platforms, with side-by-side comparisons of key technical aspects. This helps practitioners decide which platform to use for a particular project. The book also offers a perspective on the development of DNA sequencing technologies, from Sanger to future-generation sequencing technologies. The book discusses concepts and principles that underlie each analytic step, along with software tools for implementation. It highlights key features of the tools while omitting tedious details to provide an easy-to-follow guide for practitioners in life sciences, bioinformatics, and biostatistics. In addition, references to detailed descriptions of the tools are given for further reading if needed. The accompanying website for the book provides step-by-step, real-world examples of how to apply the tools covered in the text to research projects. All the tools are freely available to academic users."
862,The play in the mirror :,"As a psychoanalyst with massive humanistic erudition, Jacques Lacan has a great deal to offer any discipline concerned with the human condition. The Play in the Mirror seeks to bring together some of Lacan's fundamental concepts, primarily from his Ecrits and from Seminars 1, 2, 7, 11, and 20, as well as texts from ten Spanish Baroque comedias that also deal with the human condition. The Play in the Mirror does not try to psychoanalyze characters, and its scope extends to spectators, readers, and literary critics who are also subject to the same lack, otherness, and desire. In a play, the subjects linked by the mirrors are the author and the spectator, brought together through language and desire through the theatrical performance. All plays and all critical articles are expressions of the desires of the creators. The critical act represents the intersubjective relationship, marked with the misunderstanding, defensiveness, rivalry, and attempts to dominate that characterize all dealings between two subjects. Even in criticism, the desire of the split subject insists. Throughout the book, the focus is on the more philosophical underpinnings of both discourses. The premodern comedia and Lacan's postmodern perspective seem naturally to inform each other regarding the essential lack at the core of the human subject, the insistence of desire, and the inevitable failure of efforts to establish a unified subject, an orderly society, or a single valid interpretation of a literary text."
862,The play of power :,"Pedro Calderon de la Barca (1600-1681), one of the great dramatists of Spain's Golden Age, wrote a series of mythological spectacle plays for the Habsburg courts. Written when court spectacles were an instrument of monarchical absolutism, these later works by Calderon have often been dismissed by critics as servile flattery of the royalty or mere displays of dazzling showmanship. Margaret Rich Greer argues, however, that many of the playwright's court dramas not only explore human life and social organization, but also possess artistic unity and thematic complexity that make them landmarks in European dramatic history. Analyzing seven of these plays, she demonstrates Calderon's mastery in the integration of music, dance, elaborate scenery, and stage machinery to enhance rather than overpower his poetic text. Greer shows that by envisioning each drama in the physical setting of its performance and in the political context of its time, readers can appreciate a complex relationship of texts: intertwined with the flattering image of the splendor of royal power are a discourse relevant to common spectators and another one that is subtly critical of the policies of the king and the court."
862,The Spain of Fernando de Rojas :,"As a major piece of historical detective work. Stephen Gilman's ""La Celestina"" and the Spain of Fernando de Rojas adds a new dimension to critical studies of the fifteenth-century masterpiece. Using the text of La Celestina as well as public and private archives in Spain, Mr. Oilman builds up a vivid sense of the man behind the dialogue and establishes Fernando de Rojas indisputably as its author-a figure whom critics, while ranking his novel second only to Don Quixote, have treated as semi-anonymous or non-existent.We cannot really know what the Celestina is, says Mr. Oilman, without speculating as rigorously and as learnedly as possible both on how it came to be and on how it could come to be. Thus he reconstructs the world of Rojas, country lawyer and converso, the social, religious, and intellectual milieu of Salamanca, of Spain during the Inquisition, of the converted Jew. He makes it possible for us to see the author-the law student writing feverishly during a fortnight's vacation from classes-in the context of his own times and thus to understand Rojas' achievement: his unconventionality; his sardonic judgment of the Spain in which he lived; the explosive originality, in fact, of La Celestina.Originally published in 1972.The Princeton Legacy Library uses the latest print-on-demand technology to again make available previously out-of-print books from the distinguished backlist of Princeton University Press. These editions preserve the original texts of these important books while presenting them in durable paperback and hardcover editions. The goal of the Princeton Legacy Library is to vastly increase access to the rich scholarly heritage found in the thousands of books published by Princeton University Press since its founding in 1905."
862,Staging the Spanish Golden Age :,"In this volume, Kathleen Jeffs draws on first-hand experience of the Royal Shakespeare Company's rehearsal room for the 2004-05 Spanish Golden Age season to put forth a collaborative model for translating, rehearsing, and performing Spanish Golden Age drama. Building on the RSC season, the volume offers methodologies for translation and communication that can feed the creative processes of actors and directors, while maintaining an ethos of fidelity with regards to the original texts. It argues that collaboration between academics and theatre practitioners was instrumental in the success of the season and that the work carried out has repercussions for critical debate of Comedia. The volume posits a model for future productions of the Comedia in English, one that recognizes the need for the languages of the scholar and the theatre artist to be made mutually intelligible by the use of collaborative strategies, mediated by a consultant or dramaturg proficient in both tongues. This model applies more generally to theatrical collaborations involving a translator, writer and director, and will be useful for translation and performance processes in any language."
868,The Chicano generation :,"""This is the story of the historic Chicano Movement in Los Angeles during the late 1960s and 1970s. The Chicano Movement was the largest civil rights and empowerment movement in the history of Mexican Americans in the United States. The movement was led by a new generation of political activists calling themselves Chicanos, a countercultural barrio term. This book is the story of three key activists, Raul Ruiz, Gloria Arellanes, and Rosalio Muñoz, who through oral history related their experiences as movement activist to historian Mario T. García. As first-person autobiographical narratives, these stories put a human face to this profound social movement and provide a life-story perspective as to why these individuals became activists""--Provided by publisher."
868,The city of translation :,"A study of the relationship between literary translation, authoritarian politics, linguistic ideologies, juristic philology, religion, and poetry in late nineteenth-century Colombia."
868,Lorca in English :,"""Lorca in English examines the evolution of translations of Federico García Lorca into English as a case of rewriting and manipulation through politically and ideologically motivated translation""--"
868,My side of the river :,"""Elizabeth Camarillo Gutierrez reveals her experience as the U.S. born daughter of immigrants and what happened when, at fifteen, her parents were forced back to Mexico in this galvanizing yet tender memoir. Born to Mexican immigrants south of the Rillito River in Tucson, Arizona, Elizabeth had the world at her fingertips as she entered her freshman year of high school as the number one student. But suddenly, Elizabeth's own country took away the most important right a child has: a right to have a family. As her parents' visas expired, they were forced to return to Mexico, leaving Elizabeth responsible for her younger brother, as well as her education. Determined to break the cycle of being ""a statistic,"" she knew that even though her parents couldn't stay, there was no way she could let go of the opportunities the U.S. could provide. Armed with only her passport and sheer teenage determination, Elizabeth became what her school would eventually describe as an unaccompanied, homeless youth, one of thousands of underage victims affected by family separation due to broken immigration laws. For fans of Educated by Tara Westover and The Distance Between Us by Reyna Grande, My Side of the River explores separation, generational trauma, and the toll of the American dream. It's also, at its core, a love story between a brother and a sister who, no matter the cost, is determined to make the pursuit of his own dreams easier than it was for her""--"
868,On mysticism /,"An unprecedented collection of the visionary Argentine writer's meditations on the mystical realm Jorge Luis Borges immersed himself and his readers in metaphysical fantasies--playing reason against faith, belief against logic. His profound knowledge of eastern religions was an endless source of inspiration for his writing. On Mysticism--edited by Borges's widow, Maria Kodama--brings together a stunning group of prose pieces and poems that speak to this signature theme of his writing, from some of his most celebrated works to others that appear here in English for the first time. Together they yield valuable insights into the most ineffable dimension of his writing, illuminating the inimitable rewards of this literary visionary, a wisdom writer whose belief in the magic of words has made him beloved around the world."
868,The tragic sense of life in men and nations /,The acknowledged masterpiece of Unamuno expresses the anguish of modern man as he is caught up in the struggle between the dictates of reason and the demands of his own heart.
868,The tragic sense of life in men and nations /,The acknowledged masterpiece of Unamuno expresses the anguish of modern man as he is caught up in the struggle between the dictates of reason and the demands of his own heart.
870,The Cambridge critical guide to Latin literature /,"""The Cambridge Critical Guide to Latin Literature offers a critical overview of work on Latin literature. Where are we? How did we get here? Where to next? Fifteen commissioned chapters, along with an extensive introduction and Mary Beard's postscript, approach these questions from a range of angles. They aim not to codify the field, but to give snapshots of the discipline from different perspectives, and to offer provocations for future development. The Critical Guide aims to stimulate reflection on how we engage with Latin literature. Texts, tools and territories are the three areas of focus. The Guide situates the study of classical Latin literature within its global context from late antiquity to Neo-Latin, moving away from an exclusive focus on the pre-200 CE corpus. It recalibrates links with adjoining disciplines (history, philosophy, material culture, linguistics, political thought, Greek), and takes a fresh look at key tools (editing, reception, intertextuality, theory)""--"
870,Explorations in Latin literature /,"""Aeneas' speech of defence before Dido (Aen. 4.333-61) is the longest and most controversial he delivers. Although by no means typical, it can open up some revealing perspectives over the rest of the poem. The exchange between the two, having as its kernel a dispute over obligations and responsibilities, requires some words of context""--"
870,From topography to text :,"From Topography to Text: The Image of Jerusalem in the Writings of Eucherius, Adomnán and Bede' uses topographical detail to examine the source material, religious imagination and the image of Jerusalem in three related Latin texts from the fifth, seventh and eighth centuries. The work introduces an original methodology for analyzing the Jerusalem pilgrim texts, defined by their core interest in the commemorative topography of the Christian holy places. By newly identifying the topographical material in Adomnán's description of Jerusalem, the study exposes key distortions in the text, its exclusive intramural focus on the Holy Sepulchre and the eschatological image of New Jerusalem that emerges from its description of contemporary Jerusalem. The study verifies the post-Byzantine provenance of Adomnán's topographical material, namely, the oral report of Arculf, thus redressing scholarly ambivalence regarding Adomnán's contemporary source. The new insights into Adomnán's 'De locis sanctis', including its mental map of Jerusalem, provide a template with which to analyze the text's relationship with the writings of Eucherius and Bede. While Bede's 'De locis sanctis' has commonly been regarded as an epitome of Adomnán's work, when the sequence, structure and images of the texts are compared, Eucherius not Adomnán is, for Bede, the authoritative text. 'From Topography to Text' offers a significant discussion on the Jerusalem pilgrim texts and the Christian topography of the Holy City, while analyzing the image of Jerusalem in the writings of three remote authors who never set foot in the city. -- Back cover."
870,"A history of Anglo-Latin literature, 597-1066.","Taking as its chronological and geographical limits the period and area of Anglo-Saxon domination, this study provides a guide to the Latin literature that existed alongside the vernacular. It does so through a chronological survey of known works, based on a thorough examination of documents and of modern scholarship. It includes ample illustrative ""ations, with accompanying English translations, and the forms associated with individual (although sometimes anonymous) writers, the histories, biographies, letters, poetry, treatises, and some liturgies. An important feature of the book is the very full bibliography, which is keyed to the text discussions.Originally published in 1967.The Princeton Legacy Library uses the latest print-on-demand technology to again make available previously out-of-print books from the distinguished backlist of Princeton University Press. These editions preserve the original texts of these important books while presenting them in durable paperback and hardcover editions. The goal of the Princeton Legacy Library is to vastly increase access to the rich scholarly heritage found in the thousands of books published by Princeton University Press since its founding in 1905."
870,Intratextuality and Latin literature /,"Recent years have witnessed an increased interest in classical studies in the ways meaning is generated through the medium of intertextuality, namely how different texts of the same or different authors communicate and interact with each other. Attention (although on a lesser scale) has also been paid to the manner in which meaning is produced through interaction between various parts of the same text or body of texts within the overall production of a single author, namely intratextuality. Taking off from the seminal volume on Intratextuality: 'Greek and Roman Textual Relations', edited by A. Sharrock / H. Morales (Oxford 2000), which largely sets the theoretical framework for such internal associations within classical texts, this collective volume brings together twenty-seven contributions, written by an international team of experts, exploring the evolution of intratextuality from Late Republic to Late Antiquity across a wide range of authors, genres and historical periods. Of particular interest are also the combined instances of intra- and intertextual poetics as well as the way in which intratextuality in Latin literature draws on reading practices and critical methods already theorized and operative in Greek antiquity."
870,Latin literatures of medieval and early modern times in Europe and beyond :,"""The textual heritage of Medieval Latin is one of the greatest reservoirs of human culture. Repertories list more than 13,174 authors from about 20 modern countries. Until now, there has been no introduction to this world in its full geographical extension. Forty contributors fill this gap by adopting a new perspective, making available to specialists (but also to the interested public) new materials and insights. The project presents an overview of Medieval (and post-medieval) Latin Literatures as a global phenomenon including both Europe and extra-European regions. It introduces to the Latin Middle Ages' complex and multi-layered culture, whose attraction has been underestimated until now. Traditional overviews mostly flatten specificities, yet in many countries medieval Latin literature is still studied with reference to the local history. Thus the first section presents about 20 regional surveys, including chapters on authors and works of Latin Literature in Eastern Central Europe, Africa, the Middle East, Asia, and the Americas. Following chapters highlight shared patterns of circulation, adaptation, and exchange, and underline the appeal of medieval intermediality, evidenced in manuscripts, maps, scientific treatises and iconotexts, and its performativity in narrations, theatre, sermons and music. The last section deals with literary ""interfaces,"" that is motifs or characters that exemplify the double-sided or the long-term transformations of medieval Latin mythologemes in vernacular culture, both medieval and modern, such as the legends about King Arthur, Faust, and Hamlet""--"
870,Literary language & its public in late Latin antiquity and in the Middle Ages /,"In this, his final book, Erich Auerbach states, ""My purpose is always to write history."" Tracing the influence of classical Latin rhetoric throughout literary history from late antiquity to the modern era, Auerbach continues to explore many of the issues presented in his Mimesis. For example, he draws attention to the historical and social contexts in which writings were received, and raises issues of aesthetics, semantics, stylistics, and sociology that anticipate the concerns of the new contemporary historicism."
870,The Oxford handbook of Neo-Latin /,"From the dawn of the early modern period around 1400 until the eighteenth century, Latin was still the European language and its influence extended as far as Asia and the Americas. At the same time, the production of Latin writing exploded thanks to book printing and new literary and cultural dynamics. Latin also entered into a complex interplay with the rising vernacular languages. This Handbook gives an accessible survey of the main genres, contexts, and regions of Neo-Latin, as we have come to call Latin writing composed in the wake of Petrarch (1304-74). Its emphasis is on the period of Neo-Latin's greatest cultural relevance, from the fifteenth to the eighteenth centuries. Its chapters, written by specialists in the field, present individual methodologies and focuses while retaining an introductory character. The Handbook will be valuable to all readers wanting to orientate themselves in the immense ocean of Neo-Latin literature and culture. It will be particularly helpful for those working on early modern languages and literatures as well as to classicists working on the culture of ancient Rome, its early modern reception and the shifting characteristics of post-classical Latin language and literature. Political, social, cultural and intellectual historians will find much relevant material in the Handbook, and it will provide a rich range of material to scholars researching the history of their respective geographical areas of interest."
870,Printed commonplace-books and the structuring of Renaissance thought /,"Commonplace-books were the information-organizers of Early Modern Europe, notebooks of quotations methodically arranged for easy retrieval. From their first introduction to the rudiments of Latin to the specialized studies or leisure reading of their later years, the pupils of humanist schools were trained to use commonplace-books, which formed an immensely important element of Renaissance education. The commonplace-book mapped and resourced Renaissance culture's moral thinking, its accepted strategies of argumentation, its rhetoric, and its deployment of knowledge. In this ground-breaking study Ann Moss investigates the commonplace-book's medieval antecedents, its methodology and use as promulgated by its humanist advocates, its varieties as exemplified in its printed manifestations, and the reasons for its gradual decline in the seventeenth century. The book covers the Latin culture of Early Modern Europe and its vernacular counterparts and continuations, particularly in France."
870,"Roman literature, gender, and reception :","""This cutting-edge collection of essays offers provocative studies of ancient history, literature, gender identifications and roles, and subsequent interpretations of the republican and imperial Roman past. The prose and poetry of Cicero and Petronius, Lucretius, Virgil, and Ovid receive fresh interpretations; pagan and Christian texts are re-examined from feminist and imaginative perspectives; genres of epic, didactic, and tragedy are re-examined; and subsequent uses and re-uses of the ancient heritage are probed with new attention: Shakespeare, Nineteenth Century American theater, and contemporary productions involving prisoners and veterans. Comprising twenty essays collectively honoring the feminist Classical scholar Judith Hallett, this book will interest the Classical scholar, the ancient historian, the student of Reception Studies, and feminists interested in all periods. The authors from the United States, Britain, France and Switzerland are authorities in one or more of these fields and chapters range from the late Republic to the late Empire to the present""--"
870,The Roman way /,"""In this now-classic history of Roman civilization, Edith Hamilton vividly depicts Roman life and spirit as they are revealed by the greatest writers of the age. Among these literary guides are Cicero, who left an incomparable collection of letters; Catullus, who was the quintessential poet of love; Horace, who chronicled a cruel and materialistic Rome; and the Romantics: Virgil, Livy, and Seneca. Hamilton concludes her work by contrasting the high-mindedness of Stoicism with the collapse of values as witnessed by the historian Tacitus and the satirist Juvenal.""--Back cover."
870,The Roman way /,"""In this now-classic history of Roman civilization, Edith Hamilton vividly depicts Roman life and spirit as they are revealed by the greatest writers of the age. Among these literary guides are Cicero, who left an incomparable collection of letters; Catullus, who was the quintessential poet of love; Horace, who chronicled a cruel and materialistic Rome; and the Romantics: Virgil, Livy, and Seneca. Hamilton concludes her work by contrasting the high-mindedness of Stoicism with the collapse of values as witnessed by the historian Tacitus and the satirist Juvenal.""--Back cover."
870,Understanding Latin literature /,"Understanding Latin Literature is a highly accessible, user-friendly work that provides a fresh and illuminating introduction to the most important aspects of Latin prose and poetry. This second edition is heavily revised to reflect recent developments in scholarship, especially in the area of the later reception and reverberations of Latin literature. Chapters are dedicated to Latin writers such as Virgil and Livy and explore how literature related to Roman identity and society. Readers are stimulated and inspired to do their own further reading through engagement with a wide selection of translated extracts and through understanding the different ways in which they can be approached. Central throughout is the theme of the fundamental connections between Latin literature and issues of elite Roman culture. The versatile and accessible structure of Understanding Latin Literature makes it suitable for both individual and class use."
870,The virgin and the bride :,"During the last centuries of the Roman Empire, the prevailing ideal of feminine virtue was radically transformed: the pure but fertile heroines of Greek and Roman romance were replaced by a Christian heroine who ardently refused the marriage bed. How this new concept and figure of purity is connected with - indeed, how it abetted - social and religious change is the subject of Kate Cooper's lively book. The Romans saw marital concord as a symbol of social unity - one that was important to maintaining the vigor and political harmony of the empire itself. This is nowhere more clear than in the ancient novel, where the mutual desire of hero and heroine is directed toward marriage and social renewal. But early Christian romance subverted the main outline of the story: now the heroine abandons her marriage partner for an otherworldly union with a Christian holy man. Cooper traces the reception of this new ascetic literature across the Roman world. How did the ruling classes respond to the Christian claim to moral superiority, represented by the new ideal of sexual purity? How did women themselves react to the challenge to their traditional role as matrons and matriarchs? In addressing their questions, Cooper gives us a vivid picture of dramatically changing ideas about sexuality, family, morality - a cultural revolution with far-reaching implications for religion and politics, women and men. The Virgin and the Bride offers a new look at central aspects of the Christianization of the Roman world, and an engaging discussion of the rhetoric of gender and the social meaning of idealized womanhood."
873,The Aeneid /,"This volume represents the most ambitious project of distinguished poet David Ferry's life: a complete translation of Virgil's Aeneid. Ferry has long been known as the foremost contemporary translator of Latin poetry, and his translations of Virgil's Eclogues and Georgics have become standards. He brings to the Aeneid the same genius, rendering Virgil's formal, metrical lines into an English that is familiar, all while surrendering none of the poem's original feel of the ancient world. In Ferry's hands, the Aeneid becomes once more a lively, dramatic poem of daring and adventure, of love and loss, devotion and death. The paperback and e-book editions include a new introduction by Richard F. Thomas, along with a new glossary that makes the book even more accessible for students and for general readers coming to the Aeneid for the first time who may need help acclimating to Virgil's world."
873,The Aeneid /,"The Aeneid – thrilling, terrifying and poignant in equal measure – has inspired centuries of artists, writers and musicians. Part of the Macmillan Collector's Library; a series of stunning, clothbound, pocket sized classics with gold foiled edges and ribbon markers. These beautiful books make perfect gifts or a treat for any book lover. This edition is translated by J. W. Mackail and has an afterword by Coco Stevenson. Virgil's epic tale tells the story of Aeneas, a Trojan hero, who flees his city after its fall, with his father Anchises and his young son Ascanius – for Aeneas is destined to found Rome and father the Roman race. As Aeneas journeys closer to his goal, he must first prove his worth and attain the maturity necessary for such an illustrious task. He battles raging storms in the Mediterranean, encounters the fearsome Cyclopes, falls in love with Dido, Queen of Carthage, travels into the Underworld and wages war in Italy."
873,American immigration :,"""No modern nation has experienced immigration of the size and diversity of the United States. Beyond experiencing immigration, the US is conceived in immigration, which has assisted repeatedly in constituting the character of society. This volume examines the history of immigration and immigrant-founded ethnicity as well as the evolution of America out of its diverse ethnic and racial roots. American Immigration: A Very Short Introduction examines this complicated story, combining analysis of race and ethnicity with attention to the rise and development of American social pluralism out of both""--Provided by publisher."
873,Book VI of Ovid's Metamorphoses :,"The verse-by-verse commentary on the Ovidian text includes the reading of more than 300 manuscripts, including the so-called Heinsian manuscripts, and of almost 100 editions, from the two editiones principes of 1471 to the present day.The introduction describes the manuscripts used, and a history of the Ovidian editions is also traced.A new text of book VI is presented, accompanied by a slim and lucid critical apparatus. Futher information appears in the commentary and in the appendices, particularly readings of manuscripts and editions."
873,The Cambridge companion to Virgil /,"The poet Virgil remains the most significant and influential figure in Latin literature, and this expanded and updated Companion covers his life, work, and reception from antiquity to the present. The Aeneid, the Eclogues, the Georgics, and the Appendix Vergiliana are all discussed, as are art, history, politics, and philosophy; Virgil's literary style is carefully explored along with poetic traditions before and since, and chapters engage with his poems and their reception from perspectives including intertextuality, narratology, gender theory, philology and historicism. Leading authors cover topics from translations and commentaries to genre, authority, and characterisation, providing revised and updated recommendations for further reading. This volume is an accessible introduction to Virgil and his legacy for students and teachers, while also providing wide-ranging and in-depth investigations that will appeal to scholars of classical literature and other disciplines."
873,Civil war /,"This new translation in free verse conveys the full force of Lucan's writing and his grimly realistic view of the subject. The Introduction sets the scene for the reader unfamiliar with Lucan and explores his relationship with earlier writers of Latin epic, and his interest in the sensational. ABOUT THE SERIES: For over 100 years Oxford World's Classics has made available the widest range of literature from around the globe. Each affordable volume reflects Oxford's commitment to scholarship, providing the most accurate text plus a wealth of other valuable features, including expert introductions by leading authorities, helpful notes to clarify the text, up-to-date bibliographies for further study, and much more."
873,A commentary on Silius Italicus' Punica 10 /,"The Battle of Cannae represents a conflict of mighty powers and a crushing defeat, notoriously the worst in Rome's history. Dawn on August 2, 216 BC, saw the armies of Rome and Carthage clash in what the participants hoped would be the decisive engagement for supremacy in Mediterranean trade and empire. Punica 10 opens with the final phase of the battle, when there lingered no hope of victory in the Roman ranks. The military narrative moves mercilessly through the aristeia and death of the heroic consul, Paulus, to the ghastly tableau of Roman defeat. But the mystique of Cannae lies in a paradox: that the army ignominiously vanquished emerges the ultimate victor. Although night falls on a battlefield littered with the wreckage of Rome's military might and a triumphant victor still unsated with Roman blood, the second half of the book unfolds a sequence of unexpected twists in the action which destabilize Hannibal's confidence and initiate acts of heroism inspiring freshresolution in the traumatized Romans. In one of Silius' finest books, the climactic sweep of his epic is enriched by intertextual allusions to Virgil's great narrative of epic closure: Aeneid 12.In contrast to her earlier commentary on Punica 7, which explores intertexts associated with Hannibal's desecration of rural Italy, R. Joy Littlewood's new commentary focuses on Silius' military narrative; the poetics of defeat with its imagery of shipwreck and the spectacle of death in the Roman amphitheatre. It aims to show how a poet with long experience in politics as a senior senator in the first century CE interpreted Rome's historic disaster and eventual triumph in the light of his own experiences of civil war and a swift succession of Roman emperors. Presented here alongside the Latin text and translation, and supplemented with plans of the battlefield, this commentary offers both philological and stylistic exegesis alongside historical analysis and up to date literary criticism. It is accompanied by an extended introduction including analyses of Silius' adaptation of Livy's Cannae narrative, of the contrasting moral strengths of his three Roman heroes, and of the ideascontained in the intertextually rich, exemplary epigram which closes Book 10."
873,Crisis and conversion in Apuleius' Metamorphoses /,"Apuleius' wonderful Latin novel Metamorphoses, written in the second century C.E., has gained new attention with the genre of the ancient novel as a whole. In Crises and Conversion in Apuleius' Metamorphoses, Nancy Shumate builds on recent attempts to apply contemporary critical theory to the work. She uses an epistemologically oriented model of religious conversion to study the experiences of the novel's central characters, Lucius, who is turned into an ass and back again. Shumate draws on a wide range of literary and nonliterary representations of conversion to establish a useful theoretical framework for studying Apuleius' novel. The Metamorphoses emerges as a text that anticipates later narratives of conversion in its concern with the social construction of knowledge and the changing perspective of the narrator as he moves from one cognitive world to the other."
873,Elements of tragedy in Flavian epic /,"In the light of recent scholarly work on tragic patterns and allusions in Flavian epic, the publication of a volume exclusively dedicated to the relationship between Flavian epic and tragedy is timely. The volume, concentrating on the poetic works of Silius Italicus, Statius and Valerius Flaccus, consists of eight original contributions, two by the editors themselves and a further six by experts on Flavian epic. The volume is preceded by an introduction by the editors and it concludes with an 'Afterword' by Carole E. Newlands.Among key themes analysed are narrative patterns, strategies or type-scenes that appear to derive from tragedy, the Aristotelian notions of hamartia and anagnorisis, human and divine causation, the 'transfer' of individual characters from tragedy to epic, as well as instances of tragic language and imagery.The volume at hand showcases an array of methodological approaches to the question of the presence of tragic elements in epic. Hence, it will be of interest to scholars and students in the area of Classics or Literary Studies focusing on such intergeneric and intertextual connections; it will be also of interest to scholars working on Flavian epic or on the ancient reception of Greek and Roman tragedy."
873,The handbook of international migration :,"""The Handbook of International Migration gathers the best of this scholarship in one volume to present a comprehensive overview of the state of immigration research in this country, bringing coherence and fresh insight to this fast growing field."" ""The contributors to The Handbook of International Migration draw upon the best social science theory and demographic research to examine the effects and implications of immigration in the United States.""--BOOK JACKET."
873,How to be a leader :,"""The philosopher, statesman, and moralist Plutarch of Chaeronia (first and early second centuries CE) begins his essay Political Advice, wherein he advises a man about how to embark upon a career in government and how to become an effective leader by saying: 'First of all, let the primary motivation for political activity be a conscious choice based on judgment and reason, which serves as a firm and strong foundation, and let the choice not be rashly inspired by the vain pursuit of glory, a sense of rivalry, or a lack of other meaningful activities.' In How to Lead, classicist Jeffrey Beneker translates three of Plutarch's political essays: To an Uneducated Leader, Political Advice, and The Role of the Elder Statesman. In these essays Plutarch seeks not only to advise these budding, practicing, and even aging politicians about the problems of governing their Greek cities under Roman rule, but also to educate them about general principles of leadership. Plutarch thought quite a lot about political leadership. The management of public affairs at all levels is one of the most important of human endeavors. It requires education, character, and commitment. He encourages those who desire to lead, and he gives advice based mainly on the experiences of great leaders of the past. These essays are timeless reflections on the proper way to lead and serve, publicly, at least with respect to the European and American political traditions. The essays emphasize the importance of personal integrity and friendships, how best to persuade one's fellow citizens, the dangers inherent in rivalry, and that the successful management of public affairs demands respect for the state's institutions, cooperation among politicians, and the subordination of one's own glory to the welfare of the state""--"
873,Inventing the novel :,"Inventing the Novel uses the work of the Russian philosopher Mikhail Bakhtin (1895-1975) to explore the ancient origins of the modern novel. The analysis focuses on one of the most elusive works of classical antiquity, the Satyrica, written by Nero's courtier, Petronius Arbiter (whose singular suicide, described by Tacitus, is as famous as his novel). Petronius was the most lauded ancient novelist of the twentieth century and the Satyrica served as the original model for F. Scott Fitzgerald's The Great Gatsby (1925), as well as providing the epigraph for T. S. Eliot's The Waste Land (1922), and the basis for Fellini Satyricon (1969). Bakhtin's work on the novel was deeply informed by his philosophical views: if, as a phenomenologist, he is a philosopher of consciousness, as a student of the novel, he is a philosopher of the history of consciousness, and it is the role of the novel in this history that held his attention. This volume seeks to lay out an argument in four parts that supports Bakhtin's sweeping assertion that the Satyrica plays an ""immense"" role in the history of the novel, beginning in Chapter 1 with his equally striking claim that the novel originates as a new way of representing time and proceeding to the question of polyphony in Petronius and the ancient novel."
873,"Ireland, Sweden and the great European migration, 1815-1914 /","This book is the product of Donald Akenson's 40 years of research and writing on Irish social history and its relationship to the Irish diaspora. It is also the product of about 65 years of trying to figure out where Swedish-America actually came from, and why. These two matters, he shows, are intimately related."
873,The medieval classic :,"""This book considers how ancient and medieval commentaries on the Aeneid by Servius, Fulgentius, Bernard Silvestris, and others can give us new insights into four twelfth-century Latin epics--the Ylias by Joseph of Exeter, the Alexandreis by Walter of Châtillon, the Anticlaudianus by Alan of Lille, and the Architrenius by John of Hauville. Virgil's influence on twelfth-century Latin epic is generally thought to be limited to verbal echoes and occasional narrative episodes, but evidence is presented that more global influences have been overlooked because ancient and medieval interpretations of the Aeneid, as preserved by the commentaries, were often radically different from modern readings of the Aeneid. By explaining how to interpret the Aeneid, these commentaries directly influenced the way in which twelfth-century Latin epic imitated the Aeneid. At the same time, these Aeneid commentaries allow us a greater awareness of the generic expectations held by the original readers of twelfth-century Latin epic. Thus, this book provides a new way to look at the development of allegory and contributes to our understanding of ancient and medieval perceptions of the Aeneid while exploring the importance of commentaries in shaping poetic composition, imitation, and reading""--"
873,A nation of immigrants /,"""The United States is in the midst of its fourth major period of immigration. Today's is the largest in absolute numbers, although not as a proportion of the total population. Unlike in previous times, today's immigrants come from every inhabited continent and represent just about every country in the United Nations. As in previous periods of large-scale immigration, there is a profound ambivalence about the phenomenon among the American public. Historically, Americans have seen their own immigrant forebears through rose-colored glasses while raising serious concerns about the contributions of current immigrants and the extent to which they will assimilate our values, language, and experiences. This ambivalence has made immigration policy one of the most difficult on the U.S. political agenda. In the recent past, the Senate and House of Representatives have debated immigration reform but have failed to come to consensus about the policies needed to address today's challenges. The difficulties they are experiencing are by no means new. Immigration reform has always been a difficult issue, requiring years of debate before any comprehensive changes are adopted. Although the problem is often described as a contest between pro- and anti-immigration forces, the reality is much more complex. Even among those who favor large-scale immigration, there are profound differences in views on the purposes of immigration and the contributions that immigrants bring to the country. Understanding the historical roots of American immigration, and American attitudes toward immigrants, helps to place today's policy debates into perspective and provides important insights into the reforms needed to address current problems and opportunities""--"
873,A nation of immigrants /,"""Immigration makes America what it is and is formative for what it will become. America was settled by three different models of immigration, all of which persist to the present. The Virginia Colony largely equated immigration with the arrival of laborers, who had few rights. Massachusetts welcomed those who shared the religious views of the founders but excluded those whose beliefs challenged the prevailing orthodoxy. Pennsylvania valued pluralism, becoming the most diverse colony in religion, language, and culture. This book traces the evolution of these three models of immigration as they explain the historical roots of current policy debates and options. Arguing that the Pennsylvania model has best served the country, the final chapter makes recommendations for future immigration reform. Given the highly controversial nature of immigration in the United States, this book provides thoughtful analysis, valuable to both academic and policy audiences""--Provided by publisher."
873,The Oxford handbook of American immigration and ethnicity /,"Scholarship on immigration to America is a coin with two sides: how did America change immigrants, and how did they change America? Were the immigrants uprooted from their ancestral homes, leaving all behind, or were they transplanted, bringing many aspects of their culture with them? Although historians agree with the transplantation concept, the notion of the melting pot, which suggests a complete loss of the immigrant culture, persists in the public mind. The Oxford Handbook of American Immigration and Ethnicity explores how Americans think of themselves and how science, religion, period of migration, gender, education, politics, and occupational mobility shape both this image and American life. Since the 1965 Immigration Act opened the gates to newer groups, historical writing on immigration and ethnicity has evolved over the years to include numerous immigrant sources and to provide trenchant analyses of American immigration and ethnicity. For the first time, this handbook brings together thirty leading scholars in the field to make sense of all the themes, methodologies, and trends that characterize the debate on American immigration. They examine a wide-range of topics, including pan-ethnicity, whiteness, intermarriage, bilingualism, religion, museum ethnic displays, naturalization, regional mobility, census categorization, immigration legislation and its reception, ethnicity-related crime and gang formation. The Oxford Handbook of American Immigration and Ethnicity explores the idea of assimilation in a multicultural society showing how deeply pan-ethnicity changed American identity over the time."
875,101 smoothies to mix and enjoy /,"Is there any beverage more delightfully refreshing and nutritious than a thick and delicious smoothie? 101 Smoothies by food and desserts expert Eliq Maranik is the ultimate book on the subject. The author guides you through each of these 101 mouthwatering recipes, packed with fresh and delicious ingredients, with tips on combinations, preparation and preservation. In addition, you can rate the smoothies according to your taste and take notes about your own versions of each particular smoothie. Relying on the natural sweetness of fruits and the nutritional benefits of vegetables, you can enjoy smoothies in large glasses without any pangs of guilt."
875,Born together--reared apart :,"An overview of the Minnesota Study of Twins Reared Apart, which posits that, across a number of traits, twins reared separately are as alike as those raised together--"
875,The Cambridge companion to Cicero /,"""Cicero was one of classical antiquity's most prolific, varied and self-revealing authors. His letters, speeches, treatises and poetry chart a political career marked by personal struggle and failure and the collapse of the republican system of government to which he was intellectually and emotionally committed. They were read, studied and imitated throughout antiquity and subsequently became seminal texts in political theory and in the reception and study of the Classics. This Companion discusses the whole range of Cicero's writings, with particular emphasis on their links with the literary culture of the late Republic, their significance to Cicero's public career and their reception in later periods""--"
875,Explorer's guide Yellowstone & Grand Teton National Parks /,"Wondrous scenery, incomparable wildlife viewing, riveting geology, and the chance to observe a natural environment hard at work all await travelers at Yellowstone and Grand Teton National Parks. And if readers are looking for a thrill, these parks won't disappoint-below the serene, peaceful surfaces of these parks are megatons of pent- up geothermal fury, just waiting to explode. That's right, the entire region could be obliterated in a cataclysmic instant-so this vacation destination should be at the top of your list!A complete guide for an explorer's next visit to the Yellowstone and Grand Teton area, this book includes detailed tips for traversing the spring, geyser, and travertine terrace-filled parks, the best dining options nearby, and suggestions for places to lodge overnight. Paired with clearly marked maps and beautiful photographs, this guidebook helps travelers make the most of their time at Yellowstone and Grand Teton."
875,Impoverishment and asylum :,"""Impoverishment and Asylum argues that a shift has taken place in recent decades from construing asylum as primarily a political and/or humanitarian phenomenon, to construing it as primarily an economic phenomenon, and that this shift has had led to the purposeful impoverishment, by the state, of people seeking asylum in the UK. This shift has had far reaching consequences for people seeking asylum, who have been systematically impoverished as part of the effort to strip out any possibility of an economic 'pull factor' leading to more arrivals, but also for those administering their support system, and for civil society organisations and groups who seek to ameliorate the worst effects of the resulting asylum regimes. This book argues that within this context asylum support policies in the UK which are meant to help and protect, in fact do serious harm to their recipients. It argues that the shift from construing asylum seekers as economically, rather than politically, motivated migrants across the West, is part of a much broader set of historical and philosophical worldviews than has previously been articulated. The book offers a rigorously researched and richly theorised analysis drawing on postcolonial and decolonial perspectives in making sense of the purposeful impoverishment by the state of a particular group of people, and why this continues to be tolerated in the fourth richest country in the world""--"
875,Israel and the Palestinian refugee issue :,"""Examining the development of Israel's policy toward the Palestinian refugee issue, this book spans the period following the first Arab-Israeli War until the mid-1950s, when the basic principles of Israel's policy were finalized. Israel and the Palestinian Refugee Issue outlines and analyzes the various aspects that, together, created the mosaic of the ""refugee problem"" with which Israel has since had to contend. These aspects include issues of repatriation, resettlement, compensation, blocked bank accounts, internal refugees and family reunification. Drawing on extensive archival research, this book uses documents from Israeli government meetings, from the Foreign Affairs and Defense Committee and files from the office of the Prime Minister's advisor on Arab affairs to address the many diverse aspects of this topic, and will be essential reading for academics and researchers with an interest in Israel, the Middle East, and political science more broadly""--"
875,Managing the undesirables :,"Official figures classify some fifty million of the world s people as 'victims of forced displacement'. Refugees, asylum seekers, disaster victims, the internally displaced and the temporarily tolerated - categories of the excluded proliferate, but many more are left out of count. In the face of this tragedy, humanitarian action increasingly seems the only possible response. On the ground, however, the 'facilities' put in place are more reminiscent of the logic of totalitarianism. In a situation of permanent catastrophe and endless emergency, 'undesirables' are kept apart and out of sight, while the care dispensed is designed to control, filter and confine. How should we interpret the disturbing symbiosis between the hand that cares and the hand that strikes? After seven years of study in the refugee camps, Michel Agier reveals their 'disquieting ambiguity' and stresses the imperative need to take into account forms of improvisation and challenge that are currently transforming the camps, sometimes making them into towns and heralding the emergence of political subjects. A radical critique of the foundations, contexts, and political effects of humanitarian action."
875,Marriages & families in the 21st century :,"""Marriages and Families in the 21st Century provides an in-depth exploration of a traditional field of study using a new and engaging approach. The text covers all the important issues--including parenting, divorce, aging families, balancing work and family, family violence, and gender issues--using a bioecological framework that takes into account our status as both biological and social beings. Using this lens, which emphasizes the individual's interactions with a series of larger systemic influences--from family, peers, neighbors and teachers, to schools, media, institutions and culture--the book creates a cohesive overview of modern family life and helps students visualize the complex influences affecting all people in families. It also examines the state of modern families using a strengths-based approach, which allows students to evaluate the health and functioning of a family considering the biological and cultural milieu in which it exists, rather than on its observable structure or appearance alone. Individual chapters cover historical and cultural trends and also explore the biological, personal, and social forces that shape individuals and families. Each chapter investigates the wide diversity of human relationships and integrates discussions of ethnicity, culture, sexual orientation, and gender seamlessly into the main narrative. In addition, the book explores recent research in neuroscience, medicine, and biopsychology to examine how family relationships are shaped by and also influence individuals' biological functioning""--"
875,Mother Emanuel :,"""A sweeping history of one of the nation's most important African American churches and a profound story of grace and perseverance amidst the fight for racial justice-from Pulitzer Prize winning journalist Kevin Sack""-- Provided by publisher."
875,Political speeches /,"Cicero (106-43 BC) was the greatest orator of the ancient world and a leading politician of the closing era of the Roman republic. This book presents nine speeches which reflect the development, variety, and drama of his political career,among them two speeches from his prosecution of Verres, a corrupt and cruel governor of Sicily; four speeches against the conspirator Catiline; and the Second Philippic, the famous denunciation of Mark Antony which cost Cicero his life. Also included are On the Command of Gnaeus Pompeius, in which he praises the military successes of Pompey, and For Marcellus, a panegyric in praise of the dictator Julius Caesar."
875,"Refugees, civil society and the state :","Ludger Pries explores the important moral, social and political challenge facing Europe and the international community: the protection of refugees as one of the most vulnerable groups on the planet. Combining an in-depth analysis of current research, own empirical studies in several European countries, and a critical review of the policies of nation-states as well as international and transnational organizations, the author analyses the 2015 so-called refugee crisis and its continuing impact. Who are the refugees, how and why did they come? Which parts of civil society were actively involved and why? What are the future responsibilities of the state for arriving refugees and their successful integration? This book examines the limitations of structural settings with perspectives on collective actors' behaviour and strategies. Offering a critical view on the historical embedding of the refugee issue, as well as the current and future challenges for Europe, Pries provides an insightful overview of all aspects of the so-called European refugee crisis and its aftermath. Refugees, Civil Society and the State merges perspectives from political science and international relations with international humanitarian law, the sociology of migration and action theory. Scholars, journalists and political actors who want to further understand the ongoing challenge of refugee protection will greatly benefit from the distinguished author's research. --"
875,Sibling relationships across the life span /,"The first book to gather studies on siblings from diverse areas of research, Sibling Relationships across the Life Span examines the course of the sibling relationship from childhood to the end of life. Author Victor Cicirelli outlines the factors that influence the sibling relationship, considering the sibling dyad alone, as well as in relation to a larger kinship. He provides information gleaned from studies of stepsiblings wherever possible. Chapter highlights include a broad framework for viewing sibling research, including the kin rather than the family network, the total life span rather than segments of it, and the development and aging of relationships; new insights into sibling interactions through the study of a family with nine adult siblings, their spouses, and their elderly parents and an integration of research on siblings in the first part of the life span (childhood and adolescence) with that on the latter part (adulthood and old age). This comprehensive volume also encompasses a discussion of methodological problems confronting the sibling researcher; cross-cultural evidence for the universality of the sibling relationship; sibling-helping relationships; and special aspects of sibling relationships, including chronic illness and disabilities, conflict, violence and abuse, incest and sexual abuse, death, and sibling therapy"
878,The biodemography of ageing and longevity /,"""This interdisciplinary volume provides current knowledge on the mechanisms and demographic patterns of ageing and longevity across humans and other species, and through space and time. A must-have for students and researchers, it includes the key facts, theories, ongoing fields of investigation, big questions, and new avenues for research""--"
878,The Cambridge companion to Tacitus /,"""Tacitus is universally recognised as ancient Rome's greatest writer of history, and his account of the Roman Empire in the first century AD has been fundamental in shaping the modern perception of Rome and its emperors. This Companion provides a new, up-to-date and authoritative assessment of his work and influence which will be invaluable for students and non-specialists as well as of interest to established scholars in the field. First situating Tacitus within the tradition of Roman historical writing and his own contemporary society, it goes on to analyse each of his individual works and then discuss key topics such as his distinctive authorial voice and his views of history and freedom. It ends by tracing Tacitus' reception, beginning with the transition from manuscript to printed editions, and concluding with his significance in the twentieth century, particularly his influence on political thought in early modern Europe""--Provided by publisher."
878,The praise of folly and other writings :,"Besides the celebrated Praise of Folly, Robert M. Adams has included the political ""Complaint of Peace,"" the brutal antipapal satire ""Julius Excluded from Heaven,"" two versions of Erasmus's important preface to the Latin translation of the New Testament, and a selection both serious and comic of his Colloquies and his letters. Adams has made these selections to emphasize the humane, rather than the doctrinaire, side of the first and arguably greatest humanist. Critical commentary is provided in essays by H. R. Trevor-Roper, R. S. Allen, J. Huizinga, Mikhail Bakhtin, Paul Oskar Kristeller, and Robert M. Adams. Also included are a Chronology of Erasmus's life and a Selected Bibliography."
884,Arion's lyre :,"Arion's Lyre examines how Hellenistic poetic culture adapted, reinterpreted, and transformed Archaic Greek lyric through a complex process of textual, cultural, and creative reception. Looking at the ways in which the poetry of Sappho, Alcaeus, Ibycus, Anacreon, and Simonides was preserved, edited, and read by Hellenistic scholars and poets, the book shows that Archaic poets often look very different in the new social, cultural, and political setting of Hellenistic Alexandria. For example, the Alexandrian Sappho evolves from the singer of Archaic Lesbos but has distinct associations and contexts, from Ptolemaic politics and Macedonian queens to the new phenomenon of the poetry book and an Alexandrian scholarship intent on preservation and codification."
884,Economy of the unlost :,"""The ancient Greek lyric poet Simonides of Keos was the first poet in the Western tradition to take money for poetic composition. From this starting point, Anne Carson launches an exploration, poetic in its own right, of the idea of poetic economy. She offers a reading of certain of Simonides' texts and aligns these with writings of the modern Romanian poet Paul Celan, a Jew and survivor of the Holocaust, whose ""economies"" of language are notorious. Asking such questions as, What is lost when words are wasted? and Who profits when words are saved, Carson reveals the two poets' striking commonalities.""--BOOK JACKET."
884,Greek lyric /,"""This volume presents a selection of papers published in the last few decades on the main types of Greek lyric poetry (melic, elegiac, and iambic), excluding Pindar and Bacchylides"" -- Preface."
884,Greek lyric poetry :,"This new poetic translation by a leading expert captures the nuances of meaning and the whole spirit of this poetry as never before. It is not merely a selection but covers all the surviving poems and intelligible fragments, apart from the works of Pindar and Bacchylides, and includes a number of pieces not previously translated. The Introduction gives a brief account of the poets, and explanatory Notes on the texts will be found at the end. ABOUT THE SERIES: For over 100 years Oxford World's Classics has made available the widest range of literature from around the globe. Each affordable volume reflects Oxford's commitment to scholarship, providing the most accurate text plus a wealth of other valuable features, including expert introductions by leading authorities, helpful notes to clarify the text, up-to-date bibliographies for further study, and much more."
870,"Music, text, and culture in ancient Greece /","What difference does music make to performance poetry, and how did the ancients understand this relationship? This volume explores the interaction of music and language in ancient Greek poetry, arguing that music crucially informs the ways in which these texts create meaning and exploring its place in contemporary critical writings."
884,Pindar and the emergence of literature /,"""Pindar and the Emergence of Literature places Pindar in the context of the evolution of Archaic Greek poetics. While presenting an in-depth introduction to diverse aspects of Pindar's art (authorial metapoetics, imagery, genre hybridization, religion, social context, and dialect), it seeks to establish a middle ground between cultural contextualism and literary history, paying attention both to poetry's historical milieu and its uncanny capacity to endure in time. With that methodological objective, the book marshals a new version of historical poetics, drawing both on theorists usually associated with this approach, such as Alexander Veselovsky, Mikhail Bakhtin, and Olga Freidenberg, and on T. S. Eliot, Hans Blumenberg, Fredric Jameson, and Stephen Greenblatt. The ultimate literary-historical problem posed by Pindar's poetics, which this book sets out to solve, is the transformation of pre-literary structures rooted in folk communal art into elements that still inform our notion of literature""--"
884,Sappho's immortal daughters /,"Margaret Williamson conducts us through ancient representations of Sappho, from vase paintings to appearances in Ovid, and traces the route by which her work has reached us, shaped along the way by excavators, editors, and interpreters. She goes back to the poet's world and time to explore perennial questions about Sappho: How could a woman have access to the public medium of song? What was the place of female sexuality in the public and religious symbolism of Greek culture? What is the sexual meaning of her poems? Williamson then looks closely at the poems themselves, Sappho's ""immortal daughters."" Her book offers the clearest picture yet of a woman whose place in the history of Western culture has been at once assured and mysterious."
884,Studies in the reception of Pindar in Ptolemaic poetry /,"Recent years have witnessed a revival of interest in the influence of archaic lyric poetry on Hellenistic poets. However, no study has yet examined the reception of Pindar, the most prominent of the lyric poets, in the poetry of this period. This monograph is the first book to offer a systematic examination of the evidence for the reception of Pindar in the works of Callimachus of Cyrene, Theocritus of Syracuse, Apollonius of Rhodes and Posidippus of Pella. Through a series of case studies, it argues that Pindaric poetry exercised a considerable influence on a variety of Hellenistic genres: epinician elegies and epigrams, hymns, encomia, and epic poetry. For the poets active at the courts of the first three Ptolemies, Pindar's poetry represented praise discourse in its most successful configuration. Imitating aspects of it, they lent their support to the ideological apparatus of Greco-Egyptian kingship, shaped the literary profile of Pindar for future generations of readers, and defined their own role and place in Greek literary history. The discussion offered in this book suggests new insights into aspects of literary tradition, Ptolemaic patronage, and Hellenistic poetics, placing Pindar's work at the very heart of an intricate nexus of political and poetic correspondences."
888,Archaic and classical Greek epigram /,"""Epigram stands apart from other early Greek poetic genres by being from the start a written genre, and moreover by being a written genre with a fixed physical context. In the case of sepulchral epigram this physical context is that of a grave or a cenotaph, thus making the epigram an integral part of a monument, a physical object in a fixed place, commemorating one or more persons""--Provided by publisher."
888,The development of Greek biography /,"Tracing the growth of ancient biography from the fifth century to the first century B.C., Arnaldo Momigliano asks fruitful questions about the origins and development of Greek biography. By clarifying the social and intellectual implications of the fact that the Greeks kept biography and autobiography distinct from historiography, he contributes to an understanding of a basic dichotomy in the Western tradition of historical writing. This classic study is now reissued with the addition of Momigliano's essay ""Second Thoughts on Greek Biography."""
888,Doing business in the ASEAN countries /,The book will apply a framework to understand each country along these dimensions. This book is a practical and comprehensive guide to succeeding in ASEAN countries. It allows for a deeper understanding of the business environment of these diverse economies. You will be better able to evaluate the risk factors and make meaningful decisions.
888,The evolution of the world economy :,"The world economy is near a critical crossroads, as a rising China, the greatest-ever beneficiary of US-led capitalism, dreams to replace America's supremacy as a new hegemonic power with a non-liberal world order. This third volume of the trilogy on reformulating the 'flying-geese' theory explains how capitalism has changed industrial structures across the world. It asks whether the 'flying-geese' formation will survive the changes that have produced the East Asian miracle, and - as hoped - spread to Africa. Terutomo Ozawa's reformulated 'flying-geese' theory explains structural changes as an innovation-driven, ratcheting-up process of economic growth and shows that market-driven multinational corporations are key players for a successful 'flying-geese' formation and structural transformation. The book argues that the 'ladder' of economic development must be conceived as a double-helix with inter- and intra-industry rungs, the latter embedding cross-border supply chains and adaptive innovations. A thorough exploration of the structural changes under Pax Britannica and Pax Americana - moving from 'kicking away the ladder' from emerging economies to then providing it - demonstrates that this trend engenders multinational corporations that can facilitate structural transformation, particularly in catching-up economies. Ozawa shows that China is now in the critical transitional period that requires more sophisticated institutional, socio-political setups, as well as more advanced knowledge and ethics to move from the lower to the higher rungs."
888,Foreign investment promotion :,"Analysing foreign investment promotion at a regional level in the Czech Republic, Poland and Slovakia, the book applies regional science, international business, and place marketing concepts to explore how Central Eastern European Countries compete for multinational firms. Taking a multidisciplinary approach, the author places special emphasis on promotion and its role within a wider context of regional strategies aimed at inward investment attraction. With useful insights for policy-makers, the book combines theory with empirical evidence and provides valuable reading for those researching international business location, place marketing and regional development."
888,Jesuit chreia in late Ming China :,"In an astonishing collaboration the Italian Jesuit Alfonso Vagnone (also known as GaoYizhi) and with and the Chinese scholar-official Han Yun wrote down 355 chreiai and sayings, bringing classic Western rhetoric teaching to the late Ming China. In this book, two specialists present complementary studies on the historical, political, and literary background of this interesting topic."
888,The life of Augustus ;,"Nicolaus of Damascus, the chief minister of Herod the Great, was an exact contemporary of the first Roman emperor Augustus; he spent considerable time in Roman society and knew Augustus. The extensive remains of his Bios Kaisaros contain the earliest and most detailed account of the conspiracy against Julius Caesar and his assassination. The Bios also presents the most extensive account of the boyhood and early development of Augustus. This edition presents the Greek text and translation of the Bios and Nicolaus' autobiography, along with a historical and historiographical commentary. The Introduction situates the text in relation to the considerable evidence for the life and career of Nicolaus preserved in the works of Josephus, addresses the problem of its date of composition, analyses the language and narrative technique of Nicolaus and discusses the Bios in relation to the evidence for Greek biographical encomium."
888,Multinationals and the growth of the Singapore economy /,"First published in 1986, this book examines the nature of the Singapore economy and the role of multinationals within it. It describes the growth and development of the economy and its increasingimportance as a key financial, service and industrial centre in the world economy. It loks at the government policies which have attracted multinationals and it assesses why Singapore is so attractive, comparing Singapore to other East Asian economies. It concludes by evaluating Singapore's prospects for continuing as a vast off-shore deregulated money-making machine."
888,Plutarch's rhythmic prose /,"Greek literature is divided, like many literatures, into poetry and prose, but in Greek the difference between them is not that all prose is devoid of firm rhythmic patterning. In the earlier Roman Empire, from 31 BC to about AD 300, much Greek (and Latin) prose was actually written to follow one organized rhythmic system. How much Greek prose adopted this patterning has hitherto been quite unclear; the present volume for the first time establishes an answer on an adequate basis: substantial data drawn from numerous authors. It constitutes the first extensive study of prose-rhythm in later Greek literature."
893,Autonomous mobile robots in unknown outdoor environments /,"Mobile robots have been increasingly applied in many different scenarios, such as space exploration and search and rescue, where the robots are required to travel over uneven terrain while outdoors. This book provides a new framework and the related algorithms for designing autonomous mobile robotic systems in such unknown outdoor environments."
893,Autonomous vehicle navigation :,"Improve the Safety, Flexibility, and Reliability of Autonomous Navigation in Complex Environments Autonomous Vehicle Navigation: From Behavioral to Hybrid Multi-Controller Architectures explores the use of multi-controller architectures in fully autonomous robot navigation-even in highly dynamic and cluttered environments. Accessible to researchers and graduate students involved in mobile robotics and fully autonomous vehicle navigation, the book presents novel techniques and concepts that address different complex mobile robot tasks. The author examines the development of reliable elementary controllers and proposes mechanisms to manage the interaction of these multi-controller architectures while addressing different constraints and enhancing metrics/criteria linked to the safety, flexibility, and reliability of the proposed control architectures. He covers the modeling of subtasks, reliable obstacle avoidance, appropriate stable control laws for target reaching/tracking, short- and long-term trajectory/waypoint planning, navigation through sequential waypoints, and the cooperative control and interaction of a group of mobile robots. The author's website provides MATLAB (R) and Simulink (R) source code of the main procedures related to the task modeling, planning, and control of mobile robots. It also includes videos showing the main simulations and experiments given in the text. In addition to flexible and bottom-up construction, multi-controller architectures can be formally analyzed to achieve reliable navigation in complex environments. This book reveals innovative control architectures that can lead to fully autonomous vehicle navigation in these challenging situations."
893,The expression of emotions in ancient Egypt and Mesopotamia /,"""The volume The Expression of Emotions in Ancient Egypt and Mesopotamia offers an overview of the study of emotions in ancient texts, discusses the concept of emotions in Ancient Egypt and Mesopotamia, and shows how emotions are described in the ancient texts. In the section dedicated to Ancient Egypt, scholars discuss emotions such as fear, depression, anger, feelings of pain, envy, jealousy and greed, with evidence from different text genres, as well as emotions from the Late Ramesside Letters and royal inscriptions. In the section dedicated to Ancient Mesopotamia, scholars present a wide range of perspectives on Sumerian and Akkadian literary and archival texts that treat emotions in different periods""--"
893,Intelligent planning for mobile robotics :,"""This book presents content coverage on the basics of artificial intelligence, search problems and soft computing approaches, providing insight on robotics and basic algorithms, special topics in AI, planning, applied soft computing, applied AI, applied evolutionary computing""--Provided by publisher."
893,Internet-based interaction with mobile robots /,"The human interaction and the robot's autonomy are key functions that can spread the use of the robot in human daily life. The remote interaction is a special type of human-robot interaction, where the human and the robot are separated by physical barriers but linked via telematics technologies (= telecommunication + informatics). Due to the nature of intelligence needed for the modern robots, remote interaction systems must combine the dream of the artificial intelligence field of creating an intelligent being, creature, or program with human-computer interaction's vision of building systems that are centred around the user's needs and desires. This introduces a number of technical challenges, which must be addressed such as local autonomy, control strategy, communication medium constraints, feedback methods and control interfaces. In this book, these considerations are discussed. The book also presents a multi-layer architecture, which can be used to facilitate the remote interaction with mobile robots using different interaction elements for research and educational purposes."
893,Mobile ad hoc robots and wireless robotic systems :,"""This book introduces robotic theories, wireless technologies and routing applications involved in the development of mobile ad hoc robots"" --"
893,Mobile robotics :,"""Mobile Robotics offers comprehensive coverage of the essentials of the field suitable for both students and practitioners. Adapted from Alonzo Kelly's graduate and undergraduate courses, the content of the book reflects current approaches to developing effective mobile robots. Professor Kelly adapts principles and techniques from the fields of mathematics, physics and numerical methods to present a consistent framework in a notation that facilitates learning and highlights relationships between topics. This text was developed specifically to be accessible to senior level undergraduates in engineering and computer science, and includes supporting exercises to reinforce the lessons of each section. Practitioners will value Kelly's perspectives on practical applications of these principles. Complex subjects are reduced to implementable algorithms extracted from real systems wherever possible, to enhance the real-world relevance of the text""--"
893,"The tale of Sinuhe and other ancient Egyptian poems, 1940-1640 BC /","The Tale of Sinuhe, from c.1875 BC, has been acclaimed as the supreme masterpiece of Ancient Egyptian poetry, a perfect fusion of monumental, dramatic, and lyrical styles, and a passionate probing of its culture's ideals and anxieties. This anthology contains all the substantial surviving works from the golden age of Egyptian fictional literature. Composed by an anonymous author in the form of a funerary autobiography the Tale tells how the courtier Sinuhe flees Egypt at the death of his king. Other works from the Middle Kingdom (c.1940-1640 BC) include a poetic dialogue between a man and his soul on the problem of suffering and death, a teaching about the nature of wisdom spoken by the ghost of the assassinated King Amenemhat I, and a series of light-hearted tales of wonder from the court of the builder of the Great Pyramid."
893,Untamed /,"There is a voice of longing inside every woman. We strive so mightily to be good: good mothers, daughters, partners, employees, citizens, and friends. We believe all this striving will make us feel alive. Instead, it leaves us feeling weary, stuck, overwhelmed, and underwhelmed. We look at our lives, relationships, and world, and wonder: Wasn't it all supposed to be more beautiful than this? We quickly silence that question, telling ourselves to be grateful. We hide our simmering discontent even from ourselves. Until we reach our boiling point. Four years ago, Glennon Doyle--bestselling Oprah-endorsed author, renowned activist and humanitarian, wife and mother of three was speaking at a conference when a woman entered the room. Glennon looked at her and fell instantly in love. Three words flooded her mind: There She Is. At first, Glennon assumed these words came to her from on high. Soon she realized that they came to her from within. Glennon was finally hearing her own voice--the voice that had been silenced by decades of cultural conditioning, numbing addictions, and institutional allegiances. This was the voice of the girl Glennon had been before the world told her who to be. She vowed to never again abandon herself. She decided to build a life of her own--one based on her individual desire, intuition, and imagination. She would reclaim her true, untamed self. Soulful and uproarious, forceful and tender, Untamed is both a memoir and a galvanizing wake-up call. It offers a piercing, electrifying examination of the restrictive expectations women are issued from birth; shows how hustling to meet those expectations leaves women feeling dissatisfied and lost; and reveals that when we quit abandoning ourselves and instead abandon the world's expectations of us, we become women who can finally look at our lives and recognize: There She Is. Untamed shows us how to be brave. As Glennon insists: The braver we are, the luckier we get."
893,Untamed /,"""There is a voice of longing inside every woman. We strive so mightily to be good: good mothers, daughters, partners, employees, citizens, and friends. We believe all this striving will make us feel alive. Instead, it leaves us feeling weary, stuck, overwhelmed, and underwhelmed. We look at our lives, relationships, and world, and wonder: Wasn't it all supposed to be more beautiful than this? We quickly silence that question, telling ourselves to be grateful. We hide our simmering discontent--even from ourselves. Until we reach our boiling point. Four years ago, Glennon Doyle--bestselling Oprah-endorsed author, renowned activist and humanitarian, wife and mother of three--was speaking at a conference when a woman entered the room. Glennon looked at her and fell instantly in love. Three words flooded her mind: There She Is. At first, Glennon assumed these words came to her from on high. Soon she realized that they came to her from within. Glennon was finally hearing her own voice--the voice that had been silenced by decades of cultural conditioning, numbing addictions, and institutional allegiances. This was the voice of the girl Glennon had been before the world told her who to be. She vowed to never again abandon herself. She decided to build a life of her own--one based on her individual desire, intuition, and imagination. She would reclaim her true, untamed self. Soulful and uproarious, forceful and tender, Untamed is both a memoir and a galvanizing wake-up call. It offers a piercing, electrifying examination of the restrictive expectations women are issued from birth; shows how hustling to meet those expectations leaves women feeling dissatisfied and lost; and reveals that when we quit abandoning ourselves and instead abandon the world's expectations of us, we become women who can finally look at our lives and recognize: There She Is. Untamed shows us how to be brave. As Glennon insists: The braver we are, the luckier we get""--"
893,You could make this place beautiful :,"""Life, like a poem, is a series of choices."" In her memoir You Could Make This Place Beautiful, poet Maggie Smith explores the disintegration of her marriage and her renewed commitment to herself in lyrical vignettes that shine, hard and clear as jewels. The book begins with one woman's personal, particular heartbreak, but its circles widen into a reckoning with contemporary womanhood, traditional gender roles, and the power dynamics that persist even in many progressive homes. With the spirit of self-inquiry and empathy she's known for, Smith interweaves snapshots of a life with meditations on secrets, anger, forgiveness, and narrative itself. The power of these pieces is cumulative: page after page, they build into a larger interrogation of family, work, and patriarchy. You Could Make This Place Beautiful, like the work of Deborah Levy, Rachel Cusk, and Gina Frangello, is an unflinching look at what it means to live and write our own lives. It is a story about a mother's fierce and constant love for her children, and a woman's love and regard for herself. Above all, this memoir is an argument for possibility. With a poet's attention to language and an innovative approach to the genre, Smith reveals how, in the aftermath of loss, we can discover our power and make something new. Something beautiful.""--"
893,You could make this place beautiful :,"""Life, like a poem, is a series of choices."" In her memoir You Could Make This Place Beautiful, poet Maggie Smith explores the disintegration of her marriage and her renewed commitment to herself in lyrical vignettes that shine, hard and clear as jewels. The book begins with one woman's personal, particular heartbreak, but its circles widen into a reckoning with contemporary womanhood, traditional gender roles, and the power dynamics that persist even in many progressive homes. With the spirit of self-inquiry and empathy she's known for, Smith interweaves snapshots of a life with meditations on secrets, anger, forgiveness, and narrative itself. The power of these pieces is cumulative: page after page, they build into a larger interrogation of family, work, and patriarchy. You Could Make This Place Beautiful, like the work of Deborah Levy, Rachel Cusk, and Gina Frangello, is an unflinching look at what it means to live and write our own lives. It is a story about a mother's fierce and constant love for her children, and a woman's love and regard for herself. Above all, this memoir is an argument for possibility. With a poet's attention to language and an innovative approach to the genre, Smith reveals how, in the aftermath of loss, we can discover our power and make something new. Something beautiful.""--"
894,Companion studies to the history of Tamil literature /,"The book addresses problems and topics which have so far been largely ignored, in spite of being of fundamental importance for successful teaching and correct understanding of Tamil literary heritage which spans some 2000 years of development."
894,Conversations with Orhan Pamuk /,"""In over thirty interviews ranging from 1982 until 2022, Conversations with Orhan Pamuk reveals a writer of intense literary and political engagement. Nobel Laureate Orhan Pamuk (b. 1952) is a foremost practitioner of the global novel today. His work, informed by Turkish and world literary canons, has been translated into over sixty languages and sold over fifteen million copies globally. This volume presents an alternative literary history that traces the dominant themes of the author's oeuvre. As the interviews show, Pamuk's work makes allusions to literary texts from Eastern and Western traditions in a hybrid manner. Furthermore, Pamuk writes on the fault line between historical and literary idioms, playing with genres like a painter does with colors, interweaving romance, detective story, murder mystery, mythology, and autobiography. The interviews establish that a Pamuk novel is predicated on methodical research, at times archival and scholarly, investigative and journalistic, or ethnographic. One could say the Pamuk novel is method. His fictions are constructed through intricate clockwork and delve into, for example, specialized knowledge of an Ottoman historical era, Islamic miniature painting, coups, museums, Istanbul street vendors, conspiracy, and plagues. Pamuk's interviews, in turn, are necessarily instructive and edifying as much as they are entertaining, opening windows onto the novelist's everyday life, craft, and process""--"
894,"Culture, language and identity :","This volume examines the relationship between language and power across cultural boundaries. It evaluates the vital role of translation in redefining culture and ethnic identity. During the first phase of colonialism, mid-18th to late-19th century, the English-speaking missionaries and East India Company functionaries in South India were impelled to master Tamil, the local language, in order to transact their business. Tamil also comprised ancient classical literary works, especially ethical and moral literature, which were found especially suited to the preferences of Christian missionaries."
894,European literary history :,"""This clear and engaging book offers readers an introduction to European Literary History from antiquity through to the present day. Each chapter discusses a short extract from a literary text, whilst including a close reading and a longer essay examining other key texts of the period and their place within European Literature. Offering a view of Europe as an evolving cultural space and examining the mobility and travel of literature both within and out of Europe this guide offers an introduction to the dynamics of major literary genres, international literary networks, publication cultures and debates, and the cultural history of 'Europe' as a region as well as a concept""--"
894,Global perspectives on Orhan Pamuk :,"""This book explores both existential and political themes in Orhan Pamuk's work, and investigates the apparent contradictions in a contemporary political arena where Islam and democracy are often seen as opposing and irreconcilable terms. Existential themes delve into literary nuances in Pamuk that discuss love, happiness, suffering, memory, and death""--"
894,Hidden multilingualism in 19th-century European literature :,"The disparagement of multilingualism is a European development of the 18th and 19th centuries in which one national language and national literature were advocated, established and institutionalised. Multilingual writers made use of the creative potential of several languages even then. However, they often adapted to an increasingly monolingual book market, which made their individual multilingualism invisible.This is evident in literary historiography which established a monolingual national canon.Researching hidden multilingualism is often difficult: since multilingual texts by multilingual writers were often not published or were published in a monolingual version, sources are scarce. Literary histories of the time often do not mention multilingualism. Furthermore, many multilingual writers were members of minority groups (women, Jewish, Non-European) and thus often neglected.The volume offers methods and theories to systematically approach this hidden material, as well as case studies on authors and national literatures in a multilingual context. It thus contributes to the restructuring of a multilingual transnational literary history that is applicable to different philologies."
894,Intergenerational consequences of migration :,"""Migration is a life-changing experience not only for the migrants themselves but also for those left behind. Using a novel 'origins of migration' approach, this fascinating book reveals the true impact of migration across multiple aspects of migrants' lives by comparing three generations of Turkish migrants to Europe to their non-migrant counterparts in Turkey. Working with unique and exciting information on 2000 Turkish families and their 50,000 family members, the authors examine three generations-worth of complex migration trajectories and dense webs of transnational connections, taking in migration, settlement, return migration, friendships, marriages and visits. They evaluate change and continuity over 50 years, from the first labour migration of the 1960s to the present. Whilst in socio-economic terms migrants have gained from migration, and their attitudes and practices show some adjustment to the European context, the picture also reveals substantial continuity with their peers who remained in their country of origin.""--"
894,The life of Harishchandra /,"The Life of Harishchandra, Raghavanka's thirteenth-century masterpiece, is the first poetic rendering of one of ancient India's most enduring legends. When his commitment to truth is tested by a powerful sage, King Harishchandra suffers utter deprivation--the loss of his wife and son, his citizens and power, and, dearest of all, his caste status--but refuses to yield. The tale has influenced poets and readers through the ages. Mahatma Gandhi traced his own commitment to truth to the impact of a Harishchandra play seen in childhood. A poet from northern Karnataka trained in the twin traditions of Sanskrit and Kannada, Raghavanka negotiates a unique space for himself in the Kannada literary canon through important thematic, formal, and stylistic innovations.The conflicts he addresses--of hierarchical social order, political power, caste, and gender--are as relevant to contemporary India as to his own times. Accompanied by the original text in the Kannada script, this spirited translation, the first into any language, brings an elegant and energetic narrative to a global readership.--"
894,A little Hungarian pornography /,A surrealistic novel made up of stories and reflections which equate pornography with political tyranny. It is set in Hungary under the Communists. By the author of Book of Hrabal.
894,"Manuscript, print and memory :","The ancient Tamil poetic corpus of the Caṅam (""The Academy"") is a national treasure for Tamilians and a battle-ground for linguists and historians of politics, culture and literature. Going back to oral predecessors probably dating back to the beginning of the first millennium, it has had an extremely rich and variegated history. Collected into anthologies and endowed with literary theories and voluminous commentaries, it became the centre-piece of the Tamil literary canon, associated with the royal court of the Pandya dynasty in Madurai. Its decline began in the late middle ages, and by the late 17th century it had fallen into near oblivion, before being rediscovered at the beginning of the print era. The present study traces the complex historical process of its transmission over some 2000 years, using and documenting a wide range of sources, in particular surviving manuscripts, the early prints, the commentaries of the literary and grammatical traditions and a vast range of later literature that creates a web of inter-textual references and quotations."
894,Postcard from London and other stories /,"Iván Mándy (1918–1995) has been called ""the prose poet of Budapest,"" and this volume of short stories presents the first comprehensive collection of his work in English. His early oeuvre created an urban mythology full of picaresque characters inhabiting the seedier neighborhoods of the city: its flea-market stalls, second-run cinemas, and old-fashioned coffeehouses. The stories from the later decades of Mándy's life, often bordering on the absurd, introduce many autobiographical elements spun around the author's alter-ego, János Zsámboky, whose hapless adventures on a rare trip abroad constitute this group of stories, including ""Postcard from London."" Mándy's unique style at times borrows techniques from films and radio plays, his quirky cuts creating a flicker of images seen in the mind's eye. Memory and perception, time and place spin in narrative legerdemain that invites and rewards the reader's active participation."
894,The republic of letters /,"""In this fascinating study, preeminent historian Marc Fumaroli reveals how an imagined ""republic"" of ideas and interchange fostered the Italian Renaissance, the Enlightenment, and the French Revolution. He follows exchanges among Petrarch, Erasmus, Descartes, Montaigne, and others from the fifteenth through the eighteenth centuries, through revolutions in culture and society. Via revealing portraits and analysis, Fumaroli traces intellectual currents engaged with the core question of how to live a moral life--and argues that these men of letters provide an example of the exchange of knowledge and ideas that is worthy of emulation in our own time. Combining scholarship, wit, and reverence, this thought-provoking volume represents the culmination of a lifetime of scholarship""--"
894,Ritual and mythological sources of the early Tamil poetry /,"This volume focuses on the origin of the early Tamil poetical canon, which constitutes a set of specific subjects, images, principles of arrangement of basic poetical themes which are called tiṇai. The author proceeds from the idea of a Russian scholar O. Freidenberg that literary forms 'originate from anti-literary material rather than their own archetypes'.An outline of mythological concepts, prevalent in ancient Tamil culture, is presented, alongside main mythological figures - Murukaṉ, Māl, Cūr, Koṟṟavai, Vaḷḷi. A controversial notion of aṉanku, especially in its aspect of an inner female energy, is analyzed. In addition, the author explores the panegyric art of the Tamil kings' singers, describing such singers and performers while discussing the idea of ritual character. The elements of five canonical tiṇai-themes of the akam poetry are examined, where the use of ethnological data suggests that the themes are based on some behaviour patterns which are meant to ensure a reliable control over the female energy. Finally, the text raises the problem of earlier poetic forms that consolidated the tiṇai system."
894,Sociology through literature :,"""This book presents a comprehensive study of nearly 100 of Kaaroor's short stories. Kaaroor Neelakanta Pillai is one among the Big Six of the 'new wave' in Malayalam literature which began in the mid-1940s. The Big Six and their immediate followers wrote about the common man, peasants, pavement-dwellers, fishermen, rickshaw-pullers, underpaid school teachers -- their lives, aspirations and vulnerabilities. By treating Kaaroor's stories as case studies, the book takes a sociological approach to understanding the representation of a wide array of themes: romantic overtones, erotic pursuits, marital episodes, issues of family, lives of children, behavioural patterns, shades of greed, the idea of spirituality and politics in Malayalam literature. With its annotated transcreation and detailed commentary, this book brings Kaaroor's works to the general reader, and will be useful to scholars and researchers of South Asian literature, English literature, linguistics, cultural studies, besides those interested in Malayalam literature and the Malayali/Indian diaspora across the world."" --"
894,Space and time on the magic mountain :,"""Space and Time on the Magic Mountain explores the theme of the magic mountain in nineteenth- and early-twentieth-century European literature, especially in selected works of William Wordsworth, Matthew Arnold, James Hilton, and Thomas Mann. The magic mountain, an aesthetically, intellectually, and spiritually unique environment, represents a threshold realm at the interface of life and death, time and eternity, where the protagonist experiences an epiphanic moment culminating in a profound and vital awareness of space and time.""--BOOK JACKET."
894,The story of Manu /,"Manucaritramu, or The Story of Manu, by the early sixteenth-century poet Allasani Peddana, is the definitive literary monument of Telugu civilization and a powerful embodiment of the imperial culture of Vijayanagara, the last of the great premodern south Indian states. It is the story of Svarochisha Manu, who ruled over the previous cosmic age and who serves here as prototype for the first human being. Peddana explores the dramatic displacements, imaginative projections, and intricate workings of desire necessary for Manu's birth and formation. The Story of Manu is also a book about kingship and its exigencies at the time of Krishnadevaraya, the most powerful of the Vijayanagara rulers, who was a close friend and patron of the poet. The Story of Manu, presented in the Telugu script alongside the first translation into any language, is a true masterpiece of early modern south Indian literature. The Murty Classical Library of India makes available original texts and modern English translations of the masterpieces of literature and thought from across the whole spectrum of Indic languages over the past two millennia in the most authoritative and accessible formats on offer anywhere."
894,The study of stolen love :,"This is the first complete English translation of an important work of Tamil poetics. Composed in southern India around the eighth century CE, this is a commentary structured around 60 verses of uncertain origin on the poetry of love. The commentary also includes hundreds of illustrative poems drawn from various Tamil literary periods ranging from the very earliest through the eighth century."
894,Towards Turkish American literature :,"The author expands the definition of Turkish American literature beyond fiction written by Americans of Turkish descent to incorporate texts that literally 'commute' between two national spheres. This segment of Turkish American literature transcends established paradigms of immigrant life-writing, as it includes works by Turkish authors who do not qualify as American permanent residents and were not born in the United States by Turkish parents (such as Elif Shafak and Halide Edip), and on novels where the Turkish and Ottoman matter decisively prevails over the American (Güneli Gün's «On the Road to Baghdad» and Alev Lytle Croutier's «Seven Houses»). Yet, these texts were written in English, were purposefully located on the American market, and simultaneously engage the Turkish and the American cultural and literary traditions."
894,War and migration :,"Focusing on the case of the Hazaras, a population from central Afghanistan, this book shows how migration studies and transnationalism are at the heart of theoretical and methodological debates which animate anthropology."
894,Women's literary tradition and twentieth-century Hungarian writers :,"""In Women's Literary Tradition and Twentieth-Century Hungarian Writers, Anna Menyhért presents the cases of five women writers whose legacy literary criticism has [been] neglected or distorted, thereby depriving succeeding Hungarian generations of vital cultural memory and the inspiration that [they] bring. The bold voices of poets Renée Erdős and Minka Czóbel challenged gender norms in relation to sex and relationships. Ágnes Nemes Nagy, celebrated for her 'masculine' poems, felt she must suppress her 'feminine' poems. Famous writer's widow Ilona Harmos Kosztolányi's autobiographical writing tackles the physical challenges of girl's adolescence, and offers us a woman's thoughtful Holocaust narrative. Anna Lesznai, émigrée and visual artist, drew on techniques from the crafts of patchworking and embroidery in structuring her family saga""--"
897,Ancient Maya teeth :,"""Dental modification was common across ancient societies, but perhaps none were more avid practitioners than the Maya. They filed their teeth flat or pointy, polished and drilled them, and crafted decorative inlays of jade and pyrite. Unusually, Maya of all social classes, ages, and professions engaged in dental modification. What did it mean to them? Ancient Maya Teeth is the most comprehensive study of Maya dental modification ever published, based on thousands of teeth recovered from 130 sites spanning three millennia. Esteemed archaeologist Vera Tiesler sifts the evidence--much of it gathered with her own hands and illustrated here with more than a hundred photographs. Exploring the underlying theory and practice of dental modification, Tiesler raises key questions. How did modifications vary across the individual's lifespan? What tools were used? How did the Maya deal with pain--and malpractice? How did they keep their dentitions healthy, functioning, and beautiful? What were the relationships among gender, social identity, and particular dental-modification choices? Addressing these and other issues, Ancient Maya Teeth reveals how dental-modification customs shifted over the centuries, indexing other significant developments in Mayan cultural history""--"
897,Encounters at the heart of the world :,"""A book that radically changes our understanding of North America before and after the arrival of Europeans Encounters at the Heart of the World concerns the Mandan Indians, iconic Plains people whose teeming, busy towns on the upper Missouri River were for centuries at the center of the North American universe. We know of them mostly because Lewis and Clark spent the winter of 1804-1805 with them, but why don't we know more? Who were they really? In this extraordinary book, Elizabeth A. Fenn retrieves their history by piecing together important new discoveries in archaeology, anthropology, geology, climatology, epidemiology, and nutritional science. Her boldly original interpretation of these diverse research findings offers us a new perspective on early American history, a new interpretation of the American past. By 1500, more than twelve thousand Mandans were established on the northern Plains, and their commercial prowess, agricultural skills, and reputation for hospitality became famous. Recent archaeological discoveries show how they thrived, and then how they collapsed. The damage wrought by imported diseases like smallpox and the havoc caused by the arrival of horses and steamboats were tragic for the Mandans, yet, as Fenn makes clear, their sense of themselves as a people with distinctive traditions endured. A riveting account of Mandan history, landscapes, and people, Fenn's narrative is enriched and enlivened not only by science and research but by her own encounters at the heart of the world""--"
897,Everyday life in the classic Maya world /,"""Using the most up to date information from a variety of disciplines, Ardren uses stories of individual Maya people, to create a narrative that takes the reader from rural homestead to agricultural field and forest, and on to the marketplace, palace, and trading port of a royal Maya city""--"
897,Inter-American literary history :,"Inter-American literary study is an exciting and fast-growing area of comparative scholarship. The Americas are tied together by a common historical heritage and by a history of social, political, economic, and cultural interaction. As a contribution to this field, this book brings together the literatures and literary histories of English and French Canada, the United States, Spanish America, the Caribbean, and Brazil. The periods focused on include the Colonial Period, the Nineteenth Century, Modernism and Modernity, the 1960s, and the Contemporary Moment. The author contrasts the different European heritages that were brought to the New World. In addition, the literature and culture of Native America is referred to in each of these sections that will be of use to the reader interested in this important topic, which we can rightly think of as the common denominator of all American literature."
897,Native peoples of the Olympic Peninsula :,"Publisher's description: The Native tribes of Washington State's Olympic Peninsula share complex histories of trade, religion, warfare, and kinship. Yet few books have depicted the indigenous people of this region from a Native perspective. Native Peoples of the Olympic Peninsula introduces readers to nine tribes: the Elwha Klallam, Jamestown S'Klallam, Port Gamble S'Klallam, Skokomish, Squaxin Island, Quinault, Hoh, Quileute, and Makah. Written by members of the Olympic Peninsula Intertribal Cultural Advisory Committee and enhanced by photographs and maps, the book is divided into sections focusing on each of the tribes. Each section relates the tribe's history, its current cultural and political issues, and its tribal heritage programs. Each section also includes information about places to visit and offers suggestions for further reading."
897,The Oxford handbook of indigenous American literature /,"Over the course of the last twenty years, Native American and Indigenous American literary studies has experienced a dramatic shift from a critical focus on identity and authenticity to the intellectual, cultural, political, historical, and tribal nation contexts from which these Indigenous literatures emerge. The Oxford Handbook of Indigenous American Literature reflects on these changes and provides a complete overview of the current state of the field."
897,Performance and personhood in Caribbean literature :,"Focusing on the literary representation of performance practices in anglophone, francophone, and hispanophone Caribbean literature, Jeannine Murray-Romn shows how a shared regional aesthetic emerges from the descriptions of music, dance, and oral storytelling events. Because the historical circumstances that led to the development of performance traditions supersede the geopolitical and linguistic divisions of colonialism, the literary uses of these traditions resonate across the linguistic boundaries of the region. The author thus identifies the aesthetic that emerges from the act of writing about live arts and moving bodies as a practice that is grounded in the historically, geographically, and culturally specific features of the Caribbean itself. Working with twentieth- and twenty-first-century sources ranging from theatrical works and novels to blogs, Murray-Romn examines the ways in which writers such as Jacques Stephen Alexis, Zo Valds, Rosario Ferr, Patrick Chamoiseau, and Marlon James experiment with textually compensating for the loss of the corporeality of live relationship in performance traditions. Through their exploration of the interaction of literature and performance, she argues, Caribbean writers themselves offer a mode of bridging the disjunction between cultural and philosophical approaches within Caribbean studies."
897,Spirits of our whaling ancestors :,"Her analysis includes major Native studies and contemporary Native rights issues, and addresses environmentalism, animal rights activism, anti-treaty conservatism, and the public's expectations about what it means to be ""Indian."" These thoughtful critiques are intertwined with the author's personal reflections, family stories, and information from indigenous, anthropological, and historical sources to provide a bridge between cultures. This work, by an Indigenous scholar who also has hereditary rights to particular kinds of information and who shares the traditions of her own family and community, makes a powerful contribution to Northwest Coast Indigenous and environmental history.""--pub. desc."
897,Spirits of our whaling ancestors :,"Her analysis includes major Native studies and contemporary Native rights issues, and addresses environmentalism, animal rights activism, anti-treaty conservatism, and the public's expectations about what it means to be ""Indian."" These thoughtful critiques are intertwined with the author's personal reflections, family stories, and information from indigenous, anthropological, and historical sources to provide a bridge between cultures. This work, by an Indigenous scholar who also has hereditary rights to particular kinds of information and who shares the traditions of her own family and community, makes a powerful contribution to Northwest Coast Indigenous and environmental history.""--pub. desc."
85,12 days that made modern Britain /,"This is the story of modern Britain, focusing on twelve formative days in the history of the United Kingdom over the last five decades. By describing what happened on those days and the subsequent consequences, Andrew Hindmoor paints a suggestive - and to some perhaps provocative - portrait of Britain today.  Everyone will have their own list of the truly formative moments in British history over the last five decades. The twelve days selected for this book are:  - The 28th of September 1976. The day Labour Prime Minister James Callaghan renounced Keynesian economics. - The 4th of May 1979. The day Margaret Thatcher became Britain's first female prime minister. - The 3rd of March 1985. The day the miners' strike ended. - The 20th of September 1988. The day of Margaret Thatcher's 'Bruges speech'. - The 18th of May 1992. The day the television rights for the Premier League were sold to BskyB. - The 22nd of April 1993. The day that young black teenager Stephen Lawrence was murdered by racist thugs. - The 10th April 1998. The day of the Good Friday Agreement in Northern Ireland. - The 11th of September 2001. The day of the Al Qaeda attacks on the United States. - The 5th of December 2005. The day Chris Cramp and Matthew Roche became the first gay couple in the UK to become civil partners under the Civil Partnership Act. - The 13th of September 2007. The day the BBC reported that the Northern Rock bank was in trouble. - The 8th of May 2009. The day The Daily Telegraph began to publish details of MPs' expense claims. - The 1st of February 2017. The day the House of Commons voted to invoke Article 50 of the Treaty on European Union."
85,Beyond Britain :,"""This book presents a history of the key ideas that have shaped the evolution of the shared spaces of inquiry in British Cultural Studies and Postcolonial Studies to analyse the continued significance and relevance of both disciplines beyond their British sites of origin""--Provided by publisher."
85,Bioactive molecules in food /,"This reference work provides comprehensive information about the bioactive molecules presented in our daily food and their effect on the physical and mental state of our body. Although the concept of functional food is new, the consumption of selected food to attain a specific effect existed already in ancient civilizations, namely of China and India. Consumers are now more attentive to food quality, safety and health benefits, and the food industry is led to develop processed- and packaged-food, particularly in terms of calories, quality, nutritional value and bioactive molecules. This book covers the entire range of bioactive molecules presented in daily food, such as carbohydrates, proteins, lipids, isoflavonoids, carotenoids, vitamin C, polyphenols, bioactive molecules presented in wine, beer and cider. Concepts like French paradox, Mediterranean diet, healthy diet of eating fruits and vegetables, vegan and vegetarian diet, functional foods are described with suitable case studies. Readers will also discover a very timely compilation of methods for bioactive molecules analysis. Written by highly renowned scientists of the field, this reference work appeals to a wide readership, from graduate students, scholars, researchers in the field of botany, agriculture, pharmacy, biotechnology and food industry to those involved in manufacturing, processing and marketing of value-added food products."
85,The British in interwar Germany :,"The British in Interwar Germany analyses the British presence in Germany from the armistice until the end of the Rhineland occupation in 1930. It looks at British involvement in the Rhineland, Danzig, Upper Silesia, Schleswig and East Prussia and on the inter-Allied Control Commissions (IAMCC), which were supervising German disarmament. Drawing widely on a range of primary sources, David Williamson explores the problems facing British military and civil officials, their attitudes towards the Germans and their relations with their allies - particularly the French. The book also examines the everyday lives of the British soldiers and administrators in Germany and their interaction with the Germans, with particular attention being paid to the city of Cologne and the British colony that developed there. This new edition brings David Williamson's study fully up-to-date and now contains a greater coverage of the relevant social history, as well as maps, illustrations and a useful glossary. The British in Interwar Germany will be of great interest to students and scholars of Weimar Germany and Britain and Europe during the interwar years."
85,Citizens and subjects :,"Citizens and Subjects is an essay on the nature and condition of democracy in Britain at the end of the twentieth century. It looks at the commonly held view that Britain is a model democracy, exposing it as a dangerous myth that inhibits both radical thought and actual constitutional change. The book looks at the tradition of political and constitutional thought in Britain and at contemporary political reality, revealing a wide gulf between the two. Dr Wright, a respected teacher and academic recently elected a Labour MP, considers Britain's particularly acute form of a general problem of modern government. While the nation thinks of itself as a liberal democracy, its liberalism was in fact in place well before democracy came onto the agenda. From the outset, democracy was seen as a problem by both conservatives and liberals. Constitutional issues have re-emerged on the political agenda in recent years. Dr Wright discusses the means by which we might move towards a pluralistic, open and participatory democracy; he also argues, however, that practical reforms will not be possible unless they are linked to a new tradition of radical constitutional thought."
85,Daughter of empire :,"Pamela Mountbatten was born at the end of the 1920s into one of Britain's grandest families. The daughter of Lord Louis Mountbatten and his glamorous wife Edwina Ashley, she was brought up by nannies and governesses as she was often parted from her parents as they dutifully carried out their public roles. A solitary child, she learned to occupy her days lost in a book, riding or playing with the family's animals (which included at different times a honey bear, chameleons, a bush baby, two wallabies, a lion, a mongoose and a coati mundi). Her parents' vast social circle included royalty, film stars, senior service officers, politicians and celebrities. Noel Coward invited Pamela to watch him filming; Douglas Fairbanks Jr. dropped in for tea and Churchill would call for 'a word with Dickie'."
85,The diamond queen :,"Published alongside a flagship BBC television series to mark her Diamond Jubilee, this book is an account of The Queen's reign. With the flair for narrative and the meticulous research that readers have come to expect, Andrew Marr turns his attention to the monarch - and to the monarchy, chronicling the Queen's pivotal role at the centre of the state, which is largely hidden from the public gaze, and making a strong case for the institution itself. Arranged thematically, rather than chronologically, Marr dissects the Queen's political relationships, crucially those with her Prime Ministers; he examines her role as Head of the Commonwealth, and her deep commitment to that Commonwealth of nations; he looks at the drastic changes in the media since her accession in 1952 and how the monarchy - and the monarch - have had to change and adapt as a result. Indeed he argues that under her watchful eye, the monarchy has been thoroughly modernized and made as fit for purpose in the twenty-first century as it was when she came to the throne and a ""new Elizabethan age"" was ushered in."
85,"Edgar Julius Jung, right-wing enemy of the Nazis :","""By the time of his death, Edgar Julius Jung (1894-1934) was well known in Germany and Europe as one of the foremost ideologues of the political movement that called itself the Conservative Revolution and as a right-wing opponent of the Nazis. He was speechwriter for and confidant of Franz von Papen (first Hitler's predecessor as chancellor, then Hitler's vice-chancellor), which put him at the center of political events right up until the Nazi seizure of power. Considered by Goebbels one of the worst enemies of the Nazis, Jung was assassinated by them in June 1934. The following eleven years of Nazi rule contributed to his neglect by historians, as did distaste, since the war's end and the founding of the Federal Republic on democratic principles, for his strongly anti-democratic stance. Although there have been several studies on Jung's political thought, there has been until now no biography in German or English. Roshan Magub's book therefore fills a serious gap in German historical literature. It shows that Jung's opposition to National Socialism dates from the earliest days and that he had a very close relationship with the Ruhr industry, which supported him financially and enabled him to reach a nationwide audience. Magub uses, for the first time, all the available material from the archives in Munich, Koblenz, Cologne, and Berlin, and the whole of Jung's Nachlass. Her book sheds new light on Jung and demonstrates his importance in Germany's political history.""--Provided by publisher."
85,Elizabeth the Queen :,"From the moment of her ascension to the throne in 1952 at the age of twenty-five, Queen Elizabeth II has been the object of unparalleled scrutiny. But through the fog of glamour and gossip, how well do we really know the world's most famous monarch? Drawing on numerous interviews and never-before-revealed documents, acclaimed biographer Sally Bedell Smith pulls back the curtain to show in intimate detail the public and private lives of Queen Elizabeth II, who has led her country and Commonwealth through the wars and upheavals of the last sixty years with unparalleled composure, intelligence, and grace. In Elizabeth the Queen, we meet the young girl who suddenly becomes ""heiress presumptive"" when her uncle abdicates the throne. We meet the thirteen-year-old Lilibet as she falls in love with a young navy cadet named Philip and becomes determined to marry him, even though her parents prefer wealthier English aristocrats. We see the teenage Lilibet repairing army trucks during World War II and standing with Winston Churchill on the balcony of Buckingham Palace on V-E Day. We see the young Queen struggling to balance the demands of her job with her role as the mother of two young children."
85,A failed empire :,"Western interpretations of the Cold War - both realist and neoconservative - have erred by exaggerating either the Kremlin's pragmatism or its aggressiveness, argues Vladislav Zubok. Explaining the interests, aspirations, illusions, fears, and misperceptions of the Kremlin leaders and Soviet elites, Zubok offers a Soviet perspective on the greatest standoff of the 20th century."
85,Faith in fakes :,"Holography, wax museums, the secret meaning of spectator sports, Superman and the intellectual effects of over-tight jeans are just a few of the subjects covered in this collection of witty, entertaining and thought-provoking delights from Umberto Eco, celebrated author of The Name of the Rose."
85,Food materials science and engineering /,"""Food Materials Science and Engineering covers a comprehensive range of topics in relation to food materials, their properties and characterisation techniques, thus offering a new approach to understanding food production and quality control""--"
85,"The German College of Politics and the search for wholeness (Germany, China) /","It had contributed much to the advancement of the discipline of political science by systematically studying different aspects of politics. Intellectually, it had inherited several important traditions from the Wilhelmian era and placed them in new perspectives. The Weberian tradition of looking at politics objectively was incorporated as the underlying principle of the College. The advocacy of above-partisanship and the attitude of matter-of-factness in the analysis of political issues aimed at integrating the objective understanding of political reality with the cultivation of creative and dynamic individual will. This comprehensive and objective view of politics would guide the individual to search for a holistic conception of life, with which he might become a truly ""whole"" person no longer atomized by modern technology. This search for wholeness, progressive and pro-modern, could find conterparts in the work of the German Work Union, the New Objectivity movement and the Bauhaus."
85,A history of modern Britain /,"A History of Modern Britain by Andrew Marr confronts head-on the victory of shopping over politics. It tells the story of how the great political visions of New Jerusalem or a second Elizabethan Age, rival idealisms, came to be defeated by a culture of consumerism, celebrity and self-gratification. In each decade, political leaders think they know what they are doing, but find themselves confounded. Every time, the British people turn out to be stroppier and harder to herd than predicted. Throughout, Britain is a country on the edge - first of invasion, then of bankruptcy, then on the vulnerable front line of the Cold War and later in the forefront of the great opening up of capital and migration now reshaping the world. This history follows all the political and economic stories, but deals too with comedy, cars, the war against homosexuals, Sixties anarchists, oil-men and punks, Margaret Thatcher's wonderful good luck, political lies and the true heroes of British theatre. This edition also includes an extra chapter charting the course from Blair to Brexit."
85,Human rights law and personal identity /,"""This book explores how human rights law impacts the formation of personal identity. Drawing from a range of disciplines, Jill Marshall examines how human rights law includes and excludes specific types of identity, which feed into moral norms of human freedom and human dignity and their translation into legal rights. The book takes on a three part structure. Part I traces the definition of identity, and follows the evolution of a right to personal identity and personality within human rights law. It specifically examines the development of a right to personal identity as property, the inter-subjective nature of identity, and the intercession of power and inequality. Part II evaluates past and contemporary attempts to describe the core of personal identity, including theories concerning the soul, the rational mind, and the growing influence of neuroscience and genetics in distinguishing the human. It also explores the inter-relation and conflict between universal principles and culturally specific rights. Part III focuses on issues and case law that can be interpreted as allowing self-determination. Marshall argues that while in an age of individual identity, people are increasingly obliged to live in conformed ways, pushing out identities that do not fit with what is acceptable. Drawing on feminist theory, the book concludes by arguing how human rights law would be better interpreted as a force to enable respect for human dignity and freedom of self-determination. In drawing on socio-legal, philosophical, biological and feminist outlooks, this book is truly interdisciplinary, and will be of great interest and use to scholars and students of human rights law, legal and social theory, and gender studies""--"
85,Hunger in war and peace :,"At the outbreak of the First World War, Great Britain quickly took steps to initiate a naval blockade against Germany. In addition to military goods and other contraband, foodstuffs and fertilizer were also added to the list of forbidden exports to Germany. As the grip of the Blockade strengthened, Germans complained that civilians-particularly women and children-were going hungry because of it. The impact of the blockade on non-combatants was especially fraught during the eight month period of the Armistice when the blockade remained in force. Even though fighting had stopped, German civilians wondered how they would go through another winter of hunger. The issue became internationalised as civic leaders across the country wrote books, pamphlets, and articles about their distress, and begged for someone to step in and relieve German women and children with food aid. Their pleas were answered with an outpouring of generosity from across the world. Some have argued, then and since, that these outcries were based on gross exaggerations based more on political need rather than actual want. This book examines what the actual nutritional statuses of women and children in Germany were during and following the War. Mary Cox uses detailed height and weight data for over 600,000 German children to show the true measure of overall deprivation, and to gauge infant recovery."
85,Inside story :,"Philip Webster covered politics for The Times newspaper for 43 years, including 18 years as its political editor. He has been at the centre of all the big stories of the past four decades - the fall of Labour in 1979, the rise and fall of Margaret Thatcher, the emergence and fall of John Major, the rise and fall of Tony Blair and his wars with Gordon Brown, the aftermath of 9/11, the war in Iraq, the fall of Brown, the rise and rise of David Cameron, and the shock election of Jeremy Corbyn."
85,The Iron Lady :,"Traces the life of Britain's former Prime Minister, from her upbringing in Grantham to her unexpected challenge to Edward Heath for leadership of the Conservative party and her eventual removal from power."
85,Literary trials :,"""From the 19th century onwards, famous literary trials have caught the attention of readers, academics and the public at large. Indeed it is striking that more often than not, it was the texts of renowned writers that were dealt with by the courts, as for example Gustave Flaubert's Madame Bovary and Charles Baudelaire's Les Fleurs du Mal in France, James Joyce's Ulysses and Henry Miller's Tropic of Cancer in the US, D.H. Lawrence's Lady Chatterley's Lover in Great-Britain, up to the more recent trials on Klaus Mann's Mephisto and Maxim Biller's novel Esra in Germany.By bringing together international leading experts, Literary Trials represents the first step towards a systematic discussion of literary trials on a global scale. Beginning by first reassessing some of the most famous of these trials, it then analyses less well-known but significant literary trials. Special attention is paid to recent developments in the relationship between literature and judicature, pointing towards an increasing role for libel and defamation in the societal demarcation of what literature is, and is not, allowed to do""--"
85,Literary trials :,"""From the 19th century onwards, famous literary trials have caught the attention of readers, academics and the public at large. Indeed it is striking that more often than not, it was the texts of renowned writers that were dealt with by the courts, as for example Gustave Flaubert's Madame Bovary and Charles Baudelaire's Les Fleurs du Mal in France, James Joyce's Ulysses and Henry Miller's Tropic of Cancer in the US, D.H. Lawrence's Lady Chatterley's Lover in Great-Britain, up to the more recent trials on Klaus Mann's Mephisto and Maxim Biller's novel Esra in Germany.By bringing together international leading experts, Literary Trials represents the first step towards a systematic discussion of literary trials on a global scale. Beginning by first reassessing some of the most famous of these trials, it then analyses less well-known but significant literary trials. Special attention is paid to recent developments in the relationship between literature and judicature, pointing towards an increasing role for libel and defamation in the societal demarcation of what literature is, and is not, allowed to do""--"
85,Making Thatcher's Britain /,"""Margaret Thatcher was one of the most controversial figures of modern times. Her governments inspired hatred and veneration in equal measure and her legacy remains fiercely contested. Yet assessments of the Thatcher era are often divorced from any larger historical perspective. This book draws together leading historians to locate Thatcher and Thatcherism within the political, social, cultural and economic history of modern Britain. It explores the social and economic crises of the 1970s; Britain's relationships with Europe, the Commonwealth and the United States; and the different experiences of Thatcherism in Scotland, Wales and Northern Ireland. The book assesses the impact of the Thatcher era on class and gender and situates Thatcherism within the Cold War, the end of Empire and the rise of an Anglo-American 'New Right'. Drawing on the latest available sources, it opens a wide-ranging debate about the Thatcher era and its place in modern British history""--"
85,Margaret Thatcher :,"Few modern women have had as great a political impact as Margaret Hilda Roberts, the grocer's daughter from Grantham who, as Margaret Thatcher, became Britain's first woman prime minister. The longest serving British premier of the twentieth century, Mrs Thatcher has been the subject of both adulation and vilification. In Margaret Thatcher: A Life and Legacy, the leading historian Sir David Cannadine sets Margaret Thatcher in the context of recent British history. With elegance, wit, and historical insight, Cannadine charts Mrs Thatcher's upbringing and influences, her political career and life after politics, the impact of her policies, and her personal reputation and political legacy. The book also features a glossary of key terms, a chronology, a 'dramatis personae' of significant figures of the period, and a guide to further reading. Written by one of our foremost international historians, it is an essential work for anyone interested in the life and work of a towering-and often controversial- figure in modern British history, as well as students, academics, and researchers in the fields of modern history and politics."
85,Margaret Thatcher :,"Few modern women have had as great a political impact as Margaret Hilda Roberts, the grocer's daughter from Grantham who, as Margaret Thatcher, became Britain's first woman prime minister. The longest serving British premier of the twentieth century, Mrs Thatcher has been the subject of both adulation and vilification. In Margaret Thatcher: A Life and Legacy, the leading historian Sir David Cannadine sets Margaret Thatcher in the context of recent British history. With elegance, wit, and historical insight, Cannadine charts Mrs Thatcher's upbringing and influences, her political career and life after politics, the impact of her policies, and her personal reputation and political legacy. The book also features a glossary of key terms, a chronology, a 'dramatis personae' of significant figures of the period, and a guide to further reading. Written by one of our foremost international historians, it is an essential work for anyone interested in the life and work of a towering-and often controversial- figure in modern British history, as well as students, academics, and researchers in the fields of modern history and politics."
85,Margaret Thatcher /,"Margaret Thatcher (1925-2013) was the dominant British political leader of our age. No postwar prime minister has equalled the impact she made on modern British history, nor matched her influence on the European and world stages. But, as she becomes a historical figure, how to distinguish myth from reality? The daunting quantity (and variable quality) of literature already available on Thatcher makes it decidedly difficult to discriminate the significant from the tendentious, superficial, and otiose. Moreover, because no comparable British politician has had such profound effects on political and cultural life, valuable evaluations of Thatcher originate from a broad range of scholarly disciplines, as well as from serious sources outside the academy. To make some sense of these widely dispersed materials, Routledge announces the first in a projected new series of Critical Assessments of Key Political Leaders. Edited by Tim Bale (Queen Mary, University of London), the author of a prize-winning history of the Conservative Party, Margaret Thatcher is a four-volume collection. It draws on the best work of modern historians and political scientists, as well as those working in gender and cultural studies. The collection allows users quickly and easily to access both established and cutting-edge assessments of Thatcher's life and work. With a comprehensive introductory essay providing essential background information and relating the various pieces to each other, Margaret Thatcher is destined to be an indispensable resource for research and study."
85,Nanobiotechnology for the livestock industry :,"""Nanobiotechnology for the Livestock Industry: Animal Health and Nutrition delivers a multidisciplinary reference of nanobiotechnology applications in various sectors, including farming practices, healthcare and breeding practices, market and economic analysis/benefits, biosafety, regulation, and more. The book explores nanobiotechnology's role in livestock handling, including hygiene maintenance and feed/nutrient delivery. The book also examines nanobiotechnology's role in maintaining nutrient quality in food products, and covers healthcare practices utilizing nanobiotechnology, such as maintaining and monitoring livestock health, diagnosis and treatment of disease, monitoring drug delivery, optimizing breeding patterns, and cryopreservation of sperm and eggs.""--Back cover."
85,The press clause and digital technology's fourth wave :,"""During the first part of the twenty-first century, bloggers, citizen journalists, social media users, Yelp reviewers, and a myriad of other communicators have found themselves facing defamation, privacy, campaign finance, and other lawsuits as a result of the messages they have communicated. In many ways, these communicators are facing legal questions that are similar to what traditional journalists have faced for centuries regarding their rights to gather and publish information. This book examines how the press clause, a First Amendment freedom with no agreed-upon definition, can be understood in order to help guide the courts and twenty-first-century publishers regarding protecting expression as we move into the fourth wave of networked communication, an era that will be defined by increasingly complex relationships between humans and artificially intelligent communicators. To do so, the book draws upon the discourse theory of communication in democratic society, the legal and foundational history of the press clause, lower-court cases that involve citizen publishers who have claimed protections that have historically been associated with traditional journalism, and established legal and scholarly examinations of artificial intelligence to ultimately construct a framework for how the press clause can be reimagined to protect older and newer generations of publishers""--Provided by the publisher."
85,Roger Ascham and his sixteenth-century world /,"""The life of Roger Ascham (1515/16 to 1568) coincided with the reigns of four Tudor monarchs, the rise and death of Luther, the Council of Trent and the wholesale division of Christendom. He operated in arenas including Cambridge University, the Court, the Continent and the capital, and his works engaged with the most important intellectual concerns of his age, including humanism, educational reform, religion and politics. In this volume historians, literary specialists and classicists have worked together both to re-evaluate more familiar territory in Ascham's life and work and to illuminate previously untapped sources. Their essays reveal Ascham as a considerably more significant figure than previous scholarship has suggested. Two appendices provide valuable further biographical and bibliographical material""--"
85,Romance fiction and American culture :,"""Genetically Modified Food helps readers trace the history of GMOs, explore the science behind it, understand why and how we utilize them, and discuss controversies concerning GMOs from an objective viewpoint. The title will engage readers on the topic and help them to weigh the pros and cons as they make their own food decisions.""--Publisher's website."
85,Seven lives from mass observation :,"""What was it like to live in Britain during the second half of the twentieth century? In a successor to his acclaimed Nine Wartime Lives: Mass Observation and the Making of the Modern Self, James Hinton uses autobiographical writing contributed to Mass Observation since 1981 to explore the social and cultural history of late twentieth-century Britain. Prompted by thrice-yearly open-ended questionnaires, Mass Observation's volunteers wrote about their political attitudes, religious beliefs, work, childhoods, education, friendships, marriages, sex lives, mid-life crises, aging -- the whole range of human emotion, feeling, attitudes, and experience. At the core of the book are seven 'biographical essays': intimate portraits of individual lives set in the context of the shift towards the more tolerant and permissive society of the 1960s to the rise of Thatcherite neo-liberalism as the structures of Britain's post-war settlement crumbled from the later 1970s. The mass observers featured in the book, four women and three men, are drawn from across the social spectrum -- wife of a small businessman, teacher, social worker, RAF wife, mechanic, lorry driver, banker: all active and forceful characters with strong opinions and lives crowded with struggle and drama. The honesty and frankness with which they wrote about themselves takes us below the surface of public life to the efforts of 'ordinary', but exceptionally articulate and self-reflective, people to make sense of their lives in rapidly changing times.""--"
85,The shadow of war ;,"""After enduring untold suffering and near total devastation, the Soviet Union emerged from the ashes of World War 2 as a superpower. Even now, the Great Patriotic War constitutes the country's single greatest source of national pride and identity--a defining moment in Russian history no less significant than the Revolution of 1917. Yet just as the overthrow of Tsarist autocracy is fraught with ambiguities, so too is the legacy of World War 2. After liberating itself from Nazi occupation, the Soviet Union established imperial domination over much of East-Central Europe. But a victorious Soviet society was also poor, hungry, and--for all intents and purposes--still enslaved by the communist regime. The shadow of war : the Soviet Union and Russia, 1941 to the present offers a fresh approach to modern Soviet and Russian history. Taking the achievements, ambiguities, and legacies of the Second World War as a point of departure, the book reveals the strains of the Soviet system in the postwar decades as it distanced itself from Stalinist repression and reinvented itself as a form of illiberal modern welfare state. The author shows how tens of millions of people moved from villages to cities to reap the benefits of modern civilization while Soviet society remained divided along strict class, regional, and ethnic lines--divisions that drew into sharp focus with the collapse of the Soviet Union. Utilizing the latest research and a wide range of sources, The shadow of war greatly enhances our understanding of Soviet and Russian history during one of the most complex and fascinating eras of human history""--Provided by publisher."
85,A short history of the Weimar Republic /,"""It is impossible to understand the history of modern Europe without some knowledge of the Weimar Republic. The brief fourteen-year period of democracy between the Treaty of Versailles and the advent of the Third Reich was marked by unstable government, economic crisis and hyperinflation and the rise of extremist political movements. At the same time, however, a vibrant cultural scene flourished. Incorporating original research and a synthesis of the existing historiography, this revised edition will provide students and a general readership with a clear and concise introduction to the history of the first German Republic""--"
85,A short history of the Weimar Republic /,"It is impossible to understand the history of modern Europe without some knowledge of the Weimar Republic. The brief fourteen-year period of democracy between the Treaty of Versailles and the advent of the Third Reich was marked by unstable government, economic crisis and hyperinflation and the rise of extremist political movements. At the same time, however, a vibrant cultural scene flourished, which continues to influence the international art world through the aesthetics of Expressionism and the Bauhaus movement. In the fields of art, literature, theatre, cinema, music and architecture - no"
85,"Women's domestic activity in the romantic-period novel, 1770-1820 :","This book examines women's domestic occupations in the Romantic-period novel at the most intimately human level. By examining the momentary thought and feeling processes that informed the playing of a harp, the stitching of a dress, or the reading of a gothic novel, the books shifts the focus from women's socio-cultural contributions through domestic endeavor to how women's day-to-day tasks shaped experiences of joy, friendship, resentment, and self. Through an understanding of domestic occupations as forms of human action, the study emphasises the inherent unpredictability of quotidian activities and draws attention to their capacity for exceeding cultural parameters. Specifically, the book examines needlework, musical accomplishment, novel reading, and sensibility in the work of Charlotte Smith, Jane Austen, and Francis Burney, giving new perspectives on established canonical works while also providing the most sustained analysis of Charlotte Smith's little studied novel, Ethelinde, to date--back cover."
145,The completion of a poem :,"The Completion of a Poem is the first book-length translation of Yang Mu's poetics. In eighteen letters addressed to young poets, Yang Mu discusses essential questions regarding the definition of poetry, a poet's growth, the importance of nature and friendship, the choice of subject, the process of creation and publication, and relationships between poet and society, identity and history, and poetry and truth. Using a comparative approach, Yang Mu draws on literary resources from Chinese and Western traditions to expound his views, and this helps to nurture in young poets a vision of world poetry that connects different but equally inspiring expressions of humanity. In style and in theme, this book is a companion piece to Rilke's Letters to a Young Poet and Goethe's Dichtung und Wahrheit. -Yang Mu is not only one of the greatest living poets and essayists in the Chinese language, he is also an erudite scholar, deeply versed in both Chinese and Western poetic traditions from antiquity to our modern age. In his eighteen letters to young poets, which serve as his Ars Poetica, he emphasizes that the creation of true poetry requires that insight and knowledge are paired with personal integrity and high moral standing. Yang Mu's letters are often illuminated by exquisite landscape essays of great lyrical intensity which show his facility to allow manifestations of the outer world to reveal inner states of mind. This excellent translation by Lisa Wong deserves to be read by all who consider that poetry matters.- Goran Malmqvist, Swedish Academy"
145,Contrastive pragmatics and translation :,"This book provides the first comprehensive account of English-German pragmatic contrasts in written discourse and their effects on English-German translations. The novel and multi-dimensional corpus-based studies of business communication and popular science writing presented in this book combine quantitative and qualitative approaches and focus on the use of evaluative adjectives and epistemic modal markers. They provide empirical evidence that English and German differ in systematic ways and that translations, while being adapted to target audience's preferences to a large extent, are clearly susceptible to source language interference when it comes to more fine-grained differences. The book discusses which general factors determine the degree of impact of source language features on translations and also comments on the possibility of source language influence on target language norms via translations. The book is of interest to researchers and students in a variety of fields, such as pragmatics, translation studies, genre analysis and stylistics."
145,Decoding a Hindu temple :,"Queen Lokamahadevi, the chief wife of the Early Chalukya king Vikramaditya II, began construction of the Virupaksha Temple in approximately 733 at the dynasty's royal consecration site of Pattakadal, in Karnataka, India. As one of the most powerful rulers of the Early Chalukya dynasty, Vikramaditya II controlled territories spread over a vast region of central and southern India. The Virupaksha Temple commemorated his crucial victory over the rival Pallava dynasty to the southeast. Dedicated to the Hindu god Shiva and richly adorned with carved images of Shiva, Vishnu, and other deities, the Virupaksha Temple is widely considered one of the most important of the freestanding structures erected during the Chalukya era, and it represents the zenith of temple construction of its period. Although this temple has been studied for more than a century and appears in virtually every textbook on Indian art, its iconographic program has never been fully explored."
145,Discourse-pragmatic variation and change in English :,"""which investigates the use of innit and other negative-polarity interrogative tags in a socially stratified corpus of contemporary London English. By closely investigating variants' positional, scopal, functional and social properties, Pichler uncovers that innit and a small number of its derivationally-equivalent co- variants are rapidly innovating in this variety. Their use is no longer restricted to right-periphery, clause-final positions but extends to the clausal left-periphery and positions adjacent to left-dislocated and lone noun phrases""--"
145,Elements of Nepalese temple architecture /,This book is about the temple architecture of Nepal. Different elements of tiered temple (Dega) are divided into each chapter. Each chapter is described in detail complemented throughout by detail drawings and information are collected from diverse sources as well as from the keen observation and experience of the author while working on design of temple.
145,The evolution of pragmatic markers in English :,"Based on a rich set of historical data, this book traces the development of pragmatic markers in English, from hwaet in Old English and whilom in Middle English to whatever and I'm just saying in present-day English. Laurel J. Brinton carefully maps the syntactic origins and development of these forms, and critically examines postulated unilineal pathways, such as from adverb to conjunction to discourse marker, or from main clause to parenthetical. The book sets case studies within a larger examination of the development of pragmatic markers as instances of grammaticalization or pragmaticalization. The characteristics of pragmatic markers - as primarily oral, syntactically optional, sentence-external, grammatically indeterminate elements - are revised in the context of scholarship on pragmatic markers over the last thirty or more years."
145,Following the proceeds of environmental crime :,"""Significant quantities of natural resources are illegally harvested and their proceeds laundered in the Asia-Pacific region, fostering corruption and undermining environmental governance. Much illegal exploitation and pollution occurs in countries with poor governance capacities, but much of the sale for profit and money laundering occurs in mature markets with well-developed governance capacities. This book explores ways to address illegal fishing and logging in Asia-Pacific region by the use of cooperative legal measures, particularly anti-money laundering and confiscation of proceeds techniques. Contributors to this volume cover themes including: the nature of transnational environmental crime; patterns in laundering of illicit fish and forest products; networks for distribution of illicit products; weaknesses in current systems for assurance of the legality of products; and international legal cooperation to enforce anti-money laundering laws in relation to illicit products. In considering these topics the book explores how the use of anti-money laundering measures and the seizure of criminal proceeds can be used as innovative policy options to combat transnational fishery and forestry crimes. The book will be of excellent use and interest to scholars and students of environmental law, criminal law, and practitioners in environmental conservation""--"
145,A garden of one's own :,"Fifty essays by thirty Chinese writers bring to vivid life a period in which modernization and republicanism coexisted within classical Chinese culture. Unlike the more thematically social and political fiction of the May Fourth movement, these xiaopin wen, or modern essays, address their readers with a unique intimacy, adopting a highly -personal- voice that is quietly meditative, lyrical, discreet, and full of wit and melancholy. Tam King-fai supplies critical literary and historical background on the relationship between xiaopin wen and the May Fourth movement, and with and commentary he explicates the form's lyric aestheticism."
145,Late temple architecture in India 15th to 19th centuries :,"From the fifteenth century on, after a period of widespread destruction and demolition, India witnessed a resumption of temple patronage and building activity. These 'late' temples, however, are usually overlooked by architectural and art historians, who tend to privilege the earlier phases of Indian architecture and art, the prevailing assumption being that Indiaas alatea temples are unworthy of serious attention. As illustrated in this volume, nothing could be further from the truth. Accompanied by maps, photographs, as well as a selection of building plans, this book is the first wide-ranging account of temple architecture in the 500-year period that coincides with the rule of the sultanates, the Mughals, and the British. Through a meticulous study of over 300 temples from 17 geographical zones, this book shows that, as far as temple architecture is concerned, these years were remarkably creative and vibrant."
145,Methods in historical corpus pragmatics :,"""Drawing on an extensive corpus-based study, this book explores theoretical and empirical discussions of stance research applied to data from Early Modern English. It also presents a new method for the study of pragmatic phenomena, making it essential reading for researchers and students in both historical pragmatics and corpus pragmatics""--"
145,The neglected transition :,"On average, a quarter of a million children in the United States enter foster care every year. Most of these children are placed in non-kinship homes; that is, with people who are complete strangers. In The Neglected Transition, child welfare researcher Monique B. Mitchell explores children's experiences of loss and ambiguity as they transition into foster care, as well as the questions children ask during this critical life transition. Specifically, the author uses child-centered research, practical examples, and healing suggestions to create a foundation from which a relational home can be built. Drawing from the compelling stories of children, Mitchell invites readers to join children on their journey as they transition into the foster care system and courageously share their experiences of loss, ambiguity, fear, and hope."
145,Patchwork :,"Patchwork: Seven Essays on Art and Literature presents in English translation a number of essays written by the Chinese literary scholar and novelist Qian Zhongshu (1910-1998). One of the great minds of the twentieth century, Qian, with his characteristic erudition and wit, addresses here aspects of the classical literary and artistic traditions of China. Better known, as a scholar, for his magisterial Limited Views: Essays on Ideas & Letters (Guanzhui bian) (1979-80) and, as a novelist, for his Fortress Besieged (Weicheng) (1947), these essays, first written during the period 1948-83 and much revised over the years, allow readers insight into Qian's abiding concern with ""striking connections"" between disparate literary, historical, and intellectual traditions, ancient and modern, Chinese and Western."
145,Pragmatics in English :,"""Pragmatics - the study of language in context - is a key topic within English language and linguistics. This book introduces the core topics in the field, taking readers from basic principles to an understanding of key theories and approaches, including speech acts, Grice, politeness, relevance theory, metaphor, and irony""--"
145,Short story criticism :,"Presents literary criticism on the works of short-story writers of all nations, cultures, and time periods. Critical essays are selected from leading sources, including published journals, magazines, books, reviews, diaries, newspapers, pamphlets, and scholarly papers."
145,Tourism :,"This book examines the economic, physical and social impacts of tourism. Following a brief discussion of the nature of tourism and tourists, the authors discuss the conceptual frameworks of tourism and evaluate the adequacy of impact methodologies currently in use."
225,An analysis of N.T. Wright's The new Testament and the people of God /,"Wright's The New Testament and the People of God is the first volume of his acclaimed series ?Christian Origins and the Question of God' comprehensively addressing the historical and theological questions surrounding the origins of Christianity. The text outlines Wright's hermeneutical theory and discusses the history of the Jews stressing the close connection with Judaism and developing this to examine the treatment of early Christians. Wright's work has played a significant role in challenging prevailing assumptions relating to the religious thought of first-century Jews. On a more technical level, Wright provides a reappraisal of literary and historical readings of the New Testament."
225,Archaeology and the letters of Paul /,"""'Archaeology and the Letters of Paul' illuminates the social, political, economic, and religious lives of those to whom the apostle Paul wrote. Roman Ephesos provides evidence of slave traders and the regulation of slaves; it is a likely setting for the household of Philemon, to whom a letter about the slave Onesimus is addressed. In Galatia, an inscription seeks to restrain the demands of travelling Roman officials, illuminating how the apostolic travels of Paul, Cephas, and others disrupted communities. At Philippi, a list of donations from the cult of Silvanus demonstrates the benefactions of a community that, like those in Christ, sought to share abundance in the midst of economic limitations. In Corinth, a landscape of grief extends from monuments to the bones of the dead, and provides a context in which to understand Corinthian practices of baptism on behalf of the dead and the provocative idea that one could live ""as if not"" mourning or rejoicing. Rome and the Letter to the Romans are the grounds for an investigation of ideas of time and race not only in the first century, when we find an Egyptian obelisk inserted as a timepiece into the mausoleum complex of Augustus, but also of a new Rome under Mussolini that claimed the continuity of Roman racial identity from antiquity to his time and sought to excise Jews. Thessalonike and the early Christian literature associated with the city demonstrates what is done out of love for Paul-invention of letters, legends, and a cult in his name. The book articulates a method for bringing together biblical texts with archaeological remains. This method reconstructs the lives of the many 'adelphoi' (brothers and sisters) whom Paul and his co-writers address. Its project is informed by feminist historiography and gains inspiration from thinkers such as Claudia Rankine, Judith Butler, Giorgio Agamben, Wendy Brown, and Katie Lofton""--"
225,Artisans of Israel :,"""Artisans of Israel is a very special book on crafts: author Lynn Holstein is in search of a national identity in the artisanry of the still young country - and she finds it in the unifying pursuit for innovation. Forty artists - including Jews, Muslims and Christians - tell their stories and show in five different trades how emancipation can be promoted through creativity. Working with one's hands stands unfailingly at the centre of this reflection. From the hybrid of cultural and religious backgrounds emerges a unique compilation from the fields of metalwork and jewellery, ceramics, textiles, paper and wood, one that portrays a sensitive and inspiring portrait of Israel and its inhabitants""--Publisher's website."
225,The Bible hunter :,"""In 1844, academic and fundamentalist Christian Constantin Tischendorf, who was driven by his obsession with the origins of the Bible to a remote monastery in the middle of the Sinai Desert, discovered the manuscript in a basket said to have been discarded by the monks ... Part travelogue, part historical study and part critique, The Bible hunter tells of the author's trip to Sinai, the history of the Bible and early Church and the lives and liturgies of the monks of St. Catherine's Monastery""--Jacket flap."
225,A brief introduction to the New Testament /,"Featuring vibrant full color throughout, A Brief Introduction to the New Testament, Fourth Edition, is a concise version of Bart D. Ehrman's best-selling The New Testament: A Historical Introduction to the Early Christian Writings, Sixth Edition. Retaining the approach of the longer textbook while condensing and simplifying much of its material, this volume looks at the New Testament from a consistently historical and comparative perspective and emphasizes the rich diversity of the earliest Christian literature. Distinctive to this study is its emphasis on the historical, literary, and religious milieux of the Greco-Roman world, including early Judaism."
225,The Cambridge companion to the New Testament /,"""This Companion volume offers a concise and engaging introduction to the New Testament. Including twenty-two especially-commissioned essays, written by an international team of scholars, it examines a range of topics related to the historical and religious contexts in which the contents of the Christian canon emerged. Providing an overview of the critical approaches and methods currently applied to the study of biblical texts, it also includes chapters on each of the writings in the New Testament. The volume serves as an excellent resource for students who have some familiarity with the New Testament and who wish to gain a deeper understanding of the state of academic discussion and debate. Readers will also gain a sense of the new research questions that are emerging from current scholarship""--"
225,Discovering the lead codices :,"""In March 2011, The Sunday Times ran an article on the discovery of a mysterious cache of palm-sized, ring-bound books made of lead. These lead codices, as they have become known, contain mysterious symbols and inscriptions. One tablet in particular features a portrait of Jesus and has preserved the seven seals that would have bound it together along its left-hand side. David and Jennifer Elkington photographed the books, brought samples to the UK for analysis, and assembled a team of eminent scholars to study them. At the same time, the books were quickly becoming an international phenomenon, the Israelis and Jordanians began a very public dispute over the location of the site where they were discovered. Convinced that the codices are the earliest Christian documents ever found, the Elkingtons put their reputations on the line as they raced to authenticate the find amidst an array of vested interests which sought to suppress them. In their quest to crack the code, the Elkingtons have been subjected to personal threat but they have continued the fight to ensure the world understands the importance of the codices, which may well pre-date the New Testament. Their significance in our understanding of early Christianity cannot be underestimated""--"
225,Encountering the manuscripts :,"""[Encountering the Manuscripts] focuses on the most significant New Testament manuscripts from the perspective of paleography and textual criticism. Paleography pertains to the dating of the manuscripts, as well as to the calligraphic features of the manuscripts themselves. Each manuscript has a story to tell; each manuscript gives us a window into the transmission of the New Testament text in the earliest centuries. Textual criticism pertains to the critical evaluation of the trustworthiness of the text of each manuscript with respect to recovering the original wording of the Greek New Testament. This volume merges the two areas of study by looking at both paleography and textual criticism as we encounter the New Testament manuscripts."""
225,The erotic life of manuscripts :,"""The Erotic Life of Manuscripts explores the curious relationship between the field of New Testament textual criticism and the biological sciences, beginning in the eighteenth century and extending to the present""--"
225,An introduction to the New Testament /,"A long-awaited abridgement of Raymond Brown's classic and best-selling introduction to the New Testament Since its publication in 1997, Raymond Brown's Introduction to the New Testament has been widely embraced by modern readers seeking to understand the Christian Bible. Acknowledged as a paragon of New Testament studies in his lifetime, Brown was a gifted communicator who wrote with ease and clarity. Abridged by Marion Soards, who worked with Brown on the original text, this new, concise version maintains the essence and centrist interpretation of the original without tampering with Brown's perspective, insights, or conclusions. The biblical writings themselves remain the focus, but there are also chapters dealing with the nature, origin, and interpretation of the New Testament texts, as well as chapters concerning the political, social, religious, and philosophical world of antiquity. Furthermore, augmenting Brown's commentary on the New Testament itself are topics such as the Gospels' relationship to one another; the form and function of ancient letters; Paul's thought and life, along with his motivation, legacy, and theology;"
225,The Jewish annotated New Testament :,"""First published in 2011, The Jewish Annotated New Testament was a groundbreaking work, bringing the new Testament's Jewish background to the attention of students, clergy, and general readers. In this new edition, eighty Jewish scholars bring together unparalleled scholarship to shed new light on the text. This thoroughly revised and greatly expanded second edition brings even more helpful information and new insights to the study of the new Testament."" -- Back cover."
225,Johann Jakob Wettstein's Principles for New Testament textual criticism :,"""In Johann Jakob Wettstein's Principles for New Testament Textual Criticism Silvia Castelli investigates the genesis, development, and legacy of Wettstein's criteria for evaluating New Testament variant readings. Wettstein's guidelines, the Animadversiones et cautiones, are the first well-organized essay on New Testament text-critical methodology, first published in the Prolegomena to his New Testament in 1730 and republished with some changes in 1752. In his essay, Wettstein presents a new text-critical method based on the manuscripts' evidence and on the critic's judgment. Moving away from the authority invested in established printed editions, Wettstein's methodology thus effectively promotes and enhances intellectual freedom. The second part of this volume offers a critical text and an annotated English translation of Wettstein's text-critical principles""--"
225,Language and television series :,"""A comprehensive analysis of contemporary US television series. Combining an interdisciplinary and multi-methodological approach, Monika Bednarek brings together linguistic analysis of the new Sydney Corpus of Television Dialogue with analysis of scriptwriting manuals, interviews with Hollywood scriptwriters, and a survey undertaken with university students about their consumption of TV series. In so doing, she creates five new and original empirical studies. The focus on language use in a professional context (the television industry), on scriptwriting pedagogy, and on learning and teaching provides an applied linguistic lens on TV series that is complemented by perspectives taken from media linguistics, corpus linguistics and sociocultural linguistics/sociolinguistics. Throughout the book, multiple dialogue extracts are presented from a wide variety of well-known fictional television series including The Big Bang Theory, Grey's Anatomy and Bones. Researchers in applied linguistics, discourse analysis, CDA, corpus linguistics, sociolinguistics and media linguistics will find the book both stimulating and unique in its approach""--"
225,The Latin New Testament :,"""In The Latin New Testament, H.A.G. Houghton provides a comprehensive introduction to the history and development of the Latin New Testament. Drawing on major editions and recent advances in scholarship, he offers a new synthesis which brings together evidence from Christian authors and biblical manuscripts from earliest times to the late Middle Ages. All manuscripts identified as containing Old Latin evidence for the New Testament are described in a catalogue, along with those featured in the two principal modern editions of the Vulgate. A user's guide is provided for these editions and the other key scholarly tools for studying the Latin New Testament.""--Publisher description."
225,Layout for graphic designers :,"Layout for graphic design concerns the arrangement of text and images on a page. How these elements are positioned, both in relation to one another, and within the overall design scheme, will affect how content is viewed and received. Whether in print or online, it is key to powerful visual communication. Layout for Graphic Designers provides visual arts students with a theoretical and practical underpinning of this design subject. Packed with over 200 examples from key contemporary practices, and fully illustrated with clear diagrams and inspiring imagery, it offers an essential exploration of the subject. This third edition has been updated to include 25 new images and 6 new case studies from Lundgren + Lindqvist, TwoPoints.Net, Bruce Mau Design, Non-Format, Mind Design and Plau."
225,The New Testament :,"The New Testament writings are the foundation documents of early Christianity, and to fully understand them readers need a broad historical awareness of the wider social, economic, political and religious context that produced them. Here, Telford paints a fascinating portrait of the Roman and Hellenistic Empires and the growth of the early church, elucidating the composition and content of the Synoptic Gospels - those of Matthew, Mark, and Luke. Furnishing the reader with an appreciation of the methods contemporary scholars apply to the Gospels, he also offers an assured, in-depth guide to the texts themselves. Punctuated by charts and tables and unlike other introductions for the general reader, this richly contextualized and accessible narrative is an invaluable starting point for anyone looking to understand the Gospels and the roots of Christianity."
225,The New Testament :,"Featuring vibrant full color throughout, the sixth edition of Bart D. Ehrman's highly successful introduction approaches the New Testament from a consistently historical and comparative perspective, emphasizing the rich diversity of the earliest Christian literature. Distinctive to this study is its unique focus on the historical, literary, and religious milieux of the Greco-Roman world, including early Judaism. As part of its historical orientation, the book also discusses other Christian writings that were roughly contemporary with the New Testament, such as the Gospel of Thomas, the Apocalypse of Peter, and the letters of Ignatius."
225,The New Testament in the original Greek /,"The publication in 1881 of The New Testament in the Original Greek, by the Cambridge scholars Brooke Foss Westcott (1825-1901) and Fenton John Anthony Hort (1828-1892), marked the culmination of twenty-eight years of work and an innovation in the theory and methods of New Testament textual criticism. This first of two volumes contains a detailed discussion of the theories and methods behind the reconstructed text, sets out the editors' theory of text-types, and justifies their choice to break with the dominant use of the Textus Receptus. It argues for the Neutral Text, represented by the uncials Codex Vaticanus and Codex Sinaiticus, as being the earliest and least corrupt form. Westcott and Hort's claim to reconstruct the o"
225,Paul the Apostle :,"""This book is a controversial new biography of the apostle Paul that argues for his inclusion in the pantheon of key figures of classical antiquity, along with the likes of Socrates, Alexander the Great, Cleopatra, and Augustus""--"
225,Scene-writing for film and TV /,"""Focusing on an integral aspect of screenplays, this book takes students and writers at all levels through the process of understanding and writing better scenes. It interrogates the functions of a scene and how writers can then apply this knowledge to their own film and television scripts. Author Simon van der Borgh familiarises the screenwriter with the aspects of a scene, looking at what a scene is, the characters involved, the action depicted, dialogue, setting, and style. Featuring original scenes which show the practice of scene-writing and the application of ideas and approaches alongside in-depth analysis and critique, the book explores the process and approach to scene-writing and how to learn and improve methods of telling dynamic, engaging and moving stories of diverse types and formats on screen. With a strong focus on practice-based advice, the book includes exercises at every step to enable writers to build on and extend their knowledge and skills with confidence and clarity chapter by chapter. Exploring the film and TV scene with its different types, forms, and functions, it is the ideal book for aspiring screenwriters and students of screenwriting and filmmaking at all levels, as well as directors, producers and actors looking to better understand the contextual and sub-textual motivations intended by the writer""--"
225,Short story criticism :,"Presents literary criticism on the works of short-story writers of all nations, cultures, and time periods. Critical essays are selected from leading sources, including published journals, magazines, books, reviews, diaries, newspapers, pamphlets, and scholarly papers."
225,Simply come copying :,"Over 5,000 copies of the New Testament exist today and not one matches the other exactly. Determining how a copyist made changes to a manuscript - or, a scribe's habits - is an essential step in recovering the original text of the New Testament and for appreciating how it has changed over time. For the vast majority of manuscripts, there is no way to know which manuscript copied from which manuscript or, which manuscript is the child manuscript and which is the parent manuscript. Alan Taylor Farnes, however, has discovered twenty-two child manuscripts whose parent version is still known today. His letter-by-letter examination of four of these manuscripts sheds invaluable light on how scribes went about their work and provides a methodology for future studies. Now we can virtually look over the scribe's shoulder and watch the work as it unfolds. --"
225,The TV writer's workbook :,"Why is TV writing different from any other kind of writing? How will writing a spec script open doors? What do I have to do to get a job writing for TV? Writing for television is a business. And, like any business, there are proven strategies for success. In this unique hands-on guide, television writer and producer Ellen Sandler shares the trade secrets she learned while writing for hit shows like Everybody Loves Raymond and Coach. She offers concrete advice on everything from finding a story to getting hired on a current series. Filled with easy-to-implement exercises and practical wisdom, this ingenious how-to handbook outlines the steps for becoming a professional TV writer, starting with a winning script. Sandler explains the difference between ""selling"" and ""telling,"" form and formula, theme and plot."
225,Writing for TV and radio :,"""This companion offers invaluable insights and solid, practical guidance to those keen to write for TV and radio. Part 1 explores the nature of the media. It looks at the history of writing drama and comedy for radio and TV through a consideration of its key elements and some of the most successful dramas and comedies of past and present. Part 2 includes reflections and tips from award-winning writers of film, television and radio from the UK, the US and Scandinavia. Part 3 offers practical advice on technical aspects of writing for TV and radio including character development, structure and dialogue. It also gives guidance on how to deal with branches of the broadcasting industry, from agents and actors to producers and script editors""--"
225,XML and InDesign /,"Discover the power of XML publishing with InDesign, and create content for multiple applications - including digital-first publishing workflows. With this book, XML evangelist Dorothy Hoskins teaches you several techniques for working with the built-in XML capabilities of InDesign CS6, using real examples from a college course-catalog project. Learn how to import database content into InDesign, and tag existing InDesign content as XML for export to other applications. InDesign also lets you apply attractive styling to XML content that can't be done with XSL-FO. Through step-by-step instructions, code examples, and lots of screen shots, you'll discover how using XML with InDesign increases the value of your content. Get an overview of structured (XML) content Learn InDesign's XML import options, including XML image information Mingle XML and non-XML content in a text flow Use InDesign as an XML skin by making templates with new style definitions Put content in XML order for export to EPUB, with InDesign CS5.5 and CS6 Dive into advanced topics, such as how to transform XML with XSL Understand InDesign's potential and limitations with complex content models such as DocBook and DITA."
237,American silver in the Art Institute of Chicago /,"The history of American silver offers invaluable insights into the economic and cultural history of the nation itself. Published here for the first time, the Art Institute of Chicago's superb collection embodies innovation and beauty from the colonial era to the present. In the 17th century, silversmiths brought the fashions of their homelands to the colonies, and in the early 18th, new forms arose as technology diversified production. Demand increased in the 19th century as the Industrial Revolution took hold. In the 20th, modernism changed the shape of silver inside and outside the home."
237,The business of music management :,The book's focus is on successful music entrepreneurship and career development in the global music and entertainment industry.
237,The music industry handbook /,"""'This book highlights the realities of the UK music industry today and ways in which newcomers to this complex eco-system may understand and hopefully find a possible career pathway in it'""--From review, back cover."
237,Presidential advisors and assistants :,"Since the beginning of the federal government, Presidents have called upon executive branch officials to provide them with advice regarding matters of policy and administration. While Cabinet members were among the first to play such a role, the creation of the Executive Office of the President (EOP) in 1939 and the various agencies located within that structure resulted in a large increase in the number and variety of presidential advisers. All senior staff members of the White House Office and the leaders of the various EOP agencies could be said to serve as advisers to the President. This book provides background information and selected views on the role of some of these appointees and discusses some of the constitutional concerns that have been raised about presidential advisers."
237,Short story criticism :,"Short Story Criticism assembles critical responses to the writings of the worlds most renowned short fiction writers and provides supplementary biographical context and bibliographic material to guide the reader to a greater understanding of the genre and its creators. Each of the more than 200 volumes in this series profiles approximately 3-6 writers of short fiction from all time periods and all parts of the world. Entries provide an introductory biographical essay, a primary bibliography, a selection of full-text or excerpted critical essays reproduced from books, magazines, literary reviews, newspapers and scholarly journals, and sources for additional research; many entries include an author portrait. A full citation and annotation precede each of the approximately 50 essays per volume. The series currently covers more than 500 authors and also includes numerous entries focusing on individual works and topics. Although short fiction is also covered in other titles from the Gale Literature Criticism series, Short Story Criticism offers a greater focus on understanding the genre than is possible in the broader, survey-oriented entries in those series. Clear, accessible introductory essays followed by carefully selected critical responses allow endusers to engage with a variety of scholarly views and conversations about writers of short fiction and their works."
237,This note's for you :,"From Coca-Cola to Chrysler this book takes you behind the curtain of some of the best popular music in advertising campaigns of all time. Did you know that fog played a critical role in the ""I'd Like to Teach the World to Sing"" campaign, and that the choir had no idea that Eminem was going to show up while they were taping the ""Lose Yourself "" campaign, or that The Doors were supposed to be in the Cadillac commercials, not Led Zeppelin, until one of The Doors discovered that Cadillac made the Escalade and suddenly declined because he felt it was environmentally unfriendly. This book talks of the people who created the campaigns with the songs we remember the most. Everything from Bob Seger's ""Like A Rock"" (Chevy Trucks) to LMFAO's Party Rock and the dancing hamsters (Kia). The result is a book that educates and entertains on what made these campaigns excellent and how to make excellent campaigns. This collection of award-winning music in advertising campaigns is not available together anywhere else. It shows where this art in advertising form has been, where it is now, and provides the foundation for where it will go."
458,Audit committee formation in the aftermath of 2007-2009 global financial crisis /,"The audit committee has gained considerable attention in the aftermath of 2007-2009 global financial crisis. The audit committee's role has evolved from a voluntary liaison between management and external auditors to the standing committee of the board of directors in overseeing all aspects of corporate governance, financial reporting, internal controls, risk assessment, and audit activities. This book addresses the determinants of audit committee oversight effectiveness, including their composition, independence, authority, resources, diligence, and activities. The book is organized into three separate volumes and each volume can be utilized separately or in an integrated form. The first volume consists of five chapters, which examine the relevance and fundamentals of the audit committees as well as the determinants of audit committee effectiveness. The second volume consists of nine chapters on financial, auditing, internal control, risk management, ethics and compliance, antifraud, and other oversight functions of the audit committee. The third volume consists of five chapters on the emerging issues of audit committees pertaining to evaluation, education, reporting, and accountability as well as audit committees of private companies, governmental entities and not-for-profit organizations."
458,The audit value factor :,"""This book provides practitioners with strategies and tools for establishing and maintaining a successful, value-centric internal audit organization. It explores opportunities to gain management support through early wins; methods to systematically identify process improvement opportunities, cost savings and avoidance, and potential revenue recoveries; and tips on marketing and branding the audit organization for maximum impact. It introduces the Audit Value Factor, a concept to determine the estimated value of a given audit, as well as methods for calculating the return on recommendations made. It also outlines Six Sigma methods and techniques to ensure every engagement is value-added""--"
458,Climate change and sea level rise in South Florida :,"South Florida is frequently cited as the part of the United State of America as most susceptible to the devastation accompanying sea level rise. Several scholarly studies have shown the negative impact of coastal location in Florida on housing values. Are the residents of South Florida concerned? Is susceptibility to sea level rise actually affecting the housing market in terms of demand, the availability of home mortgages, or house prices? Are people living at particular risk from sea level rise aware of this risk and more open to new information about climate change? Do they support policies and laws to mitigate the pace and extent of climate change? Answers to these questions are not only of general interest, but they are also key to our understanding of the human dimensions of this problem. This book describes the results of a detailed survey in which respondents viewed a local map displaying flooding to their own community that would result from a Category 3 hurricane in 2033. It discusses political party identification and ideology that has an overwhelming impact in shaping views about sea level rise and climate change. This book has enormous implications for the effectiveness of communicating risk information. The text is important if we, as a nation, are to design communication strategies that will lead to broader policy to combat or mitigate this risk."
458,A companion to the literature and culture of the American west /,"""Few geographical regions of the United States have been more glamorized, mythologized -- and misunderstood -- than the American west. A Companion to the Literature and Culture of the American West presents an in depth and highly detailed exploration of historic and contemporary cultural expressions rooted in America's western states. Historically and culturally, the west exhibits a richness and depth of cultural expression that is often at odds with the popular imagery. Divided into three thematic sections, the companion offers a series of illuminating essays by literary and cultural scholars to reveal the complexity of the many ""wests"" in our imagination and reality. The first section considers the west chiefly through a historical lens, both literary and cultural, exploring such topics as exploration and Gold Rush narratives, women's writings, the growth of suburbs, class and postcolonial perspectives, and the myriad of cultural expressions from many of the west's sub-regions and population groups. The chapters in the second section present a more genre-based approach, interpreting such topics as pictorial art, cinema, cowboy poetry, autobiography, nature writing, and detective fiction. In the final part, closer, more sustained readings of specific cases illuminate some of the west's persistent questions and issues, including those related to identity, performance, representation, and marketing. A Companion to the Literature and Culture of the American West offers a fully realized portrait of the depth and complexity of cultural expressions that continue to emerge from the American west""--"
458,Creative and innovative auditing /,"Bringing creativity and innovation into all professions and types of auditing today, this book meets the needs of auditing practices in the future. Recent criticisms of auditing practices by financial regulators, the traditional `expectation gaps' between auditors and auditees and the continuing advances in technology make it even more important today to motivate creativity and innovation in the professions of auditors, be they internal, external, quality, environmental, social, clinical and so on. In Creative and Innovative Auditing, Jeffrey Ridley studies all auditing practices, not just internal auditing, using an innovation model he has developed through research which is applicable to all auditing organisations and professions. He shows how motivating innovation in auditing practices will address the needs of today and tomorrow's auditing of governance, risk management and control."
458,Internal audit practice from A to Z /,"Internal Audit Practice from A to Z addresses the practice of internal auditing using GAAS (Generally Accepted Auditing Standards), GAGAS (Generally Accepted Government Auditing Standards) and International Standards for the Professional Practice of Internal Auditing (Standards)-IPPF, International Standards Organization (ISO), International Standards of Supreme Audit Institutions (ISSAI), International Standards on Auditing (ISA) as enunciated by the Institute of Internal Auditors (IIA), International Organization of Standardizations (ISO), International Organization of Supreme Audit Institutions (INTOSAI), Government Accountability Office (GAO) & International Federation of Accountants (IFAC). Unique in that it is primarily written to guide internal auditors in the process and procedures necessary to carry out professionally accepted internal audit functions, the book includes everything necessary to start, complete, and evaluate an internal audit practice, simplifying the task for even non-professionals."
458,Internal audit quality :,"""This book provides complete coverage of the elements that comprise an effective internal audit quality assurance and improvement program. The book offers solutions for monitoring and measuring internal audit performance drawn from the IIA's International Standards for the Professional Practice of Internal Auditing, and complemented by advice and case studies from leading audit practitioners from five different continents""--"
458,Internal control audit and compliance :,"""Ease the transition to the new COSO framework with practical strategyInternal Control Audit and Compliance provides complete guidance toward the latest framework established by the Committee of Sponsoring Organizations (COSO). With clear explanations and expert advice on implementation, this helpful guide shows auditors and accounting managers how to document and test internal controls over financial reporting with detailed sections covering each element of the framework. Each section highlights the latest changes and new points of emphasis, with explicit definitions of internal controls and how they should be assessed and tested. Coverage includes easing the transition from older guidelines, with step-by-step instructions for implementing the new changes. The new framework identifies seventeen new principles, each of which are explained in detail to help readers understand the new and emerging best practices for efficiency and effectiveness.The revised COSO framework includes financial and non-financial reporting, as well as both internal and external reporting objectives. It is essential for auditors and controllers to understand the new framework and how to document and test under the new guidance. This book clarifies complex codification and provides an effective strategy for a more rapid transition. Understand the new COSO internal controls framework Document and test internal controls to strengthen business processes Learn how requirements differ for public and non-public companies Incorporate improved risk management into the new framework The new framework is COSO's first complete revision since the release of the initial framework in 1992. Companies have become accustomed to the old guidelines, and the necessary procedures have become routine - making the transition to align with the new framework akin to steering an ocean liner. Internal Control Audit and Compliance helps ease that transition, with clear explanation and practical implementation guidance""--"
458,IT auditing and Sarbanes-Oxley compliance :,"Information technology auditing and Sarbanes-Oxley compliance have several overlapping characteristics. They both require ethical accounting practices, focused auditing activities, a functioning system of internal control, and a close watch by the board's audit committee and CEO. Written as a contribution to the accounting and auditing professions as well as to IT practitioners, IT Auditing and Sarbanes-Oxley Compliance: Key Strategies for Business Improvement links these two key business strategies and explains how to perform IT auditing in a comprehensive and strategic manner."
458,Leading the internal audit function /,"While the Institute of Internal Auditors (IIA) has provided standards and guidelines for the practice of internal audit through the International Professional Practice Framework (IPPF), internal auditors and Chief Audit Executives (CAEs) continue to experience difficulties when attempting to balance the requirements of the IPPF with management expectations. The true challenge for any internal auditor is to appropriately apply the Standards while exerting adequate independence and objectivity in the face of management pressure."
458,Lean auditing :,"""How can you argue with the core principles of Lean, that you focus on what provides value to your customer and eliminate work that is not necessary (muda)? Internal auditors need to understand not only who their primary customers are, but what is valuable to them - which in most cases is assurance that the risks that matter to the achievement of objectives are properly managed. We need to communicate what they need to know and not what we want to say. This incessant focus on the customer and the efficient production of a valued product should extend to every internal audit team. How else can we ensure that we optimize the use of our limited resources to address the dynamic business and risk environment within which our organizations operate?"" Norman Marks, GRC Thought Leader Using lean techniques to enhance value add and reduce waste in internal auditing Lean Auditing is a practical guide to maximising value and efficiency in internal audit through the application of lean techniques. It is an ideal book for anyone interested in understanding what progressive, value adding audit can be like."
458,Operational auditing :,"Internal auditors are expected to perform risk-based audits, but do so partially because they focus on financial and compliance risks at the expense of operational, strategic and technological ones. This limits their ability to evaluate critical risks and processes. This book merges traditional internal audit concepts and practices with contemporary quality control methodologies, tips, tools and techniques. It helps internal auditors perform value-added operational audits that result in meaningful findings and useful recommendations to help organizations meet objectives and improve the perception of internal auditors as high-value contributors, appropriate change agents and trusted advisors."
458,Organizational auditing and assurance in the digital age /,"""This book discusses at an international level the challenges and developments in the auditing field to ensure the auditing quality despite the continuous changes on IT and market requirements (supervisors, shareholders, stakeholders, among others). It also fills a gap in the areas related to information systems auditing and continuous assurance on businesses processes""--"
458,Rising sea levels :,"""The fundamental point of this book is that, in the past, the world's political, economic, military, and social development took place during a time of relatively stable sea level. That time, however, is now over: The world must begin to cope with inevitable increases in sea level. These increases are certain to have important domestic and international consequences""--Provided by publisher."
458,The water will come :,"What if Atlantis wasn't a myth, but an early precursor to a new age of great flooding? Across the globe, scientists and civilians alike are noticing rapidly rising sea levels, and higher and higher tides pushing more water directly into the places we live, from our most vibrant, historic cities to our last remaining traditional coastal villages. With each crack in the great ice sheets of the Arctic and Antarctica, and each tick upwards of Earth's thermometer, we are moving closer to the brink of broad disaster. By century's end, hundreds of millions of people will be retreating from the world's shores as our coasts become inundated and our landscapes transformed. From island nations to the world's major cities, coastal regions will disappear. Engineering projects to hold back the water are bold and may buy some time. Yet despite international efforts and tireless research, there is no permanent solution - no barriers to erect or walls to build - that will protect us in the end from the drowning of the world as we know it. The Water Will Come is the definitive account of the coming water, why and how this will happen, and what it will all mean. As he travels across twelve countries and reports from the front lines, acclaimed journalist Jeff Goodell employs fact, science, and first-person, on-the-ground journalism to show vivid scenes from what already is becoming a water world."
488,A bound woman is a dangerous thing :,"From Harriet Tubman to Assata Shakur, Ida B. Wells to Sandra Bland and Black Lives Matter, black women freedom fighters have braved violence, scorn, despair, and isolation in order to lodge their protests. In A Bound Woman Is a Dangerous Thing, DaMaris Hill honors their experiences with at times harrowing, at times hopeful responses to her heroes, illustrated with black-and-white photographs throughout. For black American women, the experience of being bound has taken many forms: from the bondage of slavery to the Reconstruction-era criminalization of women; from the brutal constraints of Jim Crow to our own era's prison industrial complex, where between 1980 and 2014, the number of incarcerated women increased by 700%.For those women who lived and died resisting the dehumanization of confinement--physical, social, intellectual--the threat of being bound was real, constant, and lethal."
488,The digital literary sphere :,"""Despite the talk of the ""death of the book,"" traditionally linear and often print-based narratives have continued to flourish in the Internet era. Shifting focus from analyzing specific literary texts to a sociological examination of the contemporary literary scene, Simone Murray provides crucial insights into the major forces shaping this digital literary sphere. Analyzing the apparatus and institutional factors shaping contemporary online literary culture, including producers, retailers, festival organizers, evaluators, and consumers, Murray highlights how these traditionally distinct roles are radically blurring and the significance of this for all stakeholders in the literary industry. The Internet's massive expansion of participants in literary debates is democratizing literary culture in refreshing ways, but it is simultaneously throwing up thorny questions about cultural authority, destabilizing geographically based conceptions of literary canons, and problematizing the boundaries of the literary text. These are in essence theoretical issues of fundamental import to all with an interest in literature, and to literary scholars in particular""--"
488,The gender of Latinidad :,"""The Gender of Latinidad: Uses and Abuses of Hybridity explores the way Latina representations have exploded onto mainstream popular culture--and into American consciousness. From ""J Lo's butt"", Penelope Cruz, and steamy tele-novellas, to Bratz and Flava dolls and the PBS cartoon, ""Dora the Explorer"", the volume will probe the dynamic manner by which Latinas are portrayed, caricatured and commercialized as cultural forms. While Valdivia's focus is primarily here in the United States, she also examines U.S. popular culture as the world's biggest import. By sifting through the current Latino ""craze"" as well as the usual pop culture clutter--women's magazines, mass-produced and marketed children's toys and books, television, popular music, movies, and celebrity culture--The Gender of Latinidad: Uses and Abuses of Hybridity soberly and sensibly addresses the popular iconography of Latinidad in its everyday location""--"
488,The global histories of books :,"This collection is an edited volume of essays that showcases how books played a crucial role in making and materialising histories of travel, scientific exchanges, translation, and global markets from the late-eighteenth century to the present. While existing book historical practice is overly dependent on models of the local and the national, we suggest that approaching the book as a cross-region, travelling ? and therefore global- object offers new approaches and methodologies for a study in global perspective. By thus studying the book in its transnational and inter-imperial, textual, inter-textual and material dimensions, this collection will highlight its key role in making possible a global imagination, shaped by networks of print material, readers, publishers and translators."
488,Is literature healthy? /,"The Literary Agenda is a series of short polemical monographs about the importance of literature and of reading in the wider world and about the state of literary education inside schools and universities. The category of 'the literary' has always been contentious. What is clear, however, is how increasingly it is dismissed or is unrecognised as a way of thinking or an arena for thought. It is sceptically challenged from within, for example, by the sometimes rival claims of cultural history, contextualized explanation, or media studies. It is shaken from without by even greater pressures: by economic exigency and the severe social attitudes that can follow from it; by technological change that may leave the traditional forms of serious human communication looking merely antiquated. For just these reasons this is the right time for renewal, to start reinvigorated work into the meaning and value of literary reading. Medical Humanities comprises disciplines as diverse as literature, the visual and performing arts, the history of medicine, bioethics. It claims a vast range of philosophical and political agendas, goals and purposes, including the education of medical students in areas of clinical empathy, critical thinking, ethical awareness, gender and race issues and cross-cultural medicine. Josie Billington argues that in so far as literature is offered as adding value to medical education in health training and practice, that defence tends to become instrumental in nature, whether consciously and explicitly, or otherwise. This book is interested, more widely, in the power of the arts as a remedial force."
488,A little Greek reader /,"This concise volume provides brief original reading matter to illustrate key features of Greek grammar and syntax. Each chapter begins with an account of the grammatical issue in question; this is then followed by a selection of passages from Greek literature, some shorter, some longer, covering a wide range of authors, and of considerable intrinsic interest."
488,"Peasant maids, city women :","In concise social histories of four European rural cultures, the authors emphasize the crucial effects of gender. They explore the contrast between each regional culture of origin and the urban experience of ethnic communities in Chicago. The concept of assimilation, they suggest, involves two different dynamics. In the initial phase, adaptation, the new environment demands major changes of incoming immigrants to meet basic needs. The second dynamic, acculturation, involves changes for immigrants and also for the new culture with which they interact."
488,Rest is resistance :,"""Disrupt and push back against capitalism and white supremacy. In this book, Tricia Hersey, aka The Nap Bishop, encourages us to connect to the liberating power of rest, daydreaming, and naps as a foundation for healing and justice. What would it be like to live in a well-rested world? Far too many of us have claimed productivity as the cornerstone of success. Brainwashed by capitalism, we subject our bodies and minds to work at an unrealistic, damaging, and machine-level pace -- feeding into the same engine that enslaved millions into brutal labor for its own relentless benefit. In Rest Is Resistance, Tricia Hersey, aka the Nap Bishop, casts an illuminating light on our troubled relationship with rest and how to imagine and dream our way to a future where rest is exalted. Our worth does not reside in how much we produce, especially not for a system that exploits and dehumanizes us. Rest, in its simplest form, becomes an act of resistance and a reclaiming of power because it asserts our most basic humanity. We are enough. The systems cannot have us. Rest Is Resistance is rooted in spiritual energy and centered in Black liberation, womanism, somatics, and Afrofuturism. With captivating storytelling and practical advice, all delivered in Hersey's lyrical voice and informed by her deep experience in theology, activism, and performance art, Rest Is Resistance is a call to action, a battle cry, a field guide, and a manifesto for all of us who are sleep deprived, searching for justice, and longing to be liberated from the oppressive grip of Grind Culture.""--Provided by publisher."
488,Rest is resistance :,"What would it be like to live in a well-rested world? Far too many of us have claimed productivity as the cornerstone of success. Brainwashed by capitalism, we subject our bodies and minds to work at an unrealistic, damaging and machine-level pace. In this fierce and tender manifesto, Tricia Hersey, aka The Nap Bishop, elevates rest as a divine right, and paves the way towards a more well-rested life that empower imagination, invention and healing. Divided into four sections, Rest is Resistance will explain Tricia's philosophy and methods, and will include both storytelling and practical advice. It will offer you the guidance and context to craft a rest practice for long-term health, both within yourself and society as a whole. Rest is Resistance is not self-care: it is the urgent wake-up call you need to nap, rest and, most importantly, dream once more."
488,This bridge we call communication :,"This Bridge We Call Communication: Anzalduan Approaches to Theory, Method, and Praxis explores contemporary communication research studies, performative writing, poetry, Latina/o studies, and gender studies through the lens of Gloria Anzaldua's theories, methods, and concepts. Utilizing different methodologies and approaches-testimonio, performative writing, and interpretive, rhetorical, and critical methodologies-the contributors provide original research on contexts including healing and pain, woundedness, identity, Chicana and black feminisms, and experiences in academia."
488,"Transnational migration, media and identity of Asian women :","""Drawing on a wide range of perspectives from media and communications, sociology, cultural studies and anthropology, this volume provides an empirically grounded and theoretically insightful investigation into the mediated identies of women in the East Asian diaspora.""--"
488,The ugly cry :,"""A sharp, hilarious memoir about a nontraditional upbringing and growing up Black in a predominantly white community""--"
488,"Wayward lives, beautiful experiments :","""A breathtaking exploration of the lives of young black women in the early twentieth century. In Wayward Lives, Beautiful Experiments, Saidiya Hartman examines the revolution of black intimate life that unfolded in Philadelphia and New York at the beginning of the twentieth century. Free love, common-law and transient marriages, serial partners, cohabitation outside of wedlock, queer relations, and single motherhood were among the sweeping changes that altered the character of everyday life and challenged traditional Victorian beliefs about courtship, love, and marriage. Hartman narrates the story of this radical social transformation against the grain of the prevailing century-old argument about the crisis of the black family. In wrestling with the question of what a free life is, many young black women created forms of intimacy and kinship that were indifferent to the dictates of respectability and outside the bounds of law. They cleaved to and cast off lovers, exchanged sex to subsist, and revised the meaning of marriage. Longing and desire fueled their experiments in how to live. They refused to labor like slaves or to accept degrading conditions of work. Beautifully written and deeply researched, Wayward Lives recreates the experience of young urban black women who desired an existence qualitatively different than the one that had been scripted for them--domestic service, second-class citizenship, and respectable poverty--and whose intimate revolution was apprehended as crime and pathology. For the first time, young black women are credited with shaping a cultural movement that transformed the urban landscape. Through a melding of history and literary imagination, Wayward Lives recovers their radical aspirations and insurgent desires.""--Publisher's description."
488,When they call you a terrorist :,"""The emotional and powerful story of one of the co-founders of Black Lives Matter and how the movement was born. From one of the co-founders of the Black Lives Matter movement comes a poetic memoir and reflection on humanity. Necessary and timely, Patrisse Cullors' story asks us to remember that protest in the interest of the most vulnerable comes from love. Leaders of the Black Lives Matter movement have been called terrorists, a threat to America. But in truth, they are loving women whose life experiences have led them to seek justice for those victimized by the powerful. In this meaningful, empowering account of survival, strength, and resilience, Patrisse Cullors and asha bandele seek to change the culture that declares innocent black life expendable""--"
713,The Cambridge companion to Pushkin /,"Alexander Pushkin stands in a unique position as the founding father of Russian literature. In this Companion, leading scholars discuss Pushkin's work in its political, literary, social and intellectual contexts. In the first part of the book individual chapters analyse his poetry, his theatrical works, his narrative poetry and historical writings. The second section explains and samples Pushkin's impact on broader Russian culture by looking at his enduring legacy in music and film from his own day to the present. Special attention is given to the reinvention of Pushkin as a cultural icon during the Soviet period. No other volume available brings together such a range of material and such comprehensive coverage of all Pushkin's major and minor writings. The contributions represent state-of-the-art scholarship that is innovative and accessible, and are complemented by a chronology and a guide to further reading."
713,Child and adolescent suicidal behavior :,"""This comprehensive resource--now revised and expanded--provides school practitioners with an evidence-based framework for preventing and effectively responding to youth suicidal behavior. David N. Miller guides readers to understand, screen, and assess for suicide risk in students in grades K-12. He presents collaborative strategies for intervening appropriately within a multi-tiered system of support. The book also shows how to develop a coordinated plan for postvention in the aftermath of a suicide, offering specific do's and don'ts for supporting students, parents, and school personnel. User-friendly tools include reproducible handouts; the book's large-size format facilitates photocopying. Purchasers get access to a Web page where they can download and print the reproducible materials. New to This Edition *Chapter on the roles and responsibilities of the school-based suicide prevention team. *Significantly revised coverage of screening and suicide risk assessment. *Situates prevention and intervention within a schoolwide multi-tiered system of support. *Updated throughout with current data, practical recommendations, and resources. ""--"
713,Computer music :,"This text reflects the current state of computer technology and music composition. The authors offer clear, practical overviews of program languages, real-time synthesizers, digital filtering, artificial intelligence, and much more."
713,Creating sounds from scratch :,"Creating Sounds from Scratch is a practical, in-depth resource on the most common forms of music synthesis. It includes historical context, an overview of concepts in sound and hearing, and practical training examples to help sound designers and electronic music producers effectively manipulate presets and create new sounds. The book covers the all of the main synthesis techniques including analog subtractive, FM, additive, physical modeling, wavetable, sample-based, and granular. While the book is grounded in theory, it relies on practical examples and contemporary production techniques show the reader how to utilize electronic sound design to maximize and improve his or her work. Creating Sounds from Scratch is ideal for all who work in sound creation, composition, editing, and contemporary commercial production."
713,"Crisis counseling, intervention and prevention in the schools /","""Since the first edition was published in 1988, the role of crisis intervention and prevention has become central to mental health professionals working in the schools. Disasters such as hurricane Katrina, terrorist attacks both in this country and around the world, and various school shootings have greatly increased school crisis research and policy development. This book is designed for an introductory graduate course taken by students in school psychology, school counseling, and school social work. Section I provides a crisis response overview, section II deals with crises for children and adolescents and section III covers crises that manifest in adolescence. Discussions of the 16 most prevalent types of crises are covered in sections II and III and include their characteristics, causes, interventions, and preventive programs. All chapters will be updated, six heavily revised or totally rewritten by new authors, and two new chapters (chapters 8 & 19) have been added. ""--"
713,The cutting edge of the poet's sword :,"In The Cutting Edge of the Poets Sword Osman Latiff assesses anti-Frankish Muslim poetry during the crusades, specifically the topic of fail al-Quds (merits of Jerusalem) and jihd as they relate to the occupation and reconquest of Jerusalem."
713,Effective learning and mental wellbeing :,"""Research shows that by improving the wellbeing of learners we also improve their learning. Effective Learning and Mental Wellbeing is a crucial resource, filled with ready-to-use and thought-provoking activities that support wellbeing within your school, college, organisation, community group, or on your own. Woven throughout are ideas and activities that support learning and wellbeing for many different kinds of learner. Supported by well-researched content, this essential book will enrich and improve both the wellbeing and the learning of all who use it. Areas covered include but are not limited to: How we learn and blocks to learning Mental health and self-efficacy Positive steps to mental wellbeing Wellbeing in the connected learning community The future of wellbeing and learning This book is an essential resource for teachers, therapists, health professionals, parents or carers, and those in the community who work to improve learning through improving wellbeing""--"
713,Entry strategies for school consultation /,"Using a holistic approach - to take intervention from an individual to a systemic level - this book focuses on the front-line, practical issues faced by the consultant attempting to gain entry into a school. Opening with a review of consultation and its purposes, this unusually practical volume describes in detail how to define consultant functions; make decisions about where to enter the system; build support among key school system staff who are in a position to facilitate initial entry; garner information on the school's lines of authority, communication networks, missions, values, goals, and traditions; determine how practical the project is to the school; and ascertain whether financial, personnel, and other resources are available so the project can work. Chapters also cover logistical planning, especially the day-to-day steps needed to facilitate consultation, including time management, utilization of existing school resources, sources of information, and practical ways to turn obstacles into assets. The book comes complete with prototype forms, questionnaires for examining consultant competency, and rating sheets for tracking the consultation process."
713,Ethical decision making in school mental health /,"""Knowing yourself and your responsibilities requires understanding your ethical assumptions and frameworks. This chapter identifies four major ethical theories that inform professional codes of ethics, including deontology, consequentialism, ethics of care, and virtue ethics. It also provides a typology for the mental health professional's use of self that includes (1) negative underinvolvement, (2) positive underinvolvement, (3) positive overinvolvement, and (4) negative overinvolvement. It ties each of these positions to the use of a hierarchy of professional influence, ranging from persuasion, leverage, inducement, and threat, to compulsion""--"
713,Guidance and counselling in schools :,"""This book addresses guidance and counselling needs of children and adolescents in school settings. Acknowledging that most issues which children and adolescents face do not reach clinical settings and are often addressed by primary caregivers, the book focuses on specific strategies that primary caregivers can use. With an overview of mental health concerns that arise during these developmental stages, the book focuses specifically on the roles that parents and teachers can play. Home and school together play vital roles in the lives of children and adolescents. The book thus recognizes the need for them to work together and uses examples from the field to build contexts in which school children and adolescents grow. This is attempted in the backdrop of theories of psychology and mental health therapies. The volume tries to bridge the gap between theory and practical applications of mental health in everyday life. This book would be useful to the students, researchers and teachers working in the field of education, psychology, development studies, social work, and sociology. It would also be an invaluable companion to policy makers, professionals from government and non-government organizations working around education and social development""--"
884,The hard hand of war :,"The Hard Hand of War explores the Union army's policy of destructive attacks on Southern property and civilian morale - how it evolved, what it was like in practice. From an initial policy of deliberate restraint, extending even to the active protection of Southerners' property and constitutional rights, Union armies gradually adopted measures that were expressly intended to demoralize Southern civilians and to ruin the Confederate economy. Yet the ultimate ""hard war"" policy was far from the indiscriminate fury of legend. Union policymakers promoted a program of directed severity - and Professor Grimsley demonstrates how and why it worked."
713,Hope against hope :,"The story of the poet Osip Mandelstam, who suffered continuous persecution under Stalin, but whose wife constantly supported both him and his writings until he died in 1938. Since 1917 The Modern Library prides itself as The Modern Library of the World's Best Books. Featuring introductions by leading writers, stunning translations, scholarly endnotes and reading group guides. Production values emphasize superior quality and readability. Competitive prices, coupled with exciting cover design make these an ideal gift to be cherished by the avid reader. Of the eighty-one years of her life, Nadezhda Mandelstam spent nineteen as the wife of Russia's greatest poet in this century, Osip Mandelstam, and forty-two as his widow. The rest was childhood and youth."" So writes Joseph Brodsky in his appreciation of Nadezhda Mandelstam that is reprinted here as an Introduction. Hope Against Hope was first published in English in 1970. It is Nadezhda Mandelstam's memoir of her life with Osip, who was first arrested in 1934 and died in Stalin's Great Purge of 1937-38. Hope Against Hope is a vital eyewitness account of Stalin's Soviet Union and one of the greatest testaments to the value of literature and imaginative freedom ever written. But it is also a profound inspiration--a love story that relates the daily struggle to keep both love and art alive in the most desperate circumstances."
713,"Jefferson Davis, Napoleonic France, and the nature of confederate ideology, 1815-1870 /","""In his highly innovative study of Confederate political theory, Jeffrey Zvengrowski explains the American Civil War in a new way by arguing that Jefferson Davis and the faction of Confederate leaders who supported him saw Bonapartist France as a model for the Confederate States of America. As such, they saw themselves as struggling not so much for slavery directly, but rather for equality among whites and for white supremacy. And they believed that they were fighting a Republican Party coalition that stood for inequality among whites by means of racial equality or racial equality by means of universal equality. This bloc of the Confederate leadership also wanted to build an industrial nation-state capable of waging Napoleonic warfare with large conscripted armies, and they insisted that state's rights did not mean states should inhibit the national government from exercising such delegated powers as building militarily useful infrastructure. They expected to receive support from many northern Democrats and the Bonapartists of Napoleon III's France, each of whom espoused white equality and supremacy even though they both disliked slavery as an institution more than pro-Davis Confederates. Anglophile anti-Davis Confederates, in contrast, advocated inequality among whites, favored radical state's rights inimical to energetic government at any level, and supported theories of slavery that were hostile to white rule without it. Preferring guerilla to Napoleonic warfare, they hoped to receive support from Britain by asserting that southern plantations were akin to romanticized British aristocratic estates; and that the Confederacy would happily become a de facto British agricultural colony""--"
713,Keeping minds happy and healthy :,"Keeping Minds Happy and Healthy is a practical resource for teachers and shows how pupils can achieve and maintain excellent mental health. It focuses on identifying the main causes of unhappiness, stress and anxiety, by examining the difficulties a school system can inadvertently create for pupils. By developing resilience, empathic behaviour, social skills and self respect during childhood, pupils will better equipped to withstand the pressures of modern society and growing up."
713,"Khodasevich, his life and art /","This critical biography of Vladislav Khodasevich (1886-1939), David M. Bethea introduces to the Western reader the life and art of a literary figure described by Vladimir Nabokov as the greatest Russian poet of the twentieth century.Originally published in 1983.The Princeton Legacy Library uses the latest print-on-demand technology to again make available previously out-of-print books from the distinguished backlist of Princeton University Press. These editions preserve the original texts of these important books while presenting them in durable paperback and hardcover editions. The goal of the Princeton Legacy Library is to vastly increase access to the rich scholarly heritage found in the thousands of books published by Princeton University Press since its founding in 1905."
713,"The men of secession and Civil War, 1859-1861 /","""James L. Abrahamson was a former professor of history at the U.S. Military Academy at West Point. He later held the Eisenhower Chair at the Army War College and the Barden Chair at Campbell University. He has since been a visiting professor at the University of North Carolina at Chapel Hill.""--BOOK JACKET."
713,Newest born of nations :,"""From the earliest stirrings of southern nationalism to the defeat of the Confederacy, analysis of European nationalisms played a critical role in southern thought about the new southern nation. After secession, southern thinkers sought to legitimize the new southern nation by comparing it to contemporary European nationalist movements. Because the Confederate nation was cast in the same mold as European counterparts, southerners argued, it deserved independence. While popular at home, such claims failed to resonate with Europeans and northerners, who viewed slavery as incompatible with liberal nationalism. Forced to re-evaluate their claims about the international place of southern nationalism, some Confederates redoubled their attempts to place the Confederacy within the broader trends of nineteenth century nationalism. More conservative southerners took a different tack. They emphasized the distinctiveness of southern nationalism, claiming that the Confederacy actually purified nationalism through slavery""--"
713,School mental health :,"""This book related to fundamental recognitions that 1) children, adolescents, and families usually make no or very poor connections to specialty mental health (see Atkins et al. 1998; Catron, Harris, & Weiss, 1999), 2) schools are where children and youth are, and 3) many advantages accrue when education, mental health, and other youth-serving systems join together to better meet the mental health needs of students, in ways that reflect reducing and removing barriers to learning (Andis et al., 2002; Weist, 1997). National and global networks are increasingly recognizing the centrality of the SMH agenda as reflected in increasing funding, growing training opportunities, key policy initiatives, and an advancing research base that involves localities, states, regions and countries pursuing common themes""--"
713,School mental health services for adolescents /,"Evidence-based mental health services are lacking in many school systems, but especially in secondary schools. Adolescents who can benefit from school mental health services are those who experience disruptive behavior disorders, anxiety, depression, alcohol/drug use, sexual or physical abuse, chronic health problems, crisis situations such as suicidal ideation or attempts, natural disasters, and exposure to community or family violence that can interfere with academic success. Currently, one-half of students with emotional or behavioral disorders drop out of school prior to graduation, pointing to the need to disseminate proven strategies that strengthen effective secondary school services. School Mental Health Services for Adolescents includes a range of expert guidance on implementation of school mental health services in secondary schools. The significance of this information cannot be overstated, as only 20% of children and adolescents who need such services receive them. Schools are a logical venue for service provision because emotional and behavioral problems interfere with academic achievement, and a lack of access to mental health services is a major barrier to treatment for youth. Authors discuss services that can be implemented by school-based professionals and methods of overcoming implementation barriers. Chapters cover the history and need for services, issues of identification and referral for treatment in schools, descriptions of evidence-based interventions, proposed service delivery models, assessment strategies, and integration of mental health programs in schools. This book will be a valuable resource for researchers, trainers of school mental health professionals, school administrators and supervisors, and school-based mental health providers including psychologists, counselors, and social workers."
713,Science of strength training :,"""Whether you want to tone and sculpt, lose weight, gain an athletic edge, or support mobility, strength training will help achieve your goals. [This book] reveals the mechanics of each movement in detail, identifying the muscles and joint actions working below the surface, so you can maximize your workouts and feel you're getting it right.""--Page 4 of cover."
713,Social media and mental health in schools /,"Social media is at the heart of children's and young people's lives. It is intimately entwined with mental health issues and can be both a blessing and a curse.Do you fully understand the links between social media and mental health?What problems does social media present for your learners?What benefits could it bring them?What can you do to educate children and young people about the use of social media while also developing their digital resilience?Whether you are a primary or secondary teacher, this book helps you tackle these questions, with a range of practical strategies and solutions that are workable in school and classroom settings."
713,Student mental health /,"Student mental health is a huge issue in the education sector, and due to overwhelmed mental health systems, greater pressures are placed on teachers to offer pastoral support to students. This book is packed with practical strategies to help teachers with supporting their students.The Little Guide for Teachers series is little in size but BIG on all the support and inspiration you need to navigate your day-to-day life as a teacher."
713,"Suicide, self-injury, and violence in the schools :",""". This book will be the first of its kind to provide school's first responders (that is, school counselors, psychologists, social workers, teachers, and administrators) with information on assessing and preventing these risks in a practical, concise, and affordable format""--"
713,"To fill, forebear, or adorne :","""This is the first study to provide a systematic and thorough investigation of continuo realization styles appropriate to Restoration sacred music, an area of performance practice that has never previously been properly assessed. Rebecca Herissone undertakes detailed analysis of group or organ books closely associated with the major Restoration composers Purcell, Blow and Humfrey, and the London institutions where they spent their professional lives.""--BOOK JACKET."
719,Beethoven's theatrical quartets :,"""Beethoven's middle-period quartets, Opp. 59, 74 and 95, are pieces that engage deeply with the aesthetic ideas of their time. In the first full contextual study of these works, Nancy November celebrates their uniqueness, exploring their reception history and early performance. In detailed analyses, she explores ways in which the quartets have both reflected and shaped the very idea of chamber music and offers a new historical understanding of the works' physical, visual, social and ideological aspects. In the process, November provides a fresh critique of three key paradigms in current Beethoven studies: the focus on his late period; the emphasis on 'heroic' style in discussions of the middle period; and the idea of string quartets as 'pure', 'autonomous' artworks, cut off from social moorings. Importantly, this study shows that the quartets encompass a new lyric and theatrical impetus, which is an essential part of their unique, explorative character""--"
719,Night photography and light painting :,"Lance Keimig, one of the premier experts on night photography, has put together a comprehensive reference that will show you ways to capture images you never thought possible. This new edition of Night Photography presents the practical techniques of shooting at night alongside theory and history, illustrated with clear, concise examples, and charts and stunning images. From urban night photography to photographing the landscape by starlight or moonlight, from painting your subject with light to creating a subject with light, this book provides a complete guide to digital night photography and light painting."
719,The Pilates bible :,"The Pilates Bible is the most authoritative and comprehensive book on Pilates matwork ever written and demonstrates why this hugely popular exercise has gone from cult status to an essential part of our modern lifestyle. Drawing on the latest medical research, the authors have updated old favourites as well as introduced many new. All can be performed with little or no equipment and The Pilates Bible allows you to progress safely at your own pace through Beginners, Intermediate and Advanced. There are also special sections on Pilates for new mothers and children, people with problems such as osteoarthritis, back pain and knee injuries, as well as Pilates at the gym and the workplace, and for the performing arts and sport. This is truly the one-stop guide for Pilates novices as well as those hoping to consolidate what they already know."
719,Pilates practice companion /,"This is an accessible and user-friendly one-stop guide. Whether you are a beginner, at intermediate level or are looking for something more advanced, pick a programme that suits your style with the ""Pilates Practice Companion"". This title is packed with 20, 40 and 60-minute sequence programmes covering step-by-step exercises to improve posture, flexibility and energy levels. Plus, find sections for specific problems such as back, knee, hip and shoulder. With a warm, reassuring tone and accessible, user-friendly format, this book offers a more holistic approach, listing the physical and mental benefits of Pilates and highlighting common faults with tips on 'how-not-to-do-it'. Plus, get advice on healthy eating and ways to incorporate Pilates into everyday life in order to feel more balanced."
762,American turnaround :,"CEO Ed Whitacre shares his story of his corporate success at AT&T and his assignment by President Barack Obama to turn around the failing General Motors. He delves candidly into the business tactics he used to bring GM back from the brink, and discusses the people and events that have influenced his life."
762,The BMW century :,"""Relive the first one hundred years of Germany's best two- and four-wheeled rides. Established in 1916, BMW is one of the auto and motorcycle industry's oldest and most-respected car and motorcycle manufacturers. Over the past century, the company went through myriad developments. The BMW Century chronicles this remarkable transportation company through images of the cars and motorcycles it manufactured, from the 1923 R32 motorcycle to sleek electric cars of today. This handsome volume is filled with images, history, and in-depth looks at the incredible machines BMW created year after year. The BMW Century showcases how the company's new visionary team systematically rebuilt BMW in the post-World War II years into the spectacular success we know today - that is, a company with sales projected to be upwards of two million cars annually by 2016, led by its 3-series, the best-selling luxury-performance car in the world. BMW's motorcycle division is no less legendary. It began with the 1923 avant-garde R32, which featured a 180-degree, horizontally opposed twin, the engine configuration that would become BMW's hallmark. Along the way, BMW would use that configuration to power groundbreaking machines like the R90S, R100RS, and R80GS. Beginning in 1983, they would add three- and four-cylinder machines to their offerings, culminating in today's spectacular S1000RR sport bike. From the pre-war motorcycles to the iconic R-series twins of the 1970s and 80s to the mighty M-series cars and superbikes of today, The BMW Century offers a full review of German engineering at its finest. The book is illustrated with hundreds of historic, contemporary, and racing photographs - many sourced from BMW's archives - and detailed text relating the BMW's full history. This is the one volume no BMW aficionado can be without""--"
762,The British miner in the age of de-industrialization :,"The British coal industry no longer exists and yet the figure of the coal miner lives on in the British cultural imagination. In feature films and documentaries, miners are typically portrayed as proletarian traditionalists working in a dying industry. Taking this perspective, the 1984/85 miners' strike seems a desperate last stand against forces much bigger than the miners themselves - not just the Thatcher government but the tide of historical change itself.00In this ground-breaking study, Jörg Arnold challenges a declinist reading of the people working in one of Britain's most important energy industries. The study makes extensive use of previously inaccessible records to offer a new account of the British miner in the age of de-industrialisation. The book situates the miners in broader structures of feeling, and reconstructs the miners' sense of the past and the future. 00Arnold argues that Britain's miners went through a cyclical movement as Britain underwent a de-industrial revolution in the final decades of the twentieth century. The book reinserts the industry's 'new dawn' of the 1970s into the story of coal and shows that the miners wielded real power. The industry's reversal of fortunes, inscribed in Plan for Coal (1974). Its significance, the book argues, did not lie in affecting the long-term trajectory of the coal industry. Rather, the 'new dawn' was important in raising the political and cultural stakes. 00The miners found themselves at the centre of sharply conflicting visions of the future at a critical juncture in Britain's history. The figure of the coal miner became invested with sharply contrasting characteristics. The miners, thought to be uniquely powerful by their numerous opponents, and half believing in this power themselves. The miners' special nature, however, jarred with the aspiration to lead an ordinary life, producing tensions that were most cruelly exposed in the year-long strike of 1984/1985."
897,Differential treatment in international environmental law /,"""This book is a comprehensive study of differential treatment for developing countries in international environmental law. It offers a compelling analysis of the legal dimension of the relationship between developed and developing countries in the environmental field and beyond. It first critically examines the principle of legal equality of states and then explores the conceptual framework behind the notion of differential treatment in international law and its relevance in bringing about substantive equality. The book examines the development of differentiation in international environmental law, considers its application in various environmental treaties and evaluates the legal status of existing differential norms. It also examines the contribution of differentiation to the implementation of environmental treaties and the extent to which differential treatment fosters the decentralization of international environmental policy making. It is an indispensable resource for all actors involved in environmental law and policy making, scholars and students.""--BOOK JACKET."
762,The East Asian computer chip war /,"""This book focuses on the globalization of the strategic semiconductor industry and the security ramifications of this process. It examines in particular the migration of the Taiwanese chip industry to China as part of the globalization of production processes, and the extent to which such a globalization process poses security challenges to the United States, China and Taiwan""--"
762,Environmental issues in insolvency proceedings /,"At the October 1996 meeting of the Section on Business Law of the International Bar Association, Committee J presented a programme on environmental issues in insolvency proceedings. The success of the programme encouraged the participants to expand their papers into this book which offers an up-to-date current analysis of the treatment of environmental issues in bankruptcy and insolvency proceedings in six jurisdictions: Canada, Denmark, Germany, Spain, the United Kingdom and the United States. Each of the contributors outline the environmental concerns and legal issues within their jurisdiction, address the insolvency issues that arise and the impact of environmental concerns. The book also includes useful insights from a major international bank - Bank of Nova Scotia - into the handling of international credits where environmental concerns are raised in insolvency proceedings."
762,Epistolary Korea :,"By expanding the definition of ""epistle"" to include any writing that addresses the intended receiver directly, JaHyun Kim Haboush introduces readers to the rich epistolary practice of Chosŏn Korea. The Chosŏn dynasty (1392-1910) produced an abundance of epistles, writings that mirror the genres of neighboring countries (especially China) while retaining their own specific historical trajectory. Written in both literary Chinese and vernacular Korean, the writings collected here range from royal public edicts to private letters, a fascinating array that blurs the line between classical and everyday language and the divisions between men and women. Haboush's selections also recast the relationship between epistolography and the concept of public and private space. Haboush groups her epistles according to where they were written and read : public letters, letters to colleagues and friends, social letters, and family letters. Then she arranges them according to occasion : letters on leaving home, deathbed letters, letters of fiction, and letters to the dead. She examines the mechanics of epistles, their communicative space, and their cultural and political meaning. With its wholly unique collection of materials, ""Epistolary Korea"" produces more than a vivid chronicle of pre- and early modern Korean life. It breaks new ground in establishing the terms of a distinct, non-European form of epistolography."
762,The frackers :,"The riveting, untold story of the men who are transforming global energy. In five years, the United States has seen a historic burst of oil and natural gas production, easing our insatiable hunger for energy. A new drilling process called fracking has made us the world's fastest growing energy power, on track to pass Saudi Arabia by 2020. But despite headlines and controversy, no previous book has shown how the revolution really happened. The Frackers tells the dramatic tale of how a group of ambitious and headstrong wildcatters ignored the ridicule of experts and derision of colleagues to pursue massive, long-overlooked deposits. Against all odds, they changed the world-and made astonishing fortunes in the process. Zuckerman's exclusive access enabled him to get close to men like George Mitchell, who developed a new way to drill for gas in shale rock; Harold Hamm, who discovered so much oil he's now worth more than the estate of Steve Jobs; and Aubrey McClendon, who lost more than $2 billion on a misguided gambit. Zuckerman shows how the frackers are now using their wealth to shake up Hollywood, education, politics, sports, and other fields, much like the Rockefellers and Gettys before them. He also explores the debate over the environmental risks of fracking, and whether those risks are worth it for the United States to achieve energy independence and for the rest of the world to follow."
762,Mississippi's natural heritage :,"""Mississippi's Natural Heritage: Photographs of Flora and Fauna glories in the plants and animals of the state. Featuring four hundred beautiful color photographs and a complete index of included species, Mississippi's Natural Heritage is the first book of its kind dedicated to Mississippi's natural world. Photographer Wesley L. Shoop spent years photographing a vast array of invertebrates, fossils, amphibians and reptiles, birds, mammals, plants, and fungi, and the book features a section dedicated to each group. The photographs in this book were taken in LeFleur's Bluff State Park, a dazzling, well-known Mississippi park and urban natural area that exemplifies the biota of Mississippi. Over a thousand species of flora and fauna have been identified on the Park's bluff and floodplain. All of these species can be found in forests, parks, and backyards across the state. LeFleur's Bluff is a fascinating microcosm of Mississippi's ecological community. Shoop has created this breathtaking collection of images in the hope that by illustrating the living diversity found in Mississippi, it can inspire a greater appreciation of what we have and how impoverished we will be if we do not protect it""--"
762,Profit from experience :,"In this bestselling book, Gil Amelio outlines the innovations he introduced at National Semiconductor that guided the company from the brink of bankruptcy to its highest earnings in history in just three years. ""A remarkable firsthand account""."
762,Religion and mental health :,"Religion and Mental Health: Research and Clinical Applications summarizes research on how religion may help people better cope or exacerbate their stress, covering its relationship to depression, anxiety, suicide, substance abuse, well-being, happiness, life satisfaction, optimism, generosity, gratitude and meaning and purpose in life. The book looks across religions and specific faiths, as well as to spirituality for those who don't ascribe to a specific religion. It integrates research findings with best practices for treating mental health disorders for religious clients, also covering religious beliefs and practices as part of therapy to treat depression and posttraumatic stress disorder."
762,Religious literacy in hospice care :,"""This is the first book to explore how religion, belief and spirituality are negotiated in hospice care. Specifically, it considers the significant place that spiritual care has in hospice care and claims that the changing role of religion and belief in society highlights the need to re-examine how such identities are integrated in professional practice. Using religious literacy as a framework, the author explores how healthcare professionals in hospice care respond to religion, belief and spiritual identities of service users. Part 1 provides a comprehensive account of the content and history of the place of religion, belief and spirituality in hospice care. Part 2 examines how these topics are negotiated in hospice care by looking at three key areas: environment, professional practice and organisation. Part 3 proposes a religious literacy model applicable to hospice care and explores implications for practice and policy. Lastly, the author identifies future trends in research, policy and practice. Drawing on a range of theories and concepts and proposing a working model that can impact on the training of future and current professionals, Religious Literary in Hospice Care should be considered essential reading for students, researchers and practitioners""--"
762,Sacred science :,"Sacred Science is an analysis of post-war discourses concerning health and illness. These discourses are an attempt to grasp the meaning of health in our modern human condition, and as such they provide both new insights into the genealogy of conceptualizations of both health and illness, but also serve as a viable hermeneutic summary of many important textual moments in the recent history of health studies, including Foucault, Gadamer, Illich, Sontag, and others. This book is the result of a phenomenological disquisition of the ideas employed by health scholars and philosophers, and its import rests both on its uniqueness in the relevant fields and its new ideas, including 'indefinitude', 'deontic facticity', and illness as the experience of the simultaneous 'inexistence' of both life and death."
762,The space barons :,"The Space Barons is the story of a group of billionaire entrepreneurs who are pouring their fortunes into the epic resurrection of the American space program. Nearly a half-century after Neil Armstrong walked on the moon, these Space Barons-most notably Elon Musk and Jeff Bezos, along with Richard Branson and Paul Allen-are using Silicon Valley-style innovation to dramatically lower the cost of space travel, and send humans even further than NASA has gone. These entrepreneurs have founded some of the biggest brands in the world-Amazon, Microsoft, Virgin, Tesla, PayPal-and upended industry after industry. Now they are pursuing the biggest disruption of all: space. Based on years of reporting and exclusive interviews with all four billionaires, this authoritative account is a dramatic tale of risk and high adventure, the birth of a new Space Age, fueled by some of the world's richest men as they struggle to end governments' monopoly on the cosmos. The Space Barons is also a story of rivalry-hard-charging startups warring with established contractors, and the personal clashes of the leaders of this new space movement, particularly Musk and Bezos, as they aim for the moon and Mars and beyond."
762,Sustainable development and international law /,"The results of the Rio Summit of 1992 brought a major conceptual breakthrough: environmental protection as a field of international co-operation expanded into ""sustainable development"" through the involvement of developing countries. This evolution has a major impact on international law as one of the prime means of co-operation between states. Scholars and practitioners are reviewing the directions into which the emerging order is moving: a stronger role for equity and justice, for compliance-control, for dispute-avoidance and capacity-building. Rule-making will only be successful if it includes all interested parties, and if it takes account of other important concerns such as international trade. This volume contains the revised and edited papers presented at a symposium held in Baden bei Wien in April 1994. The Austrian Government convened this meeting of prominent scholars and practitioners to contribute to the work of the United Nations Commission on Sustainable Development."
762,Transboundary damage in international law /,"""The Chernobyl disaster and the ""Amoco Cadiz"" oil spill are examples of environmental catastrophes that have crossed national borders and resulted in complex legal disputes in international law. Xue Hanqin details the international rules and compensation procedures that apply to transboundary environmental disputes in this well researched and comprehensive book. As she discusses existing laws on international liability, she also considers those underlying legal issues that require further development. Written from the perspective of a country coping with rapid economic and social development, this book offers an examination of the problems of transnational environmental damage from a fresh and challenging new perspective. As well as scholars and upper-level students, this book will interest government officials, international lawyers and jurists.""--BOOK JACKET."
