DDC,Title,description
868,American value :,
868,The art of worldly wisdom /,
868,Borges and Kafka :,"Sarah Roger investigates Jorge Luis Borges's development as an author in light of Franz Kafka's influence, and in consideration of Borges's relationship with his father, Jorge Guillermo Borges (Borges pere, a failed author). Borges believed that much of Kafka's writing derived from his personal experiences, particularly his relationship with his father. This book looks at how reading Kafka helped Borges mediate and make productive use of his own relationship with his father, and it offers a thorough analysis of Borges pere's writing, which is supplemented by an appendix that reprints Borges pere's poetry for the first time. Borges and Kafka also provides extensive analysis of Kafka's presence in Borges's critical writing, his translations, and the stories that he modelled on Kafka. Particular attention is paid to the concepts that Borges identified as Kafka's obsessions: subordination, infinity, and hierarchical relationships, which Borges referred to as the 'patria potestad.' Roger's analysis is accompanied by an annotated bibliography documenting every mention of Kafka in Borges's writing and a list of every Kafka text Borges read. Kafka's influence is especially evident in the stories where Borges was openly imitating Kafka-'La loteria en Babilonia' (1941), 'La biblioteca de Babel' (1941), and 'El Congreso' (1971)-but it features throughout Ficciones. Reading Borges's writing in light of his interest in Kafka demonstrates his focus not just on the individual's subordinate place in an infinite hierarchy but also on the repercussions these circumstances had for a struggling author like Borges, who was seeking to define himself through his writing."
868,Borges on writing /,
868,"Borges, between history and eternity /",
868,The Cambridge Companion to Jorge Luis Borges /,
868,The city of translation :,"A study of the relationship between literary translation, authoritarian politics, linguistic ideologies, juristic philology, religion, and poetry in late nineteenth-century Colombia."
868,Colonial angels :,
868,Desire and dissent :,
868,Diasporic generations :,
868,Eminent maricones :,
868,Federico Garcia Lorca /,
868,Hispanic migration and urban development :,
868,Hispanic U.S.A. :,
868,Hispanic/Latino identity :,
868,In search of duende /,
868,In the green morning :,
868,Irony and self-knowledge in Francisco Lopez de Villalobos /,
868,Irony and the logic of the romantic imagination /,
868,Jorge Luis Borges :,"""A probing, engaging examination of the work of Jorge Luis Borges (1899-1986) in the context of Argentinian, Latin American, and world literature, from his beginnings as an avant-gardist to his consecration as one of the most influential literary figures of the twentieth century. In essays, stories, and poems, Borges developed a unique voice that allowed him to explore favorite intellectual motifs: labyrinths, the infinite, the universe as a book, memory, and storytelling as fate. Just as he renewed the Spanish language by means of a tight, almost mathematical style, he redefined Argentine literature by inviting its practitioners to tackle universal themes, and he embraced translation as a strategy for reconceptualizing the original text. Ilan Stavans, a world authority on Borges and an internationally celebrated essayist and translator, reflects on what the term Borgesian means in an age of instant information, consumerism, and apathy toward reading""--"
868,Labyrinths :,
868,Latin Americanism /,
868,Latin looks :,
868,Latino immigrants in the United States /,
868,Latinos unidos :,
868,Leading Latino talent to champion innovation /,
868,The literature of misogyny in medieval Spain :,
868,Lorca :,
868,Lorca :,
868,Lorca's legacy :,
868,Magical urbanism :,
868,Mestizo :,
868,My side of the river :,"""Elizabeth Camarillo Gutierrez reveals her experience as the U.S. born daughter of immigrants and what happened when, at fifteen, her parents were forced back to Mexico in this galvanizing yet tender memoir. Born to Mexican immigrants south of the Rillito River in Tucson, Arizona, Elizabeth had the world at her fingertips as she entered her freshman year of high school as the number one student. But suddenly, Elizabeth's own country took away the most important right a child has: a right to have a family. As her parents' visas expired, they were forced to return to Mexico, leaving Elizabeth responsible for her younger brother, as well as her education. Determined to break the cycle of being ""a statistic,"" she knew that even though her parents couldn't stay, there was no way she could let go of the opportunities the U.S. could provide. Armed with only her passport and sheer teenage determination, Elizabeth became what her school would eventually describe as an unaccompanied, homeless youth, one of thousands of underage victims affected by family separation due to broken immigration laws. For fans of Educated by Tara Westover and The Distance Between Us by Reyna Grande, My Side of the River explores separation, generational trauma, and the toll of the American dream. It's also, at its core, a love story between a brother and a sister who, no matter the cost, is determined to make the pursuit of his own dreams easier than it was for her""--"
868,On mysticism /,"An unprecedented collection of the visionary Argentine writer's meditations on the mystical realm Jorge Luis Borges immersed himself and his readers in metaphysical fantasies--playing reason against faith, belief against logic. His profound knowledge of eastern religions was an endless source of inspiration for his writing. On Mysticism--edited by Borges's widow, Maria Kodama--brings together a stunning group of prose pieces and poems that speak to this signature theme of his writing, from some of his most celebrated works to others that appear here in English for the first time. Together they yield valuable insights into the most ineffable dimension of his writing, illuminating the inimitable rewards of this literary visionary, a wisdom writer whose belief in the magic of words has made him beloved around the world."
868,The pocket oracle and art of prudence /,
868,The quest for God in the work of Borges /,
868,Rethinking the borderlands :,
868,A short account of the destruction of the Indies /,
868,A short account of the destruction of the Indies /,
868,Solving Latino psychosocial and health problems :,
868,Son of Andalusia :,
868,Spanish Golden Age autobiography in its context /,
868,The tragic sense of life in men and nations /,The acknowledged masterpiece of Unamuno expresses the anguish of modern man as he is caught up in the struggle between the dictates of reason and the demands of his own heart.
868,The tragic sense of life in men and nations /,The acknowledged masterpiece of Unamuno expresses the anguish of modern man as he is caught up in the struggle between the dictates of reason and the demands of his own heart.
868,A universal history of infamy /,
868,An unspeakable betrayal :,
868,With Borges on an ordinary evening in Buenos Aires :,
868,Written literacy features of three Puerto Rican family networks in Chicago :,
873,The Aeneid /,
873,The Aeneid /,
873,The Aeneid /,
873,Aeneid /,"The supreme Roman epic and the greatest poem in Latin, the Aeneid has inspired many of the great European poets including Dante and Milton. The Trojan hero Aeneas, after surviving the sack of Troy, makes his way to the West, urged on by benevolent deities and following a destiny laid down by Jupiter, but harassed and impeded by the goddess Juno. He wins his way to Italy despite many trials, of which the greatest is the tragic outcome of his love affair with Dido, Queen of Carthage. In Italy Aeneas visits the world of the dead, and is forced to wage a fearful war with the indigenous Italian tribes before he can found his city and open the history of Rome. The Aeneid survives as a poem not only of Roman imperialism but also of the whole world of human passion, duty and suffering."
873,The Aeneid /,"This volume represents the most ambitious project of distinguished poet David Ferry's life: a complete translation of Virgil's Aeneid. Ferry has long been known as the foremost contemporary translator of Latin poetry, and his translations of Virgil's Eclogues and Georgics have become standards. He brings to the Aeneid the same genius, rendering Virgil's formal, metrical lines into an English that is familiar, all while surrendering none of the poem's original feel of the ancient world. In Ferry's hands, the Aeneid becomes once more a lively, dramatic poem of daring and adventure, of love and loss, devotion and death. The paperback and e-book editions include a new introduction by Richard F. Thomas, along with a new glossary that makes the book even more accessible for students and for general readers coming to the Aeneid for the first time who may need help acclimating to Virgil's world."
873,The Aeneid /,
873,The Aeneid /,
873,The Aeneid /,
873,Aeneid /,
873,The Aeneid /,
873,The Aeneid of Vergil /,
873,The Aeneid of Virgil,
873,The ambivalent welcome :,
873,American immigration :,"""No modern nation has experienced immigration of the size and diversity of the United States. Beyond experiencing immigration, the US is conceived in immigration, which has assisted repeatedly in constituting the character of society. This volume examines the history of immigration and immigrant-founded ethnicity as well as the evolution of America out of its diverse ethnic and racial roots. American Immigration: A Very Short Introduction examines this complicated story, combining analysis of race and ethnicity with attention to the rise and development of American social pluralism out of both""--Provided by publisher."
873,Ancient DNA :,
873,Apocolocyntosis /,
873,Aspects of Apuleius' Golden ass :,
873,Balancing interests :,
873,Book VI of Ovid's Metamorphoses :,"The verse-by-verse commentary on the Ovidian text includes the reading of more than 300 manuscripts, including the so-called Heinsian manuscripts, and of almost 100 editions, from the two editiones principes of 1471 to the present day.The introduction describes the manuscripts used, and a history of the Ovidian editions is also traced.A new text of book VI is presented, accompanied by a slim and lucid critical apparatus. Futher information appears in the commentary and in the appendices, particularly readings of manuscripts and editions."
873,Brill's companion to Valerius Flaccus /,
873,The Cambridge companion to Virgil /,
873,The Cambridge companion to Virgil /,
873,The Cambridge companion to Virgil /,"The poet Virgil remains the most significant and influential figure in Latin literature, and this expanded and updated Companion covers his life, work, and reception from antiquity to the present. The Aeneid, the Eclogues, the Georgics, and the Appendix Vergiliana are all discussed, as are art, history, politics, and philosophy; Virgil's literary style is carefully explored along with poetic traditions before and since, and chapters engage with his poems and their reception from perspectives including intertextuality, narratology, gender theory, philology and historicism. Leading authors cover topics from translations and commentaries to genre, authority, and characterisation, providing revised and updated recommendations for further reading. This volume is an accessible introduction to Virgil and his legacy for students and teachers, while also providing wide-ranging and in-depth investigations that will appeal to scholars of classical literature and other disciplines."
873,Changing relations :,
873,Civil war /,"This new translation in free verse conveys the full force of Lucan's writing and his grimly realistic view of the subject. The Introduction sets the scene for the reader unfamiliar with Lucan and explores his relationship with earlier writers of Latin epic, and his interest in the sensational. ABOUT THE SERIES: For over 100 years Oxford World's Classics has made available the widest range of literature from around the globe. Each affordable volume reflects Oxford's commitment to scholarship, providing the most accurate text plus a wealth of other valuable features, including expert introductions by leading authorities, helpful notes to clarify the text, up-to-date bibliographies for further study, and much more."
873,A commentary on Silius Italicus' Punica 10 /,"The Battle of Cannae represents a conflict of mighty powers and a crushing defeat, notoriously the worst in Rome's history. Dawn on August 2, 216 BC, saw the armies of Rome and Carthage clash in what the participants hoped would be the decisive engagement for supremacy in Mediterranean trade and empire. Punica 10 opens with the final phase of the battle, when there lingered no hope of victory in the Roman ranks. The military narrative moves mercilessly through the aristeia and death of the heroic consul, Paulus, to the ghastly tableau of Roman defeat. But the mystique of Cannae lies in a paradox: that the army ignominiously vanquished emerges the ultimate victor. Although night falls on a battlefield littered with the wreckage of Rome's military might and a triumphant victor still unsated with Roman blood, the second half of the book unfolds a sequence of unexpected twists in the action which destabilize Hannibal's confidence and initiate acts of heroism inspiring freshresolution in the traumatized Romans. In one of Silius' finest books, the climactic sweep of his epic is enriched by intertextual allusions to Virgil's great narrative of epic closure: Aeneid 12.In contrast to her earlier commentary on Punica 7, which explores intertexts associated with Hannibal's desecration of rural Italy, R. Joy Littlewood's new commentary focuses on Silius' military narrative; the poetics of defeat with its imagery of shipwreck and the spectacle of death in the Roman amphitheatre. It aims to show how a poet with long experience in politics as a senior senator in the first century CE interpreted Rome's historic disaster and eventual triumph in the light of his own experiences of civil war and a swift succession of Roman emperors. Presented here alongside the Latin text and translation, and supplemented with plans of the battlefield, this commentary offers both philological and stylistic exegesis alongside historical analysis and up to date literary criticism. It is accompanied by an extended introduction including analyses of Silius' adaptation of Livy's Cannae narrative, of the contrasting moral strengths of his three Roman heroes, and of the ideascontained in the intertextually rich, exemplary epigram which closes Book 10."
873,The complete guide to immigration and successful living in the United States.,
873,Comprehensive musicianship through band performance.,
873,Comprehensive musicianship through choral performance.,
873,Comprehensive musicianship through Classroom music.,
873,Comprehensive musicianship through orchestra performance :,
873,Comprehensive musicianship through string ensemble performance.,
873,Contemporary immigration and American society /,
873,Crisis and conversion in Apuleius' Metamorphoses /,"Apuleius' wonderful Latin novel Metamorphoses, written in the second century C.E., has gained new attention with the genre of the ancient novel as a whole. In Crises and Conversion in Apuleius' Metamorphoses, Nancy Shumate builds on recent attempts to apply contemporary critical theory to the work. She uses an epistemologically oriented model of religious conversion to study the experiences of the novel's central characters, Lucius, who is turned into an ass and back again. Shumate draws on a wide range of literary and nonliterary representations of conversion to establish a useful theoretical framework for studying Apuleius' novel. The Metamorphoses emerges as a text that anticipates later narratives of conversion in its concern with the social construction of knowledge and the changing perspective of the narrator as he moves from one cognitive world to the other."
873,Cupid & Psyche /,
873,The cymbal book /,
873,The determinants of human migration /,
873,Distant magnets :,
873,Early Augustan Virgil :,
873,The eclogues ;,
873,The economic consequences of immigration /,
873,The economic consequences of immigration /,
873,The economic consequences of immigration /,
873,Elements of tragedy in Flavian epic /,"In the light of recent scholarly work on tragic patterns and allusions in Flavian epic, the publication of a volume exclusively dedicated to the relationship between Flavian epic and tragedy is timely. The volume, concentrating on the poetic works of Silius Italicus, Statius and Valerius Flaccus, consists of eight original contributions, two by the editors themselves and a further six by experts on Flavian epic. The volume is preceded by an introduction by the editors and it concludes with an 'Afterword' by Carole E. Newlands.Among key themes analysed are narrative patterns, strategies or type-scenes that appear to derive from tragedy, the Aristotelian notions of hamartia and anagnorisis, human and divine causation, the 'transfer' of individual characters from tragedy to epic, as well as instances of tragic language and imagery.The volume at hand showcases an array of methodological approaches to the question of the presence of tragic elements in epic. Hence, it will be of interest to scholars and students in the area of Classics or Literary Studies focusing on such intergeneric and intertextual connections; it will be also of interest to scholars working on Flavian epic or on the ancient reception of Greek and Roman tragedy."
873,Ellis Island interviews :,
873,Emigration & immigration :,
873,Epic in Republican Rome /,"Epic in Republican Rome is the first extended literary treatment of early Latin epic. Goldberg views the creators of these now-fragmentary works not simply as predecessors of Vergil, who in important ways stands outside their tradition, but as pioneers and poets in their own right. Still, he goes beyond practical criticism. Exploring the literary experiments of Andronicus, Naevius, Ennius, and Cicero, Goldberg examines issues of poetry and patronage, cultural assimilation and national ideology, modeling and originality that both come to characterize Roman literature of all periods and continue to shape modern responses to that literature. The aesthetic questions raised are thus inseparable from the wider cultural context that encouraged poets to develop - and Roman society to value - an epic tradition in Latin. The book combines traditional literary and philological methods with modern techniques of cultural studies and contemporary inquiries into the formation of national literatures. What emerges from Goldberg's study is a fresh perspective on Vergil's achievement, with new insights into the cultural dynamics of Republican Rome."
873,The epic successors of Virgil :,
873,First generation :,
873,First generation :,
873,Foreign relations :,
873,Foreign relations :,
873,The Georgics :,
873,Georgics /,
873,The Georgics /,
873,The Georgics of Virgil :,
873,Gesta Romanorum :,"The Gesta Romanorum, compiled in the late 13th or early 14th century, is one of the primary sources of western European literature. It is an anonymous collection of tales written in Latin, and drawn from a wide variety of sources mythology, legend, classical narratives, chronicles, Eastern allegorical stories so the title (""Deeds of the Romans"") is misleading, as only some of the stories concern the Romans."
873,The golden ass /,
873,The handbook of international migration :,"""The Handbook of International Migration gathers the best of this scholarship in one volume to present a comprehensive overview of the state of immigration research in this country, bringing coherence and fresh insight to this fast growing field."" ""The contributors to The Handbook of International Migration draw upon the best social science theory and demographic research to examine the effects and implications of immigration in the United States.""--BOOK JACKET."
873,How to be a leader :,"""The philosopher, statesman, and moralist Plutarch of Chaeronia (first and early second centuries CE) begins his essay Political Advice, wherein he advises a man about how to embark upon a career in government and how to become an effective leader by saying: 'First of all, let the primary motivation for political activity be a conscious choice based on judgment and reason, which serves as a firm and strong foundation, and let the choice not be rashly inspired by the vain pursuit of glory, a sense of rivalry, or a lack of other meaningful activities.' In How to Lead, classicist Jeffrey Beneker translates three of Plutarch's political essays: To an Uneducated Leader, Political Advice, and The Role of the Elder Statesman. In these essays Plutarch seeks not only to advise these budding, practicing, and even aging politicians about the problems of governing their Greek cities under Roman rule, but also to educate them about general principles of leadership. Plutarch thought quite a lot about political leadership. The management of public affairs at all levels is one of the most important of human endeavors. It requires education, character, and commitment. He encourages those who desire to lead, and he gives advice based mainly on the experiences of great leaders of the past. These essays are timeless reflections on the proper way to lead and serve, publicly, at least with respect to the European and American political traditions. The essays emphasize the importance of personal integrity and friendships, how best to persuade one's fellow citizens, the dangers inherent in rivalry, and that the successful management of public affairs demands respect for the state's institutions, cooperation among politicians, and the subordination of one's own glory to the welfare of the state""--"
868,The huddled masses :,
873,Ideology in cold blood :,
873,The image of the poet in Ovid's Metamorphoses /,
873,The immigration reader :,
873,In a new land :,
873,Inconsistency in Roman epic :,
873,Interdisciplinary perspectives on the new immigration /,
873,Inventing the novel :,"Inventing the Novel uses the work of the Russian philosopher Mikhail Bakhtin (1895-1975) to explore the ancient origins of the modern novel. The analysis focuses on one of the most elusive works of classical antiquity, the Satyrica, written by Nero's courtier, Petronius Arbiter (whose singular suicide, described by Tacitus, is as famous as his novel). Petronius was the most lauded ancient novelist of the twentieth century and the Satyrica served as the original model for F. Scott Fitzgerald's The Great Gatsby (1925), as well as providing the epigraph for T. S. Eliot's The Waste Land (1922), and the basis for Fellini Satyricon (1969). Bakhtin's work on the novel was deeply informed by his philosophical views: if, as a phenomenologist, he is a philosopher of consciousness, as a student of the novel, he is a philosopher of the history of consciousness, and it is the role of the novel in this history that held his attention. This volume seeks to lay out an argument in four parts that supports Bakhtin's sweeping assertion that the Satyrica plays an ""immense"" role in the history of the novel, beginning in Chapter 1 with his equally striking claim that the novel originates as a new way of representing time and proceeding to the question of polyphony in Petronius and the ancient novel."
873,"Ireland, Sweden and the great European migration, 1815-1914 /","This book is the product of Donald Akenson's 40 years of research and writing on Irish social history and its relationship to the Irish diaspora. It is also the product of about 65 years of trying to figure out where Swedish-America actually came from, and why. These two matters, he shows, are intimately related."
873,Journey to Hesperia :,
873,Latin fiction :,
873,Literary transvaluation :,
873,Lord of Alaska : Baranov and the Russian adventure /,
873,Lucan :,
873,Lucan :,
873,Madness triumphant :,
873,Major problems in American immigration history :,
873,Mass migration to the United States :,
873,Metamorphoseon.,
873,Metamorphoses :,
873,Metamorphoses :,
873,Metamorphoses :,
873,Metamorphoses /,
873,Metamorphosis of language in Apuleius :,
873,Mexican migration to the United States :,
873,Mexican migration to the United States :,
873,Militant Christianity :,
873,Modern Slovak prose :,
873,Momentary monsters :,
873,A nation of immigrants /,"""The United States is in the midst of its fourth major period of immigration. Today's is the largest in absolute numbers, although not as a proportion of the total population. Unlike in previous times, today's immigrants come from every inhabited continent and represent just about every country in the United Nations. As in previous periods of large-scale immigration, there is a profound ambivalence about the phenomenon among the American public. Historically, Americans have seen their own immigrant forebears through rose-colored glasses while raising serious concerns about the contributions of current immigrants and the extent to which they will assimilate our values, language, and experiences. This ambivalence has made immigration policy one of the most difficult on the U.S. political agenda. In the recent past, the Senate and House of Representatives have debated immigration reform but have failed to come to consensus about the policies needed to address today's challenges. The difficulties they are experiencing are by no means new. Immigration reform has always been a difficult issue, requiring years of debate before any comprehensive changes are adopted. Although the problem is often described as a contest between pro- and anti-immigration forces, the reality is much more complex. Even among those who favor large-scale immigration, there are profound differences in views on the purposes of immigration and the contributions that immigrants bring to the country. Understanding the historical roots of American immigration, and American attitudes toward immigrants, helps to place today's policy debates into perspective and provides important insights into the reforms needed to address current problems and opportunities""--"
873,A nation of immigrants /,"""Immigration makes America what it is and is formative for what it will become. America was settled by three different models of immigration, all of which persist to the present. The Virginia Colony largely equated immigration with the arrival of laborers, who had few rights. Massachusetts welcomed those who shared the religious views of the founders but excluded those whose beliefs challenged the prevailing orthodoxy. Pennsylvania valued pluralism, becoming the most diverse colony in religion, language, and culture. This book traces the evolution of these three models of immigration as they explain the historical roots of current policy debates and options. Arguing that the Pennsylvania model has best served the country, the final chapter makes recommendations for future immigration reform. Given the highly controversial nature of immigration in the United States, this book provides thoughtful analysis, valuable to both academic and policy audiences""--Provided by publisher."
873,The new chosen people :,
873,"New immigrants, portraits in passage /",
873,The Oxford handbook of American immigration and ethnicity /,"Scholarship on immigration to America is a coin with two sides: how did America change immigrants, and how did they change America? Were the immigrants uprooted from their ancestral homes, leaving all behind, or were they transplanted, bringing many aspects of their culture with them? Although historians agree with the transplantation concept, the notion of the melting pot, which suggests a complete loss of the immigrant culture, persists in the public mind. The Oxford Handbook of American Immigration and Ethnicity explores how Americans think of themselves and how science, religion, period of migration, gender, education, politics, and occupational mobility shape both this image and American life. Since the 1965 Immigration Act opened the gates to newer groups, historical writing on immigration and ethnicity has evolved over the years to include numerous immigrant sources and to provide trenchant analyses of American immigration and ethnicity. For the first time, this handbook brings together thirty leading scholars in the field to make sense of all the themes, methodologies, and trends that characterize the debate on American immigration. They examine a wide-range of topics, including pan-ethnicity, whiteness, intermarriage, bilingualism, religion, museum ethnic displays, naturalization, regional mobility, census categorization, immigration legislation and its reception, ethnicity-related crime and gang formation. The Oxford Handbook of American Immigration and Ethnicity explores the idea of assimilation in a multicultural society showing how deeply pan-ethnicity changed American identity over the time."
873,Oxford readings in the Roman novel /,
873,P. Vergili Maronis opera :,
873,P. Vergili Maronis opera :,
873,P. Vergili Maronis opera :,
873,Petronius :,
873,Petronius the poet :,
873,Random reminiscences of men and events /,
873,Reinventing the melting pot :,
873,The religious dreamworld of Apuleius' Metamorphoses :,
873,The rhetoric of imitation :,
873,Roman epic :,
873,Roman epic /,
873,The Satyricon /,
873,The Satyricon /,
873,The Satyricon and the Fragments /,
873,Satyrische Geschichten =,
873,Selected works /,
873,The shadow of Callimachus :,
873,Special sorrows :,
873,The New arrivals.,
873,Thebaid /,"The Thebaid of Statius is an epic poem in twelve books, completed in about AD90. It is thought by many to stand second only to the Aeneid among Latin narrative poems. It tells of the war between Eteocles and Polynices, sons of Oedipus, for the throne of Thebes. Rich in incident and dramatic in tone, it unfolds a panorama of human ambition and violence, triumph and catastrophe. The Thebaid is not only a masterpiece of poetry but also a compelling story, at times horrifying, noble, and pathetic, of humankind bound by the power of Fate. This book is intended for scholars and students of Latin literature."
873,Transatlantic connections :,
873,"The transformations of Lucius, otherwise known as The golden ass /",
873,The transvestite achilles :,
873,True names :,"""In ancient thinking about etymology, knowledge of a term's origin meant knowledge of the essential qualities of the person, place, or thing it named. While scholars have long noted Vergil's allusions to etymologies, interest in such wordplay has grown rapidly in recent years and lies at the heart of contemporary scholarship's growing concern with the learned aspects and Alexandrian background of Vergilian poetry."" ""In his new book, James O'Hara has produced a richly annotated, comprehensive collection of examples of etymological wordplay in the Aeneid, Eclogues, and Georgics. An extensive introduction on the etymologizing of Vergil and his poetic forerunners places the poet in historical context and analyzes the form and style of his wordplay. O'Hara also discusses how etymologizing served Vergil's poetic goals, and he explains how the role of word origins in Vergil's poems illuminates the origins and essential characteristics of the Roman people."" ""The etymological catalog quotes each Vergilian passage, then explains the wordplay or possible wordplay, and refers to ancient grammarians and poets who mention similar etymologies. While bibliographical references are provided for most examples, many entries describe examples of wordplay never before noticed. Throughout the catalog, extensive cross-references direct the reader and render consultation easy.""--BOOK JACKET."
873,Undocumented storytellers :,
873,Urban ethnicity in the United States :,
873,Vergil in the Middle Ages /,
873,Vergil's Aeneid :,"Barry Powell, acclaimed translator of the Iliad (OUP, 2013) and the Odyssey (OUP, 2014) now delivers a graceful, lucid, free-verse translation of the most important books and passages of the Aeneid in a pleasant modern idiom. On-page notes explain obscure literary and historical references, while the rich visual program lightens the text and educates students in the history of Western art by presenting a single topic as represented over 2,000 years.The Aeneid's first sentence charts the poem's historical plot, taking us in one sweep of seven lines from Homer's Troy to Augustus' Rome. These two layers of time are felt all the way through the poem, from the distant past of Aeneas' heroic and quasi-mythological time, over 1100 years before Vergil, down to the ""now"" of Augustus' Rome, when Vergil was writing the poem between 30 and 19 BC, a period of ongoing political experimentation.The story of Aeneas--moving from one continent to another, undergoing and enforcing great transformations in the process--transplants contemporary Augustan preoccupations with transition, continuity, and change into the remote time of the poem's action. In the course of the poem we move from the East to the West, from Troy to Italy, as Aeneas moves from being a Trojan towards being something else, a kind of Roman in embryo. The poem's migratory movement, together with its wholescale assimilation of Homer, acts out another great transition, the transition of Greek culture to Italy: just as the people of ancient Italy become the inheritors of Troy, so the people of Vergil's Italy become the inheritors of Greece. The very location of the poem in time is transitional, at the pivot between myth and history: the poem's characters are moving out of the era of Homer into the era of what Vergil would have considered non-fabulous history. In all these ways the Aeneid is a great poem of history, both as lived experience and as something constructed by people responding to the needs of society.Featuring a stellar, up-to-date introduction, on-page notes, embedded illustrations, five maps, a timeline of Roman history, and a genealogical chart, Powell's Vergil's Aeneid: The Essential Books offers a full immersion into the mythological and political workings of the poem. It is a book both good to think with, and good to teach with."
873,The Vietnam War and theologies of memory :,
873,Virgil :,
873,Virgil /,
873,Virgil and the myth of Venice :,
873,Virgil in medieval England :,
873,Virgil's Aeneid /,
873,Virgil's Aeneid /,
873,Virgil's Ascanius :,"""Ascanius is the most prominent child hero in Virgil's Aeneid. He accompanies his father from Troy to Italy and is present from the first book of the epic to the last; he is destined to found the city of Alba Longa and the Julian family to which Caesar and Augustus both belonged; and he hunts, fights, makes speeches, and even makes a joke. In this first book-length study of Virgil's Ascanius, Anne Rogerson demonstrates the importance of this character not just to the Augustan family tree but to the texture and the meaning of the Aeneid. As a figure of prophecy and a symbol both of hopes for the future and of present uncertainties, Ascanius is a fusion of epic and dynastic desires. Compelling close readings of the representation and reception of this understudied character throughout the Aeneid expose the unexpectedly childish qualities of Virgil's heroic epic""--"
873,Virgil's double cross :,"""The message of Virgil's Aeneid once seemed straightforward enough: the epic poem returned to Aeneas and the mythical beginnings of Rome in order to celebrate the city's present world power and to praise its new master, Augustus Caesar. Things changed when late twentieth-century readers saw the ancient poem expressing their own misgivings about empire and one-man rule. In this timely book, David Quint depicts a Virgil who consciously builds contradiction into the Aeneid. The literary trope of chiasmus, reversing and collapsing distinctions, returns as an organizing signature in Virgil's writing: a double cross for the reader inside the Aeneid's story of nation, empire, and Caesarism.""--Back cover."
873,Virgil's epic technique /,
873,Virgil's Iliad :,
873,Virgil`s Aeneid :,
876,Ancient letters :,
876,Cell hybrids /,
876,Cell physiology and biochemistry /,
876,Cicero`s letters to Atticus /,
876,Cilia and related organelles /,
876,Complete letters /,"In these letters to his friends and relations, Pliny provides a fascinating insight into Roman life in the period 97 to 112 AD. Part autobiography, part social history, they document the career and interests of a senator and leading imperial official whose friends include the historians Tacitus and Suetonius. Pliny's letters cover a wide range of topics, from the contemporary political scene to domestic affairs, the educational system, the rituals and conduct of Roman religion, the treatment of slaves, and the phenomena of nature. He describes in vivid detail the eruption of Vesuvius which killed his uncle, and the daily routines of a well-to-do Roman in the courts, and at leisure, enjoying rural pursuits at his country estates."
876,Current topics in cellular regulation.,
876,Current topics in cellular regulation.,
876,Current topics in cellular regulation.,
876,Current topics in cellular regulation.,
876,Current topics in cellular regulation.,
876,Current topics in cellular regulation.,
876,Current topics in cellular regulation.,
876,Current topics in cellular regulation.,
876,The Epistles of Pliny /,"This volume brings together some of the best and most influential work to be published on the Epistles of Pliny the Younger in recent decades. Covering historical, (auto)biographical, and literary aspects of the Epistles and their reception, the nineteen classic articles included here offer a wide and representative range of approaches to Pliny, from prosopography and social history to intertextuality and self-representation. Topics include Pliny's villas, friends, and career, alongside literary and historical readings of some of his most famous letters, such as those on the eruption of Vesuvius and the torture of Christians, and correspondence with and about his wife Calpurnia, his uncle Pliny the Elder, his rival Regulus, the historian Tacitus and the emperor Trajan. The volume includes several chapters currently out of print or scarcely available (such as Birley's on Pliny's career and Eco's on the first Vesuvius letter), one which has been wholely rewritten (Cameron on reception) and one newly translated from German (Schenk on intertextuality). In addition, most have been updated by their authors, and translations of all Latin and other foreign languages have been added. A substantial introductory chapter by the editors offers the first full account of the history of scholarship on the Epistles from the birth of printing to the present day, summarises important recent work in languages other than English, and contextualises the articles included within the broader context of modern approaches to Pliny."
876,Experimental cell fusion /,
876,The gift of correspondence in classical Rome :,
876,Guide to cellular energetics /,
876,Letters of Marcus Tullius Cicero :,
876,The letters of the Younger Pliny /,
876,Making love in the twelfth century :,
876,Pliny's praise :,"""Pliny's Panegyricus (AD 100) survives as a unique example of senatorial rhetoric from the early Roman Empire. It offers an eyewitness account of the last years of Domitian's principate, the reign of Nerva and Trajan's early years, and it communicates a detailed senatorial view on the behaviour expected of an emperor. It is an important document in the development of the ideals of imperial leadership, but it also contributes greatly to our understanding of imperial political culture more generally. This volume, the first ever devoted to the Panegyricus, contains expert studies of its key historical and rhetorical contexts, as well as important critical approaches to the published version of the speech and its influence in antiquity. It offers scholars of Roman history, literature and rhetoric an up-to-date overview of key approaches to the speech, and students and interested readers an authoritative introduction to this vital and under-appreciated speech""--Provided by publisher."
876,Roman letters :,"""Roman Letters offers a rich selection of original translations of ancient Roman letters spanning from the 1st century BCE to the 2nd century CE. Chronologically arranged and grouped according to author or collection, the letters cover various topics and themes selected from a broad range of authors. A unique single volume text that makes classical letters accessible and readable to undergraduates and the non-specialist reader Presents a wide range of authors and material, with over 200 selected texts Includes selections that illustrate a complete cycle of correspondence, as well as letters written by the same author and covering the same topic/theme but sent to different recipients Letters are arranged chronologically, with letters grouped according to author or collection An accompanying website offers additional, complementary letters Topical index highlights various topics and themes represented by the letters ""--"
876,Select letters /,
876,Selected letters /,"Cicero lived through some of the most turbulent years in the history of Rome, and witnessed at first-hand the overthrow of the republic and its replacement by a tyranny. His letters to friends and family are an astonishingly detailed record of daily life and politics in Rome. This selection, covering the years 68-43 BC, not merely documents in detail Cicero's career but simultaneously provides a month-by-month record of the final collapse of the Roman senatorial government."
876,Selected letters /,
876,"Submicroscopic cytochemistry,",
876,"Submicroscopic cytochemistry,",
876,Virus receptors /,
876,Wyoming's Wind River range /,
876,Wyoming's Wind River range /,
878,"Anger, mercy, revenge /",
878,Antologia de la literature espanola,
878,Aulus Gellius and Roman reading culture :,
878,The biodemography of ageing and longevity /,"""This interdisciplinary volume provides current knowledge on the mechanisms and demographic patterns of ageing and longevity across humans and other species, and through space and time. A must-have for students and researchers, it includes the key facts, theories, ongoing fields of investigation, big questions, and new avenues for research""--"
878,The biostatistics of aging :,
878,The Cambridge companion to Tacitus /,"""Tacitus is universally recognised as ancient Rome's greatest writer of history, and his account of the Roman Empire in the first century AD has been fundamental in shaping the modern perception of Rome and its emperors. This Companion provides a new, up-to-date and authoritative assessment of his work and influence which will be invaluable for students and non-specialists as well as of interest to established scholars in the field. First situating Tacitus within the tradition of Roman historical writing and his own contemporary society, it goes on to analyse each of his individual works and then discuss key topics such as his distinctive authorial voice and his views of history and freedom. It ends by tracing Tacitus' reception, beginning with the transition from manuscript to printed editions, and concluding with his significance in the twentieth century, particularly his influence on political thought in early modern Europe""--Provided by publisher."
878,"Catiline's war, the Jugurthine war, histories /",
878,"Cicero's offices, and select letters /",
878,The colloquia of the Hermeneumata Pseudodositheana /,
878,De nugis curialium /,
878,Dialogues and essays /,
878,Documentality :,
878,Epic and epigram :,
878,The epigrams of Philodemos /,
878,Food marketing /,
878,How to get your product into supermarkets /,
878,Job-saving strategies :,
878,L. Annaei Senecae Dialogorum libri duodecim /,
878,"Laelius, on friendship (Laelius de amicitia) ; &, The dream of Scipio (Somnium Scipionis) /",
878,Leon Battista Alberti :,"""The first book in English to examine Leon Battista Alberti's major literary works in Latin and Italian, whch are often overshadowed by his achievements in architecture. Leon Battista Alberti (1404-1472) was one of the most prolific and original writers of the Italian Renaissance-a fact often eclipsed by his more celebrated achievements as an art theorist and architect, and by Jacob Burckhardt's mythologising of Alberti as a ""Renaissance or Universal Man."" In this book, Martin McLaughlin counters this partial perspective on Alberti, considering him more broadly as a writer dedicated to literature and humanism, a major protagonist and experimentalist in the literary scene of early Renaissance Italy. McLaughlin, a noted authority on Alberti, examines all of Alberti's major works in Latin and the Italian vernacular and analyzes his vast knowledge of classical texts and culture. McLaughlin begins with what we know of Alberti's life, comparing the facts laid out in Alberti's autobiography with the myth created in the nineteenth century by Burckhardt, before moving on to his extraordinarily wide knowledge of classical texts. He then turns to Alberti's works, tracing his development as a writer through texts that range from an early comedy in Latin successfully passed off as the work of a fictitious ancient author to later philosophical dialogues written in the Italian vernacular (a revolutionary choice at the time); humorous works in Latin, including the first novel in that language since antiquity; and the famous treatises on painting and architecture. McLaughlin also examines the astonishing range of Alberti's ancient sources and how this reading influenced his writing; what the humanist read, he argues, often explains what he wrote, and what he wrote reflected his relentless industry and pursuit oforiginality""--"
878,Martial epigrams /,
878,On living and dying well /,
878,On the good life /,
878,The praise of folly and other writings :,"Besides the celebrated Praise of Folly, Robert M. Adams has included the political ""Complaint of Peace,"" the brutal antipapal satire ""Julius Excluded from Heaven,"" two versions of Erasmus's important preface to the Latin translation of the New Testament, and a selection both serious and comic of his Colloquies and his letters. Adams has made these selections to emphasize the humane, rather than the doctrinaire, side of the first and arguably greatest humanist. Critical commentary is provided in essays by H. R. Trevor-Roper, R. S. Allen, J. Huizinga, Mikhail Bakhtin, Paul Oskar Kristeller, and Robert M. Adams. Also included are a Chronology of Erasmus's life and a Selected Bibliography."
878,Rhetoric and homiletics in fourth-century Christian literature :,
878,Sonderangebotspolitik im Lebensmittel-Einzelhandel :,
878,A study of service quality in grocery retailing /,
878,THE EARLY HISTORY OF ROME : BOOKS I-V OF 'THE HISTORY OF ROME FROM ITS FOUNDATION /,
878,THE EARLY HISTORY OF ROME : BOOKS I-V OF 'THE HISTORY OF ROME FROM ITS FOUNDATION /,
884,Arion's lyre :,"Arion's Lyre examines how Hellenistic poetic culture adapted, reinterpreted, and transformed Archaic Greek lyric through a complex process of textual, cultural, and creative reception. Looking at the ways in which the poetry of Sappho, Alcaeus, Ibycus, Anacreon, and Simonides was preserved, edited, and read by Hellenistic scholars and poets, the book shows that Archaic poets often look very different in the new social, cultural, and political setting of Hellenistic Alexandria. For example, the Alexandrian Sappho evolves from the singer of Archaic Lesbos but has distinct associations and contexts, from Ptolemaic politics and Macedonian queens to the new phenomenon of the poetry book and an Alexandrian scholarship intent on preservation and codification."
884,The Cambridge companion to Greek lyric /,
884,Cats :,
884,Economy of the unlost :,"""The ancient Greek lyric poet Simonides of Keos was the first poet in the Western tradition to take money for poetic composition. From this starting point, Anne Carson launches an exploration, poetic in its own right, of the idea of poetic economy. She offers a reading of certain of Simonides' texts and aligns these with writings of the modern Romanian poet Paul Celan, a Jew and survivor of the Holocaust, whose ""economies"" of language are notorious. Asking such questions as, What is lost when words are wasted? and Who profits when words are saved, Carson reveals the two poets' striking commonalities.""--BOOK JACKET."
884,Gorilla society :,
884,Greek lyric :,
884,Greek lyric /,"""This volume presents a selection of papers published in the last few decades on the main types of Greek lyric poetry (melic, elegiac, and iambic), excluding Pindar and Bacchylides"" -- Preface."
884,Greek lyric poetry :,
884,Greek lyric poetry :,"This new poetic translation by a leading expert captures the nuances of meaning and the whole spirit of this poetry as never before. It is not merely a selection but covers all the surviving poems and intelligible fragments, apart from the works of Pindar and Bacchylides, and includes a number of pieces not previously translated. The Introduction gives a brief account of the poets, and explanatory Notes on the texts will be found at the end. ABOUT THE SERIES: For over 100 years Oxford World's Classics has made available the widest range of literature from around the globe. Each affordable volume reflects Oxford's commitment to scholarship, providing the most accurate text plus a wealth of other valuable features, including expert introductions by leading authorities, helpful notes to clarify the text, up-to-date bibliographies for further study, and much more."
884,Idylls /,"The Greek poet Theocritus of Syracuse (first half of the third century BC) was the inventor of 'bucolic' poetry. These vignettes of country life, centred on competitions in song and love, are the foundational poems of the western pastoral tradition. They were the principal model for Virgil in the Eclogues and their influence can be seen in the work of Petrarch and Milton. Although it is the pastoral poems for which he is chiefly famous, Theocritus also wrote hymns to the gods, brilliant mime depictions of everyday life, short narrative epics, epigrams, and encomia of the powerful. The great variety of his poems illustrates the rich and flourishing poetic culture of what was a golden age for Greek poetry."
884,The Idylls of Theocritus /,
884,Mountain gorillas :,
884,"Music, text, and culture in ancient Greece /","What difference does music make to performance poetry, and how did the ancients understand this relationship? This volume explores the interaction of music and language in ancient Greek poetry, arguing that music crucially informs the ways in which these texts create meaning and exploring its place in contemporary critical writings."
884,Nuclear receptors /,
884,The odes and selected fragments /,
884,The odes of Pindar /,
884,The odes of Pindar /,
884,The pastoral Narcissus :,
884,Pindar :,
884,Pindar /,
884,Pindar and the emergence of literature /,"""Pindar and the Emergence of Literature places Pindar in the context of the evolution of Archaic Greek poetics. While presenting an in-depth introduction to diverse aspects of Pindar's art (authorial metapoetics, imagery, genre hybridization, religion, social context, and dialect), it seeks to establish a middle ground between cultural contextualism and literary history, paying attention both to poetry's historical milieu and its uncanny capacity to endure in time. With that methodological objective, the book marshals a new version of historical poetics, drawing both on theorists usually associated with this approach, such as Alexander Veselovsky, Mikhail Bakhtin, and Olga Freidenberg, and on T. S. Eliot, Hans Blumenberg, Fredric Jameson, and Stephen Greenblatt. The ultimate literary-historical problem posed by Pindar's poetics, which this book sets out to solve, is the transformation of pre-literary structures rooted in folk communal art into elements that still inform our notion of literature""--"
884,Pythian eleven /,
884,Re-reading Sappho :,
884,Regulating the multinational enterprise :,
884,Sappho :,
884,Sappho's immortal daughters /,"Margaret Williamson conducts us through ancient representations of Sappho, from vase paintings to appearances in Ovid, and traces the route by which her work has reached us, shaped along the way by excavators, editors, and interpreters. She goes back to the poet's world and time to explore perennial questions about Sappho: How could a woman have access to the public medium of song? What was the place of female sexuality in the public and religious symbolism of Greek culture? What is the sexual meaning of her poems? Williamson then looks closely at the poems themselves, Sappho's ""immortal daughters."" Her book offers the clearest picture yet of a woman whose place in the history of Western culture has been at once assured and mysterious."
884,Selected odes :,
884,Studies in the reception of Pindar in Ptolemaic poetry /,"Recent years have witnessed a revival of interest in the influence of archaic lyric poetry on Hellenistic poets. However, no study has yet examined the reception of Pindar, the most prominent of the lyric poets, in the poetry of this period. This monograph is the first book to offer a systematic examination of the evidence for the reception of Pindar in the works of Callimachus of Cyrene, Theocritus of Syracuse, Apollonius of Rhodes and Posidippus of Pella. Through a series of case studies, it argues that Pindaric poetry exercised a considerable influence on a variety of Hellenistic genres: epinician elegies and epigrams, hymns, encomia, and epic poetry. For the poets active at the courts of the first three Ptolemies, Pindar's poetry represented praise discourse in its most successful configuration. Imitating aspects of it, they lent their support to the ideological apparatus of Greco-Egyptian kingship, shaped the literary profile of Pindar for future generations of readers, and defined their own role and place in Greek literary history. The discussion offered in this book suggests new insights into aspects of literary tradition, Ptolemaic patronage, and Hellenistic poetics, placing Pindar's work at the very heart of an intricate nexus of political and poetic correspondences."
884,Stung with love :,
884,Theocritus and the archaeology of Greek poetry /,
884,Trade and industrial policy under international oligopoly /,
884,Trade and industrial policy under international oligopoly /,
884,Victory odes :,
884,Victory odes :,
888,An anthology of modern prose /,
888,Archaic and classical Greek epigram /,"""Epigram stands apart from other early Greek poetic genres by being from the start a written genre, and moreover by being a written genre with a fixed physical context. In the case of sepulchral epigram this physical context is that of a grave or a cenotaph, thus making the epigram an integral part of a monument, a physical object in a fixed place, commemorating one or more persons""--Provided by publisher."
888,Aristotelis opera =,
888,China and the multinationals :,
888,China fortunes :,
888,Classics in translation /,
888,The development of Greek biography /,"Tracing the growth of ancient biography from the fifth century to the first century B.C., Arnaldo Momigliano asks fruitful questions about the origins and development of Greek biography. By clarifying the social and intellectual implications of the fact that the Greeks kept biography and autobiography distinct from historiography, he contributes to an understanding of a basic dichotomy in the Western tradition of historical writing. This classic study is now reissued with the addition of Momigliano's essay ""Second Thoughts on Greek Biography."""
888,Doing business in the ASEAN countries /,The book will apply a framework to understand each country along these dimensions. This book is a practical and comprehensive guide to succeeding in ASEAN countries. It allows for a deeper understanding of the business environment of these diverse economies. You will be better able to evaluate the risk factors and make meaningful decisions.
888,Emerging economies and firms in the global crisis /,
888,The epigrams of Rufinus /,
888,Euthyphro ;,
888,The evolution of the world economy :,"The world economy is near a critical crossroads, as a rising China, the greatest-ever beneficiary of US-led capitalism, dreams to replace America's supremacy as a new hegemonic power with a non-liberal world order. This third volume of the trilogy on reformulating the 'flying-geese' theory explains how capitalism has changed industrial structures across the world. It asks whether the 'flying-geese' formation will survive the changes that have produced the East Asian miracle, and - as hoped - spread to Africa. Terutomo Ozawa's reformulated 'flying-geese' theory explains structural changes as an innovation-driven, ratcheting-up process of economic growth and shows that market-driven multinational corporations are key players for a successful 'flying-geese' formation and structural transformation. The book argues that the 'ladder' of economic development must be conceived as a double-helix with inter- and intra-industry rungs, the latter embedding cross-border supply chains and adaptive innovations. A thorough exploration of the structural changes under Pax Britannica and Pax Americana - moving from 'kicking away the ladder' from emerging economies to then providing it - demonstrates that this trend engenders multinational corporations that can facilitate structural transformation, particularly in catching-up economies. Ozawa shows that China is now in the critical transitional period that requires more sophisticated institutional, socio-political setups, as well as more advanced knowledge and ethics to move from the lower to the higher rungs."
888,Foreign investment promotion :,"Analysing foreign investment promotion at a regional level in the Czech Republic, Poland and Slovakia, the book applies regional science, international business, and place marketing concepts to explore how Central Eastern European Countries compete for multinational firms. Taking a multidisciplinary approach, the author places special emphasis on promotion and its role within a wider context of regional strategies aimed at inward investment attraction. With useful insights for policy-makers, the book combines theory with empirical evidence and provides valuable reading for those researching international business location, place marketing and regional development."
888,Governments and multinationals :,
888,Great dialogues /,
888,Hellenistic epigram :,"""This book offers scholars and students of Hellenistic and Roman literature an overview of Hellenistic epigram, a field closely related to other Hellenistic poetry and highly influential upon Roman poetry. In fourteen themed chapters it foregrounds the literary, linguistic, historical, epigraphic, social, political, ethnic, cultic, onomastic, local, topographical and patronage contexts within which Hellenistic epigrams were composed. Many epigrams are analysed in detail and new interpretations of them proposed. Throughout the question is asked whether epigrams are literary jeux d'esprit (as is often assumed without proper discussion) or whether they relate to real people and real events and have a function in the real world. That function may be epigraphic, e.g. an epigram can be the epitymbion for inscription at someone's grave, or the anathematikon for inscription on or beside a dedicated object, or a picture-label -- an ekphrasis to accompany a painting or mosaic""--"
888,Innovation and internationalisation :,
888,International business /,
888,International business in Latin America :,
888,Intra-firm trade and the developing countries /,
888,Jesuit chreia in late Ming China :,"In an astonishing collaboration the Italian Jesuit Alfonso Vagnone (also known as GaoYizhi) and with and the Chinese scholar-official Han Yun wrote down 355 chreiai and sayings, bringing classic Western rhetoric teaching to the late Ming China. In this book, two specialists present complementary studies on the historical, political, and literary background of this interesting topic."
888,The life of Augustus ;,"Nicolaus of Damascus, the chief minister of Herod the Great, was an exact contemporary of the first Roman emperor Augustus; he spent considerable time in Roman society and knew Augustus. The extensive remains of his Bios Kaisaros contain the earliest and most detailed account of the conspiracy against Julius Caesar and his assassination. The Bios also presents the most extensive account of the boyhood and early development of Augustus. This edition presents the Greek text and translation of the Bios and Nicolaus' autobiography, along with a historical and historiographical commentary. The Introduction situates the text in relation to the considerable evidence for the life and career of Nicolaus preserved in the works of Josephus, addresses the problem of its date of composition, analyses the language and narrative technique of Nicolaus and discusses the Bios in relation to the evidence for Greek biographical encomium."
888,Lucian and the Latins :,
888,Managing a Chinese partner :,
888,Market entry strategies :,
888,"Modern prose, form and style.",
888,Modern writing /,
888,Multinational business and transnational regions :,
888,Multinational companies from emerging economies :,
888,Multinational corporations :,
888,Multinational corporations in the political economy of Kenya /,
888,Multinationals and the growth of the Singapore economy /,"First published in 1986, this book examines the nature of the Singapore economy and the role of multinationals within it. It describes the growth and development of the economy and its increasingimportance as a key financial, service and industrial centre in the world economy. It loks at the government policies which have attracted multinationals and it assesses why Singapore is so attractive, comparing Singapore to other East Asian economies. It concludes by evaluating Singapore's prospects for continuing as a vast off-shore deregulated money-making machine."
888,New epigrams of Palladas :,
888,Phaedrus /,
888,Plutarch's rhythmic prose /,"Greek literature is divided, like many literatures, into poetry and prose, but in Greek the difference between them is not that all prose is devoid of firm rhythmic patterning. In the earlier Roman Empire, from 31 BC to about AD 300, much Greek (and Latin) prose was actually written to follow one organized rhythmic system. How much Greek prose adopted this patterning has hitherto been quite unclear; the present volume for the first time establishes an answer on an adequate basis: substantial data drawn from numerous authors. It constitutes the first extensive study of prose-rhythm in later Greek literature."
888,Prose references /,
888,Protagoras and Meno /,
888,Readings in English prose of the eighteenth century /,
888,Research methodology in foreign direct investment (FDI) /,
888,Selected essays and dialogues /,
888,Sextus Empiricus /,
888,Successes and challenges of emerging economy multinationals /,
888,Theophrastus' Characters :,
888,The unity of prose :,
888,The unity of prose :,
893,Ancient Egyptian literature :,
893,Ancient Egyptian literature :,
893,Autonomous mobile robots in unknown outdoor environments /,"Mobile robots have been increasingly applied in many different scenarios, such as space exploration and search and rescue, where the robots are required to travel over uneven terrain while outdoors. This book provides a new framework and the related algorithms for designing autonomous mobile robotic systems in such unknown outdoor environments."
893,Autonomous vehicle navigation :,"Improve the Safety, Flexibility, and Reliability of Autonomous Navigation in Complex Environments Autonomous Vehicle Navigation: From Behavioral to Hybrid Multi-Controller Architectures explores the use of multi-controller architectures in fully autonomous robot navigation-even in highly dynamic and cluttered environments. Accessible to researchers and graduate students involved in mobile robotics and fully autonomous vehicle navigation, the book presents novel techniques and concepts that address different complex mobile robot tasks. The author examines the development of reliable elementary controllers and proposes mechanisms to manage the interaction of these multi-controller architectures while addressing different constraints and enhancing metrics/criteria linked to the safety, flexibility, and reliability of the proposed control architectures. He covers the modeling of subtasks, reliable obstacle avoidance, appropriate stable control laws for target reaching/tracking, short- and long-term trajectory/waypoint planning, navigation through sequential waypoints, and the cooperative control and interaction of a group of mobile robots. The author's website provides MATLAB (R) and Simulink (R) source code of the main procedures related to the task modeling, planning, and control of mobile robots. It also includes videos showing the main simulations and experiments given in the text. In addition to flexible and bottom-up construction, multi-controller architectures can be formally analyzed to achieve reliable navigation in complex environments. This book reveals innovative control architectures that can lead to fully autonomous vehicle navigation in these challenging situations."
893,Daybreak is near :,
893,The debit system of marketing life and health insurance /,
893,Echoes of Egyptian voices :,
893,The expression of emotions in ancient Egypt and Mesopotamia /,"""The volume The Expression of Emotions in Ancient Egypt and Mesopotamia offers an overview of the study of emotions in ancient texts, discusses the concept of emotions in Ancient Egypt and Mesopotamia, and shows how emotions are described in the ancient texts. In the section dedicated to Ancient Egypt, scholars discuss emotions such as fear, depression, anger, feelings of pain, envy, jealousy and greed, with evidence from different text genres, as well as emotions from the Late Ramesside Letters and royal inscriptions. In the section dedicated to Ancient Mesopotamia, scholars present a wide range of perspectives on Sumerian and Akkadian literary and archival texts that treat emotions in different periods""--"
893,The global positioning system :,
893,The global positioning system and ArcGIS /,
893,"Hymns, prayers, and songs :",
893,Imperial masochism :,
893,Intelligent planning for mobile robotics :,"""This book presents content coverage on the basics of artificial intelligence, search problems and soft computing approaches, providing insight on robotics and basic algorithms, special topics in AI, planning, applied soft computing, applied AI, applied evolutionary computing""--Provided by publisher."
893,Internet-based interaction with mobile robots /,"The human interaction and the robot's autonomy are key functions that can spread the use of the robot in human daily life. The remote interaction is a special type of human-robot interaction, where the human and the robot are separated by physical barriers but linked via telematics technologies (= telecommunication + informatics). Due to the nature of intelligence needed for the modern robots, remote interaction systems must combine the dream of the artificial intelligence field of creating an intelligent being, creature, or program with human-computer interaction's vision of building systems that are centred around the user's needs and desires. This introduces a number of technical challenges, which must be addressed such as local autonomy, control strategy, communication medium constraints, feedback methods and control interfaces. In this book, these considerations are discussed. The book also presents a multi-layer architecture, which can be used to facilitate the remote interaction with mobile robots using different interaction elements for research and educational purposes."
893,Micro-scale mobile robotics /,"The field of microrobotics has seen tremendous advances in recent years. The principles governing the design of such sub-millimeter scale robots rely on an understanding of micro-scale physics, fabrication, and novel control strategies. Micro-Scale Mobile Robotics provides a tutorial on the relevant physical phenomena governing the operation and design of microrobots, as well as a survey of existing approaches to microrobot design and control. It also provides a detailed practical overview of actuation and control methods that are commonly used to remotely power these designs, as well as a discussion of possible future research directions. Potential high-impact applications of untethered microrobots such as minimally invasive diagnosis and treatment inside the human body, biological studies or bioengineering, microfluidics, desktop micro-manufacturing, and mobile sensor networks for environmental and health monitoring are also discussed. Micro-Scale Mobile Robotics is an ideal reference for those designing future microrobot technologies. While the review is not intended to be completely comprehensive in every area, it does expose the reader to the novel approaches used thus far for microrobot motion, manipulation, and other tasks. The rapid pace of development in the field is exciting, and this text concludes with a look forward at some of the challenges that remain."
893,Mobile ad hoc robots and wireless robotic systems :,"""This book introduces robotic theories, wireless technologies and routing applications involved in the development of mobile ad hoc robots"" --"
893,Mobile robotics :,"""Mobile Robotics offers comprehensive coverage of the essentials of the field suitable for both students and practitioners. Adapted from Alonzo Kelly's graduate and undergraduate courses, the content of the book reflects current approaches to developing effective mobile robots. Professor Kelly adapts principles and techniques from the fields of mathematics, physics and numerical methods to present a consistent framework in a notation that facilitates learning and highlights relationships between topics. This text was developed specifically to be accessible to senior level undergraduates in engineering and computer science, and includes supporting exercises to reinforce the lessons of each section. Practitioners will value Kelly's perspectives on practical applications of these principles. Complex subjects are reduced to implementable algorithms extracted from real systems wherever possible, to enhance the real-world relevance of the text""--"
893,Nomad :,
893,Robot hands and multi-fingered haptic interfaces :,
893,Signal and image processing in navigational systems /,
893,"The tale of Sinuhe and other ancient Egyptian poems, 1940-1640 BC /","The Tale of Sinuhe, from c.1875 BC, has been acclaimed as the supreme masterpiece of Ancient Egyptian poetry, a perfect fusion of monumental, dramatic, and lyrical styles, and a passionate probing of its culture's ideals and anxieties. This anthology contains all the substantial surviving works from the golden age of Egyptian fictional literature. Composed by an anonymous author in the form of a funerary autobiography the Tale tells how the courtier Sinuhe flees Egypt at the death of his king. Other works from the Middle Kingdom (c.1940-1640 BC) include a poetic dialogue between a man and his soul on the problem of suffering and death, a teaching about the nature of wisdom spoken by the ghost of the assassinated King Amenemhat I, and a series of light-hearted tales of wonder from the court of the builder of the Great Pyramid."
893,The correspondents' war : journalists in the Spanish-American War /,
893,Untamed /,"There is a voice of longing inside every woman. We strive so mightily to be good: good mothers, daughters, partners, employees, citizens, and friends. We believe all this striving will make us feel alive. Instead, it leaves us feeling weary, stuck, overwhelmed, and underwhelmed. We look at our lives, relationships, and world, and wonder: Wasn't it all supposed to be more beautiful than this? We quickly silence that question, telling ourselves to be grateful. We hide our simmering discontent even from ourselves. Until we reach our boiling point. Four years ago, Glennon Doyle--bestselling Oprah-endorsed author, renowned activist and humanitarian, wife and mother of three was speaking at a conference when a woman entered the room. Glennon looked at her and fell instantly in love. Three words flooded her mind: There She Is. At first, Glennon assumed these words came to her from on high. Soon she realized that they came to her from within. Glennon was finally hearing her own voice--the voice that had been silenced by decades of cultural conditioning, numbing addictions, and institutional allegiances. This was the voice of the girl Glennon had been before the world told her who to be. She vowed to never again abandon herself. She decided to build a life of her own--one based on her individual desire, intuition, and imagination. She would reclaim her true, untamed self. Soulful and uproarious, forceful and tender, Untamed is both a memoir and a galvanizing wake-up call. It offers a piercing, electrifying examination of the restrictive expectations women are issued from birth; shows how hustling to meet those expectations leaves women feeling dissatisfied and lost; and reveals that when we quit abandoning ourselves and instead abandon the world's expectations of us, we become women who can finally look at our lives and recognize: There She Is. Untamed shows us how to be brave. As Glennon insists: The braver we are, the luckier we get."
893,Untamed /,"""There is a voice of longing inside every woman. We strive so mightily to be good: good mothers, daughters, partners, employees, citizens, and friends. We believe all this striving will make us feel alive. Instead, it leaves us feeling weary, stuck, overwhelmed, and underwhelmed. We look at our lives, relationships, and world, and wonder: Wasn't it all supposed to be more beautiful than this? We quickly silence that question, telling ourselves to be grateful. We hide our simmering discontent--even from ourselves. Until we reach our boiling point. Four years ago, Glennon Doyle--bestselling Oprah-endorsed author, renowned activist and humanitarian, wife and mother of three--was speaking at a conference when a woman entered the room. Glennon looked at her and fell instantly in love. Three words flooded her mind: There She Is. At first, Glennon assumed these words came to her from on high. Soon she realized that they came to her from within. Glennon was finally hearing her own voice--the voice that had been silenced by decades of cultural conditioning, numbing addictions, and institutional allegiances. This was the voice of the girl Glennon had been before the world told her who to be. She vowed to never again abandon herself. She decided to build a life of her own--one based on her individual desire, intuition, and imagination. She would reclaim her true, untamed self. Soulful and uproarious, forceful and tender, Untamed is both a memoir and a galvanizing wake-up call. It offers a piercing, electrifying examination of the restrictive expectations women are issued from birth; shows how hustling to meet those expectations leaves women feeling dissatisfied and lost; and reveals that when we quit abandoning ourselves and instead abandon the world's expectations of us, we become women who can finally look at our lives and recognize: There She Is. Untamed shows us how to be brave. As Glennon insists: The braver we are, the luckier we get""--"
893,"Vietnamese, Indonesian and Hong Kong immigrants in Auckland /",
893,We share walls :,
893,You could make this place beautiful :,"""Life, like a poem, is a series of choices."" In her memoir You Could Make This Place Beautiful, poet Maggie Smith explores the disintegration of her marriage and her renewed commitment to herself in lyrical vignettes that shine, hard and clear as jewels. The book begins with one woman's personal, particular heartbreak, but its circles widen into a reckoning with contemporary womanhood, traditional gender roles, and the power dynamics that persist even in many progressive homes. With the spirit of self-inquiry and empathy she's known for, Smith interweaves snapshots of a life with meditations on secrets, anger, forgiveness, and narrative itself. The power of these pieces is cumulative: page after page, they build into a larger interrogation of family, work, and patriarchy. You Could Make This Place Beautiful, like the work of Deborah Levy, Rachel Cusk, and Gina Frangello, is an unflinching look at what it means to live and write our own lives. It is a story about a mother's fierce and constant love for her children, and a woman's love and regard for herself. Above all, this memoir is an argument for possibility. With a poet's attention to language and an innovative approach to the genre, Smith reveals how, in the aftermath of loss, we can discover our power and make something new. Something beautiful.""--"
893,You could make this place beautiful :,"""Life, like a poem, is a series of choices."" In her memoir You Could Make This Place Beautiful, poet Maggie Smith explores the disintegration of her marriage and her renewed commitment to herself in lyrical vignettes that shine, hard and clear as jewels. The book begins with one woman's personal, particular heartbreak, but its circles widen into a reckoning with contemporary womanhood, traditional gender roles, and the power dynamics that persist even in many progressive homes. With the spirit of self-inquiry and empathy she's known for, Smith interweaves snapshots of a life with meditations on secrets, anger, forgiveness, and narrative itself. The power of these pieces is cumulative: page after page, they build into a larger interrogation of family, work, and patriarchy. You Could Make This Place Beautiful, like the work of Deborah Levy, Rachel Cusk, and Gina Frangello, is an unflinching look at what it means to live and write our own lives. It is a story about a mother's fierce and constant love for her children, and a woman's love and regard for herself. Above all, this memoir is an argument for possibility. With a poet's attention to language and an innovative approach to the genre, Smith reveals how, in the aftermath of loss, we can discover our power and make something new. Something beautiful.""--"
894,After the hanging and other stories /,
894,Amination processes pollutant discharges identification /,
894,Beyond Ainu studies :,
894,The case worker /,
894,Celtic and Germanic themes in European literature /,
894,The chemistry of chlorosulfonyl isocyanate /,
894,The Colonnade of teeth :,
894,Companion studies to the history of Tamil literature /,"The book addresses problems and topics which have so far been largely ignored, in spite of being of fundamental importance for successful teaching and correct understanding of Tamil literary heritage which spans some 2000 years of development."
894,The conspiracy & other stories /,
894,Conversations with Orhan Pamuk /,"""In over thirty interviews ranging from 1982 until 2022, Conversations with Orhan Pamuk reveals a writer of intense literary and political engagement. Nobel Laureate Orhan Pamuk (b. 1952) is a foremost practitioner of the global novel today. His work, informed by Turkish and world literary canons, has been translated into over sixty languages and sold over fifteen million copies globally. This volume presents an alternative literary history that traces the dominant themes of the author's oeuvre. As the interviews show, Pamuk's work makes allusions to literary texts from Eastern and Western traditions in a hybrid manner. Furthermore, Pamuk writes on the fault line between historical and literary idioms, playing with genres like a painter does with colors, interweaving romance, detective story, murder mystery, mythology, and autobiography. The interviews establish that a Pamuk novel is predicated on methodical research, at times archival and scholarly, investigative and journalistic, or ethnographic. One could say the Pamuk novel is method. His fictions are constructed through intricate clockwork and delve into, for example, specialized knowledge of an Ottoman historical era, Islamic miniature painting, coups, museums, Istanbul street vendors, conspiracy, and plagues. Pamuk's interviews, in turn, are necessarily instructive and edifying as much as they are entertaining, opening windows onto the novelist's everyday life, craft, and process""--"
894,"Critical reflections on migration, 'race' and multiculturalism :",
894,Culture and imperialism /,
894,"Culture, language and identity :","This volume examines the relationship between language and power across cultural boundaries. It evaluates the vital role of translation in redefining culture and ethnic identity. During the first phase of colonialism, mid-18th to late-19th century, the English-speaking missionaries and East India Company functionaries in South India were impelled to master Tamil, the local language, in order to transact their business. Tamil also comprised ancient classical literary works, especially ethical and moral literature, which were found especially suited to the preferences of Christian missionaries."
894,Eighteenth-century literary history :,
894,The Ethnic Dimension :,
894,European literary careers :,
894,European literary history :,"""This clear and engaging book offers readers an introduction to European Literary History from antiquity through to the present day. Each chapter discusses a short extract from a literary text, whilst including a close reading and a longer essay examining other key texts of the period and their place within European Literature. Offering a view of Europe as an evolving cultural space and examining the mobility and travel of literature both within and out of Europe this guide offers an introduction to the dynamics of major literary genres, international literary networks, publication cultures and debates, and the cultural history of 'Europe' as a region as well as a concept""--"
894,European local-color literature :,
894,"Fading dreams, old tales /",
894,Fateless /,
894,Fictions of embassy :,
894,The flower show ; The Toth family /,
894,Foamy sky :,
894,Girls for sale :,
894,Global perspectives on Orhan Pamuk :,"""This book explores both existential and political themes in Orhan Pamuk's work, and investigates the apparent contradictions in a contemporary political arena where Islam and democracy are often seen as opposing and irreconcilable terms. Existential themes delve into literary nuances in Pamuk that discuss love, happiness, suffering, memory, and death""--"
894,Hidden multilingualism in 19th-century European literature :,"The disparagement of multilingualism is a European development of the 18th and 19th centuries in which one national language and national literature were advocated, established and institutionalised. Multilingual writers made use of the creative potential of several languages even then. However, they often adapted to an increasingly monolingual book market, which made their individual multilingualism invisible.This is evident in literary historiography which established a monolingual national canon.Researching hidden multilingualism is often difficult: since multilingual texts by multilingual writers were often not published or were published in a monolingual version, sources are scarce. Literary histories of the time often do not mention multilingualism. Furthermore, many multilingual writers were members of minority groups (women, Jewish, Non-European) and thus often neglected.The volume offers methods and theories to systematically approach this hidden material, as well as case studies on authors and national literatures in a multilingual context. It thus contributes to the restructuring of a multilingual transnational literary history that is applicable to different philologies."
894,History of European literature /,
894,Ideology and immigration :,
894,"In a forest, a deer :",
894,Intergenerational consequences of migration :,"""Migration is a life-changing experience not only for the migrants themselves but also for those left behind. Using a novel 'origins of migration' approach, this fascinating book reveals the true impact of migration across multiple aspects of migrants' lives by comparing three generations of Turkish migrants to Europe to their non-migrant counterparts in Turkey. Working with unique and exciting information on 2000 Turkish families and their 50,000 family members, the authors examine three generations-worth of complex migration trajectories and dense webs of transnational connections, taking in migration, settlement, return migration, friendships, marriages and visits. They evaluate change and continuity over 50 years, from the first labour migration of the 1960s to the present. Whilst in socio-economic terms migrants have gained from migration, and their attitudes and practices show some adjustment to the European context, the picture also reveals substantial continuity with their peers who remained in their country of origin.""--"
894,Interpreting devotion :,"Devotion is a category of expression in many of the world's religious traditions. This book looks at issues involved in academically interpreting religious devotion, as well as exploring the interpretations of religious devotion made by a sixth century poet, a twelfth century biographer, and present-day festival publics. The book focuses on the female poet-saint Karaikkal Ammaiyar, whose poetry is devotional in nature. It discusses the biography written on the poet six centuries after her lifetime, and suggests ways of interpreting Karaikkal Ammaiyar's poetry without using the categories and events promoted by her biographer, in order to engage her own thoughts as they are communicated through the poetry attributed to her. In the same way that the biographer made the poet `speak' to his present day, the book looks at how festivals held today make both the poetry and the biography relevant to the present day. By discussing how poetry, story and festival provide distinctive yet overlapping interpretations of the saint, this book reveals the selections and priorities of interpreters in the making of a living tradition. It is an accessible contribution to students and scholars of religion, Indian history and women's studies."
894,Irish literature :,
894,Irish literature :,
894,Islamic literature in contemporary Turkey :,
894,Just one word /,
894,The Kalevala :,"This poetry provided the basis of the Kalevala. It was assembled in the 1840s by the Finnish scholar Elias Loennrot, who took `dictation' from the performance of a folk singer, in much the same way as our great collections from the past, from Homeric poems to medieval songs and epics, have probably been set down."
894,The Kanteletar :,
894,Kocharethi :,
894,The Kural /,
894,Landmarks in continental European literature /,
894,The life of Harishchandra /,"The Life of Harishchandra, Raghavanka's thirteenth-century masterpiece, is the first poetic rendering of one of ancient India's most enduring legends. When his commitment to truth is tested by a powerful sage, King Harishchandra suffers utter deprivation--the loss of his wife and son, his citizens and power, and, dearest of all, his caste status--but refuses to yield. The tale has influenced poets and readers through the ages. Mahatma Gandhi traced his own commitment to truth to the impact of a Harishchandra play seen in childhood. A poet from northern Karnataka trained in the twin traditions of Sanskrit and Kannada, Raghavanka negotiates a unique space for himself in the Kannada literary canon through important thematic, formal, and stylistic innovations.The conflicts he addresses--of hierarchical social order, political power, caste, and gender--are as relevant to contemporary India as to his own times. Accompanied by the original text in the Kannada script, this spirited translation, the first into any language, brings an elegant and energetic narrative to a global readership.--"
894,A little Hungarian pornography /,A surrealistic novel made up of stories and reflections which equate pornography with political tyranny. It is set in Hungary under the Communists. By the author of Book of Hrabal.
894,The masculine of 'Virgin' /,
894,Mignon's afterlives :,"Terence Cave traces the afterlives of Mignon, an apparently minor character in Goethe's novel Wilhelm Meisters Lehrjahre, through the European cultures of the 19th and 20th centuries. The enigmatic and fascinating Mignon reappears in wide range of different works, mainly narrative fiction but also poetry, song, opera, and film."
894,"Myth, philosophy, avant-gardism : philosophic myth-making and the literary avant-gardism /",
894,Negotiating transcultural relations in the early modern Mediterranean :,
894,Negotiating transcultural relations in the early modern Mediterranean :,
894,The New medievalism /,
894,Nomads on pilgrimage :,"""Nomads on Pilgrimage : Mongols on Wutaishan (China), 1800-1940 is a social history of the Mongols' pilgrimages to Wutaishan in late imperial and Republican times. In this period of economic crisis and rise of nationalism and anticlericalism in Mongolia and China, this great Buddhist mountain of China became a unique place of intercultural exchanges, mutual borrowings, and competition between different ethnic groups. Based on a variety of written and visual sources, including a rich corpus of more than 340 Mongolian stone inscriptions, it documents why and how Wutaishan became one of the holiest sites for Mongols, who eventually reshaped its physical and spiritual landscape by their rites and strategies of appropriation""--Provided by publisher."
894,On the world and religious life /,
894,Orhan Pamuk and the good of world literature /,
894,Othappu :,
894,Ottoman poems :,"Ottoman Poems - translated into English verse in the original forms, with introduction, biographical notices, and notes is an unchanged, high-quality reprint of the original edition of 1882. Hansebooks is editor of the literature on different topic areas such as research and science, travel and expeditions, cooking and nutrition, medicine, and other genres. As a publisher we focus on the preservation of historical literature. Many works of historical writers and scientists are available today as antiques only. Hansebooks newly publishes these books and contributes to the preservation of literature which has become rare and historical knowledge for the future."
894,The Oxford India anthology of Telugu dalit writing /,
894,The Penguin companion to European literature /,
894,Plays and other writings /,
894,Professor Martens' departure /,
894,Pulayathara /,"Written in 1962, Pulayathara is among the earliest novels that records the complexity of Dalit experience. It focuses on the untouchable Pulaya community of Kerala, documenting the experiences of two kinds of Dalits, those who choose to remain within the subordinating Hindu social order, and those, who convert to Christianity in the hope of receiving assured food, shelter, and education. Chirakkarode sharply critiques the hollowness of religious conversion in a cast-ridden society. The converted Dalits are promptly labelled 'New Christians' as against the Syrian Christians who claim superior ancestry and upper caste status due to their ownership of land and other privileges. Ownership of land and the house built upon it become markers of exclusion and separation. Thevan Pulayan collects clay from the backwaters to create a landmass to build his hut. He pays the landlord for the materials. But the thrill of ownership is shattered when the landlord orders another labourer to occupy Thevan's home. The Dalits who convert to Christianity are allowed to build homes, but these houses fail to provide security and asylum as they stand on a defined piece of land, apart from the homes of the upper caste Hindus and Christians."
894,Rapture and revolution :,
894,Reading the Renaissance :,
894,The republic of letters /,"""In this fascinating study, preeminent historian Marc Fumaroli reveals how an imagined ""republic"" of ideas and interchange fostered the Italian Renaissance, the Enlightenment, and the French Revolution. He follows exchanges among Petrarch, Erasmus, Descartes, Montaigne, and others from the fifteenth through the eighteenth centuries, through revolutions in culture and society. Via revealing portraits and analysis, Fumaroli traces intellectual currents engaged with the core question of how to live a moral life--and argues that these men of letters provide an example of the exchange of knowledge and ideas that is worthy of emulation in our own time. Combining scholarship, wit, and reverence, this thought-provoking volume represents the culmination of a lifetime of scholarship""--"
894,The rise of eurocentrism :,
894,Rivo satakieli /,
894,The Sabdan Baatir codex :,"In The abdan Baatr Codex Daniel Prior presents the first complete edition, translation, and interpretation of a unique manuscript of early twentieth-century Kirghiz epic-like narrative and genealogical poems, analyzing their patronage and their context of oral and written historiography."
894,Samskara =,
894,Scavenger's son /,
894,Scenes from the drama of European literature /,
894,Seeing in the dark /,
894,She loves me /,
894,Sociology through literature :,"""This book presents a comprehensive study of nearly 100 of Kaaroor's short stories. Kaaroor Neelakanta Pillai is one among the Big Six of the 'new wave' in Malayalam literature which began in the mid-1940s. The Big Six and their immediate followers wrote about the common man, peasants, pavement-dwellers, fishermen, rickshaw-pullers, underpaid school teachers -- their lives, aspirations and vulnerabilities. By treating Kaaroor's stories as case studies, the book takes a sociological approach to understanding the representation of a wide array of themes: romantic overtones, erotic pursuits, marital episodes, issues of family, lives of children, behavioural patterns, shades of greed, the idea of spirituality and politics in Malayalam literature. With its annotated transcreation and detailed commentary, this book brings Kaaroor's works to the general reader, and will be useful to scholars and researchers of South Asian literature, English literature, linguistics, cultural studies, besides those interested in Malayalam literature and the Malayali/Indian diaspora across the world."" --"
894,"Songs of gods, songs of humans :",
894,Space and time on the magic mountain :,"""Space and Time on the Magic Mountain explores the theme of the magic mountain in nineteenth- and early-twentieth-century European literature, especially in selected works of William Wordsworth, Matthew Arnold, James Hilton, and Thomas Mann. The magic mountain, an aesthetically, intellectually, and spiritually unique environment, represents a threshold realm at the interface of life and death, time and eternity, where the protagonist experiences an epiphanic moment culminating in a profound and vital awareness of space and time.""--BOOK JACKET."
894,The study of stolen love :,"This is the first complete English translation of an important work of Tamil poetics. Composed in southern India around the eighth century CE, this is a commentary structured around 60 verses of uncertain origin on the poetry of love. The commentary also includes hundreds of illustrative poems drawn from various Tamil literary periods ranging from the very earliest through the eighth century."
894,Suragi /,Autobiography of a Kannada author.
894,Tamil :,"This book explores two millennia of south Indian Tamil civilization, with a special emphasis on the way Tamil speakers and literati understood the unique features of their language and the major cultural themes articulated in Tamil over this long time span. Tamil is one of the great world languages, with its 80 million speakers, its ancient, classical past, and the profound richness of its cultural traditions, which spread throughout South Asia and beyond to Sri Lanka and Southeast Asia and, today, to a large Tamil Diaspora scattered around the globe. Presented in the format of a south Indian musical composition, the chapters take the reader through the whole of Tamil cultural history, from its beginnings at the end of the first millennium B.C. through the stunning poems of love and war known as ""Sangam Poetry"", the burst of intense religious movements in the mid-first-millennium A.D., the Chola period of imperial expansion, and into late-medieval and modern times, including present-day Tamil politics and the vast cultural production of Chennai, Madurai, and Tanjavur. The treasures of the Tamil language deserve a wide audience--thus the book is aimed at readers with no special knowledge of India no less than at speakers and connoisseurs of Tamil. Translated verses and spicy stories of poets, lovers, musicians, warriors and kings fill the pages of this book, which paints a wide-angle, panoramic canvas of one of the most creative civilizations in the history of South Asia as it evolved and transformed itself from the distant past up to our own generation.--"
894,Tamil literature /,
894,Textures of Renaissance knowledge /,
894,The wisdom of India /,
894,Theory and history of ideological production :,
894,Trails in no-man's-land :,
894,The undying grass /,
894,Useful servanthood :,
894,War and migration :,"Focusing on the case of the Hazaras, a population from central Afghanistan, this book shows how migration studies and transnationalism are at the heart of theoretical and methodological debates which animate anthropology."
894,Water =,
894,Wings of hope and daring :,
894,Worlds of Hungarian writing :,
894,Writing and vulnerability in the late Renaissance /,
894,Writing Europe :,
065,Abstract art in the late twentieth century /,"These essays on abstract painting by eleven of its most incisive critics trace the development of such critical issues as hard-edge painting, deductive and serial structure, monochrome abstraction, the psychological analogy, regionalism, and the ""death of painting"" in Postmodernism. The introduction and commentary by Frances Colpitt situates the essays historically and examines their philosophical sources and influences, from formalism and phenomenology to structuralism and poststructuralism. What emerges is a coherent and optimistic picture of abstract painting--the definitive contribution of modern art."
065,Abstract expressionism /,
065,Bloomberg by Bloomberg /,"The remarkable story of how Michael Bloomberg created a media empire ""Lots of entrepreneurs make money. Lots of entrepreneurs who make money write books. Few of those books make you glad they did. This one does."" -The New York Times Book Review ""A classic tale of a nimble, customer-focused, entrepreneurial David outsmarting bureaucratic, ossified, corporate Goliaths."" -Business Week ""Entertaining, engaging, and informative, Bloomberg by Bloomberg is packed with great advice about how to start a lean, hungry company-and how to keep it that way."" -Bryan Burrough, coauthor, Barbarians at the Gate Brash, aggressive, and supremely self-confident, Michael Bloomberg, the visionary leader of the world's fastest-growing media empire, has been hailed as the new standard for what it takes to win in the Information Age. Dismissed from Salomon Brothers in 1981, Bloomberg immediately took his money and acerbic personality and started Bloomberg L.P. Bolstered by a $30 million investment from Merrill Lynch, the company and the man have been sprinting ahead of the pack ever since. Only twenty years after founding, he's at the top of his industry. And on June 5, 2001, he added mayoral candidate for New York City to his list of accomplishments and aspirations. If elected, powerhouse Michael Bloomberg will bring his own brand of leadership-and personal style-to the city that never sleeps."
065,Branch line empires :,"The Pennsylvania and the New York Central railroads helped to develop Central Pennsylvania as the largest source of bituminous coal for the nation. By the late 19th century, the two lines were among America's largest businesses and would soon become legendary archrivals. The PRR first arrived in the 1860s. Within a few years, it was sourcing as much as four million tons of coal annually from Centre County and the Moshannon Valley and would continue do so for a quarter-century. The New York Central, through its Beech Creek Railroad affiliate, invaded the region in the 1880s, first seeking a dependable, long-term source of coal to fuel its locomotives but soon aggressively attempting to break its rival's lock on transporting the area's immense wealth of mineral and forest products. Beginning around 1900, the two companies transitioned from an era of growth and competition to a time when each tacitly recognized the other's domain and sought to achieve maximum operating efficiencies by adopting new technology such as air brakes, automatic couplers, all-steel cars, and diesel locomotives. Over the next few decades, each line began to face common problems in the form of competition from other forms of transportation and government regulation; in 1968 the two businesses merged. Branch Line Empires offers a thorough and captivating analysis of how a changing world turned competition into cooperation between two railroad industry titans."
065,Brazil on the rise :,
065,Business persons :,
065,The Cambridge companion to Nelson Mandela /,"""Nelson Mandela is one of the most revered figures of our time. He committed himself to a compelling political cause, suffered a long prison sentence, and led his violent and divided country to a peaceful democratic transition. His legacy, however, is not uncontested: his decision to embark on an armed struggle in the 1960s, his solitary talks with apartheid officials in the 1980s, and the economic policies adopted during his presidency still spark intense debate. The essays in this Companion, written by experts in history, anthropology, jurisprudence, cinema, literature, and visual studies, address these and other issues. They examine how Mandela became the icon he is today and consider the meanings and uses of his internationally recognizable image. Their overarching concerns include Mandela's relation to ""tradition"" and ""modernity,"" the impact of his most famous public performances, the oscillation between Africanist and non-racial positions in South Africa, and the politics of gender and national sentiment. The volume concludes with a meditation on Mandela's legacy in the twenty-first century and a detailed guide to further reading"""
065,Civil obedience :,"Since the fall of General Augusto Pinochet's dictatorship (1973-1990), Chilean society has shied away from the taboo subject of civilian complicity, preferring to pursue convictions of military perpetrators. But the torture, murders, deportations, and disappearances of tens of thousands of people in Chile were not carried out by the military alone; it required a vast civilian network of support. Some actively participated in the regime's massive violations of human rights for personal gain or from a sense of patriotic duty. Others supported Pinochet's neoliberal economic program while ignoring the crimes of that era. Michael J. Lazzara boldly argues that today's Chile is a product of both complicity and complacency. Combining historical analysis with deft literary, political, and cultural critique, he scrutinizes the post-Pinochet rationalizations made by politicians, artists, intellectuals, bystanders, former revolutionaries-turned-neoliberals, and common citizens. He looks beyond victims and perpetrators to unveil the ambiguous, ethically vexed realms of memory and experience that authoritarian regimes inevitably generate."
065,Comparative company law :,
065,Country of my skull :,"Ever since Nelson Mandela dramatically walked out of prison in 1990 after twenty-seven years behind bars, South Africa has been undergoing a radical transformation. In one of the most miraculous events of the century, the oppressive system of apartheid was dismantled. Repressive laws mandating separation of the races were thrown out. The country, which had been carved into a crazy quilt that reserved the most prosperous areas for whites and the most desolate and backward for blacks, was reunited. The dreaded and dangerous security force, which for years had systematically tortured, spied upon, and harassed people of color and their white supporters, was dismantled. But how could this country--one of spectacular beauty and promise--come to terms with its ugly past? How could its people, whom the oppressive white government had pitted against one another, live side by side as friends and neighbors?To begin the healing process, Nelson Mandela created the Truth and Reconciliation Commission, headed by the renowned cleric Archbishop Desmond Tutu. Established in 1995, the commission faced the awesome task of hearing the testimony of the victims of apartheid as well as the oppressors. Amnesty was granted to those who offered a full confession of any crimes associated with apartheid. Since the commission began its work, it has been the central player in a drama that has riveted the country. In this book, Antjie Krog, a South African journalist and poet who has covered the work of the commission, recounts the drama, the horrors, the wrenching personal stories of the victims and their families. Through the testimonies of victims of abuse and violence, from the appearance of Winnie Mandela to former South African president P. W. Botha's extraordinary courthouse press conference, this award-winning poet leads us on an amazing journey.Country of My Skull captures the complexity of the Truth Commission's work. The narrative is often traumatic, vivid, and provocative. Krog's powerful prose lures the reader actively and inventively through a mosaic of insights, impressions, and secret themes. This compelling tale is Antjie Krog's profound literary account of the mending of a country that was in colossal need of change."
065,Disconnected :,
065,E-learning and virtual science centers /,"""The book provides an overview of the state-of-the-art developments in the new and emerging field of science education, called virtual science centers""--Provided by publisher."
065,Enterprise and social rights /,
065,Fundamentals of permanent establishments /,
065,The great telecoms swindle :,
065,How to find information in science and technology /,
065,The information revolution :,
065,Inside Mathforum.org :,"The internet has dramatically transformed social space and time for many people in many different contexts. This dramatic warping of the social fabric has happened slowly over time as digital technologies have evolved and internet speeds have increased. While we are all aware of these changes, the impact is often little understood. There are few monographs about social groups made possible by the internet, and even fewer about educational communities made possible through digital technologies. 'Inside Mathforum.org' details the ways that digital media are used to enhance the practices that teachers and students of mathematics engage in. The book also shows how different kinds of mathematical conversations and interactions become possible through the digital media. Unlike many other educational uses of digital media, the Math Forum's community has provided online resources and sustained support for teachers and students, and it leads the way in showing the power of digital media for education."
065,The Internet for molecular biologists :,
065,The law and governance of decentralised business models :,"""This book draws together themes in business model developments in relation to business networks and platforms, decentralized business models (DBMs), sometimes referred to as the 'sharing' economy', to systematically analyse the challenges to corporate and organizational law, and governance. DBMS include business networks, the global supply chain, public-private partnerships, the platform economy and blockchain-based enterprises. The law of organizational forms and governance has been slow in responding to changes and reliance has been placed on innovations in contract law to support the business model developments. The authors argue that the law of organisations and governance can respond to changes in the phenomenon of decentralised business models driven by transformative technology and new socio-economic dynamics. They argue that principles underlying the law of organisations and governance, such as corporate governance, are crucial to constituting, facilitating and enabling reciprocality, mutuality, governance and redress in relation to these business models, whose creation of wealth neither fully subscribes to a firm or market system, is neither hierarchical or totally decentralized, and incorporates socio-economic elements that are often enmeshed with incentives and relations. Of interest to academics, policy-makers and legal practitioners, this book offers proposals for new thinking in the law of organization and governance to advance the possibilities of a new socio-economic future""--"
065,Managing railway operations & maintenance :,
065,Managing railway operations & maintenance :,
065,Mandela :,Nelson Mandela stands out as one of the most admired political figures of the twentieth century. It was his leadership and moral courage above all that helped to deliver a peaceful end to apartheid in South Africa after years of racial division and violence and to establish a fledgling democracy there.
065,The nonprofit sector in Italy /,
065,Online searching :,
065,Painting abstraction :,
065,Painting abstraction :,
065,Parallel Gospels :,
065,A research agenda for organizational law /,"""Elgar Research Agendas outline the future of research in a given area. Leading scholars are given the space to explore their subject in provocative ways, and map out the potential directions of travel. They are relevant but also visionary. Taking stock of the quiet revolution that has taken place in the field of organizational law over the last few decades, this erudite Research Agenda presents a critical overview of the current state of organizational law and explores the increasingly flexible structures and capabilities of modern organizations. Explaining and evaluating new possibilities in modern organizational law, the book demonstrates that legal organizations are much more generative than widely recognized, with the capacity to enable new configurations that combine several legal transactional techniques. Chapters consider the implications of this flexibility for monitoring, regulation, and reform, examine the effects of modern transactional creativity on the rest of the legal system, suggest how organizational statutes might be harmonized, introduce non-traditional uses of modern organizations like LLCs, and propose novel ways to regulate organizations. The book ultimately highlights that the formlessness and adaptability of modern legal organizations is the foundation for a significant body of future research on the evolving role of legal entities. This path-breaking Research Agenda will prove invaluable to academics and students of company law, partnership law, and agency law, as well as transactional lawyers and analysts of organizations in other fields. Its extensive critical analysis will benefit all those who use, study, and regulate modern legal organizations""--"
065,Science discoveries on the Net :,
065,Scientific information systems in Japan /,
065,"The Syntheses of sulphones, sulpoxides and cyclic sulphides /",
065,Teaching improv in your jazz ensemble :,
065,Understanding contemporary Brazil /,
065,Using Internet primary sources to teach critical thinking skills in the sciences /,This reference provides science teachers and school library media specialists with over 150 Web sites containing primary source documents in all areas of the sciences.
065,Using online scientific & engineering databases /,
065,When a flower is reborn :,
065,When a flower is reborn :,
076,"1,001 accounting practice problems for dummies /","""Whether you're looking to improve your classroom experience or jumpstart a career in accounting, this hands-on resource has everything you need to get ahead. Tips are provided to help you approach the problems, and the back of the book includes detailed, step-by-step answer explanations. You'll find all the practice you need to succeed in accounting.""--Publisher's description."
076,500 business environment and concepts questions for the CPA exam /,
076,A-Z business studies workbook /,
076,Accounting case problems :,
076,The advanced calculus problem solver /,
076,AP calculus AB /,
076,Arctic aire :,
076,The Austro-Prussian War :,
076,Barron's AP European history /,
076,Basic materials in music theory :,"This classic, self-paced, auto-instructional introduction to music fundamentals allows users to work independently through a programmed format. From the wealth of clearly laid-out lessons and exercises, learners receive continual feedback and reinforcement as they work through the sequence at their own pace. Chapter topics cover the basic materials of music: time and sound, the notation of pitch, time classification, note and rest values, time signatures, intervals, the basic scales, the major scale, minor scales, key signatures, and triads. For private music studio teachers, and anyone involved in the teaching--and learning-- of the basic fundamentals of music."
076,Biological science :,
076,Brandywine workbook in American history.,
076,Broccoli for the brain :,
076,C'est la vie :,
076,Cambridge International AS and A Level economics revision guide /,"Cambridge International AS and A Level Economics Revision Guide helps students prepare for the Cambridge examination. Cambridge International AS and A Level Economics Revision Guide provides guidance on tackling the different types of questions set by the examination board. It includes advice on revision and essay writing, as well as clear summaries of the syllabus content."
076,China taxation--2003 /,
076,Classic analytical problems in mechanical engineering /,
076,CompTIA IT Fundamentals (ITF+) :,"Virtual, hands-on learning labs allow you to apply your technical skills using live hardware and software hosted in the cloud. So Sybex has bundled CompTIA IT Fundamentals labs from Practice Labs, the IT Competency Hub, with our popular CompTIA IT Fundamentals (ITF+) Study Guide: Exam FC0-U61, 2nd Edition. Working in these labs gives you the same experience you need to prepare for the CompTIA IT Fundamentals FC0-U61 that you would face in a real-life setting. Used in addition to the book, the labs are a proven way to prepare for the certification and for work in theIT field."
076,Control and co-ordination in organisms a laboratory guide /,
076,Crop genetic resources as a global commons :,
076,Dictation exercises in phonetics /,
076,Digital photo assignments :,"This collection of more than 40 photo assignments is designed to help all students-from beginning freshmen to experienced seniors-improve or reinvigorate their work and reach their full potential as photographers. Whether you are building a syllabus for your first photography class, revitalizing assignments for your students, or looking to add DSLR video, workflow, or color correction to your class, you will find a wealth of ideas in this wonderful working guide. The assignments begin with using the camera, and progress through learning composition and lighting, working in genres, building a portfolio and more."
076,Economics :,
076,"Economics reading lists, course outlines, exams, puzzles & problems /",
076,An exploratory look at the English standards of university students in Hong Kong /,
076,Financial accounting :,
076,Financial accounting and tax principles /,
076,Fundamentals of general topology :,
076,GMAT :,
076,GMAT CAT :,
076,GMAT quantitative review :,
076,GMAT review :,
076,GMAT review :,
076,GMAT sentence correction bible /,
076,GMAT verbal review :,
076,GMAT verbal review :,
076,GMAT verbal workbook /,
076,A guide to language testing :,
076,A guide to language testing :,
076,Hong Kong Institute of Accredited Accounting Technicians study text.,
076,Hong Kong Institute of Accredited Accounting Technicians study text.,
076,Hong Kong Institute of Accredited Accounting Technicians study text.,
076,Hong Kong Institute of Accredited Accounting Technicians study text.,
076,Hong Kong Institute of Accredited Accounting Technicians study text.,
076,Hong Kong Institute of Accredited Accounting Technicians study text.,
076,Hong Kong Institute of Accredited Accounting Technicians study text.,
076,Hong Kong Institute of Accredited Accounting Technicians study text.,
076,Hong Kong Institute of Accredited Accounting Technicians study text.,
076,Hong Kong Institute of Accredited Accounting Technicians study text.,
076,Instructor`s resource manual applied mathematics :,
076,Interpretation tests in biology /,
076,Into the unknown :,
076,Introductory problem courses in analysis and topology /,
076,Laboratory guide for biological science /,
076,Laboratory manual for morphology and syntax /,
076,Linear and complex analysis problem book :,
076,Maintenance of the organism a laboratory guide /,
076,McGraw-Hill Education 500 regulation questions for the CPA exam /,
076,Modern English workbook /,
076,Modern English workbook /,
076,Multiple choice questions for intermediate economics /,
076,The official guide for GMAT quantitative review /,
076,Paper liberals :,
076,The physics problem solver /,
076,Physics problems /,
076,The Pitman guide to English language examinations for overseas candidates /,
076,Preventive medicine and public health /,
076,Preventive medicine and public health /,
076,Principles of accounting I /,
076,Problems and solutions in real analysis /,"This second edition introduces an additional set of new mathematical problems with their detailed solutions in real analysis. It also provides numerous improved solutions to the existing problems from the previous edition, and includes very useful tips and skills for the readers to master successfully. There are three more chapters that expand further on the topics of Bernoulli numbers, differential equations and metric spaces. Each chapter has a summary of basic points, in which some fundamental definitions and results are prepared. This also contains many brief historical comments for some significant mathematical results in real analysis together with many references. Problems and Solutions in Real Analysis can be treated as a collection of advanced exercises by undergraduate students during or after their courses of calculus and linear algebra. It is also instructive for graduate students who are interested in analytic number theory. Readers will also be able to completely grasp a simple and elementary proof of the Prime Number Theorem through several exercises. This volume is also suitable for non-experts who wish to understand mathematical analysis."
076,Problems and solutions on mechanics /,
076,Problems and solutions on optics :,
076,Public international law :,
076,Qualification programme.,
076,Qualification programme.,
076,Qualification programme.,
076,Qualification programme.,
076,Qualification programme.,
076,Qualification programme.,
076,Questions in financial accounting applications I & II /,
076,Recording and processing data on candidates in the Tang examination system /,
076,Riddles in mathematics :,
076,Schaum's outline of 3000 solved problems in calculus /,
076,Schaum's outline of principles of accounting I /,Includes 520 fully solved problems; reflects the latest standards in accounting practices; covers all course fundamentals; and supplements the major accounting textbooks. For beginning level accounting course students.
076,Schaum's outline of theory and problems of financial accounting /,
076,Schaum's outline of theory and problems of modern physics /,
076,Schaum's outline of theory and problems of modern physics /,
076,Schaum's outline of theory and problems of principles of accounting II /,
076,Schaum`s outline of theory and problems of financial accounting /,
076,Simple office projects :,
076,"Sociology, advanced test :",
076,Solving problems in geometry :,
076,Some exercises in pure mathematics :,
076,Some exercises in pure mathematics with expository comments.,
076,Student's guide for personality dynamics and effective behavior /,
076,Taxation module :,
076,Taxation module :,
076,Taxation module :,
076,Thinking physics :,
076,Thinking physics is Gedanken physics /,
076,"University of California, Berkeley, physics problems, with solutions /",
076,Wiley CMAexcel learning system exam review 2014 :,
076,Wiley CPAexcel exam review 2014 study guide.,
076,Wiley CPAexcel exam review study guide 2014.,
076,Wiley CPAexcel exam review study guide 2014.,
076,Wiley CPAexcel exam review study guide July 2014:,
076,Writing English language tests /,
093,Ancient libraries /,
093,Ancient libraries /,"""The circulation of books was the motor of classical civilization. But books were both expensive and rare, and so libraries - private and public, royal and civic - played key roles in articulating intellectual life. This collection, written by an international team of scholars, presents a fundamental reassessment of how ancient libraries came into being, how they were organised, and how they were used. Drawing on papyrology and archaeology, and on accounts written by those who read and wrote in them, it presents new research on reading cultures, on book collecting, and on the origins of monumental library buildings. Many of the traditional stories told about ancient libraries are challenged. Few were really enormous, none were designed as a research centre, and occasional conflagrations do not explain the loss of most ancient texts. But the central place of libraries in Greco-Roman culture emerges more clearly than ever.""--back cover."
093,The apostle /,
093,The art of terrestrial diagrams in early China /,"""This is the first English-language monograph on the early history of cartography in China. Its chief players are three maps found in tombs that date from the fourth to the second century BCE and together constitute the entire known corpus of ancient Chinese maps (ditu). A millennium separates them from the next available map from 1136 CE. Most scholars study them through the lens of modern, empirical definitions of maps and their use. This book offers an alternative view by drawing on methods not just from cartography but from art history, archaeology, and religion. It argues that, as tomb objects, the maps were designed to be simultaneously functional for the living and the dead-that each map was drawn to serve navigational purposes of guiding the living from one town to another as well as to diagram ritual order, thereby taming the unknown territory of the dead. In contrast with traditional scholarship, The Art of Terrestrial Diagrams in Early China proposes that ditu can ""speak"" through their forms. Departing from dominant theories of representation that forge a narrow path from form to meaning, the book braids together two main strands of argumentation to explore the multifaceted and multifunctional diagrammatic tradition of rendering space in early China""--"
093,The art of the Scythians :,"This volume offers a detailed consideration of the style, technology, and iconographic implications of the art of the Scythians, organized by object typology and chronology, and considered against a broader historical, expressive, and technical background; that of the Scythians' Eurasian sources, of earlier and contemporary West Asian cultures, and of the Hellenic culture which emerged beside that of the Scythians in the northern littoral of the Black Sea."
093,The birth of politics :,"""[An introduction] to the foundations of Western political thought, from the Greeks, who invented democrary, to the Romans, who created a republic and then transformed it into an empire...[Lane] focuses on eight political ideas from the Greco-Roman world that are especially influential today...and describes how the ancient formulations of these ideas often challenge widely held modern assumptions""--From publisher description on book jacket."
093,The Cambridge companion to ancient Greek political thought /,"The Cambridge Companion to Ancient Greek Political Thought provides a guide to understanding the central texts and problems in ancient Greek political thought, from Homer through the Stoics and Epicureans. Composed of essays specially commissioned for this volume and written by leading scholars of classics, political science, and philosophy, the Companion brings these texts to life by analysing what they have to tell us about the problems of political life. Focusing on texts by Homer, Herodotus, Thucydides, Plato, and Aristotle, among others, they examine perennial issues, including rights and virtues, democracy and the rule of law, community formation and maintenance, and the ways in which theorizing of several genres can and cannot assist political practice."
093,The Cambridge companion to ancient rhetoric /,
093,Communities of style :,
093,The concept of man in Early China /,
093,The construction of time in antiquity :,"Time has always held a fascination for human beings, who have attempted to relate to it and to make sense of it, constructing and deconstructing it through its various prisms, since time cannot be experienced in an unmediated way. This book answers the needs of a growing community of scholars and readers who are interested in this interaction. It offers a series of innovative studies by both senior and younger experts on various aspects of the construction of time in antiquity. Some articles in this book contain visual material published for the first time, while other studies update the field with new theories or apply new approaches to relevant sources. Within the study of antiquity, the book covers the disciplines of Classics and Ancient History, Assyriology, Egyptology, Ancient Judaism, and Early Christianity, with thematic contributions on rituals, festivals, astronomy, calendars, medicine, art, and narrative."
093,Cosmic problems :,
093,Creating Celtic animal designs :,"""Many instruction books focus on how to duplicate a given set of designs, but this unique work shows how to create your own. Cari Buziak presents simple, step-by-step directions for incorporating animal forms into Celtic designs""--"
093,The culture of the Roman plebs /,"The common man in the Roman street is beginning at last to attract the attention he deserves from specialists;his active, noisy role in the politics of the late Republic has been restored to him and now the time has come to try to look a bit further inside his head, at his culture, not in the conventionally book-defined sense of what - if anything - he read and wrote, but of the songs he sang, the dances and music he preferred, the shows he saw, the games he played, the scraps of knowledge he picked up, the Greek he learned from the Syrians across the landing, the odds and ends of the history of Rome he had picked up from statues, processions, plays. This is the first attempt to reconstruct what your average Roman talked about in the bar or in the multi-seater latrine. All Latin is translated and all due care is taken of the non-specialist's requirements."
093,Death in the Greek world :,
093,Die staatshaushaltung der Athener /,
093,Early printed books /,
093,East Asia and America :,
093,East Asian ecocriticisms :,
093,From the wistaria bush /,
093,Glass along the Silk Road from 200 BC to AD 1000 :,
093,"Good Italy, bad Italy :",
093,Greek political thought /,
093,Individualism in early China :,
093,The Kizilbash-Alevis in Ottoman Anatolia :,
093,Legal reform in English Renaissance literature /,"This book investigates rhetorical and representational practices that were used to monitor English law at the turn of the seventeenth century. The late-Elizabethan and early-Jacobean surge in the policies and enforcement of the reformation of manners has been well-documented. What has gone unnoticed, however, is the degree to which the law itself was the focus of reform for legislators, the judiciary, preachers, and writers alike. While the majority of law and literature studies characterize the law as a force of coercion and subjugation, this book instead treats in greater depth the law's own vulnerability, both to corruption and to correction. In readings of Spenser's 'Faerie Queene', the 'Gesta Grayorum', Donne's 'Satyre V', and Shakespeare's 'Measure for Measure' and 'The Winter's Tale', Strain argues that the terms and techniques of legal reform provided modes of analysis through which legal authorities and literary writers alike imagined and evaluated form and character. Reevaluates canonical writers in light of developments in legal historical research, bringing an interdisciplinary perspective to works. Collects an extensive variety of legal, political, and literary sources to reconstruct the discourse on early modern legal reform, providing an introduction to a topic that is currently underrepresented in early modern legal cultural studiesAnalyses the laws own vulnerability to individual agency."
093,Literature's refuge :,"""For the Translation/Transnation comparative literature series, a monograph that explores the refugee and diasporic literatures that resulted from the 1923 population exchange between Greece and Turkey""--"
093,Novel possibilities :,"In Novel Possibilities Joseph Childers considers the role of the novel, and especially the social-problem novel of the 1840s, in interpreting and shaping the cultures of the early Victorian period. Childers contends that novels such as Benjamin Disraeli`s Coningsby, Elizabeth Gaskell`s Mary Barton, and Charles Kingsley`s Alton Locke were in direct competition with other forms of public discourse for interpretive dominance of their age. Childers examines the interactions between the novel and a set of texts generated by parliamentary and radical politics, the sanitation reform movement, and religion. Reversing the position of earlier studies of this period, he argues that the novel was in fact constitutive of - and often provided the model fortexts as diverse as the political agendas of Robert Peel and T. B. Macaulay or Edwin Chadwick`s enormously important Report on the Sanitary Condition of the Labouring Population of Great Britain, with its seemingly encyclopedic description of the conditions of poverty."
093,On the fringe of commentary :,"This volume contains the papers of the second meeting of the international scholarly network ""The Hermeneutic of Judaism, Christianity and Islam,"" held in Aix-en-Provence (September 25-27, 2008). Drawing on Gerard Genette's theory of the five different types of ""transtextuality"" (Palimpsestes, Paris 1982) - intertextuality, paratextuality, metatextuality, hypertextuality, and architextuality - , the volume discusses the practices of metatextuality as diverse as commentaries, hypomnemata, pesharim, targumim, Talmud, allegoresis, glosses, scholia, catenae, questions-and-responses (erotapocriseis), prophetic extracts, hypotheses, homilies, integumenta and involucra, Keys to Dreams, translations, and transliterations in the ancient Mediterranean and Near Eastern cultures. Presented with an introduction designed to expand and re-contextualize this issue, the eighteen communications discuss common strategies of metatextuality in Greek and Jewish culture as well as its various manifestations in the Septuagint and other Jewish texts, in the literature of the Ancient Near East and Egypt, in the Greco-Roman world, and in the late antique and medieval literature."
093,Painting the Mediterranean Phoenician :,"""This book focuses on the Canaanite-Phoenician economic systems that predominated in and determined Mediterranean history. Phoenician trade networks were sophisticated and elaborate operations that required a highly developed society and institutions in order to spread and be maintained. By tracking the manufacture, use, and shipment routes of Phoenician products, primarily those traded in amphorae and bottles but also fine-ware and their associated assemblages, a new map of Mediterranean connectivity and interrelations emerges, whose routes, operations and cultural affiliation lasted a long time. The Phoenician trade-nets are presented geographically, with special attention paid to the traceable product networks involving wine, salted fish, or perfumed oils""--"
093,Postsecular Benjamin :,
093,Prince of the Ghetto /,
093,Principles of decoration in the Roman world /,"This book explores the manner in which architectural settings and action contexts influenced the perception of decoration in the Roman world. Crucial to the relationship between ancient viewers and media was the concept of decor, a term employed by Vitruvius and other Roman authors to describe the appropriateness of particular decorative elements to the environment in which they were located. The papers in this volume examine a diverse range of decorated spaces, from press rooms to synagogues, through the lens of decor. In doing so, they shed new light on the decorative principles employed across Roman Italy and beyond."
093,Principles of Macroeconomics in New Zealand /,
093,Rabbis as Romans :,
093,Rethinking classical Indo-Roman trade :,
093,The Roman games :,
093,Scribal repertoires in Egypt from the New Kingdom to the early Islamic period /,"Scribal Repertoires in Egypt from the New Kingdom to the Early Islamic Period deals with the possibility of glimpsing pre-modern and early modern Egyptian scribes, the actual people who produced ancient documents, through the ways in which they organized and wrote those documents. While traditional research has focused on identifying a 'pure' or 'original' text behind the actual manuscripts that have come down to us from pre-modern Egypt, the volume looks instead at variation - different ways of saying the same thing - as a rich source for understanding the complex social and cultural environments in which scribes lived and worked, breaking with the traditional conception of variation in scribal texts as 'free' or indicative of 'corruption'. As such, it presents a novel reconceptualization of scribal variation in pre-modern Egypt from the point of view of contemporary historical sociolinguistics, seeing scribes as agents embedded in particular geographical, temporal, and socio-cultural environments. Introducing to Egyptology concepts such as scribal communities, networks, and repertoires, among others, the authors then apply them to a variety of phenomena, including features of lexicon, grammar, orthography, palaeography, layout, and format. After first presenting this conceptual framework, they demonstrate how it has been applied to better-studied pre-modern societies by drawing upon the well-established domain of scribal variation in pre-modern English, before proceeding to a series of case studies applying these concepts to scribal variation spanning thousands of years, from the languages and writing systems of Pharaonic times, to those of Late Antique and Islamic Egypt."
093,Sport and spectacle in the ancient world /,
093,Sport and spectacle in the ancient world /,
093,Theories of truth in Chinese philosophy :,"Theories of Truth in Chinese Philosophy deals with debates surrounding the concept of truth in early Chinese thought, from the earliest periods through to the Han dynasty. Alexus McLeod focuses first on the question of whether there is a concept of truth in early Chinese thought, giving a critical overview of the positions of contemporary scholars on this issue, outlining their arguments and considering objections and possible problems and alternatives. McLeod then goes on to consider a number of possible theories of truth in early Chinese philosophy, giving an overview of what he takes to be the main contenders for truth concepts in the early material, and surrounding concepts and positions.In addition, the author considers how these theories of truth might be relevant in contemporary debates surrounding truth, as well as in the context of theories of truth in the history of philosophy, both in Western and Indian thought."
093,Trade in the ancient Sahara and beyond /,"Saharan trade has been much debated in modern times, but the main focus of interest remains the medieval and early modern periods, for which more abundant written sources survive. The pre-Islamic origins of Trans-Saharan trade have been hotly contested over the years, mainly due to a lack of evidence. Many of the key commodities of trade are largely invisible archaeologically, being either of high value like gold and ivory, or organic like slaves and textiles or consumable commodities like salt. However, new research on the Libyan people known as the Garamantes and on their trading partners in the Sudan and Mediterranean Africa requires us to revise our views substantially. In this volume experts re-assess the evidence for a range of goods, including beads, textiles, metalwork and glass, and use it to paint a much more dynamic picture, demonstrating that the pre-Islamic Sahara was a more connected region than previously thought."
093,"Trade, commerce, and the state in the Roman world /","This volume presents eighteen papers by leading Roman historians and archaeologists discussing trade in the Roman Empire during the period c.100 BC to AD 350. It focuses especially on the role of the Roman state in shaping the institutional framework for trade within and outside the empire, in taxing that trade, and in intervening in the markets to ensure the supply of particular commodities, especially for the city of Rome and for the army."
093,Tropical lands :,
093,Tying the threads of Eurasia :,
093,Women writing about money :,
093,Writing and materiality in ancient China :,""" Writing and Materiality in an Early Chinese Kingdom is an interdisciplinary study of the different kinds of writing (manuscripts made of silk, bamboo, and wood, as well as inscriptions in different media) discovered in three southern Chinese tombs dating to the first half of the second century B.C.E (early Han dynasty) at a site called Mawangdui. Studying these texts as things-artifacts to be manufactured, used, stored, displayed, performed, viewed, owned, and eventually buried-Luke Waring explores the different roles writing played in the lives and afterlives of three Chinese nobles, and those connected to them, including groups that are underrepresented in early sources such as women and non-elites. Intervening in debates surrounding the extent of literacy in Early China and the functions manuscripts played in ancient burials, Waring shows that during this period writing was not used simply to record or communicate important information, but also to complement and reinforce broader notions of material display, ritual performance, and cultural prestige, and that written texts were part of the elite visual and material cultures of their time. A detailed case study that draws on sources and scholarship from other parts of the ""ancient world,"" the book also makes use of approaches and methodologies developed in a range of overlapping disciplines, including literature and philology, history and archaeology, religion, art history, and material culture studies.""-- Provided by publisher."
093,Writing and society in ancient Cyprus /,"From its first adoption of writing at the beginning of the Late Bronze Age, ancient Cyprus was home to distinctive scripts and writing habits, often setting it apart from other areas of the Mediterranean and Near East. This well-illustrated volume is the first to explore the development and importance of Cypriot writing over a period of more than 1,500 years in the second and first millennia BC. Five themed chapters deal with issues ranging from the acquisition of literacy and the adaptation of new writing systems to the visibility of writing and its role in the marking of identities. The agency of Cypriots in shaping the island's literate landscape is given prominence, and an extended consideration of the social context of writing leads to new insights on Cypriot scripts and their users. Cyprus provides a stimulating case to demonstrate the importance of contextualised approaches to the development of writing systems."
093,Writing and society in ancient Cyprus /,"From its first adoption of writing at the beginning of the Late Bronze Age, ancient Cyprus was home to distinctive scripts and writing habits, often setting it apart from other areas of the Mediterranean and Near East. This well-illustrated volume is the first to explore the development and importance of Cypriot writing over a period of more than 1,500 years in the second and first millennia BC. Five themed chapters deal with issues ranging from the acquisition of literacy and the adaptation of new writing systems to the visibility of writing and its role in the marking of identities. The agency of Cypriots in shaping the island's literate landscape is given prominence, and an extended consideration of the social context of writing leads to new insights on Cypriot scripts and their users. Cyprus provides a stimulating case to demonstrate the importance of contextualised approaches to the development of writing systems."
093,Written on bamboo & silk :,
118,Advances in composite materials :,
118,"Britain`s productivity problem, 1948-1990 /",
118,Chaos and complexity in psychology :,
118,Closing the productivity gap :,
118,Comparative productivity in British and American industry /,
118,Digital design in action :,
118,Downsizing issues :,
118,Economics of fatigue and unrest /,
118,The economics of higher education :,"The debate regarding the increased funding of higher education has focused on specific issues - such as whether higher education should be financed through general taxation and the implications of collecting fees later in life through the use of a tax surcharge - while largely ignoring the important economic interdependencies which affect them. In The Economics of Higher Education, John Creedy explores the economic foundations of the debate and focuses attention on the process of government decision making including the precise way that these decisions are affected by the possible external effects of higher education. This book addresses the key issues in the debate using a fully specified model which allows for dispersion of abilities, the individual's decision to invest in higher education and the government's choice of higher education grant, along with the government's budget constraint. This model is also used to consider the effects of alternative tax and grant systems on the distribution of lifetime income within a cohort of individuals, and is extended to allow for the general equilibrium effects of other social transfers to the low paid, along with means testing of grants. The non-technical introduction discusses the author's approach, the framework of analysis and the conclusions which he has reached. As a rigorous analytical contribution to a major public policy debate, this book will be welcomed by policy makers and educationalists, as well as by teachers and researchers in the field of public economics."
118,Equity and efficiency considerations of public higher education /,
118,Facing up to low productivity growth /,"In this volume, a dozen renowned scholars analyze the impact of sustained lower productivity growth on public finances, social protection, trade, capital flows, wages, inequality, and, ultimately, politics in the advanced industrial world. They conclude that slow productivity growth could lead to unpredictable and possibly dangerous new problems, aggravating inequality and increasing concentration of market power. Facing Up to Low Productivity Growth also proposes ways that countries can cope with these consequences."
118,Fiber-reinforced composites :,
118,Financing higher education in Africa.,
118,The force of reason and the logic of force /,
118,Human work productivity :,"""Preface Our world is in an economic flux. The relative economic prowess and hence the influence of industry and commerce on the international stage have created a state of unstable and dynamic equilibrium. The interconnectedness of individual productivity, gross domestic product (GDP), global economic impacts, and potential for technological innovation and advancement has never been so apparent. Thus, enhancement of individual productivity exerts a direct impact on personal prosperity, national affluence, and international influence. Based on these connections and impacts, worker productivity has assumed a central and vital place in our individual and collective economic lives. This is an opportune time to delve into certain aspects of productivity. A topic as broad as productivity deserves and demands an exhaustive discourse--a task that is daunting and beyond the scope of this work. This book is an effort to explore some aspects of productivity in an attempt to expand our understanding of its benefits and consequences. This book begins with a chapter by Gilad and Elnekave that proposes cost-effective ergonomic improvements to boost individual productivity. These authors measured job elements and determined task durations by extracting elemental times from motion-time tables and analyzing them. Using such a quantitative approach, they were able to improve the operation time and determine appropriate rest allowances. Al Kadeem conversely addresses similar issues by redesign and rearrangement of the workplace to enhance productivity (Chapter 2). Landau et al. (Chapter 3) discuss the impact of increasing ages of workers in the labor force. Contrary to common belief, they found that declines in productivity due to age were minor""--"
118,Institutional advancement strategies in hard times /,
118,Introduction to the network approximation method for materials modeling /,"""In recent years the traditional subject of continuum mechanics has grown rapidly and many new techniques have emerged. This text provides a rigorous, yet accessible introduction to the basic concepts of the network approximation method and provides a unified approach for solving a wide variety of applied problems. As a unifying theme, the authors discuss in detail the transport problem in a system of bodies. They solve the problem of closely placed bodies using the new method of the network approximation for partial differential equations with discontinuous coefficients, developed in the 2000s by applied mathematicians in the USA and Russia. Intended for graduate students in applied mathematics and related fields such as physics, chemistry and engineering, the book is also a useful overview of the topic for researchers in these areas.In recent years the traditional subject of continuum mechanics has grown rapidly and many new techniques have emerged. This text provides a rigorous, yet accessible introduction to the basic concepts of the network approximation method and provides a unified approach for solving a wide variety of applied problems. As a unifying theme, the authors discuss in detail the transport problem in a system of bodies. They solve the problem of closely placed bodies using the new method of the network approximation for partial differential equations with discontinuous coefficients, developed in the 2000s by applied mathematicians in the USA and Russia. Intended for graduate students in applied mathematics and related fields such as physics, chemistry and engineering, the book is also a useful overview of the topic for researchers in these areas""--"
118,Modern aspects of protein adsorption on biomaterials /,
118,Nanoclay-based sustainable materials :,"Nanoclay-based Sustainable Materials: Functional Properties, Characterization, and Multifaceted Applications provides a detailed overview of the preparation, processing, and application of earth-abundant nanoclay fillers. The book encompasses the critical applications of nanoclays, comprising emerging themes such as environmental bioremediation, energy harvesting and storage, bio-sensing (both medical and ecological), catalysis, antimicrobial, and biomedical applications, such as drug delivery, tissue engineering and wound healing, nanomedicine, and much more. This book is an important reference source for all those who are working in the research and development sector and need to learn more about nanoclay-based materials for sustainable development.Features fundamentals and state-of-the-art developments in the field of nanoclays, providing an overview on their classification, preparation and properties; Explores the deployment and application of nanoclays in water treatment, biomedical applications, energy storage and harvesting, and environmental remediation, among others; Discusses advancements of nanoclays and present challenges and future possibilities for innovative applications"
118,New research on nanocomposites /,
118,Participative management :,"This study, first published in 1997, examines the relationship between the style of management used and the level of productivity, measured in terms of the organization's financial stability. Other variables examined include the age of the top level managers, their educational level, the size and age of the organization, and the organization's physical parameters. By determining whether or not productivity is affected by the use of a participative style of management, the author is laying the groundwork for making companies more competitive."
118,Polymer-based multifunctional nanocomposites and their applications /,
118,Productivity and American leadership :,
118,Productivity in transition /,
118,"Productivity, technology, and industrial development :",
118,Public enterprise revisited :,
118,Public expenditure on higher education :,
118,Public funding of higher education :,"""In Public Funding of Higher Education, scholars and practitioners address the complexities of the new climate and the impact of recent trends on policy and on political advocacy at the federal, state, and institutional level. Rethinking traditional rationales for public financing, contributors to this volume offer alternatives for policymakers, administrators, faculty, students, and researchers struggling with this difficult practical dynamic.""--BOOK JACKET."
118,Reform and productivity growth in India :,
118,Review of the University Grants Committee :,
118,The service productivity and quality challenge /,
118,Short story criticism :,
118,"Skills, wages, and productivity in the service sector /",
118,Slow productivity :,"""The author of Digital Minimalism and Deep Work offers a philosophy for pursuing meaningful accomplishment while avoiding overload. History's most creative and impactful philosophers, scientists, artists, and writers mastered the art of producing valuable work with staying power. In this book, Cal Newport harnesses the wisdom of these traditional knowledge workers to transform modern jobs. Drawing from research on the habits and mindsets of a varied cast of thinkers from Galileo and Isaac Newton to Jane Austen and Georgia O'Keefe, Newport lays out the key principles of ""slow productivity"" and provides step-by-step advice for workers to replace the standard notion of productivity with a slower, more humane alternative""--"
118,Struggle around the Central Plains :,
118,Taking public universities seriously /,
118,The determinants of employee productivity and earnings : some new evidence /,
118,The elements of sculpture :,"Compelling and jargon-free, The Elements of Sculpture discovers and isolates the attributes - from the most physical to the most ephemeral - that make up an essential three-dimensional visual language; the very elements that form the tools sculptors use to create their art: Material, Place, Surface, Edge, Texture, Colour, Scale, Mass, Centre of Gravity, Volume, Space, Movement, Light and Memory. By teaching us how to look at and experience sculpture in the same way that sculptors think about sculpture, Herbert George provides us with the tools for understanding and appreciating the three-dimensional object, and demonstrates how we can begin to communicate using the language of sculpture."
118,Three essays on productivity growth /,
118,Uncertainty quantification in laminated composites :,"Over the last few decades, uncertainty quantification in composite materials and structures has gained immense attention from the research community over the last few decades. This book presents efficient uncertainty quantification schemes following meta-model-based approaches for stochasticity in material and geometric parameters of laminated composite structures. Several meta-models have been studied for this purpose and comparative results are presented for different static and dynamic responses. In addition, results for sensitivity analyses are presented to provide a complete understanding of the relative importance of different material and geometric parameters in global structural responses."
118,Unproductive labour in political economy :,"Contemporary mainstream economists see social wealth as the sum of individual incomes, but for three centuries many economists saw wealth as consisting of the public and private resources of a nation. This led them to explore the idea of unproductive labour, which provides a nation with an individual income, but does not contribute to an increase in social wealth or help to foster development. This book analyses the evolution of ideas surrounding unproductive labour, offering an unprecedented history that guides readers from the work of Petty through to the present economic crisis. This volume explores the work of several key scholars, including Smith, Petty, Marx, Ricardo, Mill, Say and Schumpeter. This book is suitable for scholars and researchers with an interest in the history of economic thought, labour economics and economic philosophy."
118,Unproductive labour in political economy :,"Contemporary mainstream economists see social wealth as the sum of individual incomes, but for three centuries many economists saw wealth as consisting of the public and private resources of a nation. This led them to explore the idea of unproductive labour, which provides a nation with an individual income, but does not contribute to an increase in social wealth or help to foster development. This book analyses the evolution of ideas surrounding unproductive labour, offering an unprecedented history that guides readers from the work of Petty through to the present economic crisis. This volume explores the work of several key scholars, including Smith, Petty, Marx, Ricardo, Mill, Say and Schumpeter. This book is suitable for scholars and researchers with an interest in the history of economic thought, labour economics and economic philosophy."
145,Annual reporting by tertiary education institutions in New Zealand :,
145,AS/400--concepts and facilities /,
145,Babbage's calculating engines :,
145,Born to shop :,
145,Color :,
145,Color vision :,
145,Colour in the home /,
145,The completion of a poem :,"The Completion of a Poem is the first book-length translation of Yang Mu's poetics. In eighteen letters addressed to young poets, Yang Mu discusses essential questions regarding the definition of poetry, a poet's growth, the importance of nature and friendship, the choice of subject, the process of creation and publication, and relationships between poet and society, identity and history, and poetry and truth. Using a comparative approach, Yang Mu draws on literary resources from Chinese and Western traditions to expound his views, and this helps to nurture in young poets a vision of world poetry that connects different but equally inspiring expressions of humanity. In style and in theme, this book is a companion piece to Rilke's Letters to a Young Poet and Goethe's Dichtung und Wahrheit. -Yang Mu is not only one of the greatest living poets and essayists in the Chinese language, he is also an erudite scholar, deeply versed in both Chinese and Western poetic traditions from antiquity to our modern age. In his eighteen letters to young poets, which serve as his Ars Poetica, he emphasizes that the creation of true poetry requires that insight and knowledge are paired with personal integrity and high moral standing. Yang Mu's letters are often illuminated by exquisite landscape essays of great lyrical intensity which show his facility to allow manifestations of the outer world to reveal inner states of mind. This excellent translation by Lisa Wong deserves to be read by all who consider that poetry matters.- Goran Malmqvist, Swedish Academy"
145,Contrastive pragmatics and translation :,"This book provides the first comprehensive account of English-German pragmatic contrasts in written discourse and their effects on English-German translations. The novel and multi-dimensional corpus-based studies of business communication and popular science writing presented in this book combine quantitative and qualitative approaches and focus on the use of evaluative adjectives and epistemic modal markers. They provide empirical evidence that English and German differ in systematic ways and that translations, while being adapted to target audience's preferences to a large extent, are clearly susceptible to source language interference when it comes to more fine-grained differences. The book discusses which general factors determine the degree of impact of source language features on translations and also comments on the possibility of source language influence on target language norms via translations. The book is of interest to researchers and students in a variety of fields, such as pragmatics, translation studies, genre analysis and stylistics."
145,Decoding a Hindu temple :,"Queen Lokamahadevi, the chief wife of the Early Chalukya king Vikramaditya II, began construction of the Virupaksha Temple in approximately 733 at the dynasty's royal consecration site of Pattakadal, in Karnataka, India. As one of the most powerful rulers of the Early Chalukya dynasty, Vikramaditya II controlled territories spread over a vast region of central and southern India. The Virupaksha Temple commemorated his crucial victory over the rival Pallava dynasty to the southeast. Dedicated to the Hindu god Shiva and richly adorned with carved images of Shiva, Vishnu, and other deities, the Virupaksha Temple is widely considered one of the most important of the freestanding structures erected during the Chalukya era, and it represents the zenith of temple construction of its period. Although this temple has been studied for more than a century and appears in virtually every textbook on Indian art, its iconographic program has never been fully explored."
145,Discourse-pragmatic variation and change in English :,"""which investigates the use of innit and other negative-polarity interrogative tags in a socially stratified corpus of contemporary London English. By closely investigating variants' positional, scopal, functional and social properties, Pichler uncovers that innit and a small number of its derivationally-equivalent co- variants are rapidly innovating in this variety. Their use is no longer restricted to right-periphery, clause-final positions but extends to the clausal left-periphery and positions adjacent to left-dislocated and lone noun phrases""--"
145,Down memory lane in clogs :,
145,Dreaming of a northern land /,
145,Duveen :,
145,Early Pandya rock-cut temples in Tamilnadu /,
145,Elements of Nepalese temple architecture /,This book is about the temple architecture of Nepal. Different elements of tiered temple (Dega) are divided into each chapter. Each chapter is described in detail complemented throughout by detail drawings and information are collected from diverse sources as well as from the keen observation and experience of the author while working on design of temple.
145,The evolution of pragmatic markers in English :,"Based on a rich set of historical data, this book traces the development of pragmatic markers in English, from hwaet in Old English and whilom in Middle English to whatever and I'm just saying in present-day English. Laurel J. Brinton carefully maps the syntactic origins and development of these forms, and critically examines postulated unilineal pathways, such as from adverb to conjunction to discourse marker, or from main clause to parenthetical. The book sets case studies within a larger examination of the development of pragmatic markers as instances of grammaticalization or pragmaticalization. The characteristics of pragmatic markers - as primarily oral, syntactically optional, sentence-external, grammatically indeterminate elements - are revised in the context of scholarship on pragmatic markers over the last thirty or more years."
145,Following the proceeds of environmental crime :,"""Significant quantities of natural resources are illegally harvested and their proceeds laundered in the Asia-Pacific region, fostering corruption and undermining environmental governance. Much illegal exploitation and pollution occurs in countries with poor governance capacities, but much of the sale for profit and money laundering occurs in mature markets with well-developed governance capacities. This book explores ways to address illegal fishing and logging in Asia-Pacific region by the use of cooperative legal measures, particularly anti-money laundering and confiscation of proceeds techniques. Contributors to this volume cover themes including: the nature of transnational environmental crime; patterns in laundering of illicit fish and forest products; networks for distribution of illicit products; weaknesses in current systems for assurance of the legality of products; and international legal cooperation to enforce anti-money laundering laws in relation to illicit products. In considering these topics the book explores how the use of anti-money laundering measures and the seizure of criminal proceeds can be used as innovative policy options to combat transnational fishery and forestry crimes. The book will be of excellent use and interest to scholars and students of environmental law, criminal law, and practitioners in environmental conservation""--"
145,A garden of one's own :,"Fifty essays by thirty Chinese writers bring to vivid life a period in which modernization and republicanism coexisted within classical Chinese culture. Unlike the more thematically social and political fiction of the May Fourth movement, these xiaopin wen, or modern essays, address their readers with a unique intimacy, adopting a highly -personal- voice that is quietly meditative, lyrical, discreet, and full of wit and melancholy. Tam King-fai supplies critical literary and historical background on the relationship between xiaopin wen and the May Fourth movement, and with and commentary he explicates the form's lyric aestheticism."
145,Hindu India :,"There is nothing new under the sun... and then there are the temples of India. For many who have roamed the byways of the subcontinent, it is these myriad mind-expanding palaces of faith that fill the spirit and make the fare worthwhile. They are enough to give you religion. 3-D songs of praise to the fecund possibilities of both environment and human intention, they are as diverse as the landscapes of Asia and yet share a grace and delicacy of invention. Focusing on Jain as well as Hindu constructions, this exemplary volume takes us on a revelatory historical journey to trace both the traditions and developments in their design, from the wood and cave temples of the first few hundred years AD, through early experiments in stone to the three dominant architectural strands. Whether it be Nagara in the north, Vesara in the central highlands or the Dravda """"walled city"""" complexes of the south, each style is fully presented and analysed in a series of detailed photographs, drawings, plans and excavations. Just as the temple sancta themselves become more sacred the further in you penetrate, so this book offers greater rewards the longer you spend in its company."
145,IBM AS/400 :,
145,In the light of Italy :,
145,In their parents' voices :,
145,Justice for forests :,
145,Khajuraho :,"A privileged visual journey through one of the most famous Indian heritage sites.0Situated in the northern Indian state of Madhya Pradesh, Khajuraho is renowned as much for the elegance of its architecture as for the sensuality of its sculpture. Khajuraho has become one of the unmissable sights for any traveller to India and owes its international reputation to the lavishness of its numerous Hindu shrines. Formerly an important political and religious centre, it is thought to have contained up to ninety-five temples, as the many ruins concealed under otherwise anonymous hillocks scattered throughout the valley attest. Only twenty-five survive. The earliest mention of Khajuraho dates from the seventh century. After the collapse of the Candella kingdom, the site experienced almost four centuries of oblivion and the once proud city-state turned into a sleepy village nestling in what had become an arid basin for several months in the year. British hunters rediscovered it quite by chance at the beginning of the nineteenth century. Since then the area has undergone several phases of restoration, as befits one of the leading sites of the world's cultural heritage. The highly unusual nature of its temple depictions has given this area a somewhat 'scandalous' reputation, unleashing, over the years, interpretations of all kinds."
145,Late temple architecture in India 15th to 19th centuries :,"From the fifteenth century on, after a period of widespread destruction and demolition, India witnessed a resumption of temple patronage and building activity. These 'late' temples, however, are usually overlooked by architectural and art historians, who tend to privilege the earlier phases of Indian architecture and art, the prevailing assumption being that Indiaas alatea temples are unworthy of serious attention. As illustrated in this volume, nothing could be further from the truth. Accompanied by maps, photographs, as well as a selection of building plans, this book is the first wide-ranging account of temple architecture in the 500-year period that coincides with the rule of the sultanates, the Mughals, and the British. Through a meticulous study of over 300 temples from 17 geographical zones, this book shows that, as far as temple architecture is concerned, these years were remarkably creative and vibrant."
145,Lotus from the mud :,
145,Merchant adventurer :,
145,Methods in historical corpus pragmatics :,"""Drawing on an extensive corpus-based study, this book explores theoretical and empirical discussions of stance research applied to data from Early Modern English. It also presents a new method for the study of pragmatic phenomena, making it essential reading for researchers and students in both historical pragmatics and corpus pragmatics""--"
145,The moral basis of a backward society /,
145,The neglected transition :,"On average, a quarter of a million children in the United States enter foster care every year. Most of these children are placed in non-kinship homes; that is, with people who are complete strangers. In The Neglected Transition, child welfare researcher Monique B. Mitchell explores children's experiences of loss and ambiguity as they transition into foster care, as well as the questions children ask during this critical life transition. Specifically, the author uses child-centered research, practical examples, and healing suggestions to create a foundation from which a relational home can be built. Drawing from the compelling stories of children, Mitchell invites readers to join children on their journey as they transition into the foster care system and courageously share their experiences of loss, ambiguity, fear, and hope."
145,On law and ideology /,
145,Mail order food /,
145,Paris chic :,
145,Patchwork :,"Patchwork: Seven Essays on Art and Literature presents in English translation a number of essays written by the Chinese literary scholar and novelist Qian Zhongshu (1910-1998). One of the great minds of the twentieth century, Qian, with his characteristic erudition and wit, addresses here aspects of the classical literary and artistic traditions of China. Better known, as a scholar, for his magisterial Limited Views: Essays on Ideas & Letters (Guanzhui bian) (1979-80) and, as a novelist, for his Fortress Besieged (Weicheng) (1947), these essays, first written during the period 1948-83 and much revised over the years, allow readers insight into Qian's abiding concern with ""striking connections"" between disparate literary, historical, and intellectual traditions, ancient and modern, Chinese and Western."
145,Perspectives and color terminology :,
145,Pragmatics in English :,"""Pragmatics - the study of language in context - is a key topic within English language and linguistics. This book introduces the core topics in the field, taking readers from basic principles to an understanding of key theories and approaches, including speech acts, Grice, politeness, relevance theory, metaphor, and irony""--"
145,The pragmatics of requests and apologies :,
145,Pulmonary emboli /,
145,Services in the international economy /,
145,Short story criticism :,"Presents literary criticism on the works of short-story writers of all nations, cultures, and time periods. Critical essays are selected from leading sources, including published journals, magazines, books, reviews, diaries, newspapers, pamphlets, and scholarly papers."
145,Temples in India :,
145,Temples of the Indus :,
145,Tourism :,"This book examines the economic, physical and social impacts of tourism. Following a brief discussion of the nature of tourism and tourists, the authors discuss the conceptual frameworks of tourism and evaluate the adequacy of impact methodologies currently in use."
145,Yellow :,"""Illuminated with a wide variety of images, this book traces the long history of yellow around the world. In antiquity, yellow was considered a sacred color, a symbol of light, warmth, wealth, and prosperity. But in medieval Europe, it became highly ambivalent: greenish yellow came to signify demonic sulfur and bile, the color of forgers, felon knights, traitors, Judas, and Lucifer-while warm yellow recalled honey and gold, serving as a sign of joy, pleasure and abundance. The yellow stars of the Holocaust were seared into the color's negative tradition. In Europe today, yellow has diminished to a discreet color. Greenish yellow can still be seen as dangerous, sickly, or poisonous, and golden yellow remains positive, but the color is absent in much of everyday life and is lacking in symbolism. In Asia, however, yellow pigments like ocher and orpiment and dyes like saffron, curcuma, and gaude are abundant. Painting and dyeing in this color has been easier than in Europe, offering a richer and more varied palette of yellows that has granted the color a more positive meaning. In ancient China, for example, yellow clothing was reserved for the emperor. In India, the color is seen as a source of happiness: wearing a little yellow is believed to keep evil away. And importantly, it is the color of Buddhism, whose temple doors are marked with the color. Yellow continues to have different meanings in different cultural traditions, but in most, the color remains associated with light and sun, something that can be seen from afar and that seems warm and always in motion""--"
145,Yellow :,"""Illuminated with a wide variety of images, this book traces the long history of yellow around the world. In antiquity, yellow was considered a sacred color, a symbol of light, warmth, wealth, and prosperity. But in medieval Europe, it became highly ambivalent: greenish yellow came to signify demonic sulfur and bile, the color of forgers, felon knights, traitors, Judas, and Lucifer-while warm yellow recalled honey and gold, serving as a sign of joy, pleasure and abundance. The yellow stars of the Holocaust were seared into the color's negative tradition. In Europe today, yellow has diminished to a discreet color. Greenish yellow can still be seen as dangerous, sickly, or poisonous, and golden yellow remains positive, but the color is absent in much of everyday life and is lacking in symbolism. In Asia, however, yellow pigments like ocher and orpiment and dyes like saffron, curcuma, and gaude are abundant. Painting and dyeing in this color has been easier than in Europe, offering a richer and more varied palette of yellows that has granted the color a more positive meaning. In ancient China, for example, yellow clothing was reserved for the emperor. In India, the color is seen as a source of happiness: wearing a little yellow is believed to keep evil away. And importantly, it is the color of Buddhism, whose temple doors are marked with the color. Yellow continues to have different meanings in different cultural traditions, but in most, the color remains associated with light and sun, something that can be seen from afar and that seems warm and always in motion""--"
189,Against the academics /,
189,The age of belief :,
189,Anselm :,"""Anselm of Canterbury (1033-1109) was a remarkable theologian whose influence has lasted 1,000 years. He offers the first clear account of a libertarian view of free will; his understanding of God is regarded as the definitive expression of classical theism. His ontological argument for the existence of God and his account of the atonement continue to fascinate philosophers and theologians. In the Very Short Introduction Thomas Williams examines the historical and institutional contexts that shaped Anselm's work. Through this background, Professor Williams illuminates Anselm's central project and current relevance""--"
189,Aquinas :,"One of the most influential philosophers and theologians in history, St. Thomas Aquinas was the father of modern philosophy of religion, and is infamous for his ""proofs"" for God's existence. In this cogent introduction to the great Saint's work, Edward Feser argues that you cannot fully understand Aquinas' philosophy without his theology and vice versa. Covering his thoughts on the soul, natural law, metaphysics, and the interaction of faith and reason, this will prove indispensable for students, experts or the general reader."
189,Aquinas /,
189,"Aristotelian logic, Platonism, and the context of early medieval philosophy in the West /",
189,Augustine :,"This is a student's guide to the life and work of Augustine; a notoriously challenging thinker, widely read in Philosophy and Christian Theology. The book provides a concise and coherent overview of Augustine, introducing all the key concepts and themes, and is ideal for undergraduates who require more than just a simple introduction to his work and thought."
189,Augustine :,
189,Basic issues in medieval philosophy :,
189,Before science :,
189,Boethius and Aquinas /,
189,The Cambridge companion to Abelard /,"Peter Abelard (1079-1142) is one of the greatest philosophers of the medieval period. Although best known for his views about universals and his dramatic love affair with Heloise, he made a number of important contributions in metaphysics, logic, philosophy of language, mind and cognition, philosophical theology, ethics, and literature. The essays in this volume survey the entire range of Abelard's thought, and examine his overall achievement in its intellectual and historical context. They also trace Abelard's influence on later thought and his relevance to philosophical debates today."
189,The Cambridge companion to Anselm /,"Anselm of Canterbury (1033-1109), Benedictine monk and the second Norman archbishop of Canterbury, is regarded as one of the most important philosophers and theologians of the Middle Ages. The essays in this volume explore all of his major ideas both philosophical and theological, including his teachings on faith and reason, God's existence and nature, logic, freedom, truth, ethics, and key Christian doctrines. There is also discussion of his life, the sources of his thought, and his influence on other thinkers. New readers will find this the most convenient, accessible guide to Anselm currently available. Advanced students and specialists will find a conspectus of developments in the interpretation of Anselm."
189,The Cambridge companion to Aquinas /,
189,The Cambridge companion to Augustine /,"It has been over a decade since the first edition of The Cambridge Companion to Augustine was published. In that time, reflection on Augustine's life and labors has continued to bear much fruit: significant new studies into major aspects of his thinking have appeared, as well as studies of his life and times and new translations of his work. This new edition of the Companion, which replaces the earlier volume, has eleven new chapters, revised versions of others, and a comprehensive updated bibliography. It will furnish students and scholars of Augustine with a rich resource on a philosopher whose work continues to inspire discussion and debate."
189,The Cambridge companion to Boethius /,
189,The Cambridge companion to Duns Scotus /,"Each volume in this series of companions to major philosophers contains specially commissioned essays by an international team of scholars, together with a substantial bibliography, and will serve as a reference work for students and non-specialists. One aim of the series is to dispel the intimidation such readers often feel when faced with the work of a difficult and challenging thinker. John Duns Scotus (1265/6-1308) was (along with Aquinas and Ockham) one of the three principal figures in medieval philosophy and theology, with an influence on modern thought arguably even greater than that of Aquinas. The essays in this volume systematically survey the full range of Scotus' thought. They take care to explain the technical details of his writing in lucid terms and demonstrate the relevance of his work to contemporary philosophical debate. New readers will find this the most convenient and accessible guide to Scotus currently available."
189,The Cambridge companion to medieval philosophy /,
189,The Cambridge companion to Ockham /,
189,The Cambridge history of medieval philosophy /,
189,The commentaries of Boethius /,
189,A companion to Giles of Rome /,
189,Continuity and innovation in medieval and modern philosophy :,
189,Covenant and causality in medieval thought :,
189,Doctor Illuminatus :,"For this new anthology, Anthony Bonner has chosen central texts from his acclaimed two-volume compilation Selected Works of Ramon Llull (Princeton, 1985). Available for the first time in an affordable format, these works serve as an introduction to the life and writings of the Catalan (properly, Majorcan) philosopher, mystic, and theologian who lived from 1232 to 1316. Founder of a school of Arabic and other languages, Llull was also a poet and novelist and one of the creators of literary Catalan. This volume contains three prefaces on Llull's life, thought, and reputation. Of Llull's works, it offers Book of the Gentile and the Three Wise Men, his seminal Christian apology; the Ars brevis, a summary of his philosophical system; The Book of the Lover and the Beloved, a celebration of mystical love in the courtly tradition; and his wittily scathing Book of the Beasts."
189,Early medieval philosophy (480 to 1150) :,
189,Early medieval philosophy (480-1150) :,
189,Fabula :,
189,Fifty key Medieval thinkers /,
189,God and reason in the Middle Ages /,
189,The great ages of western philosophy.,
189,The hidden sense :,
189,History of Christian philosophy in the Middle Ages.,
189,A History of twelfth-century Western philosophy /,
189,Imprudence in St. Thomas Aquinas /,
189,In defense of common sense :,
189,The instant of change in medieval philosophy and beyond /,"Since antiquity, philosophers have investigated how change works. If a thing moves from one state to another, when exactly does it start to be in its new state, and when does it cease to be in its former one? In the late Middle Ages, the ""problem of the instant of change"" was subject to considerable debate and gave rise to sophisticated theories; it became popular and controversial again in the second half of the twentieth century. The studies collected here constitute the first attempt at tackling the different aspects of an issue that, until now, have been the object of seminal but isolated forays. They do so in through a historical perspective, offering both the medieval and the contemporary viewpoints. Contributors are Damiano Costa, Graziana Ciola, William O. Duba, Simo Knuuttila, Greg Littmann, Can Laurens Loewe, Graham Priest, Magali Roques, Niko Strobach, Edith Dudley Sylla, Cecilia Trifogli and Gustavo Fernandez Walker."
189,An introduction to medieval philosophy /,
189,Key philosophical writings /,
189,The letter collection of Peter Abelard and Heloise /,
189,The letters of Abelard and Heloise /,
189,The major works /,"`For I do not seek to understand so that I may believe; but I believe so that I may understand. For I believe this also, that unless I believe, I shall not understand.' Does God exist? Can we know anything about God's nature? Have we any reason to think that the Christian religion is true? What is truth, anyway? Do human beings have freedom of choice? Can they have such freedom in a world created by God? These questions, and others, were ones which Anselm of Canterbury (c.1033-1109) took very seriously. He was utterly convinced of the truth of the Christian religion, but he was also determined to try to make sense of his Christian faith. Recognizing that the Christian God is incomprehensible, he also believed that Christianity is not simply something to be swallowed with mouth open and eyes shut. For Anselm, the doctrines of Christianity are an invitation to question, to think, and to learn. Anselm is studied today because his rigour of thought and clarity of writing place him among the greatest of theologians and philosophers. This translation provides readers with their first opportunity to read all of his most important works within the covers of a single volume. ABOUT THE SERIES: For over 100 years Oxford World's Classics has made available the widest range of literature from around the globe. Each affordable volume reflects Oxford's commitment to scholarship, providing the most accurate text plus a wealth of other valuable features, including expert introductions by leading authorities, helpful notes to clarify the text, up-to-date bibliographies for further study, and much more."
189,Man--the indivisible :,
189,The mediaeval mind :,
189,Medieval Central Asia and the Persianate world :,"A.C.S. Peacock is Lecturer in Middle Eastern History at the University of St Andrews, and holds a PhD in Oriental Studies from Pembroke College, Cambridge. He is the author of Early Seljuq History: A New Interpretation (2010), and is the co-editor of The Seljuks of Anatolia: Court and Society in the Medieval Middle East (I.B.Tauris, 2012) and Ferdowsi, the Mongols and the History of Iran: Art, Literature and Culture from Early Islam to Qajar Persia (I.B.Tauris, 2013).D.G. Tor is Assistant Professor of Medieval Middle Eastern History at the University of Notre Dame, and holds a PhD in History and Middle Eastern Studies from Harvard University. She is the author of The Great Selkuq Sultanate and the Formation of Islamic Civilization: A Thematic History (forthcoming) and Violent Order: Religious Warfare, Chivalry and the 'Ayyar Phenomenon in the Medieval Islamic World (2007)."
189,The medieval Christian philosophers :,"The High Middle Ages were remarkable for their coherent sense of 'Christendom': of people who belonged to a homogeneous Christian society marked by uniform rituals of birth and death and worship. That uniformity, which came under increasing strain as national European characteristics became more pronounced, achieved perhaps its most perfect intellectual expression in the thought of the western Christian thinkers who are sometimes called 'scholastic theologians'. This book offers the first focused introduction to these thinkers based on the individuals themselves and their central preoccupations."
189,Medieval philosophy :,"For many of us, the term 'medieval philosophy' conjures up the figure of Thomas Aquinas, and is closely intertwined with religion. In this Very Short Introduction John Marenbon shows how medieval philosophy had a far broader reach than the thirteenth and fourteenth-century universities of Christian Europe, and is instead one of the most exciting and diversified periods in the history of thought. Introducing the coexisting strands of Christian, Muslim, and Jewish philosophy, Marenbon shows how these traditions all go back to the Platonic schools of late antiquity and explains the complex ways in which they are interlinked. Providing an overview of some of the main thinkers, such as Boethius, Abelard, al-Farabi, Avicenna, Maimonides, and Gersonides, and the topics, institutions and literary forms of medieval philosophy, he discusses in detail some of the key issues in medieval thought: universals; mind, body and mortality; foreknowledge and freedom; society and the best life."
189,Medieval philosophy :,
189,Medieval philosophy :,
189,Medieval philosophy /,
189,Medieval philosophy and the classical tradition :,
189,Medieval thought :,
189,Medieval thought :,
189,Nine mediaeval thinkers :,
189,The Oxford handbook of Aquinas /,
189,The Oxford handbook of medieval philosophy /,
189,The Oxford handbook of synesthesia /,Synesthesia is a fascinating phenomenon which has captured the imagination of scientists and artists alike. This title brings together a broad body of knowledge about this condition into one definitive state-of-the-art handbook.
189,Peregrinations of the word :,"""Peregrinations of the Word consists of essays on five medieval philosophers: Augustine, Anselm, Aquinas, Bonaventure, and Duns Scotus."" ""Through each of these essays is an independent study, they have as a common theme the relation between faith and reason as understood in the Middle Ages; for example, the conflict between the hermeneutic of reason and that of revelation in the construction of self, the dialectic of philosophical demonstration and devotional submission required of all discourse about God, and the resources available to medieval theology for resolving the conflict of nominalism and realism. Mackey maintains that medieval philosophy can only be understood in its theological and scriptural milieu. He has argued this point by showing how that milieu enabled these five thinkers to deal with a variety of philosophical issues. He concludes persuasively that religious beliefs and exegetical concerns did not shackle the medieval mind but rather liberated it and empowered it."" ""Peregrinations of the Word will be of interest to philosophers, theologians, and students of religion as well as literary critics and theorists. It is a particularly important work for scholars of medieval studies.""--BOOK JACKET."
189,Person-Exegese und Christologie bei Augustinus :,
189,Philosophy and civilization in the Middle Ages /,
189,Philosophy in the Middle Ages :,
189,Platonism and its Christian heritage /,
189,The principles of human knowledge :,
189,Reason and revelation in the Middle Ages /,
189,The romantic overture and musical form from Rossini to Wagner /,"In this book Steven Vande Moortele offers a comprehensive account of operatic and concert overtures in continental Europe between 1815 and 1850. Discussing a broad range of works by German, French, and Italian composers, it is at once an investigation of the Romantic overture within the context of mid-nineteenth century musical culture and an analytical study that focuses on aspects of large-scale formal organization in the overture genre. While the book draws extensively upon the recent achievements of the 'new Formenlehre', it does not use the overture merely as a vehicle for a theory of romantic form, but rather takes an analytical approach that engages with individual works in their generic context."
189,Saint Thomas and the life of learning /,
189,Scholastic humanism and the unification of Europe /,
189,Scholastic journalism /,
189,Scholastic journalism /,
189,Scholastic meditations /,
189,Selected philosophical writings /,"St Thomas Aquinas (1225-1274) saw religion as part of the natural human propensity to worship. His ability to recognize the naturalness of this phenomenon and simultaneously to go beyond it, to explore spiritual revelation, makes his work fresh and highly readable today. While drawing on a strong distinction between theology and philosophy, Aquinas interleaved them intricately in his writings, which range from an examination of the structures of thought to the concept of God as the end of all things."
189,The shadow of Scotus :,
189,A short history of medieval philosophy /,
189,Short story criticism :,
189,St. Thomas and philosophy /,
189,St. Thomas and the Greek moralists /,
189,St. Thomas on the object of geometry /,
189,Synaesthesia :,
189,Synesthesia /,"An accessible, concise primer on the neurological trait of synesthesia--vividly felt sensory couplings--by a founder of the field. One in twenty-three people carry the genes for the synesthesia. Not a disorder but a neurological trait--like perfect pitch--synesthesia creates vividly felt cross-sensory couplings. A synesthete might hear a voice and at the same time see it as a color or shape, taste its distinctive flavor, or feel it as a physical touch. In this volume in the MIT Press Essential Knowledge series, Richard Cytowic, the expert who returned synesthesia to mainstream science after decades of oblivion, offers a concise, accessible primer on this fascinating human experience."
189,The school of Peter Abelard : the influence of Abelard's thought in the early scholastic period /,
189,Thomas and the physics of 1958 :,
189,Thomas Aquinas :,
189,Thomas Aquinas and John Gerhard.,
189,Thomism and modern thought /,
189,Vita coaetanea =,"Winner of the 2018 Premio internazionale Francesco Saverio Nitti per il Mediterraneo in the category ""Storia, Letteratura"", awarded annually by Universita degli Studi Suor Orsola Benincasa, Naples, Italy. The Vita coaetanea (A Contemporary Life) is an autobiographical account of Ramon Llull's life dictated by himself to a friend in 1311 when he was seventy-nine years old. In it Llull reviews his works in the context of a life dedicated to God and motivated by the desire to disseminate the message of the Christian faith among the infidels. Llull, the self-labeled troubadour of books, wrote this account in part as a self-justification of his life and work, in part as self-consolation for his unending toils and travails. It is very likely that he also had in mind the Council of Vienne (1311) which he was about to attend and where he submitted petitions dealing with the establishment of adequate places to study languages for the preaching of the Gospel to every creature and the founding of a Christian military religious order that waged permanent war against the Saracens until the Holy Land is reconquered. Llull wanted to frame these petitions within a well thought-out justificatory account of his life and works that exudes passion, commitment and love for his fellow man. This volume contains the Latin original, as well as translations into Catalan, Spanish, and English."
189,William Ockham /,
199,35 ways to discover a major /,
199,"Affects, actions and passions in Spinoza :",
199,African philosophy :,
199,African philosophy :,
199,The African philosophy reader /,
199,"African philosophy, culture, and traditional medicine /",
199,African worlds :,
199,Alfred Tarski :,
199,Alfred Tarski :,
199,Being in the pampas :,
199,Betraying Spinoza :,"""In 1656, Amsterdam's Jewish community excommunicated Baruch Spinoza, and, at the age of twenty-three, he became the most famous heretic in Judaism. He was already germinating a secularist challenge to religion that would be as radical as it was original. He went on to produce one of the most ambitious systems in the history of Western philosophy, so ahead of its time that scientists today, from string theorists to neurobiologists, count themselves among Spinoza's progeny."" ""In Betraying Spinoza, Rebecca Goldstein sets out to rediscover the flesh-and-blood man often hidden beneath the veneer of rigorous rationality, and to crack the mystery of the breach between the philosopher and his Jewish past. Goldstein argues that the trauma of the Inquisition's persecution of its forced Jewish converts plays itself out in Spinoza's philosophy. The excommunicated Spinoza, no less than his excommunicators, was responding to Europe's first experiment with racial anti-Semitism.""--BOOK JACKET."
199,A book forged in hell :,"""When it appeared in 1670, Baruch Spinoza's Theological-Political Treatise was denounced as the most dangerous book ever published--'godless,' 'full of abominations,' 'a book forged in hell . . . by the devil himself.' Religious and secular authorities saw it as a threat to faith, social and political harmony, and everyday morality, and its author was almost universally regarded as a religious subversive and political radical who sought to spread atheism throughout Europe. Yet Spinoza's book has contributed as much as the Declaration of Independence or Thomas Paine's Common Sense to modern liberal, secular, and democratic thinking. In A Book Forged in Hell, Steven Nadler tells the fascinating story of this extraordinary book: its radical claims and their background in the philosophical, religious, and political tensions of the Dutch Golden Age, as well as the vitriolic reaction these ideas inspired. It is not hard to see why Spinoza's Treatise was so important or so controversial, or why the uproar it caused is one of the most significant events in European intellectual history. In the book, Spinoza became the first to argue that the Bible is not literally the word of God but rather a work of human literature; that true religion has nothing to do with theology, liturgical ceremonies, or sectarian dogma; and that religious authorities should have no role in governing a modern state. He also denied the reality of miracles and divine providence, reinterpreted the nature of prophecy, and made an eloquent plea for toleration and democracy. A vivid story of incendiary ideas and vicious backlash, A Book Forged in Hell will interest anyone who is curious about the origin of some of our most cherished modern beliefs.""--Book jacket."
199,The Cambridge companion to Spinoza /,"Benedict (Baruch) de Spinoza has been one of the most inspiring and influential philosophers of the modern era, yet also one of the most difficult and most frequently misunderstood. Spinoza sought to unify mind and body, science and religion, and to derive an ethics of reason, virtue, and freedom 'in geometrical order' from a monistic metaphysics. Of all the philosophical systems of the seventeenth century it is his that speaks most deeply to the twentieth century. The essays in this volume provide a clear and systematic exegesis of Spinoza's thought informed by the most recent scholarship. They cover his metaphysics, epistemology, philosophy of science, psychology, ethics, political theory, theology, and scriptural interpretation, as well as his life and influence on later thinkers."
199,The Cambridge companion to Spinoza /,
199,Christian philosophy and the meaning of history /,
199,Collected works of Erasmus.,
199,Complete works /,
199,Content and object :,
199,The Continuum companion to Spinoza /,
199,Contours of a Christian philosophy :,
199,Corned beef and tapioca :,
199,The course syllabus :,
199,Cultural universals and particulars :,"The eminent Ghanaian philosopher Kwasi Wiredu confronts the paradox that while Western cultures recoil from claims of universality, previously colonized peoples, seeking to redefine their identities, insist on cultural particularities. Wiredu's exposition of the principles of African traditional philosophy is not purely theoretical; he shows how certain aspects of African political thought may be applied to the practical resolution of some of Africa's most pressing problems."
199,Curricula for sustainability in higher education /,"This books presents the curricula necessary for sustainability in higher education. It shows how the learning process is transforming in order to promote sustainability. It prepares administrators, teachers and students to diffuse the development in the field, showing a curricula based on three interconnected pillars: the environment, the economic and the social aspects. It contains 8 chapters introducing research advances in the field."
199,Czech philosophy in the XXth century /,
199,Designing learning :,
199,Determinants of performance of university academic staff :,
199,Developing creativity in higher education :,
199,Developing the credit-based modular curriculum in higher education /,
199,Dialectics of the concrete :,
199,Does the Internet have an unconscious? :,"Clint Burnham has produced the definitive psychoanalytic account of digital culture. This is the book that those seeking to understand how the unconscious manifests itself in the digital universe have been waiting for. For too long, psychoanalytic theorists have confined themselves to analyses of film and literature, but now Burnham provides the breakthrough. Far from being an application of psychoanalysis to a foreign realm, the digital provides the privileged ground for encountering the unconscious. As Burnham's delightful and witty prose indicates, the internet functions as an event with concrete ramifications for the psyches that emerge in its wake. Todd McGowan, Professor of English, University of Vermont, USA, and author of Only a Joke Can Save Us: A Theory of Comedy Were there ever two formations with less in common than 'the Internet, ' a machinic transmission of discrete data, and 'psychoanalysis, ' a wild science of messy social relationality? Clint Burnham's genius is to show how psychoanalysis is indispensable to any robust theory of digital culture, but as well to reveal the cybernetics already at work in psychoanalytic theory from Freud to Zizek. In readings of multiple media, he vividly demonstrates the ongoing necessity of concepts like negation, enjoyment, and disavowal for making sense of aesthetic productions like cinema, social experiences like Facebook, and the cyber mode of production that binds online pleasures to offline battery factories. This is an expansive, fascinating book, offering its readers a dazzling plenty of speculation and critique."
199,Encounters with a radical Erasmus :,
199,Erasmus and his times :,
199,Essential works of Erasmus /,
199,The ethics :,
199,Faces of the infinite :,"""Neoplatonism, the dominant philosophy of Late Antiquity, inspired not only the intellectual traditions of Judaism, Christianity and Islam but also their arts. Neoplatonic notions of the ascent of the soul, the nature of love and beauty, divine immanence and transcendence, and the interplay between the many and the One, have for centuries left comparable marks on the poetry of Western Asia, North Africa and Europe. This volume focuses on the Greater Mediterranean and discusses authors who wrote in Arabic, Greek, Hebrew, Italian, Persian, Spanish and Turkish, from medieval times to the present day. Among them are many celebrated exponents of their respective classical traditions, including Dante, Ibn Arabi and Ibn Gabirol. Major contemporary poets writing in these languages have continued to engage with the Neoplatonic heritage assimilated by their forbears. Particular attention is therefore given also to the modern period. The findings gathered here demonstrate that Neoplatonism is a cross-cultural phenomenon of outstanding importance which has given rise to a distinct 'Neoplatonic poetics' and remains relevant by pointing the way towards an inclusive sense of identity commensurate with a pluralist world"" --"
199,The first modern Jew :,"""Pioneering biblical critic, theorist of democracy, and legendary conflater of God and nature, Jewish philosopher Baruch Spinoza (1632-1677) was excommunicated by the Sephardic Jews of Amsterdam in 1656 for his ""horrible heresies"" and ""monstrous deeds."" Yet, over the past three centuries, Spinoza's rupture with traditional Jewish beliefs and practices has elevated him to a prominent place in genealogies of Jewish modernity. The First Modern Jew provides a riveting look at how Spinoza went from being one of Judaism's most notorious outcasts to one of its most celebrated, if still highly controversial, cultural icons, and a powerful and protean symbol of the first modern secular Jew. Ranging from Amsterdam to Palestine and back again to Europe, the book chronicles Spinoza's posthumous odyssey from marginalized heretic to hero, the exemplar of a whole host of Jewish identities, including cosmopolitan, nationalist, reformist, and rejectionist. Daniel Schwartz shows that in fashioning Spinoza into ""the first modern Jew,"" generations of Jewish intellectuals -German liberals, East European maskilim, secular Zionists, and Yiddishists- have projected their own dilemmas of identity onto him, reshaping the Amsterdam thinker in their own image. The many afterlives of Spinoza are a kind of looking glass into the struggles of Jewish writers over where to draw the boundaries of Jewishness and whether a secular Jewish identity is indeed possible. Cumulatively, these afterlives offer a kaleidoscopic view of modern Jewish culture and a vivid history of an obsession with Spinoza that continues to this day.""--Jacket."
199,From the viewpoint of the Lvov-Warsaw school /,
199,General education essentials :,"""Every year, hundreds of small colleges, state schools, and large, research-oriented universities across the United States (and, increasingly, across Europe and Asia) are revisiting their core and general education curricula, often moving toward more integrative models. And every year, faculty members who are highly skilled and regularly rewarded for their work in narrowly defined fields are raising their hands at department meetings, at divisional gatherings, and at faculty senate sessions and asking two simple questions: ""Why?"" and ""How is this going to impact me?"" This guide seeks to answer these and other questions by providing an overview of and a rational for the recent shift in general education curricular design, a sense of how this shift can affect a faculty member's teaching, and a sense of how all of this might impact course and student assessment""--"
199,Georg Lukacs :,
199,Georg Lukacs and his critics :,
199,George Lukacs /,
199,Glaube und Vernunft :,
199,Higher education in the making :,"George Allan argues that the so-called ""culture wars"" in higher education are the result of the dogmatic and unyielding certainty that both canonists and anti-canonists bring to any discussion of how best to organize an undergraduate curriculum. He then proposes a middle way. Drawing from William James, John Dewey, and Alfred North Whitehead, he contrasts the absolutist claims of both canonists and anti-canonists with a fallibilist approach and argues for a more pragmatic canon that is normative and always in need of renovation."
199,Higher education in the making :,
199,Interdisciplinary practices in higher education :,"""Drawing on eight crowdsourced cases, Interdisciplinary Practices in Higher Education demonstrates the range and diversity in approaches to teaching, learning and collaborating across disciplinary and institutional borders. The cases explore everyday challenges within interdisciplinary higher education experiences such as designing study programmes, planning curricula, ensuring sufficient assessment and feedback for diverse groups of students and coordinating and aligning expectations with external stakeholders. Each case is analysed by three leading experts, providing solutions and practical guidance to support practice.Chapters explore the challenges of: Breadth versus depth in interdisciplinary teaching and learning activities; Disciplinary identities in interdisciplinary collaborations; The governance and administration of interdisciplinary courses and study programmes; Career trajectories for interdisciplinary researchers; Aligning expectations with stakeholders in transdisciplinary endeavours. A highly practical, solution-based book, this is an essential read for lecturers, students, researchers and others who might wish to embark on an interdisciplinary path or develop future border-crossing practices within their higher education institutions.""--"
199,Interdisciplinary practices in higher education :,"""Drawing on eight crowdsourced cases, Interdisciplinary Practices in Higher Education demonstrates the range and diversity in approaches to teaching, learning and collaborating across disciplinary and institutional borders. The cases explore everyday challenges within interdisciplinary higher education experiences such as designing study programmes, planning curricula, ensuring sufficient assessment and feedback for diverse groups of students and coordinating and aligning expectations with external stakeholders. Each case is analysed by three leading experts, providing solutions and practical guidance to support practice.Chapters explore the challenges of: Breadth versus depth in interdisciplinary teaching and learning activities; Disciplinary identities in interdisciplinary collaborations; The governance and administration of interdisciplinary courses and study programmes; Career trajectories for interdisciplinary researchers; Aligning expectations with stakeholders in transdisciplinary endeavours. A highly practical, solution-based book, this is an essential read for lecturers, students, researchers and others who might wish to embark on an interdisciplinary path or develop future border-crossing practices within their higher education institutions.""--"
199,Internationalising programmes in higher education :,"""This book addresses challenges that higher education institutions face when bridging the gap between internationalisation as a key university strategy and their delivery of interculturally competent and responsible graduates. Combining international case studies and research outcomes, it provides an in-depth understanding of the role educational developers can play in the internationalisation of higher education and in the provision of an internationalised learning experience for all students. The book situates international education in global and local contexts and contributes to the design and delivery of internationalised curricula in very concrete terms. In doing so, it suggests how academic staff may enhance the quality of their programmes by leveraging the opportunities of international classrooms where students have diverse academic, linguistic, and cultural backgrounds. The content of the book is therefore also foundational for continuing professional development (CPD) programmes that enhance staff competences for designing and teaching inclusive internationalised programmes and include topics such as: An international competence profile for educational developers, Intercultural competence as a graduate attribute, Internationalised curriculum design and delivery, Intercultural group dynamics, The role of languages in internationalised higher education classrooms, Reflective processes for teaching and learning in the international classroom. This book is essential reading and a go-to resource for any academic looking to internationalise their education programmes. It will also be of interest to those directly involved in curriculum development, learning, and teaching as well as those who have more strategic responsibilities within and beyond HEIs, or who are involved in higher education research""--"
199,Internationalization and diversity in higher education :,"This timely new book examines the impact of internationalization and diversity in higher education and provides practical guidance on how to manage an increasingly varied range of expectations and needs, and ensure that academic practice best serves the needs of all students across diverse learning spaces."
199,Interpreting Spinoza :,
199,Interpreting Spinoza :,
199,Introducing writing across the curriculum into China :,
199,An introduction to African philosophy /,
199,An introduction to Africana philosophy /,
199,An introduction to Africana philosophy /,
199,Jan Patocka :,
199,"Knowledge, belief, and witchcraft :",
199,"Language, logic and causation :",
199,Latin American philosophy in the twentieth century :,
199,The learner-centered curriculum :,
199,Lithuanian philosophy :,
199,The lost world of Thomas Jefferson /,
199,Major in happiness :,"The preconceptions and suspicions about how things operate in today's challenging global marketplace often compel people to forge correlations with causations without any substantial evidence. Unfortunately, this flawed thinking is the foundation upon which many students declare their undergraduate major. With the repayment of college loans as a paramount issue for students and their families, the major is often viewed as the stepping stone for a career that can repay those loans instead of the first step to a meaningful life based on leadership, purpose, and service. Students should declare a major that makes them happy. Doing so substantially increases their chances of pursuing careers paths that ignite their passion, identify with their purpose, and spark a commitment to lifelong learning. All too often, however, students are exposed to the myopic valuable versus useless paradigm of decision-making process when it comes to declaring a major. According to this paradigm, a ""valuable"" major is useful, can teach a specific skill, and provides one with a lifetime of employment and riches. Accounting, marketing, engineering, and computer science are just a few examples. A ""worthless"" major, on the other hand, is more intellectual and therefore has little, or no, practical application for employment purposes. Majors that generally fall into this category include history, English, philosophy, and sociology among others. This dichotomy between the valuable versus useless majors is based on flawed mental models and ingrained assumptions about how the world works that lead to a series of fallacies surrounding the college major. Major in Happiness: Debunking the College Major Fallacies examines a variety of assumptions prevalent in the mental models of undergraduates, parents, educators, higher education leaders, administrators, and policymakers that cause people to fall into a series of mental traps when selecting a major. Divided into three parts, this publication presents a situational analysis on choosing a college major, dissects the mental models and traps people rely on, and offers a variety of assessments that can help increase one's self-awareness prior to declaring a major."
199,Making college courses flexible :,"""Addressing students' increasing demand for flexibility in how they complete college courses, this book prepares practitioners to create equivalent learning experiences for students in the classroom and those learning from home, synchronously or asynchronously. Combining evidence-based strategies and implementation stories shared by veteran practitioners, Kevin Kelly has created a guide for educators who want to offer a more flexible and equitable path to learner success. Chapters address emerging challenges related to teaching, learning, and managing technology, and give recommendations for supporting students in courses that combine two or more participation modalities. Written for busy professionals, readers will be able to quickly identify where to focus their attention and how to put these ideas into practice. Filled with impactful teaching techniques, lessons learned, and immediately applicable exercises, this resource is a powerful tool for creating course experiences that support every student""--"
199,The master and the slave :,"This book is a comparative study in the history of ideas. It is an innovative examination of the intellectual background, affiliations and contexts of two major twentieth-century thinkers and an historical interpretation of their work in aesthetics, cultural theory, literary history, and philosophy. Unlike all existing texts on Lukacs and Bakhtin, this book offers a comparison of their writings at different stages of their intellectual development and in the broad context of the ideas of their time. The book introduces unknown archival material and discusses hitherto disregarded or overlooked texts by Lukacs and Bakhtin. It puts forward new readings of best-known work on Dostoevsky, Rabelais, and Goethe and treats in an original way the question of the coherence of Bakhtin's ouevre. The book offers valuable insight into the sources of Bakhtin's terminological repertoire and through examination of Bakhtin's and Lukacs's intellectual affiliations - of the limits and substance of their originality as thinkers. Lukacs and Bakhtin emerge from the book as thinkers, whose intellectual careers followed strikingly similar paths. They both were confronted with similar agendas and questions posed for them by their time. Bakhtin however, had to find answers not only for this common agenda but also to the answers that Lukacs himself had already provided."
199,"Mind, method, and conditionals :",
199,Module design in a changing era of higher education :,"""Explores the module design experiences and practices of academics employed within one UK university, and during a period of social and economic change in which university staff are designing and delivering curricula for changing student populations, with different profiles and expectations than previous generations. The book raises issues such as why, in a climate of reduced resources, staff increase their own workloads by re-writing lectures to accommodate changing student needs, and now institutional practices that are used to encourage curriculum innovation are often having a perceived opposite effect. It will appeal to academic staff, students of higher education studies, and policy-makers within the education sector""."
199,A new critique of theoretical thought /,
199,The New Spinoza /,
199,Of a fire on the moon /,
199,Onomasticon of the Hittite pantheon /,"The Onomasticon of the Hittite Pantheon by Ben van Gessel was published in 1998. In three years time the work has established itself as the ultimate comprehensive reference work concerning the Hittite pantheon. With the publication of Part Three, the main work will be made accessible to the wider circle of all those interested in the Ancient Near East. Moreover, it will prove to be an indispensable key to the abundance of information until now only to be found scattered throughout the Onomasticon. The easy-reference glossaries contain all the (word )forms quoted from Hittite texts in the Onomasticon. A special feature of these glossaries is that they not only give the (English) meaning of the (word) forms, but that they also indicate, where appropriate, in relation to which deities they may appear. Also of importance are the lists of personal and geographical names and festivals included. Part Three further includes additions resulting from new discoveries and corrections of earlier references in the Onomasticon."
199,Paracelsus :,
199,Person and community :,
199,Philosophy and democracy in intercultural perspective =,
199,Philosophy for Africa /,
199,Philosophy in crisis :,
199,"Piety, peace, and the freedom to philosophize /",
199,The politics of interdisciplinary studies :,"""Highlights the popularity of interdisciplinary undergraduate studies and their recent gains in the world of higher education, and then addresses the paradoxical failure of these studies to achieve a permanent position in the curricula of individual universities and colleges. Explored in three ways: 1) an overview, 2) case studies, and 3) new ways undergraduates are educated""--Provided by publisher."
199,Praxis and democratic socialism :,
199,The principles of Cartesian philosophy ;,
199,Radical protestantism in Spinoza's thought /,
199,Readings in African philosophy :,
199,The reforming of general education :,"This comprehensive examination of general education by Daniel Bell scrutinizes the experiences of Columbia College, Harvard, and The College of the University of Chicago. These three basic models of general education in the country are set against a background of social change which includes a detailed analysis of structural changes in American society, the universities and the secondary schools and what Bell has called the emerging ""postindustrial"" society."
199,Responsive professional education :,
199,"The Scientific world-perspective and other essays, 1931-1963 /",
199,Selections /,
199,Shaping the college curriculum :,
199,Short story criticism :,"Presents literary criticism on the works of short-story writers of all nations, cultures, and time periods. Critical essays are selected from leading sources, including published journals, magazines, books, reviews, diaries, newspapers, pamphlets, and scholarly papers."
199,Slavoj Zizek /,
199,Spinoza :,
199,Spinoza :,
199,Spinoza :,
199,Spinoza :,
199,Spinoza /,
199,Spinoza /,
199,Spinoza /,
199,Spinoza in English :,
199,"Spinoza, liberalism, and the question of Jewish identity /",
199,"Spinoza, life and legacy /","""The boldest and most unsettling of the major early modern philosophers, Spinoza, had a much greater, if often concealed, impact on the international intellectual scene and on the early Enlightenment than philosophers, historians, and political theorists have conventionally tended to recognize. Europe-wide efforts to prevent the reading public and university students learning about Spinoza, the man and his work, in the years immediately after his death in 1677, dominated much of his early reception owing to the revolutionary implications of his thought for philosophy, religion, practical ethics and lifestyle, Bible criticism, and political theory. Nevertheless, contrary to what has sometimes been maintained, his general impact was immediate, very widespread, and profound. One of the main objectives of the book is to show how early and how deeply Leibniz, Bayle, Arnauld, Henry More, Anne Conway, Richard Baxter, Robert Boyle, Henry Oldenburg, Pierre-Daniel Huet, Richard Simon, and Nicholas Steno, among many others, were affected by and led to wrestle with his principal ideas""--"
199,Spinoza`s Ethics :,
199,Strategic curriculum change :,"""The curriculum is a live issue in universities across the world. Many stakeholders - governments, employers, professional and disciplinary groups and parents - express strong and often conflicting views about what higher education should achieve for its students. Many universities are reviewing their curricula at an institutional level, aware that they are in a competitive climate in which league tables encourage students to see themselves as consumers and the university as a product, or even a 'brand'. The move has prompted renewed concern for some central educational questions, about both what is learnt and how. Strategic Curriculum Change in Universities explores the ways in which major universities across the world are reviewing their approaches to teaching and learning. It unites institution-level strategy with the underlying educational issues. The book is grounded in a major study of curriculum change in over twenty internationally-focused, research-intensive universities in the UK, US, Australia, The Netherlands, South Africa and Hong Kong. Chapters include:""--"
199,Syllabus :,"""The syllabus is one of the central documents of academic life, the one thing every teacher needs to write and every student needs to read. Most syllabi begin with a course description, a statement of what the course is about. But how do we get there? How will our students get there? And where is there? This book by William Germano and Kit Nicholls is a field guide to, and collegial chat concerning, this fundamental but often overlooked document. It describes how syllabi work and don't work, offers advice and encouragement to the professor trying to finish yet another syllabus, and reimagines our students' encounters with our syllabi by reconsidering our own relationship to them. Sampling syllabi from a range of disciplines across the sciences, social sciences, and humanities, Syllabus asks such questions as: what is a reading list, and what is it for? how do we build human time into the semester's clocktime? and can a syllabus be a living thing? Germano and Nicholls argue that at its heart, a syllabus is not really about what students have to know, or what the instructor will do, but what the students will do. A syllabus designed around doing is not only a faster and more effective way to move students toward knowledge, they contend, but also, importantly, an invitation into a community of practice-one that includes the students, the instructor, and countless others who will enter the classrom through readings, images, designs, and theories. Reimagining the syllabus as a sort of constitution-a founding document that creates a community out of a group of disparate individuals-they show that a syllabus is, above all, a privilege and a responsibility, as one of the few forms of writing that can quite directly call others to act""--"
199,The reforming of general education; the Columbia College experience in its national setting /,
199,Theological-political treatise /,
199,Tropical Arctic :,"""Today, Greenland is largely covered in ice, but, in the time of the dinosaurs, the area was lushly forested. This book shows that landscape from 250 million years ago-and explains accessibly how we can create images of lost plants from studies of fossils, current flora, and models. Incorporating stories from their fieldwork and studio, two scientists and an artist offer the opportunity to see how paleobotanists work and to learn the science required to travel back to the Triassic. The book also offers a warning about the future; the Greenland depicted here was made possible by a large concentration of greenhouse gases in Earth's atmosphere. Though beautiful, this is not a habitat that most humans would survive""--"
199,Undergraduate curriculum trends /,
199,University choice /,
199,Warfare and poetry in the Middle East /,
199,Zizek and media studies :,
219,Accents of English :,
219,The Arabic print revolution :,"In a brief historic moment, printing presses, publishing ventures, a periodical press, circulation networks, and a mass readership came into being all at once in the Middle East, where none had previously existed, with ramifications in every sphere of the community's life. Among other outcomes, this significant change facilitated the cultural and literary movement known as the Arab 'nahda' ('awakening'). Ayalon's book offers both students and scholars a critical inquiry into the formative phase of that shift in Arab societies. This comprehensive analysis explores the advent of printing and publishing; the formation of mass readership; and the creation of distribution channels, the vital and often overlooked nexus linking the former two processes. It considers questions of cultural and religious tradition, social norms and relations, and concepts of education, offering a unique presentation of the emerging print culture in the Middle East."
219,Middlesex /,
219,Notes become music :,
219,Notes from the pianist's bench /,"Berman addresses virtually every aspect of musical artistry and pedagogy. Ranging from such practical matters as sound, touch, and pedaling to the psychology of performing and teaching, this volume provides a master class for the performer, instructor, and student alike."
219,Piano lessons with Claudio Arrau :,"Internationally acclaimed pianist and teacher Claudio Arrau (1903-91) left a legacy that continues to touch piano students today. This book is an in-depth guide to Arrau's performance and teaching techniques, providing an insider's view of the art of piano playing as exemplified by one of the great artists of the twentieth century."
219,The positive pianist :,
219,Potato diseases /,
219,Prince of the press :,"David Oppenheim (1664-1736), chief rabbi of Prague in the early eighteenth century, built an unparalleled collection of Jewish books and manuscripts, all of which have survived and are housed in the Bodleian Library at Oxford. His remarkable collection testifies to the myriad connections Jews maintained with each other across political borders, and the contacts between Christians and Jews that books facilitated. From contact with the great courts of European nobility to the poor of Jerusalem, his family ties brought him into networks of power, prestige, and opportunity that extended across Europe and the Mediterranean basin. Containing works of law and literature alongside prayer and poetry, his library served rabbinic scholars and communal leaders, introduced old books to new readers, and functioned as a unique source of personal authority that gained him fame throughout Jewish society and beyond. The story of his life and library brings together culture, commerce, and politics, all filtered through this extraordinary collection. Based on the careful reconstruction of an archive that is still visited by scholars today, Joshua Teplitsky's book offers a window into the social life of Jewish books in early modern Europe.--Publisher's website."
219,"Production, power, and World order :",
219,Short story criticism :,"Presents literary criticism on the works of short-story writers of all nations, cultures, and time periods. Critical essays are selected from leading sources, including published journals, magazines, books, reviews, diaries, newspapers, pamphlets, and scholarly papers."
219,Sociological theory /,
219,Transformational piano teaching :,"""Transformational Piano Teaching: Mentoring Students from All Walks of Life examines the concept of the piano teacher as someone who is more than just a teacher of a musical skill, but also someone who wields tremendous influence on the development of a young person's artistic and empathic potential, as well as their lifelong personal motivational framework. The specific attributes of today's students are explored, including family and peer influences from interpersonal relationships to social media. Additionally, students from specific circumstances are discussed, including those with special needs such as Autism Spectrum Disorders, ADHD, and Depression. Finally, motivation of a teacher's students is related to a teacher's own motivation in their work, as a cycle of positivity and achievement will be recommended as a way to keep an instructor's work fresh and exciting.""--Amazon.com."
219,Transformational piano teaching :,"""Transformational Piano Teaching: Mentoring Students from All Walks of Life examines the concept of the piano teacher as someone who is more than just a teacher of a musical skill, but also someone who wields tremendous influence on the development of a young person's artistic and empathic potential, as well as their lifelong personal motivational framework. The specific attributes of today's students are explored, including family and peer influences from interpersonal relationships to social media. Additionally, students from specific circumstances are discussed, including those with special needs such as Autism Spectrum Disorders, ADHD, and Depression. Finally, motivation of a teacher's students is related to a teacher's own motivation in their work, as a cycle of positivity and achievement will be recommended as a way to keep an instructor's work fresh and exciting.""--Amazon.com."
237,American silver in the Art Institute of Chicago /,"The history of American silver offers invaluable insights into the economic and cultural history of the nation itself. Published here for the first time, the Art Institute of Chicago's superb collection embodies innovation and beauty from the colonial era to the present. In the 17th century, silversmiths brought the fashions of their homelands to the colonies, and in the early 18th, new forms arose as technology diversified production. Demand increased in the 19th century as the Industrial Revolution took hold. In the 20th, modernism changed the shape of silver inside and outside the home."
237,Art now Cornwall /,
237,The business of music management :,The book's focus is on successful music entrepreneurship and career development in the global music and entertainment industry.
237,Career paths in psychology :,
237,Career paths in psychology :,
199,Concepts of transmigration :,
237,The Euclidean Division of the canon :,
237,Futuretainment :,
237,Music business handbook and career guide /,
237,Music business handbook and career guide /,
237,Music business handbook and career guide /,
237,The music industry handbook /,"""'This book highlights the realities of the UK music industry today and ways in which newcomers to this complex eco-system may understand and hopefully find a possible career pathway in it'""--From review, back cover."
237,Objects of time :,
237,Presidential advisors and assistants :,"Since the beginning of the federal government, Presidents have called upon executive branch officials to provide them with advice regarding matters of policy and administration. While Cabinet members were among the first to play such a role, the creation of the Executive Office of the President (EOP) in 1939 and the various agencies located within that structure resulted in a large increase in the number and variety of presidential advisers. All senior staff members of the White House Office and the leaders of the various EOP agencies could be said to serve as advisers to the President. This book provides background information and selected views on the role of some of these appointees and discusses some of the constitutional concerns that have been raised about presidential advisers."
237,Pressed for time :,
237,Short story criticism :,"Short Story Criticism assembles critical responses to the writings of the worlds most renowned short fiction writers and provides supplementary biographical context and bibliographic material to guide the reader to a greater understanding of the genre and its creators. Each of the more than 200 volumes in this series profiles approximately 3-6 writers of short fiction from all time periods and all parts of the world. Entries provide an introductory biographical essay, a primary bibliography, a selection of full-text or excerpted critical essays reproduced from books, magazines, literary reviews, newspapers and scholarly journals, and sources for additional research; many entries include an author portrait. A full citation and annotation precede each of the approximately 50 essays per volume. The series currently covers more than 500 authors and also includes numerous entries focusing on individual works and topics. Although short fiction is also covered in other titles from the Gale Literature Criticism series, Short Story Criticism offers a greater focus on understanding the genre than is possible in the broader, survey-oriented entries in those series. Clear, accessible introductory essays followed by carefully selected critical responses allow endusers to engage with a variety of scholarly views and conversations about writers of short fiction and their works."
237,Thank you for being late :,
237,This note's for you :,"From Coca-Cola to Chrysler this book takes you behind the curtain of some of the best popular music in advertising campaigns of all time. Did you know that fog played a critical role in the ""I'd Like to Teach the World to Sing"" campaign, and that the choir had no idea that Eminem was going to show up while they were taping the ""Lose Yourself "" campaign, or that The Doors were supposed to be in the Cadillac commercials, not Led Zeppelin, until one of The Doors discovered that Cadillac made the Escalade and suddenly declined because he felt it was environmentally unfriendly. This book talks of the people who created the campaigns with the songs we remember the most. Everything from Bob Seger's ""Like A Rock"" (Chevy Trucks) to LMFAO's Party Rock and the dancing hamsters (Kia). The result is a book that educates and entertains on what made these campaigns excellent and how to make excellent campaigns. This collection of award-winning music in advertising campaigns is not available together anywhere else. It shows where this art in advertising form has been, where it is now, and provides the foundation for where it will go."
237,"Time, communication and global capitalism /",
237,US politics and the United Nations :,
237,What to do with your psychology degree :,
237,What to do with your psychology degree :,
458,Audit committee formation in the aftermath of 2007-2009 global financial crisis /,"The audit committee has gained considerable attention in the aftermath of 2007-2009 global financial crisis. The audit committee's role has evolved from a voluntary liaison between management and external auditors to the standing committee of the board of directors in overseeing all aspects of corporate governance, financial reporting, internal controls, risk assessment, and audit activities. This book addresses the determinants of audit committee oversight effectiveness, including their composition, independence, authority, resources, diligence, and activities. The book is organized into three separate volumes and each volume can be utilized separately or in an integrated form. The first volume consists of five chapters, which examine the relevance and fundamentals of the audit committees as well as the determinants of audit committee effectiveness. The second volume consists of nine chapters on financial, auditing, internal control, risk management, ethics and compliance, antifraud, and other oversight functions of the audit committee. The third volume consists of five chapters on the emerging issues of audit committees pertaining to evaluation, education, reporting, and accountability as well as audit committees of private companies, governmental entities and not-for-profit organizations."
458,Audit planning :,
458,The audit value factor :,"""This book provides practitioners with strategies and tools for establishing and maintaining a successful, value-centric internal audit organization. It explores opportunities to gain management support through early wins; methods to systematically identify process improvement opportunities, cost savings and avoidance, and potential revenue recoveries; and tips on marketing and branding the audit organization for maximum impact. It introduces the Audit Value Factor, a concept to determine the estimated value of a given audit, as well as methods for calculating the return on recommendations made. It also outlines Six Sigma methods and techniques to ensure every engagement is value-added""--"
458,Auditing and assurance services :,
458,Auditor essentials :,"Internal auditors must know many concepts, techniques, control frameworks, and remain knowledgeable despite the many changes occurring in the marketplace and their profession. This easy to use reference makes this process easier and ensures auditors can obtain needed information quickly and accurately. This book consists of 100 topics, concepts, tips, tools and techniques that relate to how internal auditors interact with internal constitutencies and addresses a variety of technical and non-technical subjects. Non-auditors have an easy-to-use guide that increases their understanding of what internal auditors do and how, making it easier for them to partner with them more effectively."
458,Bravissimo! :,
458,Ci vuole orecchio! :,"""A series of authentic recordings, all based on real life language, that can be used by students to test and practice their listening skills. In each volume students will find audio tracks referring to different genres as well as a wide range of stimulating activities devoted to language comprehension and analysis, with a strong focus on spoken language.""--Italian bookshop website."
458,Climate change and sea level rise in South Florida :,"South Florida is frequently cited as the part of the United State of America as most susceptible to the devastation accompanying sea level rise. Several scholarly studies have shown the negative impact of coastal location in Florida on housing values. Are the residents of South Florida concerned? Is susceptibility to sea level rise actually affecting the housing market in terms of demand, the availability of home mortgages, or house prices? Are people living at particular risk from sea level rise aware of this risk and more open to new information about climate change? Do they support policies and laws to mitigate the pace and extent of climate change? Answers to these questions are not only of general interest, but they are also key to our understanding of the human dimensions of this problem. This book describes the results of a detailed survey in which respondents viewed a local map displaying flooding to their own community that would result from a Category 3 hurricane in 2033. It discusses political party identification and ideology that has an overwhelming impact in shaping views about sea level rise and climate change. This book has enormous implications for the effectiveness of communicating risk information. The text is important if we, as a nation, are to design communication strategies that will lead to broader policy to combat or mitigate this risk."
458,A companion to the literature and culture of the American west /,"""Few geographical regions of the United States have been more glamorized, mythologized -- and misunderstood -- than the American west. A Companion to the Literature and Culture of the American West presents an in depth and highly detailed exploration of historic and contemporary cultural expressions rooted in America's western states. Historically and culturally, the west exhibits a richness and depth of cultural expression that is often at odds with the popular imagery. Divided into three thematic sections, the companion offers a series of illuminating essays by literary and cultural scholars to reveal the complexity of the many ""wests"" in our imagination and reality. The first section considers the west chiefly through a historical lens, both literary and cultural, exploring such topics as exploration and Gold Rush narratives, women's writings, the growth of suburbs, class and postcolonial perspectives, and the myriad of cultural expressions from many of the west's sub-regions and population groups. The chapters in the second section present a more genre-based approach, interpreting such topics as pictorial art, cinema, cowboy poetry, autobiography, nature writing, and detective fiction. In the final part, closer, more sustained readings of specific cases illuminate some of the west's persistent questions and issues, including those related to identity, performance, representation, and marketing. A Companion to the Literature and Culture of the American West offers a fully realized portrait of the depth and complexity of cultural expressions that continue to emerge from the American west""--"
458,Creative and innovative auditing /,"Bringing creativity and innovation into all professions and types of auditing today, this book meets the needs of auditing practices in the future. Recent criticisms of auditing practices by financial regulators, the traditional `expectation gaps' between auditors and auditees and the continuing advances in technology make it even more important today to motivate creativity and innovation in the professions of auditors, be they internal, external, quality, environmental, social, clinical and so on. In Creative and Innovative Auditing, Jeffrey Ridley studies all auditing practices, not just internal auditing, using an innovation model he has developed through research which is applicable to all auditing organisations and professions. He shows how motivating innovation in auditing practices will address the needs of today and tomorrow's auditing of governance, risk management and control."
458,Data analytics for internal auditors /,
458,Espresso ragazzi :,
458,The essential handbook of internal auditing /,
458,Future sea-level rise and coastal development :,
458,Internal audit practice from A to Z /,"Internal Audit Practice from A to Z addresses the practice of internal auditing using GAAS (Generally Accepted Auditing Standards), GAGAS (Generally Accepted Government Auditing Standards) and International Standards for the Professional Practice of Internal Auditing (Standards)-IPPF, International Standards Organization (ISO), International Standards of Supreme Audit Institutions (ISSAI), International Standards on Auditing (ISA) as enunciated by the Institute of Internal Auditors (IIA), International Organization of Standardizations (ISO), International Organization of Supreme Audit Institutions (INTOSAI), Government Accountability Office (GAO) & International Federation of Accountants (IFAC). Unique in that it is primarily written to guide internal auditors in the process and procedures necessary to carry out professionally accepted internal audit functions, the book includes everything necessary to start, complete, and evaluate an internal audit practice, simplifying the task for even non-professionals."
458,Internal audit quality :,"""This book provides complete coverage of the elements that comprise an effective internal audit quality assurance and improvement program. The book offers solutions for monitoring and measuring internal audit performance drawn from the IIA's International Standards for the Professional Practice of Internal Auditing, and complemented by advice and case studies from leading audit practitioners from five different continents""--"
458,Internal audit reports post Sarbanes-Oxley :,
458,Internal auditors feelings of competence /,
458,Internal control audit and compliance :,"""Ease the transition to the new COSO framework with practical strategyInternal Control Audit and Compliance provides complete guidance toward the latest framework established by the Committee of Sponsoring Organizations (COSO). With clear explanations and expert advice on implementation, this helpful guide shows auditors and accounting managers how to document and test internal controls over financial reporting with detailed sections covering each element of the framework. Each section highlights the latest changes and new points of emphasis, with explicit definitions of internal controls and how they should be assessed and tested. Coverage includes easing the transition from older guidelines, with step-by-step instructions for implementing the new changes. The new framework identifies seventeen new principles, each of which are explained in detail to help readers understand the new and emerging best practices for efficiency and effectiveness.The revised COSO framework includes financial and non-financial reporting, as well as both internal and external reporting objectives. It is essential for auditors and controllers to understand the new framework and how to document and test under the new guidance. This book clarifies complex codification and provides an effective strategy for a more rapid transition. Understand the new COSO internal controls framework Document and test internal controls to strengthen business processes Learn how requirements differ for public and non-public companies Incorporate improved risk management into the new framework The new framework is COSO's first complete revision since the release of the initial framework in 1992. Companies have become accustomed to the old guidelines, and the necessary procedures have become routine - making the transition to align with the new framework akin to steering an ocean liner. Internal Control Audit and Compliance helps ease that transition, with clear explanation and practical implementation guidance""--"
458,IT auditing and Sarbanes-Oxley compliance :,
458,IT auditing and Sarbanes-Oxley compliance :,"Information technology auditing and Sarbanes-Oxley compliance have several overlapping characteristics. They both require ethical accounting practices, focused auditing activities, a functioning system of internal control, and a close watch by the board's audit committee and CEO. Written as a contribution to the accounting and auditing professions as well as to IT practitioners, IT Auditing and Sarbanes-Oxley Compliance: Key Strategies for Business Improvement links these two key business strategies and explains how to perform IT auditing in a comprehensive and strategic manner."
458,Italian /,
458,Leading the internal audit function /,"While the Institute of Internal Auditors (IIA) has provided standards and guidelines for the practice of internal audit through the International Professional Practice Framework (IPPF), internal auditors and Chief Audit Executives (CAEs) continue to experience difficulties when attempting to balance the requirements of the IPPF with management expectations. The true challenge for any internal auditor is to appropriately apply the Standards while exerting adequate independence and objectivity in the face of management pressure."
458,Lean auditing :,"""How can you argue with the core principles of Lean, that you focus on what provides value to your customer and eliminate work that is not necessary (muda)? Internal auditors need to understand not only who their primary customers are, but what is valuable to them - which in most cases is assurance that the risks that matter to the achievement of objectives are properly managed. We need to communicate what they need to know and not what we want to say. This incessant focus on the customer and the efficient production of a valued product should extend to every internal audit team. How else can we ensure that we optimize the use of our limited resources to address the dynamic business and risk environment within which our organizations operate?"" Norman Marks, GRC Thought Leader Using lean techniques to enhance value add and reduce waste in internal auditing Lean Auditing is a practical guide to maximising value and efficiency in internal audit through the application of lean techniques. It is an ideal book for anyone interested in understanding what progressive, value adding audit can be like."
458,Modern internal auditing :,
458,Nuovo canta che ti passa :,
458,Operational auditing :,"Internal auditors are expected to perform risk-based audits, but do so partially because they focus on financial and compliance risks at the expense of operational, strategic and technological ones. This limits their ability to evaluate critical risks and processes. This book merges traditional internal audit concepts and practices with contemporary quality control methodologies, tips, tools and techniques. It helps internal auditors perform value-added operational audits that result in meaningful findings and useful recommendations to help organizations meet objectives and improve the perception of internal auditors as high-value contributors, appropriate change agents and trusted advisors."
458,Organizational auditing and assurance in the digital age /,"""This book discusses at an international level the challenges and developments in the auditing field to ensure the auditing quality despite the continuous changes on IT and market requirements (supervisors, shareholders, stakeholders, among others). It also fills a gap in the areas related to information systems auditing and continuous assurance on businesses processes""--"
458,"Paris in architecture, literature and art /",
458,Parla con me :,
458,Principles and contemporary issues in internal auditing /,
458,Rising sea levels :,"""The fundamental point of this book is that, in the past, the world's political, economic, military, and social development took place during a time of relatively stable sea level. That time, however, is now over: The world must begin to cope with inevitable increases in sea level. These increases are certain to have important domestic and international consequences""--Provided by publisher."
458,Rising seas :,
458,"Sea levels, land levels, and tide gauges /",
458,Translating style :,"Arising from a dissatisfaction with blandly general or abstrusely theoretical approaches to translation, this book sets out to show, through detailed and lively analysis, what it really means to translate literary style. Combining linguistic and lit crit approaches, it proceeds through a series of interconnected chapters to analyse translations of the works of D.H. Lawrence, Virginia Woolf, James Joyce, Samuel Beckett, Henry Green and Barbara Pym. Each chapter thus becomes an illuminating critical essay on the author concerned, showing how divergences between original and translation tend to be of a different kind for each author depending on the nature of his or her inspiration. This new and thoroughly revised edition introduces a system of 'back translation' that now makes Tim Parks' highly-praised book reader friendly even for those with little or no Italian. An entirely new final chapter considers the profound effects that globalization and the search for an immediate international readership is having on both literary translation and literature itself."
458,Translating style :,
458,Transnational frontiers :,
458,Vanishing paradise :,
458,"Visualizing Haiti in U.S. culture, 1910-1950 /",
458,The water will come :,"What if Atlantis wasn't a myth, but an early precursor to a new age of great flooding? Across the globe, scientists and civilians alike are noticing rapidly rising sea levels, and higher and higher tides pushing more water directly into the places we live, from our most vibrant, historic cities to our last remaining traditional coastal villages. With each crack in the great ice sheets of the Arctic and Antarctica, and each tick upwards of Earth's thermometer, we are moving closer to the brink of broad disaster. By century's end, hundreds of millions of people will be retreating from the world's shores as our coasts become inundated and our landscapes transformed. From island nations to the world's major cities, coastal regions will disappear. Engineering projects to hold back the water are bold and may buy some time. Yet despite international efforts and tireless research, there is no permanent solution - no barriers to erect or walls to build - that will protect us in the end from the drowning of the world as we know it. The Water Will Come is the definitive account of the coming water, why and how this will happen, and what it will all mean. As he travels across twelve countries and reports from the front lines, acclaimed journalist Jeff Goodell employs fact, science, and first-person, on-the-ground journalism to show vivid scenes from what already is becoming a water world."
458,Websters new world 575+ Italian verbs /,
458,Wiley CIA exam review /,
458,Wiley CIA exam review /,
458,Wiley CIA exam review /,
458,Wiley CIA exam review /,
458,Wiley CIAexcel exam review ... /,
458,Wiley CIAexcel exam review ... /,
487,Computer games and the social imaginary /,"In this compelling book, Graeme Kirkpatrick argues that computer games have fundamentally altered the relation of self and society in the digital age. Tracing the origins of gaming to the revival of play in the 1960s counter culture, Computer Games and the Social Imaginary describes how the energies of that movement transformed computer technology from something ugly and machine-like into a world of colour and fun . In the process, play with computers became computer gaming a new cultural practice with its own values. From the late 1980s gaming became a resource for people to draw upon as they faced the challenges of life in a new, globalizing digital economy. Gamer identity furnishes a revivified capitalism with compliant and streamlined workers, but at times gaming culture also challenges the corporations that control game production. Analysing topics such as the links between technology and power, the formation of gaming culture and the subjective impact of play with computer games, this insightful text will be of great interest to students and scholars of digital media, games studies and the information society."
487,The elements of New Testament Greek.,
487,Fans :,
487,The gameful world :,
487,Gaming cultures and place in Asia-Pacific /,
487,Hellenistic and Biblical Greek :,"""This Hellenistic Greek reader is designed for students who have completed one or more years of Greek and wish to improve their reading ability and gain a better appreciation for the diversity of the language. The seventy passages in this reader reflect different styles, genres, provenances, and purposes, and are arranged into eight parts according to their level of difficulty. Grammatical support and vocabulary lists accompany each passage, and a cumulative glossary offers further assistance with translation. Students are led to a deeper understanding of Hellenistic Greek, and a greater facility with the language. Includes canonical and non-canonical Christian texts, Septuagint (prose and poetry), Jewish Pseudepigrapha, inscriptions, and Jewish and Hellenistic literary Greek. Includes a Web component with more than thirty additional readings for classroom and independent use. Offers a glimpse into the everyday life of Hellenistic Greeks, with themes such as sexuality, slavery, magic, apocalypticism, and Hellenistic philosophy""--"
487,An introduction to games studies :,
487,Morphology and universals in syntactic change :,"This book, first published in 1990, is a study of both the specific syntactic changes in the more recent stages of Greek and of the nature of syntactic change in general. Guided by the constraints and principles of Universal Grammar, this hypothesis of this study allows for an understanding of how these changes in Greek syntax occurred and so provides insight into the mechanism of syntactic change. This title will be of interest to students of language and linguistics."
487,The new documents in Mycenean Greek /,"""In 1952 Michael Ventris deciphered the script found on the Linear B tablets from Crete and the Greek mainland, thereby revealing the earliest known form of Greek. In 1956 he and John Chadwick published Documents in Mycenaean Greek, which gave an account of the decipherment, of the language of the tablets, of the society and economy revealed by the documents and a series of chapters giving texts, translations and commentary of the most important tablets. Though partially updated in 1973, Documents is now very much outdated: there has been a vast accrual of bibliography on the subject since 1973, and discoveries of tablets at new sites. This new survey, written by fourteen of the world's leading experts, will bring the reader fully up to date with developments in all aspects of Mycenaean studies, concluding with a new glossary of all the more complete Mycenaean words""--"
487,New Testament Greek :,
487,Online gaming in context :,"""Over only a few decades, digital gaming has become a major global leisure activity that now rivals the movie and music sectors. Due to this increasingly widespread popularity, gaming has in recent years become the focus of increased academic interest and activity, but still little is know about those who play digital games. Online Gaming in Context is the first book to explicitly and comprehensively address how digital games are experienced and engaged with in the everyday lives, social networks, and consumer patterns of those who play them. In doing so, the book provides a key introduction to the study of gamers and the games they play, whilst also reflecting on the current debates and literatures surrounding the virtual world""--"
487,Reality is broken :,"Visionary game designer Jane McGonigal shows how we can harness the power of computer games to solve real-world problems and boost global happiness, since her research suggests that gamers are expert problem solvers and collaborators because they regularly cooperate with other players to overcome daunting virtual challenges."
487,The things we love :,"An ""exciting and engaging"" investigation (Jonah Berger) of the secret, tangled emotional relationships people have with things--drawing on cutting-edge findings from the fields of psychology, neuroscience, and marketing. Books, baseball cards, ceramic figurines, art, iPhones, clothing, cars, music, dolls, furniture, and even nature itself. If you're like most people, at some point in your life you've found yourself indulging in a love affair with some thing that brings you immense joy, comfort, or fulfillment. Why is it that we so often feel intense passion for objects? What does this tendency tell us about ourselves and our society? In The Things We Love, Dr. Aaron Ahuvia presents astonishing discoveries that prove we are far less ""rational"" than we think when it comes to our possessions and hobbies. In fact, we have passionate relationships with the things we love, and these relationships are driven by influences deep within our culture and our biology. Some of our passions are sudden, obsessive, and fleeting; others are devoted and lifelong affairs. Some turn dark: we become hoarders, or would prefer to destroy certain objects rather than let anyone else own them. And as technology improves, becoming increasingly addictive, one wonders: might our lives become so dominated by our emotional ties to things that we lose interest in other people? Packed with fascinating case studies, scientific analysis, and takeaways for living in a modern and ever-so-material world, The Things We Love offers a truly original and insightful look into our love for inanimate objects--and how better understanding these relationships can enrich and improve our lives."
487,The things we love :,"An ""exciting and engaging"" investigation (Jonah Berger) of the secret, tangled emotional relationships people have with things--drawing on cutting-edge findings from the fields of psychology, neuroscience, and marketing. Books, baseball cards, ceramic figurines, art, iPhones, clothing, cars, music, dolls, furniture, and even nature itself. If you're like most people, at some point in your life you've found yourself indulging in a love affair with some thing that brings you immense joy, comfort, or fulfillment. Why is it that we so often feel intense passion for objects? What does this tendency tell us about ourselves and our society? In The Things We Love, Dr. Aaron Ahuvia presents astonishing discoveries that prove we are far less ""rational"" than we think when it comes to our possessions and hobbies. In fact, we have passionate relationships with the things we love, and these relationships are driven by influences deep within our culture and our biology. Some of our passions are sudden, obsessive, and fleeting; others are devoted and lifelong affairs. Some turn dark: we become hoarders, or would prefer to destroy certain objects rather than let anyone else own them. And as technology improves, becoming increasingly addictive, one wonders: might our lives become so dominated by our emotional ties to things that we lose interest in other people? Packed with fascinating case studies, scientific analysis, and takeaways for living in a modern and ever-so-material world, The Things We Love offers a truly original and insightful look into our love for inanimate objects--and how better understanding these relationships can enrich and improve our lives."
488,Athenaze :,"Since its publication in 1990, Athenaze: An Introduction to Ancient Greek has helped tens of thousands of students learn classical Greek. Building on the bestselling tradition of previous editions, the long-awaited third edition combines the best features of traditional and modern teaching methods. It provides a unique course of instruction that allows students to read connected Greek narrative right from the beginning and guides them to the point where they can begin reading complete classical texts. James Morwood, editor of the Oxford Grammar of Classical Greek and the Pocket Oxford Classical Greek Dictionary, brings his expertise and years of teaching experience to this revision. Carefully designed to hold students' interest, the course begins in Book I with a fictional narrative about an Attic farmer's family placed in a precise historical context (432-431 B.C.). This narrative, interwoven with tales from mythology and the Persian Wars, gradually gives way in Book II to adapted passages from Thucydides, Plato, and Herodotus and ultimately to excerpts of the original Greek of Bacchylides, Thucydides, and Aristophanes' Acharnians. Essays on relevant aspects of ancient Greek culture and history are also woven throughout."
488,Belonging :,
488,Black feminist thought :,
488,Black feminist thought :,
488,Black women and popular culture :,
488,A bound woman is a dangerous thing :,"From Harriet Tubman to Assata Shakur, Ida B. Wells to Sandra Bland and Black Lives Matter, black women freedom fighters have braved violence, scorn, despair, and isolation in order to lodge their protests. In A Bound Woman Is a Dangerous Thing, DaMaris Hill honors their experiences with at times harrowing, at times hopeful responses to her heroes, illustrated with black-and-white photographs throughout. For black American women, the experience of being bound has taken many forms: from the bondage of slavery to the Reconstruction-era criminalization of women; from the brutal constraints of Jim Crow to our own era's prison industrial complex, where between 1980 and 2014, the number of incarcerated women increased by 700%.For those women who lived and died resisting the dehumanization of confinement--physical, social, intellectual--the threat of being bound was real, constant, and lethal."
488,The decolonial imaginary :,
488,The digital literary sphere :,"""Despite the talk of the ""death of the book,"" traditionally linear and often print-based narratives have continued to flourish in the Internet era. Shifting focus from analyzing specific literary texts to a sociological examination of the contemporary literary scene, Simone Murray provides crucial insights into the major forces shaping this digital literary sphere. Analyzing the apparatus and institutional factors shaping contemporary online literary culture, including producers, retailers, festival organizers, evaluators, and consumers, Murray highlights how these traditionally distinct roles are radically blurring and the significance of this for all stakeholders in the literary industry. The Internet's massive expansion of participants in literary debates is democratizing literary culture in refreshing ways, but it is simultaneously throwing up thorny questions about cultural authority, destabilizing geographically based conceptions of literary canons, and problematizing the boundaries of the literary text. These are in essence theoretical issues of fundamental import to all with an interest in literature, and to literary scholars in particular""--"
488,Dog's daughter :,
488,Domicile and diaspora :,
488,Ethics and authority in international law /,
488,The feminization of racism :,
488,Foreign and female :,
488,From Alpha to Omega :,
488,The gender of Latinidad :,"""The Gender of Latinidad: Uses and Abuses of Hybridity explores the way Latina representations have exploded onto mainstream popular culture--and into American consciousness. From ""J Lo's butt"", Penelope Cruz, and steamy tele-novellas, to Bratz and Flava dolls and the PBS cartoon, ""Dora the Explorer"", the volume will probe the dynamic manner by which Latinas are portrayed, caricatured and commercialized as cultural forms. While Valdivia's focus is primarily here in the United States, she also examines U.S. popular culture as the world's biggest import. By sifting through the current Latino ""craze"" as well as the usual pop culture clutter--women's magazines, mass-produced and marketed children's toys and books, television, popular music, movies, and celebrity culture--The Gender of Latinidad: Uses and Abuses of Hybridity soberly and sensibly addresses the popular iconography of Latinidad in its everyday location""--"
488,The global histories of books :,"This collection is an edited volume of essays that showcases how books played a crucial role in making and materialising histories of travel, scientific exchanges, translation, and global markets from the late-eighteenth century to the present. While existing book historical practice is overly dependent on models of the local and the national, we suggest that approaching the book as a cross-region, travelling ? and therefore global- object offers new approaches and methodologies for a study in global perspective. By thus studying the book in its transnational and inter-imperial, textual, inter-textual and material dimensions, this collection will highlight its key role in making possible a global imagination, shaped by networks of print material, readers, publishers and translators."
488,A Greek anthology.,
488,Humanism and education in medieval and Renaissance Italy :,
488,Imagining the Black female body :,
488,An independent study guide to reading Greek /,
488,International extradition :,
488,Is literature healthy? /,"The Literary Agenda is a series of short polemical monographs about the importance of literature and of reading in the wider world and about the state of literary education inside schools and universities. The category of 'the literary' has always been contentious. What is clear, however, is how increasingly it is dismissed or is unrecognised as a way of thinking or an arena for thought. It is sceptically challenged from within, for example, by the sometimes rival claims of cultural history, contextualized explanation, or media studies. It is shaken from without by even greater pressures: by economic exigency and the severe social attitudes that can follow from it; by technological change that may leave the traditional forms of serious human communication looking merely antiquated. For just these reasons this is the right time for renewal, to start reinvigorated work into the meaning and value of literary reading. Medical Humanities comprises disciplines as diverse as literature, the visual and performing arts, the history of medicine, bioethics. It claims a vast range of philosophical and political agendas, goals and purposes, including the education of medical students in areas of clinical empathy, critical thinking, ethical awareness, gender and race issues and cross-cultural medicine. Josie Billington argues that in so far as literature is offered as adding value to medical education in health training and practice, that defence tends to become instrumental in nature, whether consciously and explicitly, or otherwise. This book is interested, more widely, in the power of the arts as a remedial force."
488,The Jewess Pallas Athena :,
488,"Justice, gender, and the politics of multiculturalism /",
488,Learning Latin and Greek from antiquity to the present /,
488,A little Greek reader /,"This concise volume provides brief original reading matter to illustrate key features of Greek grammar and syntax. Each chapter begins with an account of the grammatical issue in question; this is then followed by a selection of passages from Greek literature, some shorter, some longer, covering a wide range of authors, and of considerable intrinsic interest."
488,On intellectual activism /,
488,"Peasant maids, city women :","In concise social histories of four European rural cultures, the authors emphasize the crucial effects of gender. They explore the contrast between each regional culture of origin and the urban experience of ethnic communities in Chicago. The concept of assimilation, they suggest, involves two different dynamics. In the initial phase, adaptation, the new environment demands major changes of incoming immigrants to meet basic needs. The second dynamic, acculturation, involves changes for immigrants and also for the new culture with which they interact."
488,Politisches Asyl in der Bundesrepublik Deutschland :,
488,"Propaganda for war : the campaign against American neutrality, 1914-1917 /",
868,Reading specialists in the real world :,
488,Resistance and empowerment in Black women's hair styling /,
488,Rest is resistance :,"""Disrupt and push back against capitalism and white supremacy. In this book, Tricia Hersey, aka The Nap Bishop, encourages us to connect to the liberating power of rest, daydreaming, and naps as a foundation for healing and justice. What would it be like to live in a well-rested world? Far too many of us have claimed productivity as the cornerstone of success. Brainwashed by capitalism, we subject our bodies and minds to work at an unrealistic, damaging, and machine-level pace -- feeding into the same engine that enslaved millions into brutal labor for its own relentless benefit. In Rest Is Resistance, Tricia Hersey, aka the Nap Bishop, casts an illuminating light on our troubled relationship with rest and how to imagine and dream our way to a future where rest is exalted. Our worth does not reside in how much we produce, especially not for a system that exploits and dehumanizes us. Rest, in its simplest form, becomes an act of resistance and a reclaiming of power because it asserts our most basic humanity. We are enough. The systems cannot have us. Rest Is Resistance is rooted in spiritual energy and centered in Black liberation, womanism, somatics, and Afrofuturism. With captivating storytelling and practical advice, all delivered in Hersey's lyrical voice and informed by her deep experience in theology, activism, and performance art, Rest Is Resistance is a call to action, a battle cry, a field guide, and a manifesto for all of us who are sleep deprived, searching for justice, and longing to be liberated from the oppressive grip of Grind Culture.""--Provided by publisher."
488,Rest is resistance :,"What would it be like to live in a well-rested world? Far too many of us have claimed productivity as the cornerstone of success. Brainwashed by capitalism, we subject our bodies and minds to work at an unrealistic, damaging and machine-level pace. In this fierce and tender manifesto, Tricia Hersey, aka The Nap Bishop, elevates rest as a divine right, and paves the way towards a more well-rested life that empower imagination, invention and healing. Divided into four sections, Rest is Resistance will explain Tricia's philosophy and methods, and will include both storytelling and practical advice. It will offer you the guidance and context to craft a rest practice for long-term health, both within yourself and society as a whole. Rest is Resistance is not self-care: it is the urgent wake-up call you need to nap, rest and, most importantly, dream once more."
488,Somebody's daughter :,"""One of the most prominent voices of her generation debuts with an extraordinarily powerful memoir: the story of a childhood defined by the ever looming absence of her incarcerated father and the path we must take to both honor and overcome our origins. For as long as she could remember, Ashley has put her father on a pedestal. Despite having only vague memories of seeing him face-to-face, she believes he's the only person in the entire world who understands her. She thinks she understands him too. He's sensitive like her, an artist, and maybe even just as afraid of the dark. She's certain that one day they'll be reunited again, and she'll finally feel complete. There are just a few problems: he's in prison, and she doesn't know what he did to end up there. Through poverty, puberty, and a fraught relationship with her mother, Ashley returns to her image of her father for hope and encouragement. She doesn't know how to deal with the incessant worries that keep her up at night, or how"
488,Talking back :,"In childhood, bell hooks was taught that ""talking back"" meant speaking as an equal to an authority figure and daring to disagree and/or have an opinion. In this collection of personal and theoretical essays, hooks reflects on her signature issues of racism and feminism, politics and pedagogy. Among her discoveries is that moving from silence into speech is for the oppressed, the colonized, the exploited, and those who stand and struggle side by side, a gesture of defiance that heals, making new life and new growth possible."
488,Tastes like war :,"""Grace M. Cho grew up in a small, rural American town as the daughter of a white American merchant marine and the Korean bar hostess he met abroad. When Grace was fifteen, her Korean mother experienced the onset of schizophrenia, a condition that would continue for the rest of her life. Part food memoir, part sociological investigation, TASTES LIKE WAR is a hybrid text about a daughter's search through intimate and global history to understand herself and the cultural roots of her mother's condition""--"
488,The teachers' notes to reading Greek /,
488,This bridge we call communication :,"This Bridge We Call Communication: Anzalduan Approaches to Theory, Method, and Praxis explores contemporary communication research studies, performative writing, poetry, Latina/o studies, and gender studies through the lens of Gloria Anzaldua's theories, methods, and concepts. Utilizing different methodologies and approaches-testimonio, performative writing, and interpretive, rhetorical, and critical methodologies-the contributors provide original research on contexts including healing and pain, woundedness, identity, Chicana and black feminisms, and experiences in academia."
488,Token Black girl :,"""Racial identity, pop culture, and delusions of perfection collide in an eye-opening and refreshingly frank memoir by fashion and beauty insider Danielle Prescod. Danielle Prescod grew up Black in an elite and overwhelmingly white community, her identity made more invisible by the whitewashed movies, television, magazines, and books she and her classmates voraciously consumed. Danielle took her cue from the world around her and aspired to shrink her identity into that box, setting increasingly poisonous goals. She started painful and damaging chemical hair treatments in elementary school, began depriving herself of food when puberty hit, and tried to control her image through the most unimpeachable, impeccable fashion choices.Those obsessions led her to relentlessly pursue a career in beauty and fashion--the eye of the racist and sexist beauty standard storm. Assimilating was hard, but she was practiced. And she was an asset. Their ""Token Black Girl."" Toxic, sure. But Danielle was striving to achieve social cache and working her way up the ladder of coveted media jobs, and she looked great, right? So what if she had to endure executives' questions like ""What was it like to drive to school from the ghetto?"" Or coworkers' eager curiosity to know if her parents were on welfare. But after decades of burying her emotions, resentment, and true self, Danielle turned a critical eye inward and confronted the factors that motivated her self-destructive behaviors. Sharp witted and bracingly candid, Token Black Girl unpacks the adverse effects of insidious white supremacy in the media--both unconscious and strategic--to tell a personal story about recovery from damaging concepts of perfection, celebrating identity, and demolishing social conditioning."" --"
488,"Transnational migration, media and identity of Asian women :","""Drawing on a wide range of perspectives from media and communications, sociology, cultural studies and anthropology, this volume provides an empirically grounded and theoretically insightful investigation into the mediated identies of women in the East Asian diaspora.""--"
488,The ugly cry :,"""A sharp, hilarious memoir about a nontraditional upbringing and growing up Black in a predominantly white community""--"
488,Using corpora in contrastive and translation studies /,
488,"Wayward lives, beautiful experiments :","""A breathtaking exploration of the lives of young black women in the early twentieth century. In Wayward Lives, Beautiful Experiments, Saidiya Hartman examines the revolution of black intimate life that unfolded in Philadelphia and New York at the beginning of the twentieth century. Free love, common-law and transient marriages, serial partners, cohabitation outside of wedlock, queer relations, and single motherhood were among the sweeping changes that altered the character of everyday life and challenged traditional Victorian beliefs about courtship, love, and marriage. Hartman narrates the story of this radical social transformation against the grain of the prevailing century-old argument about the crisis of the black family. In wrestling with the question of what a free life is, many young black women created forms of intimacy and kinship that were indifferent to the dictates of respectability and outside the bounds of law. They cleaved to and cast off lovers, exchanged sex to subsist, and revised the meaning of marriage. Longing and desire fueled their experiments in how to live. They refused to labor like slaves or to accept degrading conditions of work. Beautifully written and deeply researched, Wayward Lives recreates the experience of young urban black women who desired an existence qualitatively different than the one that had been scripted for them--domestic service, second-class citizenship, and respectable poverty--and whose intimate revolution was apprehended as crime and pathology. For the first time, young black women are credited with shaping a cultural movement that transformed the urban landscape. Through a melding of history and literary imagination, Wayward Lives recovers their radical aspirations and insurgent desires.""--Publisher's description."
488,When they call you a terrorist :,"""The emotional and powerful story of one of the co-founders of Black Lives Matter and how the movement was born. From one of the co-founders of the Black Lives Matter movement comes a poetic memoir and reflection on humanity. Necessary and timely, Patrisse Cullors' story asks us to remember that protest in the interest of the most vulnerable comes from love. Leaders of the Black Lives Matter movement have been called terrorists, a threat to America. But in truth, they are loving women whose life experiences have led them to seek justice for those victimized by the powerful. In this meaningful, empowering account of survival, strength, and resilience, Patrisse Cullors and asha bandele seek to change the culture that declares innocent black life expendable""--"
488,A world of heroes :,
488,Zainichi Korean Women in Japan :,
488,Zainichi Korean Women in Japan :,
719,Arctic dreams /,
719,Beethoven's theatrical quartets :,"""Beethoven's middle-period quartets, Opp. 59, 74 and 95, are pieces that engage deeply with the aesthetic ideas of their time. In the first full contextual study of these works, Nancy November celebrates their uniqueness, exploring their reception history and early performance. In detailed analyses, she explores ways in which the quartets have both reflected and shaped the very idea of chamber music and offers a new historical understanding of the works' physical, visual, social and ideological aspects. In the process, November provides a fresh critique of three key paradigms in current Beethoven studies: the focus on his late period; the emphasis on 'heroic' style in discussions of the middle period; and the idea of string quartets as 'pure', 'autonomous' artworks, cut off from social moorings. Importantly, this study shows that the quartets encompass a new lyric and theatrical impetus, which is an essential part of their unique, explorative character""--"
719,The Civil War :,
719,Michael Tippett's Fifth string quartet :,
199,Night :,
719,Night photography and light painting :,"Lance Keimig, one of the premier experts on night photography, has put together a comprehensive reference that will show you ways to capture images you never thought possible. This new edition of Night Photography presents the practical techniques of shooting at night alongside theory and history, illustrated with clear, concise examples, and charts and stunning images. From urban night photography to photographing the landscape by starlight or moonlight, from painting your subject with light to creating a subject with light, this book provides a complete guide to digital night photography and light painting."
719,Pilates :,"Streamline your body and focus your mind with Pilates: Body in Motion, the at-home instructor you've always wished for, updated with a fresh, new look. Stretch yourself at your own pace with tailored programmes for beginner, intermediate and advanced level. More than 50 exercises are demonstrated with clear photographs and annotated with expert advice showing you exactly what to do and what not to do."
719,Pilates /,
719,Pilates anatomy /,
719,The Pilates bible :,"The Pilates Bible is the most authoritative and comprehensive book on Pilates matwork ever written and demonstrates why this hugely popular exercise has gone from cult status to an essential part of our modern lifestyle. Drawing on the latest medical research, the authors have updated old favourites as well as introduced many new. All can be performed with little or no equipment and The Pilates Bible allows you to progress safely at your own pace through Beginners, Intermediate and Advanced. There are also special sections on Pilates for new mothers and children, people with problems such as osteoarthritis, back pain and knee injuries, as well as Pilates at the gym and the workplace, and for the performing arts and sport. This is truly the one-stop guide for Pilates novices as well as those hoping to consolidate what they already know."
719,Pilates practice companion /,"This is an accessible and user-friendly one-stop guide. Whether you are a beginner, at intermediate level or are looking for something more advanced, pick a programme that suits your style with the ""Pilates Practice Companion"". This title is packed with 20, 40 and 60-minute sequence programmes covering step-by-step exercises to improve posture, flexibility and energy levels. Plus, find sections for specific problems such as back, knee, hip and shoulder. With a warm, reassuring tone and accessible, user-friendly format, this book offers a more holistic approach, listing the physical and mental benefits of Pilates and highlighting common faults with tips on 'how-not-to-do-it'. Plus, get advice on healthy eating and ways to incorporate Pilates into everyday life in order to feel more balanced."
719,"The continuing purpose : a history of the National Trust, its aims and work /",
719,Your free open source music studio /,
719,Your free open source music studio /,
817,"5,000 one and two liners for any and every occasion /",
817,A subtreasury of American humor /,
817,Algal chemical ecology /,"""This is the first ever book devoted entirely to the chemical ecology of algae, Algae from both marine and freshwater habitats are covered, as are macroalgae (seaweeds) and microalgae (including phytoplankton). While its main emphasis is on the ecological rather than chemical aspects of the field, the book also includes a unique introductory chapter intended as a primer on algal natural products chemistry for ecologists. It elucidates the roles of chemical defenses in various regions and habitats, of DMSP, oxidative burst responses, and herbivore offense. Topics such as algal sensory chemical ecology and defenses against ultraviolet radiation are also treated, and an introduction to the chemical ecology of phytoplankton is provided."" ""Focusing on recent advances and also on topics particularly useful for undergraduate and graduate level courses, Algal Chemical Ecology is designed for research biologists working in the field as well as marine ecologists and algal biologists seeking an introductory guide.""--BOOK JACKET."
817,American humor :,
817,American humor : a study of the national character /,
817,American wit and humor /,
817,American women humorists :,
817,The ape in me /,
817,The best of bits & pieces /,
199,The best of medical humor :,
817,"The Bible, Qumran, and the Samaritans /","Discoveries on Mount Gerizim and in Qumran demonstrate that the final editing of the Hebrew Bible coincides with the emergence of the Samaritans as one of the different types of Judaisms from the last centuries BCE. This book discusses this new scholarly situation. Scholars working with the Bible, especially the Pentateuch, and experts on the Samaritans approach the topic from the vantage point of their respective fields of expertise. Earlier, scholars who worked with Old Testament/Hebrew Bible studies mostly could leave the Samaritan material to experts in that area of research, and scholars studying the Samaritan material needed only sporadically to engage in Biblical studies. This is no longer the case: the pre-Samaritan texts from Qumran and the results from the excavations on Mount Gerizim have created an area of study common to the previously separated fields of research. Scholars coming from different directions meet in this new area, and realize that they work on the same questions and with much common material.This volume presents the current state of scholarship in this area and the effects these recent discoveries have for an understanding of this important epoch in the development of the Bible."
817,Blood-and-thunder /,
817,Braude's treasury of wit and humor /,
817,The canons of our Fathers :,
817,"The cave church of Paul the Hermit at the monastery of St. Paul, Egypt /",
817,Chicken every Sunday :,
817,Collected verse from 1929 on /,
817,Digital Samaritans :,
145,Don't slip on the soap /,
817,Don`t mind me :,"""Don`t Mind Me is a unique compilation of all-too-familiar phrases guaranteed to make you smile. For anyone who`s ever been on the receiving end of one of these lies, this is one book that rings absolutely true""--Front cover jacket."
817,An encyclopedia of modern American humor /,
817,The enduring legacy of Old Southwest humor /,
817,Essays on American humor :,
817,Freshwater algae :,"""A fully revised edition of this popular guide combining practical material on techniques and water quality management with basic algal taxonomy and the role of algae as bioindicators""--"
817,"Honey, hush! :",
817,"Hopalong-Freud, and other modern literary characters /",
817,How to live like a lord without really trying /,
817,A Howard Nemerov reader.,
817,Huck Finn and his critics /,
817,Humor and revelation in American literature :,
199,Humor in American literature :,
817,I'm a stranger here myself /,
817,Jews and Samaritans :,
817,Lanterns & lances /,
817,Literary wit /,"""This book offers a fresh examination of literary wit as a distinct variety of discourse - one that is fundamentally different from wit, humor, and laughter in nonliterary contexts. Bruce Michelson moves beyond outmoded assumptions and canonical authorities to explore how wit can transform fiction, plays, and poetry, providing ""a fire that keeps our imaginative literature hot."""" ""Michelson argues that to achieve a modernized and less-reductive understanding of the comic mode, conventional ideas must be extended, refreshed, qualified, and ultimately left behind. Revisiting Bergson, Freud, Bakhtin, and other authorities, he develops a new description of literary wit, with an emphasis on brevity, eloquence, and surprise, and gives special attention to the power and provenance of the modern epigram."" ""To develop this new approach, Michelson explores Mark Twain's Pudd'nhead Wilson's Calendar and Oscar Wilde's ""Preface"" to The Picture of Dorian Gray. He also offers the first extended discussion of two celebrated recent dramas - Tom Stoppard's Arcadia and Margaret Edson's Pulitzer-winning Wit - as well as insightful readings of major poems by Richard Wilbur. He concludes with a suggestive look at the contemporary revolution in cognitive science and its implications for our understanding of the comic dimension in modern literature.""--BOOK JACKET."
817,The lives of seaweeds :,"As photosynthetic organisms, seaweeds and other algae transfer billions of tons of carbon globally from the atmosphere to the deep ocean each year. Coming in all manner of colors, shapes, and sizes, from bioluminescent single-celled algae to giant kelps, they form the basis of most marine food webs, and are found in almost all environments on the planet. Touted as the biofuel of the future, seaweeds and algae also hold promise for biodegradable packaging, offer a nutritious food source, and exhibit antiviral and antitumor properties.  Combining accessible text with stunning images and graphics, this book takes a deep dive to explore the unique characteristics of seaweeds and other algae, outlining their extraordinary evolution as well as their morphology, life histories, ecology, and uses. Offering rare insights into the algal world, The Lives of Seaweeds is essential reading for naturalists and marine life enthusiasts."
817,Marine algae :,
817,Mark Twain and Buster Keaton a study in American comic attitudes /,
817,Mark Twain handbook.,
817,Mark Twain: the fate of humor /,
817,Mark Twain's America /,
817,Mark Twain's humor :,
817,Mark Twain's Which was the dream? :,
817,Mr. Clemens and Mark Twain :,
817,The neighbors are scaring my wolf /,
817,On humor /,
817,On the shoulders of giants :,
817,Our hearts were young and gay /,
817,Phytoplankton pigments :,"""Pigments act as tracers to elucidate the fate of phytoplankton in the world's oceans and are often associated with important biogeochemical cycles related to carbon dynamics in the oceans. They are increasingly used in in situ and remote-sensing applications, detecting algal biomass and major taxa through changes in water colour. This book is a follow-up to the 1997 volume Phytoplankton Pigments in Oceanography (UNESCO Press). Since then, there have been many advances concerning phytoplankton pigments. This book includes recent discoveries on several new algal classes particularly for the picoplankton, and on new pigments. It also includes many advances in methodologies, including liquid chromatography-mass spectrometry (LC-MS) and developments and updates on the mathematical methods used to exploit pigment information and extract the composition of phytoplankton communities. The book is invaluable primarily as a reference for students, researchers and professionals in aquatic science, biogeochemistry and remote sensing""--"
817,Redressing the balance :,
817,Redressing the balance :,
817,Revel with a cause :,
817,A rock in every snowball /,
817,Seaweeds :,
817,Selected discourses of Shenoute the Great :,
817,The snake has all the lines /,
817,Sometimes the dragon wins :,
817,The adventures of Mark Twain /,
817,The portable Mark Twain /,
817,Theodore Roosevelt among the humorists :,
817,"This is goggle : or, the education of a father.",
817,The white deer /,
817,The wonderful O /,
199,Words at play :,
817,You don`t have to be in Who`s who to know what`s what /,
