DDC,Title,description
071,"""I watched a wild hog eat my baby!"" :",
071,"""USA Today"", its imitators, and its critics :",
071,101 law school personal statements that made a difference /,"At top U.S. law schools, a candidate's personal statement can help him/her to stand out in an increasingly competitive applicant pool. This publication presents 101 personal statements that enabled their authors to gain admission to the law school of their choice. By design, they include more than 20 different topics, including the candidates' goals, personal background, legal experience, notable accomplishments, contribution to diversity, international travel experiences, and motivation to become an attorney. The selection also includes successful responses to being waitlisted and separate addendums to explain a disappointing GPA or LSAT score. Collectively, these statements show the many ways that candidates have presented themselves to the committee in a creative (and effective) manner. They also show the caliber of writing that is expected at top U.S. law schools. Before you write your own statement, take the time to read several sample essays from students who have already accomplished what you are trying to do. For something this important, why leave your personal statement to chance?"
071,50+ successful Wharton Business School essays :,"Gain access to top MBA programs like Wharton, Harvard, Stanford, Kellogg and Chicago. See successful MBA application essays that gained access to Wharton. Learn to refine your personal message and powerfully put across your story for business school Admissions Committees. In 50+ Successful Wharton Business School Applications, learn how to grip the admissions committee’s attention, put your best foot forward and gain access to the world’s top business schools. The business school application process is getting increasingly competitive and hard to navigate. Top schools like Wharton, Harvard and Stanford have seen applications steadily increasing for a limited number of spots. The essay component of the business school application is an absolutely critical element to gain access to a top business school. With all of the pieces that go into an application, the essays are the only variable still entirely within your grasp - make sure you get it right! Cut through the hype and see the diversity of life experiences and writing styles of over 50 successful Wharton Business School applicants. These students from around the world, with experiences ranging from strategy consulting to acrobatics, demonstrate what it takes to communicate the essence of who you are and what you are passionate about in just a few short essays. This book will serve as a powerful tool in your arsenal to help achieve your goal and gain access to a great business school."
071,55 successful Harvard Law School application essays :,
071,55 successful Harvard Law School application essays :,"""Harvard Law School is the premier law school in America. It as well as other top schools draw thousands of applicants from the best colleges and best companies from around the world. As the admissions departments become more and more selective every year, the competition becomes even fiercer, and even the best and brightest need an edge. 55 Successful Harvard Law School Application Essays is the best book for anyone looking for that edge. Through the most up-to-date sample essays from the Harvard Law School students who made the cut and the most insightful critiques advice from the staff at The Harvard Crimson, it teaches applicants how to: * Stand out * Argue their case effectively * Arrange their accomplishments for maximum impact * Avoid common pitfalls 55 Successful Harvard Law School Application Essays guides applicants toward writing essays that reveal their passion for the law, the discipline they bring to this demanding profession, and the strength of character they possess for the ethical and moral challenges that lie ahead. The no-nonsense advice and all new essays give applicants all the help they'll need to write the essays that will get them in to the best law schools in the world""--"
071,5th International Computing Education Research Workshop 2009 :,
071,Academic ethos management :,"This topical and much needed book constitutes an important part of the debate on the integrity in an academic context as a sine qua non of responsible management education. Like you, we've all been listening to the highly publicized corporate scandals and instances of management misconduct that have eroded public faith. Simultaneously, management scholars and educators have begun to question the assumptions underlying the traditional management education, which in their view not only contributed to a recent moral crisis but has also failed to prepare students and executives for coping with the responsible leadership challenges and ethical dilemmas that face managers in contemporary corporations. This book discusses, with stimulating examples, how universities should bring alive their core values. Using case studies and examples from universities from all over the world, you'll learn real practical advice and guidance, which explain in detail how you and other administrators and educators should discover, articulate, and institutionalize (implementation, securing and controlling by creating adequate policies, procedures process, etc.) university core values into academic daily activities and create a foundation for academy integrity."
071,Accounting education :,"This book provides a comprehensive and critical overview of learning accounting. It illustrates that when learners need to mentally integrate two or more distinct items of information, it places unnecessary demands on cognitive load. The book discusses the cognitive load theory, which assumes that the task of mental integration increases the load on already limited working memory, and it does so to such an extent that learning may be severely impeded. The book also investigates how students could deal with cognitive overload when learning introductory accounting using three instructional design formats: the split-attention format, the integrated format, and the self-managed format."
071,Active reading :,
071,Advances in accounting education :,Advances in Accounting Education: Teaching and Curriculum Innovations publishes a wide variety of articles dealing with accounting education at the college and university level. FPpers oftencinclude Thought pieces that share anecdotal experiences with various pedagogical tools. Position papers on particular issues; Comprehensive literature reviews grounded in theory; Conceptual models; Historical discussions with implications for current and future pedagogical efforts; Methodology discussions and Research studies with implications for improving accounting education.
071,Adventure journalism in the Gilded Age :,"""This collection tells the story of daring reporters, male and female, sent out by their publishers not to capture the news but to make the news-indeed to achieve star billing-and to capitalize on the Gilded Age public's craze for real-life adventures into the exotic and unknown. It examines the adventure journalism genre through the work of iconic writers such as Mark Twain and Nellie Bly, as well as lesser-known journalistic masters such as Thomas Knox and Eliza Scidmore, who took to the rivers and oceans, mineshafts and mountains, rails and trails of the late nineteenth century, shaping Americans' perceptions of the world and of themselves""--"
071,After broadcast news :,"""Most people assume that professional jounalists are the ligitimate source for political information and the role of ""good"" citizens is to watch, read or listen to the news. In After the News we show that this particular model is only one among several that have existed in the United States; that while it had some valuable aspects, it also had very narrow notions of what kind of information was politically relevant and what the role of citizen should be; and that the new information environment (from the internet to The Daily Show) make these strengths and limitations clear""--"
071,After the war :,
071,Algebra for everyone /,
071,All the art that's fit to print (and some that wasn't) :,
071,The almost nearly perfect people :,
071,American dreamers :,
071,American journalism history :,
071,The American journalism history reader :,
071,American newspapers in the 1970s /,
071,Amish education in the United States and Canada /,
071,Antioxidants in biology and medicine :,
071,"Approaches to problems of public school administration in health, physical education and recreation :",
071,The artillery of the press :,
071,The arts equation :,
071,Asia in the undergraduate curriculum :,
071,At the edge of Camelot :,
071,Backstory :,
071,The band director's guide to success :,
071,Barron's guide to law schools.,
071,Bear`s guide to the best MBAs by distance learning /,
071,"Behavior, health, and environmental stress /",
071,Bennett's New York herald and the rise of the popular press /,
071,The best 294 business schools /,"Provides a detailed overview of the best business schools across North America, including information on each school's academic program, competitiveness, financial aid, admissions requirements, and social scenes."
071,The best business schools' admissions secrets :,"Top MBA programs reject more than 80 percent of their applicants, but author Chioma Isiadinso's admissions consulting firm has successfully guided 90 percent of her students into the best business schools around the world. As a former Admissions Board Member, Isiadinso offers insider tips and strategies to help applicants get into the school of their choice by building and promoting their personal brand."
071,The best law schools' admissions secrets :,
071,Between memory and vision :,
071,The black newspaper and the chosen nation /,
071,"Black newspapers and America's war for democracy, 1914-1920 /",
071,The body in the reservoir :,
071,Boilerplating America :,
071,The Brass check :,
071,The business school in the twenty-first century :,
071,The business school of the future /,"""Business schools are increasingly seen as being of key importance for the dynamic development of nations' economies. Educating new generations of strong leaders is key! Still, many business schools seem to be relatively slow when it comes to embracing the necessary changes to ""deliver"" the types of qualities required today. It is, of course, far from easy to be effective when it comes to pulling off innovation""--"
071,"Calcium, oxygen radicals, and cellular damage /",
071,Called to teach :,
071,Can journalism survive? :,"""Journalists have failed to respond adequately to the challenge of the Internet, with far-reaching consequences for the future of journalism and democracy. This is the compelling argument set forth in this timely new text, drawing on the most extensive ethnographic fieldwork in American newsrooms since the 1970s. David Ryfe argues that journalists are unable or unwilling to innovate for a variety of reasons: in part because habits are sticky and difficult to dislodge; in part because of their strategic calculation that the cost of change far exceeds its benefit; and in part because basic definitions of what journalism is, and what it is for, anchor journalism to tradition even when journalists prefer to change. The result is that journalism is unraveling as an integrated social field; it may never again be a separate and separable activity from the broader practice of producing news. One thing is certain: whatever happens next, it will have dramatic consequences for the role journalism plays in democratic society and perhaps will transform its basic meaning and purpose.""--Publisher's website."
071,Canadian newspaper ownership in the era of convergence :,
071,Case study /,
071,Case study /,
071,The Charlotte project :,
071,Clergy education in America :,"""The first 100 years of the education of the clergy in the United States is rightly understood as classical professional education-that is, a formation into an identity and calling to serve the wider public through specialized knowledge and skills. This book argues that pastors, priests, and rabbis were best formed into capacities of culture building through the construction of narratives, symbols, and practices that served their religious communities and the wider public. This kind of education was closely aligned with liberal arts pedagogies of studying classical texts, languages, and rhetorical practices. The theory of culture here is indebted to Geertz and Bruner's social-semiotic view, which identifies culture as the social construction of narrative, symbols, and practices that shape the identity and meaning-making of certain communities. The theological framework of analysis is indebted to Lindbeck's cultural-linguistic view, which emphasizes the role of doctrine as grammatical rules that govern narratives, doctrinal grammars, and social practices for distinct religious communities. This framework is pushed toward the renewal and reconstruction of religious frameworks by the postmodern work of Sheila Devaney and Kathryn Tanner. The book also employs several other concepts from social theory, borrowed from Jurgen Habermas, Max Weber, Pierre Bourdieu, Michael Young, and Bernard Anderson""--"
071,Collaborative public diplomacy :,
071,Community health education methods :,
071,A companion to cultural studies /,
071,Complete guide to sport education /,
071,The complexity vision and the teaching of economics /,
071,"The Concepts of Illness, Disease and Morbus /Kraupl Taylor, F.",
071,Constructing urban space with sounds and music /,"While we are used to looking around us, we are less used to listening to what happens around us. And yet, the noises we produce reveal our way of life, and learning to master them is a necessity. This book aims at drawing the reader's attention to the sound of the urban environment. The topic is by its very nature complex, as it involves sounds and noises, urban space and social activities. Using an interdisciplinary approach, it examines a heterogeneous selection of experimentations from the domains of music, art and architecture. Significant case studies of pieces of music, public art works and scientific research in the field of urban planning are analyzed, investigating the methods that have been adopted and the aural processes that have been generated. It then uses the findings to reconstruct the underlying theories and practices and to show what might be drawn from these procedures applied to urban planning. The overall objective is to learn to build and enrich space with sound, arguing that there is a need to reconsider architecture and urban planning beyond building, and to look to the world of the arts and other disciplines. In doing so, the book guides the reader toward a sensorial architecture, and more generally toward consciously creating environmental architecture which is sustainable and connects with art and which diffuses a culture of sound."
071,Contemporary journalism in the U.S. and Germany :,"This book challenges the idea that Western media systems are becoming more American in the digital age, arguing that journalistic cultures are not only significantly different from each other still but also variably open and resistant to change. Drawing upon extensive field research of political reporters and examination of discourses of journalistic professionalism as well institutional analysis, this book finds that occupational norms and values of journalism in the US are vigorously upheld but in fact relatively porous and malleable. In Germany, by contrast, professional boundaries are rather strong and resilient but treated matter-of-factly. Revers argues that this is both a consequence of institutional arrangements of media systems and historically evolved cultural principles of journalism in both countries which mutually constitute each other."
071,Contemporary theatre education and creative learning :,
071,"The course of exclusion, 1882-1924 :",
071,Covering Iowa :,
071,Creating consent of the governed :,
071,Cultural awareness in teaching art and design /,"""Cultural Awareness in Teaching Art and Design addresses an emerging area of development in contemporary pedagogy, the fostering of cultural awareness and sensitivity in the designers of tomorrow. By offering new and unique examples of how to better educate students around issues of cultural awareness, this book presents teaching methodologies that ultimately, facilitate students in becoming better, and more inclusive, art and design professionals. Today, the role of education in the addressing of social and cultural issues is increasingly seen as central to pedagogical methodologies. Through engaged teaching, experiential learning, socially orientated pedagogy, or any other definition, the idea that students can and should be exposed to, and deal with, issues of importance to various stakeholders is increasingly seen as central to the teaching and learning experience - whether it be in relation to local communities, national economies, regional cultural identities or more. Using a series of innovative, cross disciplinary case studies in art and design teaching, with authors approaching questions of cultural awareness and engagement through the lenses of art history, product design, communication design, film, architecture, and interior design. In presenting their pedagogical methodologies and case studies the authors in this text offer a unique cross disciplinary design perspective that captures the cultural and social concerns of several regions of the world: Europe, North America, Asia and Africa and the Middle East. This book will be essential reading for art and design educators and students interested in questions developing and applying models of cultural awareness and engagement in the classroom and studio""--"
071,Cultural studies :,
071,Cultural studies :,
071,Cultural studies :,
071,Cultural studies :,
071,Cultural studies :,
071,Cultural studies :,
071,Cutting-edge social media approaches to business education :,This book provides an overview of emerging social media use in business school teaching around the world.--[book cover]
071,The Day paper :,
071,De-centring cultural studies :,
071,The decline of the daily newspaper :,
071,Democracy without journalism? :,"As local media institutions collapse and news deserts sprout up across the country, the US is facing a profound journalism crisis. Meanwhile, continuous revelations about the role that major media outlets--from Facebook to Fox News--play in the spread of misinformation have exposed deep pathologies in American communication systems. Despite these threats to democracy, policy responses have been woefully inadequate.In Democracy Without Journalism? Victor Pickard argues that we're overlooking the core roots of the crisis. By uncovering degradations caused by run-amok commercialism, he brings into focus the historical antecedents, market failures, and policy inaction that led to the implosion of commercial journalism and the proliferation of misinformation through both social media and mainstream news. The problem isn't just the loss of journalism or irresponsibility of Facebook, but the very structure upon which our profit-driven media system is built. The rise of a ""misinformation society"" is symptomatic of historical and endemic weaknesses in the American media system tracing back to the early commercialization of the press in the 1800s. While professionalization was meant to resolve tensions between journalism's public service and profit imperatives, Pickard argues that it merely camouflaged deeper structural maladies. Journalism has always been in crisis. The market never supported the levelsof journalism--especially local, international, policy, and investigative reporting--that a healthy democracy requires. Today these long-term defects have metastasized.In this book, Pickard presents a counter-narrative that shows how the modern journalism crisis stems from media's historical over-reliance on advertising revenue, the ascendance of media monopolies, and a lack of public oversight. He draws attention to the perils of monopoly control over digital infrastructures and the rise of platform monopolies, especially the ""Facebook problem."" He looks to experiments from the Progressive and New Deal Eras--as well as public media models around the world--to imagine a more reliable and democratic information system. The book envisions what a new kind of journalism might look like, emphasizing the need for a publicly owned and democratically governed media system. Amid growing scrutiny of unaccountable monopoly control over media institutions and concerns about the consequences to democracy, now is an opportune moment to address fundamental flaws in US news and information systems and push for alternatives. Ultimately, the goal is to reinventjournalism."
071,Designing school health curricula :,
071,Desperately seeking women readers :,
071,Dictionary use and dictionary teaching :,"Foreign language learners often use electronic dictionaries or other information from the Internet to solve language problems. However, they seem to have great difficulty using dictionaries and online resources appropriately, profitably and successfully. Their teachers also seem unfamiliar with the current dictionary landscape and sometimes insist on using a single (monolingual) print dictionary in class. As a result, dictionaries are often banned from the classroom altogether.However, in today’s digital, global and multilingual world, appropriate competence in the use of dictionaries is an essential communicative strategy. Dictionary didactics should thus be integrated into foreign language teaching. Against this background, the contributions in this volume discuss how dictionary use can be promoted and integrated into the classroom. They also consider how modern lexical resources and dictionaries should be designed to support learners. Last but not least, they present ideas for educational policies that could promote the use of dictionaries and lexicographic online resources.This volume offers important insights to language teachers, authors of language teaching materials, practical lexicographers and other applied linguists."
071,"The Digest of hygiene for ""mother and daughter"".",
071,Digital visual art education :,"""This book presents a detailed analysis of digital media as it is currently being used by visual artists. It places these works into a theoretical framework that is useful for research in fields such as Media Studies, Studio Art, and Art and Design Education. The primary goal is to emphasize the multidisciplinary aspects of digital visual art, and to propose a field of study that is unique to this type of art. Digital Visual Art Education combines theories of temporality and multilinearity from media studies and visual culture studies from art education into a dialogue with social theories such as feminist new materialism and critical race theory. In doing so, the social and cultural aspects of digital visual art is better understood. This book is for art, design, and media educators interested in surveying digital visual art as it is currently being produced and disseminated, looking to the numerous influences that have brought it into being, and speculating as to where it might lead for future researchers, artists, and designers""--"
071,Directory of Commonwealth Law Schools 1999/2000 /,
071,Discrete mathematics in the schools /,
071,The dynamics of news :,
071,"The early American press, 1690-1783 /",
071,Economics in the news :,
071,Educating business professionals :,"Given the influential role that business professionals now play in society, high-quality education is essential. A recognition that business programs can and should nurture leaders committed not only to personal and corporate success but also to social progress rests at the core of a revised and renewed education model. Steeped in the liberal arts, this book presents a practical plan to achieve that goal. It makes a cogent argument for incorporating a theoretical model of professionalism into undergraduate and graduate business programs, and offers guidance to business deans and faculty interested in preparing students for the evolving role of business leadership in the 21st century. Using an adapted ""wheel of professionalism"" model, it describes curricular content and educational approaches designed to guide students toward higher levels of professionalism, social consciousness, and ethical decision-making."
071,Educating for life :,
071,Educational innovation in economics and business.,
071,Effective learning and teaching in computing /,
071,Empirical research in teaching and learning :,"""Social psychology has always offered interesting insights into the form and function of teaching and learning. Yet emerging research has shown that social psychology is now perfectly poised to play a much greater role in the future of higher education -- both in optimizing teaching and enhancing student learning. Drawing upon the very latest empirical research and empirical-based theories, Empirical Research in Teaching and Learning presents a series of practical strategies and concrete tools from the field of social psychology for enhancing teaching and learning. After providing an accessible theoretical grounding in social psychological principles, chapters reveal how this theoretical lens informs our understanding of teaching and learning, address specific empirical evidence drawn from teaching and learning contexts, and offer concrete strategies for translating this evidence ""on the ground."" This book represents an important and much-needed resource for all who are interested in enhancing teaching and learning in the higher education setting""--"
071,Endtimes? :,
071,Essential biology /,
071,The essential MBA /,
071,Ethical practice in applied psychology /,
071,Ethos and education in Ireland /,
071,European studies in Asia :,"""As countries across Asia continue to rise and become more assertive global powers, the role that Higher Education has played, and continues to play in this process is an issue of growing pertinence. Furthermore, understanding the relationship between Europe and Asia fostered by historical and contemporary knowledge transfer, including Higher Education, is crucial to analysing and encouraging the progress of both regional integration and inter-regional cooperation.With a specific focus on international Higher Education, European Studies in Asia investigates knowledge transfer and channels of learning between Europe and Asia from historical, contemporary, and teaching perspectives. The book examines a selection of significant historical precedents of intellectual dialogue between the two regions, and in turn, explores contemporary cross-regional discourses both inside and outside of the official frameworks of the European Union (EU) and the Asia-Europe Meetings (ASEM). Drawing on extensive case-studies based on many of his own teaching experiences, Georg Wiessala addresses key questions, such as the nature and construction of the European Studies in Asia curriculum; aspects of 'values', co-constructed learning and adult pedagogy in the discipline of European Studies in Asia; the politics of Asian host cultures, the 'internationalization' of Asian Higher Education and the experiences and expectations of tertiary sector students of this subject in Asia, Australia and New Zealand. In doing so, the author articulates a range of outcomes for the further development of Higher Education co-operation agendas between Asia and Europe, in the discipline of European Studies, and in related fields such as International Relations. This case-study led book makes an original and novel contribution to our understanding of European Studies in Asia. As such, it will be of great interest to students and scholars of Asian Education, Comparative Education, European Studies and International Relations. ""--"
071,The Evening Star :,
071,Everyday thoughts about nature :,
785,"""Music of my future"" :",
785,女子의 몸 /,
785,American piano trios :,
785,Beethoven and his nine symphonies /,
785,Beethoven's compositional choices :,
785,Beethoven's theatrical quartets :,"""Beethoven's middle-period quartets, Opp. 59, 74 and 95, are pieces that engage deeply with the aesthetic ideas of their time. In the first full contextual study of these works, Nancy November celebrates their uniqueness, exploring their reception history and early performance. In detailed analyses, she explores ways in which the quartets have both reflected and shaped the very idea of chamber music and offers a new historical understanding of the works' physical, visual, social and ideological aspects. In the process, November provides a fresh critique of three key paradigms in current Beethoven studies: the focus on his late period; the emphasis on 'heroic' style in discussions of the middle period; and the idea of string quartets as 'pure', 'autonomous' artworks, cut off from social moorings. Importantly, this study shows that the quartets encompass a new lyric and theatrical impetus, which is an essential part of their unique, explorative character""--"
785,British women composers and instrumental chamber music in the early twentieth century /,"This is the first full-length study of British women's instrumental chamber music in the early twentieth century. Laura Seddon argues that the Cobbett competitions, instigated by Walter Willson Cobbett in 1905, and the formation of the Society of Women Musicians in 1911 contributed to the explosion of instrumental music written by women in this period and highlighted women's place in British musical society in the years leading up to and during the First World War. Seddon investigates the relationship between Cobbett, the Society of Women Musicians and women composers themselves. The book's six case studies - of Adela Maddison (1866-1929), Ethel Smyth (1858-1944), Morfydd Owen (1891-1918), Ethel Barns (1880-1948), Alice Verne-Bredt (1868-1958) and Susan Spain-Dunk (1880-1962) - offer valuable insight into the women's musical education and compositional careers. Seddon's discussion of their chamber works for differing instrumental combinations includes an exploration of formal procedures, an issue much discussed by contemporary sources. The individual composers' reactions to the debate instigated by the Society of Women Musicians, on the future of women's music, is considered in relation to their lives, careers and the chamber music itself. As the composers in this study were not a cohesive group, creatively or ideologically, the book draws on primary sources, as well as the writings of contemporary commentators, to assess the legacy of the chamber works produced."
785,Caffeinated beverages :,
785,The caffeine advantage :,
785,The Cambridge companion to the string quartet /,
785,Catalog of chamber music for wind instruments /,
785,Chamber music :,
785,Chamber music :,"In Chamber Music: An Extensive Guide for Listeners,Lucy Miller Murray transforms her decades of program notes for some of the world’s most distinguished artists and presenters into the go-to guide for the chamber music novice and enthusiast. Offering practical information on the broad array of chamber music works from the Classical, Romantic, and Modern periods―and an artful selection from the Baroque period of Johann Sebastian Bach’s works―Chamber Music: An Extensive Guide for Listeners is both the perfect reference resource and chamber music primer for listeners.Covering over 500 works, Murray surveys in clear and simple language the historical and musical impact of some 130 composers―20 of them living. Notably, Chamber Music includes the complete string quartets of Beethoven, Bartok, and Shostakovich, as well as 35 piano trios of Haydn. It also provides critical information and assessments of works by composers not nearly so well known, both past and present. Entries appear in alphabetical order by composer, and, in every instance, give a brief introduction to the composer’s life and work. Of particular interest are the brief spotlight contributions, from well-known figures in the chamber music world, who focus on the performance experience or offer special knowledge of the works.This work is an ideal introduction and reference for students and scholars, new listeners, and enthusiasts of the chamber music tradition in Western music.Special contributors include:· Charles Abramovic· James Bonn· Michael Brown· Eugene Drucker· James Dunham· Daniel Epstein· Ralph Evans· Jeremy Gill· Jake Heggie· Paul Katz· Bert Lucarelli· Stuart Malina· Robert Martin· Peter Orth· Jann Pasler· Susan Salm· David Shifrin· Peter Sirotin/Ya-Ting Chang· Arnold Steinhardt· Kenneth Woods· David Yang· Phillip Ying"
785,The classical music lover's companion to orchestral music /,"""An essential guide to 400 major works by over 60 of our greatest composers. From Bach and Beethoven to Walton and Webern, this enthralling compendium explores the most significant and frequently performed orchestral works, and includes symphonies, concertos, overtures, suites and ballet scores.""--Back cover."
785,The classical music lover's companion to orchestral music /,"Robert Philip, scholar, broadcaster, and musician, has compiled an essential handbook for lovers of classical music, designed to enhance their listening experience to the full. Covering four hundred works by sixty-eight composers from Corelli to Shostakovich, from 1700 to 1950, this engaging companion explores and unpacks the most frequently performed works, including symphonies, concertos, overtures, suites, and ballet scores. It offers intriguing details about each piece while avoiding technical terminology that might frustrate the non-specialist reader. Philip identifies key features in each work, as well as subtleties and surprises that await the attentive listener, and he includes enough background and biographical information to illuminate the composer's intentions. Organized alphabetically from Bach to Webern, this compendium will be indispensable for classical music enthusiasts, whether in the concert hall or enjoying recordings at home."
785,"Clifford wavelets, singular integrals, and Hardy spaces /",
785,Computer aided assessment of mathematics /,
785,A Concertgoers guide /,
785,Dave Brubeck's Time out /,"Dave Brubeck's Time Out ranks among the most popular, successful, and influential jazz albums of all time. Released by Columbia in 1959 alongside such other landmark albums as Miles Davis's Kind of Blue and Charles Mingus's Mingus Ah Um, Time Out became the first jazz album to be certified platinum, while its featured track, ""Take Five"" became the first jazz single to surpass one million copies sold. In addition to its commercial successes, the album is widely recognized as a pioneering endeavor into the use of odd meters in jazz. With its opening track, ""Blue Rondo a la Turk"" written in 9/8, its hit single ""Take Five"" in 5/4, and equally innovative plays on the more common 3/4 and 4/4 meters on other tracks, Take Five has played an important role in the development of modern jazz. In this book, author Stephen A. Crist draws on nearly ten years of archival research to offer the most thorough examination to date of this seminal jazz album. Supplementing his research with interviews with key individuals, including Brubeck's widow Iola and daughter Catherine, as well as interviews conducted with Brubeck himself prior to his passing in 2012, Crist paints a complete picture of the album's origins, creation, and legacy. Couching careful analysis of each of the album's seven tracks within historical and cultural context, he offers fascinating insights into the composition and development of some of the albums best known songs. From Brubeck's 1958 State Department-sponsored tour of Turkey during which he first encountered the aksak rhythms that would from the basis of ""Blue Rondo a la Turk"" to the backstage jam session that laid the seeds for ""Take Five"", Crist sheds an exciting new light on one of the most significant albums in jazz history."
785,Debussy in proportion :,
785,Difference spaces and invariant linear forms /,
785,Effective warehousing /,
785,Elements of abstract harmonic analysis /,
785,English chamber music;,
785,English in the digital age :,"""Information and Communications Technology (ICT) presents teachers of English with both opportunities and difficulties. How can ICT be integrated with existing best practice in English teaching? How can new resources be used most creatively? Above all, how can we ensure that ICT actually enhances pupils' worthwhile learning?"" ""English in the Digital Age answers these questions. It shows, through detailed case studies, how ICT can be used to enhance the teaching of traditional material - most notably Shakespeare - and to introduce new material - even computer games - in educationally valuable ways. From well-established media (video, film and audio tape) to the latest online resources, the authors show how to apply the lessons to be learned from current practice and how English teaching is likely to develop in the near future.""--BOOK JACKET."
785,The essential Charles Eastman (Ohiyesa) :,
785,Excellence in warehouse management :,
785,Facility logistics :,
785,"Franz Joseph Haydn's Divertimento with variations for harpsichord four hands, violin, and violone /",
785,Gerald D. Schmidt & Larry S. Roberts' foundations of parasitology /,
785,Gerald D. Schmidt & Larry S. Roberts' foundations of parasitology /,
785,A guide to orchestral music :,"This authoritative guide gives the non-musician the fundamentals of orchestral music. It begins with a general introduction to the symphony and various musical styles and then describes, chronologically, over seven hundred pieces--from Vivaldi to twentieth-century composers. Mordden also includes a glossary of musical terms and other useful aids for the music lover."
785,The Italian 'trio' sonata :,
785,Jazz masters of the 20s /,
785,Jazz styles :,
785,Jazz styles :,
785,Karlheinz Stockhausen :,"Zeitmasse is one of a group of four acknowledged masterpieces composed between 1955 and 1957 that together established Karlheinz Stockhausen as the leading figure in the European avant-garde. Of the four works, it is the only one that has not been thoroughly analysed from the composer's sketches and, for this reason, remains the least-well understood. In this volume, Jerome Kohl provides a much-needed analysis of Zeitmasse, considering its standing in the group and in the wider context of Stockhausen's output. Using recently published correspondence and other documentation from the period, together with surviving sketch material, Kohl investigates the compositional procedures employed in Zeitmasse and their evolution. He discusses the wide range of influences discernible in the work, from that of both past generations of composers and contemporaries, to the impact of Stockhausen's studies in acoustics, phonetics and information theory on his music. The book closes with an examination of the reception of Zeitmasse and its associated concepts in the years following its composition, and shows how the key concepts utilized in the work are themselves a reflection of the properties seen in the very Zeitgeist that produced them."
785,Life and letters of Sir Charles Hallé :,
785,The man who tried to burn New York /,
785,Metric manipulations in Haydn and Mozart :,"Focusing on the period of most intense metric experimentation in the work of both Haydn and Mozart, author Danuta Mirka presents here a systematic discussion of the composers' metric strategies. Combining historical music theory with the cognitive study of music, Mirka's award-winning book sheds new light on this repertoire and redefines the role of meter and rhythm in Classical music."
785,Michael Tippett's Fifth string quartet :,
785,Modern warehouse management /,
785,"Mozart, the ""Haydn"" quartets /",
785,Pedaling in the duo sonatas for piano and strings of Johannes Brahms /,
785,Piano duet repertoire :,"Since the 1981 publication of the first edition, Cameron McGraw's Piano Duet Repertoire has been a trusted guide for duet performers. This second edition, edited and substantially expanded by Christopher and Katherine Fisher, brings the volume into the 21st century, adding over 500 new or updated composer entries and nearly 1,000 new work entries to the volume, a testament to the renewed interest in piano duet playing. Entries are arranged alphabetically by composer and include both pedagogical and concert repertoire. The annotations and the grade-level indications provide piano teachers a wealth of instructional guidance. The book also contains updated appendices listing collections and duet works with voice and other instruments. This new edition features a title index and a list of composers by nationality, making it a convenient and indispensable resource."
785,Pioneers of jazz :,
785,Schubert chamber music /,
785,Spherical harmonics in p dimensions /,
785,Storehouse and stockyard management /,
785,String music in print.,
785,String music in print.,
785,String quartets :,
785,The string quartets of Béla Bartók :,
785,"The string quartets of Haydn, Mozart, and Beethoven :",
785,Style and idea in the Lyric suite of Alban Berg /,"""The second edition of Perle's monograph is substantially enlarged by the addition of a new chapter concerned with non-serial aspects of the Lyric Suite. Perle demonstrates that Berg came closer than anyone else to a realization of Schoenberg's expressed and truly revolutionary purpose in formulating the concept of the tone-row - to lay ""the foundation for a new procedure in musical construction which seemed fitted to replace those structural differentiations provided formerly by tonal harmonies"" - and that Berg accomplished this as fully with the resources of ""free atonality"" as he did when composing in his own special and personal versions of the 12-tone system."" ""Perle's contribution in both domains, the analytical and the biographical, have their original and primary impetus in his studies of the Lyric Suite, a work that has preoccupied him since 1937. This Pendragon edition brings the wealth of his earlier writings on the Lyric Suite together for the first time and includes, in addition, new material on the quartet's history, new analytical observations, and a comparative study of the sketches and drafts that allows the reader to convert the currently published score into an authoritatively corrected edition.""--BOOK JACKET."
785,Style and idea in the Lyric suite of Alban Berg /,
785,Symbolic computation and education /,
785,Symphony no. 1 :,
785,Teaching improv in your jazz ensemble :,
785,Teaching psychology online :,
785,The symphonies of Sibelius : a study in musical appreciation /,
785,Thelonious Monk Quartet featuring John Coltrane at Carnegie Hall /,
785,Twentieth century symphony /,
785,Understanding caffeine :,"Caffeine is the most popular psychoactive substance in the world, and one of the widest-traded commodities in the forms of coffee, tea and cola soft drinks. But is consumption of caffeine safe in terms of physical and mental health? Addressing this question, the author of this volume traces how caffeine consumption evolved as well as how caffeine is absorbed, distributed and metabolized in our bodies. He then discusses the effects of caffeine on: psychomotor and cognitive performance; psychological well-being; blood pressure and cardiovascular health; carcinogenic potentials; pregnancy and perinatal health; athletic performance; and diagnostic and therapeutic applications. The book concludes with an examination of the issue of whether or not caffeine is a drug of abuse, and whether or not there is a safe level of caffeine consumption."
785,Using IT to enhance geography :,
785,Warehouse management /,
785,The Warehouse management handbook /,
785,Wind chamber music :,
785,World-class warehousing and material handling /,
785,A Yankee spy in Richmond :,
785,결국 뉴요커는 되지 못했지만 :,"2018 국제도서전 신간발표 '여름, 첫 책' 선정도서. ""이 책의 주제는 '뉴욕'이지만 사람들이 기대하는 화려하고 세련된 뉴욕 이야기는 아니다. 그보다는 어학연수 한 번 다녀온 적 없는 30대 후반 여성이 난생처음 해외에서 살며 모든 계급장을 떼고 뉴욕이라는 거친 도시와, 그리고 스스로와 한판 붙으며 겪은 좌충우돌의 견문록이다."" 직장생활 14년 차에 주어진 해외연수 기회. 지은이는 단기 이민에 가까웠던 뉴욕에서의 1년이라는 시간 동안 새로운 사회와 문화를 접하면서 스스로를 보다 명료하게 바라보게 됐고, 그리하여 자신을 더욱 성장시키는 계기가 됐다고 고백한다. 호기심 가득한 눈으로 내다보던 미지의 도시, 뉴욕. 때로는 거칠고 빠른 도시의 파도에 떠밀리는 것 같은 기분이 들기도 했으나 그때마다 그림과 예술작품 들이 큰 위안이 되어주었다. 책에서는 뉴욕에서의 경험담을 비롯하여 로버트 인디애나, 에드워드 호퍼 등 낯선 도시에서 위로가 되어준 작품들도 함께 소개한다."
785,금요일엔 돌아오렴 :,
785,나 지금 잘 살고 있는 걸까? :,
785,여자의 숨 쉴 틈 :,"인생의 길을 잃은 여자가 있다. 모든 게 뒤죽박죽 풀리지 않고, 자식과 남편을 빼면 설명할 것이 없는 인생, 다른 사람에게만 쉬워 보이는 성공들… ""거기 누구든 나 좀 도와줄래요? 사는 법 좀 가르쳐주세요."" ""지쳐 보이는구나. 저 많은 의자 중에 마음에 드는 의자에 앉아 잠시 쉬었다 가렴."" 무작정 찾아간 그녀에게 노인은 자신이 만든 의자를 내어주었다. 그렇게 노인과 여자의 대화가 시작되었다. 노인의 말은 아름다웠고 때로는 아프기도 했다. 세월에 묵혀둔 지혜의 말을 꺼내놓을 때마다 여자의 멈췄던 숨이 트였다. 아이들이 먹다 남겨 놓은 밥과 반찬들을 큰 양푼에 쏟아 넣고 쓱쓱 비벼먹으며 끼니를 때우던, 마구잡이로 섞인 비빔밥 같던 인생이 이제야 눈에 들어왔다. 이 책은 비빔밥 같은 삶을 살던, 우울감에 허덕이던 한 여자가 한 노인을 만나 대화하며 스스로를 일으켜가는 과정의 산물이다. 나이도 성별도 종교도 다른 두 사람이 나눈 공감과 위로의 대화들이다. 짧지만 70년 삶의 지혜가 녹아든 한 줄의 글과 그림이, 두 사람의 대화들이 같은 고민 앞에 놓인 많은 이들에게 위로와 통찰을 선물한다."
785,왜 그리운 것은 늘 멀리 있는 걸까? /,
785,인간은 바쁘니까 :,
785,"인생, 어떻게든 됩니다 /  ","24년째 MBC 라디오 [여성시대] 최장수 방송 작가로 일하고 있는 박금선의 50대를 주제로 한 에세이. 그동안 [여성시대]를 통해 숱하게 또래 청취자들과 소통해온 작가는 '인생의 절반을 대견하게 견뎌온 50대에 의한, 50대를 위한 공감과 응원의 메시지'를 담아 이 책을 완성했다. 생의 절반에 오기까지 잘 버텨준 자신을 격려하며, 남은 날들도 주름 없는 마음으로 살아가기 위한 삶의 소소한 이야기들이 펼쳐진다. 아프고 외로운 날 찾아간 한의원에서 발견한 뜨끈한 위로, 훗날 어떤 할머니로 기억될 것인지에 대한 고민, 내 아들을 이웃집 아들이라고 생각해버리는 자식과의 거리 두기, 여고생 시절 콤플렉스였던 굵은 허벅지가 자랑스러워진 나이, 결혼의 돌연사(!)를 막고 싶다는 다짐, 마음은 미니멀리즘이지만 현실에선 수집광이라 곤란한 상황 등 50대라면 누구나 공감할 만한 저자의 경험담이 가득하다."
785,"흔들리지 마, 내일도 이 길은 그대로니까 :",
804,—entlang der Seidenstraße :,
804,The 85% niche :,
804,Aceh :,
804,"Aceh, Indonesia :",
804,Across the top of the world:,
804,Agency mania :,"Why do some client/agency relationships thrive while others fail? At a time of unprecedented change and complexity in marketing and advertising, Agency Mania will transform the way you look at client/agency relationships and invite you to build sustained partnerships that deliver unmatched work and results.The world of marketing is a trillion-dollar industry and is changing at a drastic pace. The advertiser/agency relationship is under incredible pressure. Some may argue it’s even broken. The future of the advertising industry is uncertain. The entire marketing ecosystem is being tested. What will the agency of tomorrow look like? What competencies will agencies need to build? How will they deliver greater value to their clients? Similarly, how will advertisers reap the benefits agencies bring to their table? How will they become better clients? How will they set their partnerships up for success?In Agency Mania, partnership guru Bruno Gralpois demonstrates that these partnerships, once managed professionally, have remarkable transformational value and measurable business impact. The author shines a bright light on the insanity of advertisers and agencies failing to work optimally together or hold each other truly accountable. Building a successful long-term advertiser/agency partnership requires a robust set of competencies and operating principles. Agency Mania shows you step-by-step how it is done."
804,The alluring target :,
804,An American album :,
804,An overland journey : from New York to San Francisco in the summer of 1859 /,
804,The Apocryphal Gospels :,
804,B2B influencer marketing :,"""Have you ever wondered how your B2B brand could use influencers to drive revenue? Ever seen B2C brands killing it in the creator economy and wanted to do the same? If so, this practical guide on how B2B brands can partner with creators to generate more authentic and effective campaigns is the book for you.With influencer marketing showing real results for B2C brands and the creator economy only growing, it is a key channel that B2B businesses can no longer afford to ignore. Yet many B2B brands aren't sure how to best engage with influencers to amplify their marketing. This is where this book comes in, B2B Influencer Marketing provides you with a complete guide to the benefits of influencer marketing for B2B brands, as well as a clear roadmap for how to implement a successful influencer marketing program.With case studies from innovators such as Cognism, Lavender and Airmeet, this book looks at the different types of influencer marketing programmes, how to identify the right influencer for your brand and how to get internal buy in, as well as how to measure and review campaign performance. Get more creative with your marketing with B2B Influencer Marketing""--"
804,B2B marketing :,"What do you think will impress a potential business customer most? A slick marketing pitch or a concrete example of how your products or services have helped genuine businesses make real money? Here is a radically different approach for business-to-business marketers, based on proof not promises.Business customers and traditional consumers do not buy the same way; they are driven by different impulses and respond to different approaches. Business buyers behave differently and it's time we marketed to them differently. B2B and B2C marketing satisfy their respective customers' needs and wants in different ways. B2B product development is driven by technological progress, B2C driven by fashion and trends. B2B purchases are often a considered, group decision while B2C purchases are personal and more impulsive. Here, for the first time, is a definitive guide to B2B marketing to help you adopt a more targeted approach to getting better results with business customers. B2B marketing requires a new set of strategies and tools, and business is looking for a new breed of B2B marketer. This book will give you the essential know-how to becoming a successful B2B marketer. Combining insight and practical advice"
804,B2B marketing strategy :,"B2B marketing is functioning in an increasingly fast-paced and complex business landscape, with a wealth of new technologies, tools and channels, and where customers are more in control of the buying process than ever before. With the imperative to become 'digital', B2B marketers have become consumed by the marketing activity itself - the tactics - instead of the outcomes marketers want and need to achieve for customers and businesses. B2B Marketing Strategy provides fresh insight into the challenges marketers are facing in such an environment and offers a new framework for developing B2B marketing strategy and plans."
804,Black politicians and Reconstruction in Georgia :,
804,Brain food :,"""How to eat for maximum brain power and health from an expert in both neuroscience and nutrition. Like our bodies, our brains have very specific food requirements. And in this eye-opening book from an author who is both a neuroscientist and a certified integrative nutritionist, we learn what should be on our menu. Dr. Lisa Mosconi, whose research spans an extraordinary range of specialties including brain science, the microbiome, and nutritional genomics, notes that the dietary needs of the brain are substantially different from those of the other organs, yet few of us have any idea what they might be. Her innovative approach to cognitive health incorporates concepts that most doctors have yet to learn. Busting through advice based on pseudoscience, Dr. Mosconi provides recommendations for a complete food plan, while calling out noteworthy surprises, including why that paleo diet you are following may not be ideal, why avoiding gluten may be a terrible mistake, and how simply getting enough water can dramatically improve alertness. Including comprehensive lists of what to eat and what to avoid, a detailed quiz that will tell you where you are on the brain health spectrum, and 24 mouth-watering brain-boosting recipes that grow out of Dr. Mosconi's own childhood in Italy, Brain Food gives us the ultimate plan for a healthy brain. Brain Food will appeal to anyone looking to improve memory, prevent cognitive decline, eliminate brain fog, lift depression, or just sharpen their edge""--"
804,Brain food :,"""How to eat for maximum brain power and health from an expert in both neuroscience and nutrition. Like our bodies, our brains have very specific food requirements. And in this eye-opening book from an author who is both a neuroscientist and a certified integrative nutritionist, we learn what should be on our menu. Dr. Lisa Mosconi, whose research spans an extraordinary range of specialties including brain science, the microbiome, and nutritional genomics, notes that the dietary needs of the brain are substantially different from those of the other organs, yet few of us have any idea what they might be. Her innovative approach to cognitive health incorporates concepts that most doctors have yet to learn. Busting through advice based on pseudoscience, Dr. Mosconi provides recommendations for a complete food plan, while calling out noteworthy surprises, including why that paleo diet you are following may not be ideal, why avoiding gluten may be a terrible mistake, and how simply getting enough water can dramatically improve alertness. Including comprehensive lists of what to eat and what to avoid, a detailed quiz that will tell you where you are on the brain health spectrum, and 24 mouth-watering brain-boosting recipes that grow out of Dr. Mosconi's own childhood in Italy, Brain Food gives us the ultimate plan for a healthy brain. Brain Food will appeal to anyone looking to improve memory, prevent cognitive decline, eliminate brain fog, lift depression, or just sharpen their edge""--"
804,Brain imaging :,
804,Business marketing :,
804,Business marketing management :,
804,Business marketing management :,
804,Business marketing management :,
804,Business marketing management :,"""Gain an understanding of the most recent industry trends and today's dynamic B2B market with Hutt/Speh/Hoffman's BUSINESS MARKETING MANAGEMENT: B2B, 13E. This edition ties concepts to real-world decision making and to best practices. New content emphasizes an ESG (Environmental, Social, Governance) framework, while new discussions highlight developments such as the innovation flywheel and the new standard in marketing -- omnichannel strategy. You review similarities and differences between consumer goods and B2B marketing. Revised content focuses on market analysis, organizational buying behavior, relationship management and marketing strategies to reach organizational customers. A new digital playbook and expanded content on smart, connected products also explore how digital-first engagement preferences of B2B buyers are transforming customer relationship processes. MindTap digital resources are available to reinforce your understanding of key marketing strategies."""
804,Business marketing management :,
804,Business marketing management :,
804,Business marketing management :,
804,Business marketing management :,
804,Business to business marketing /,
804,Business to business marketing management :,
804,Business to business marketing management :,"Business to business markets are considerably more challenging than consumer markets and as such demand a more specific skillset from marketers. Buyers, with a responsibility to their company and specialist product knowledge, are more demanding than the average consumer. Given that the products themselves may be highly complex, this often requires a sophisticated buyer to understand them. Increasingly, B2B relationships are conducted within a global context. However all textbooks are region-specific despite this growing move towards global business relationships - except this one. This textbook takes a global viewpoint, with the help of an international author team and cases from across the globe. Other unique features of this insightful study include: placement of B2B in a strategic marketing setting; full discussion of strategy in a global setting including hypercompetition; full chapter on ethics and CSR early in the text; and detailed review of global B2B services marketing, trade shows, and market research. This new edition has been fully revised and updated with a full set of brand new case studies and features expanded sections on digital issues, CRM, and social media as well as personal selling. More selective, shorter, and easier to read than other B2B textbooks, this is ideal for introduction to B2B and shorter courses. Yet, it is comprehensive enough to cover all the aspects of B2B marketing any marketer needs, be they students or practitioners looking to improve their knowledge."
804,Business-to-business :,
804,Business-to-business marketing :,
804,Business-to-business marketing /,
804,Business-to-business marketing /,This volume examines views that argue business to business marketing is simply a variant of consumer marketing or is only concerned with inter-organizational relationship management.
804,Business-to-business marketing /,
804,Business-to-business marketing communications :,"This book addresses the rapidly changing Business-to-Business (B2B) marketing communication landscape, in particular the shrinking of marketing budgets and the increasing demand for measurable results. Despite the rapid drop of print media usage, the authors suggest the need for increased accountability for the use of advertising media and highlight ways to boost effectiveness. The book provides a robust analysis of the current B2B environment along with a research-informed illustration of the future. Aiming to fill a gap in existing literature and offer new research findings, this study offers a comprehensive guide to assist practitioners in decision-making and a stimulating analysis of the B2B marketing communications landscape which will be of great interest to academics of marketing and communications."
804,Catalytic oxidation :,
804,Central Asia /,"Lonely Planet Central Asia is your passport to all the most relevant and up-to-date advice on what to see, what to skip, and what hidden discoveries await you. Sample lamb kebabs and nan bread from roadside grills, hike through the spectacular canyons of the Kyrgyz Alatau Range, or marvel at Yasaui Mausoleum's beautiful architecture; all with your trusted travel companion. Get to the heart of Central Asia and begin your journey now!"
804,Chemicals from petroleum :,
804,Chemicals from petroleum :,
804,Chinese identity in post-Suharto Indonesia :,"During Suharto's New Order (1966-1998), the ethnic Chinese expanded Indonesia's economy (and their own wealth) but, paradoxically, were marginalized and discriminated against in all social spheres, including culture, language, politics, entrance to state-owned universities, and public service and public employment. Following the fall of Suharto, and the anti-Chinese riots in May 1998, Indonesia underwent a process of ""Reformasi"" and democratization, whereby, for the first time in several decades, Chinese culture became more visible. Many ethnic Chinese took advantage of the new democratic space to establish political parties, non-governmental organizations, and action groups in order to fight for the abolition of discriminatory laws, to defend their rights, and to promote solidarity between ethnic groups in Indonesia. They utilized the Reformasi atmosphere to promote pluralism and multiculturalism, and to liberate their long-suppressed identity and cultural heritage. This book - now in paperback - dissects the complex meanings of ""Chineseness"" in post-1998 Indonesia, including the ways in which the policy of multiculturalism enabled such a resurgence, the forces that shaped it, and the possibilities for resinicisation. The author examines the ethnic Chinese self-identify, and investigates how the pribumi ""Other"" has contributed to identifying the ethnic boundary in terms of race and class. A unique aspect of the study is its discussion of the complexities of the cultural crossing, borrowing, and mixing experience of Chinese-Indonesians through localization and globalization."
804,Citrus fruit processing /,
804,Clinical neuropsychology :,
804,Comparing cabinets :,
804,"A compendium of tests, scales and questionnaires :",
804,The complete guide to B2B marketing :,"Today, B2B marketers must excel across all areas, from messaging to demand generation to sales team enablement. New technologies and techniques make excellence possible. This book makes it real. Top B2B marketer Kim Ann King will help you profit from cutting-edge B2B analytics, experimentation and optimization, marketing automation, targeting and personalization, and more. Drawing on decades of experience at pioneers such as SiteSpect, Akamai, and Open Market, she helps you assess fast-changing customers...choose your best tools and options...build a more agile, strategy-driven plan...hire the right team...drive more value from experimentation...accurately estimate spend and ROI."
804,Connectomic deep brain stimulation /,"""Connectomic Deep Brain Stimulation (DBS) covers this highly efficacious treatment option for movement disorders such as Parkinson's Disease, Essential Tremor and Dystonia. The book examines its impact on distributed brain networks that span across the human brain in parallel with modern-day neuroimaging concepts and the connectomics of the brain. It asks several questions, including which cortical areas should DBS electrodes be connected in order to generate the highest possible clinical improvement? Which connections should be avoided? Could these connectomic insights be used to better understand the mechanism of action of DBS? How can they be transferred to individual patients, and more. This book is suitable for neuroscientists, neurologists and functional surgeons studying DBS. It provides practical advice on processing strategies and theoretical background, highlighting and reviewing the current state-of-the-art in connectomic surgery""--"
804,The continuity of cotton :,
804,The creation of modern Georgia /,
804,Crossed histories :,
804,Cultural diversity in neuropsychological assessment :,"""Cultural Diversity in Neuropsychological Assessment provides a platform for clinical neuropsychologists, psychologists, and trainees to bridge cultures and speak to each other about the ethnically diverse communities they serve throughout the world. It allows readers to peek into their clinical filing cabinets and examine how they worked with diverse individuals from indigenous and migrant communities of Arab, Asian, European, Israeli, Latin American and Caribbean, Persian, Russian, Sub-Saharan African, and North American origin. The book first reviews important foundations for working with diverse communities that include key knowledge, awareness, skills, and action orientation. It then provides a collection of cases for each cultural geographic region. Each section begins with an introductory chapter to provide a bird's eye view of the historical and current state of clinical and research practice of neuropsychology in that region. Then, each chapter in the handbook focuses on a specific community by providing surface and deep level cultural background knowledge from the authors' unique perspectives. A case study is then covered in depth to practically showcase an evaluation with someone from that community which is followed by a summary of key strategic points, lessons learned, references, further readings, and a glossary of culture specific terminology used throughout the chapter. In the end, the appendix provides a list of culturally relevant tests and norms for some communities. This ground-breaking peer-reviewed handbook provides an invaluable clinical resource for neuropsychologists, psychologists, and trainees. It increases self-reflection about multicultural awareness and knowledge, highlights practical ways to provide culturally aware neuropsychological and psychological assessments, and sparks further discussion for professional and personal growth in this area""--"
804,Cultural diversity in neuropsychological assessment :,"""Cultural Diversity in Neuropsychological Assessment provides a platform for clinical neuropsychologists, psychologists, and trainees to bridge cultures and speak to each other about the ethnically diverse communities they serve throughout the world. It allows readers to peek into their clinical filing cabinets and examine how they worked with diverse individuals from indigenous and migrant communities of Arab, Asian, European, Israeli, Latin American and Caribbean, Persian, Russian, Sub-Saharan African, and North American origin. The book first reviews important foundations for working with diverse communities that include key knowledge, awareness, skills, and action orientation. It then provides a collection of cases for each cultural geographic region. Each section begins with an introductory chapter to provide a bird's eye view of the historical and current state of clinical and research practice of neuropsychology in that region. Then, each chapter in the handbook focuses on a specific community by providing surface and deep level cultural background knowledge from the authors' unique perspectives. A case study is then covered in depth to practically showcase an evaluation with someone from that community which is followed by a summary of key strategic points, lessons learned, references, further readings, and a glossary of culture specific terminology used throughout the chapter. In the end, the appendix provides a list of culturally relevant tests and norms for some communities. This ground-breaking peer-reviewed handbook provides an invaluable clinical resource for neuropsychologists, psychologists, and trainees. It increases self-reflection about multicultural awareness and knowledge, highlights practical ways to provide culturally aware neuropsychological and psychological assessments, and sparks further discussion for professional and personal growth in this area""--"
804,Customer loyalty and supply chain management :,
804,Davy Crockett :,
804,"Diversification, industry dynamism, and economic performance :",
804,E-selling /,
804,Eco living /,"Combining sustainability with trendsetting design is one of the great challenges of contemporary architecture. Resource sparing living space is one of the most important themes. In addition to the increased consciousness of the interactions between the human being, his built environment and eco system, the desire to leave behind an intact environment worth living in for the next generation and to fashion a healthy environment for oneself are also factors gaining in economic significance. Depending on the building project and its circumstances, different procedures and techniques of ecological building may be applied. Building orientation, shape, the type of materials and building services used must be weighed against each other. This publication shows the great variety of possibilities with the established technologies as well as newer experimental approaches."
804,Escourolle and Poirier's manual of basic neuropathology /,
804,Extremes along the Silk Road :,"The Silk Road is the fabled route that cuts through one of the most extraordinary tracts of land on this planet. A vast region separating China from the Mediterranean, it rates as one of the least hospitable on Earth - a succession of hostile deserts and towering mountain ranges, a harsh terrain of howling winds, searing heat and blistering cold. No stranger to unforgiving territory, Nick Middleton follows in the footsteps of Alexander the Great and Marco Polo overland from China to Istanbul, surviving as they did the life-sapping Gobi desert, the icy passes of high altitude Tibet, and the great Steppes of Turkmenistan, and encounters those who eke out existences there today."
804,Far eastern front /,
804,Fifty years of magnetoencephalography :,"""In the fifty years since magnetoencephalography (MEG) was invented, various clinical and research applications of it have been attempted with considerable success. This is most notable in the area of epilepsy and pre-surgical functioning mapping. However, the best way to apply MEG and interpret the findings still remains conjectural. As such, this book assesses the new clinical and research applications of MEG, especially for markers of neuropsychiatric and other disorders. It also evaluates the new instruments and analytic procedures that have been recently developed. Ultimately, the book may serve as a standard of clinical practice and as a source of ideas for expanding the applications of MEG""--"
804,Foundations of environmental and occupational neurotoxicology /,
804,Fragmentation in East Central Europe :,"""The First World War led to a radical reshaping of Europe's political borders like hardly any previous event. Nowhere was this transformation more profound than in East Central Europe, where the collapse of imperial rule led to the emergence of a series of new states. New borders intersected centuries-old networks of commercial, cultural, and social exchange. The new states had to face the challenges posed by territorial fragmentation and at the same time establish durable state structures within an international order that viewed them at best as weak and at worst as provisional entities that would sooner or later be reintegrated into their larger neighbours' territory. An International History of Fragmentation challenges the traditional view that the emergence of these states was the product of a radical rupture that naturally led from defunct empires to nation states. Using the example of Poland and the Baltic States, it retraces the roots of the interwar states of East Central Europe, of their policies, economic developments, and of their conflicts back to deep in the First World War. At the same time, it shows that these states learned to harness the dynamics caused by territorial fragmentation, thus forever changing our understanding of what modern states can do""--"
804,Fundamentals of business-to-business marketing :,"This textbook gives a comprehensive overview of the key principles of business marketing. The reader will be introduced into methods and theories in order to understand business markets and marketing better. Not only are the principles of business marketing addressed, but also deep knowledge of organizational buying and market research on business markets. The book sets the stage for developing marketing programs for business markets in their different facets""--Book jacket."
804,The great critics :,
804,Guide to Greece /,
804,A guide to neuropsychological testing for health care professionals /,
804,Handbook of business-to-business marketing /,"This insightful Handbook provides a comprehensive state-of-the-art review of business-to-business marketing. It supplies an overview and pioneers new ideas relating to the activity of building mutually value-generating relationships between organizations - from businesses to government agencies to not-for-profit organizations - and the many individuals within them. Comprising 38 chapters written by internationally renowned scholars, this Handbook presents perspectives of a variety of issue areas from both an academic and a managerial perspective (state of theory and state of practice). The material in this compendium includes theoretical and practical perspectives in business-to-business marketing, marketing mix and strategy, interfirm relationships, personal selling and sales management, technology marketing, and methodological issues central to business-to-business markets. Published in conjunction with Penn State's Institute for the Study of Business Markets, this extensive volume will expand research and teaching in business-to-business marketing in academia and will improve the practice of business-to-business marketing for firms in the industry. This path-breaking Handbook is targeted primarily at marketing academics and graduate students who want a complete overview of the academic state of the business-to-business marketing domain. It will also prove an invaluable resource for forward-thinking business-to-business practitioners who want to be aware of the current state of knowledge in their domains."
804,Handbook of business-to-business marketing /,"This insightful Handbook provides a comprehensive state-of-the-art review of business-to-business marketing. It supplies an overview and pioneers new ideas relating to the activity of building mutually value-generating relationships between organizations - from businesses to government agencies to not-for-profit organizations - and the many individuals within them. Comprising 38 chapters written by internationally renowned scholars, this Handbook presents perspectives of a variety of issue areas from both an academic and a managerial perspective (state of theory and state of practice). The material in this compendium includes theoretical and practical perspectives in business-to-business marketing, marketing mix and strategy, interfirm relationships, personal selling and sales management, technology marketing, and methodological issues central to business-to-business markets. Published in conjunction with Penn State's Institute for the Study of Business Markets, this extensive volume will expand research and teaching in business-to-business marketing in academia and will improve the practice of business-to-business marketing for firms in the industry. This path-breaking Handbook is targeted primarily at marketing academics and graduate students who want a complete overview of the academic state of the business-to-business marketing domain. It will also prove an invaluable resource for forward-thinking business-to-business practitioners who want to be aware of the current state of knowledge in their domains."
804,A Handbook of neuropsychological assessment /,"Originally published in 1992, this is a wide-ranging text concerned with the principles and practice of neuropsychological assessment in adults. It combines a flexible hypothesis testing approach to assessment with information on specialised test batteries. The book covers the major areas of memory, language, perception, attention, and executive dysfunctions, and includes chapters on dementia, alcohol, drug and toxic conditions, stroke and closed head injury. Assessment of dysfunction in cases involving claims for compensation and chapters on specialised assessment techniques, including automated test procedures, are provided. The book presents a sound introduction to this complex area and gives guidelines for the clinician who may need concise information on a specialised topic."
804,How to sell to retail :,"""Are you ready to take your business to the next level? If you've got a product to sell there's only so much growth you can sustain by selling directly to end users. The ultimate key to really developing your business into a bigger enterprise is to get it sold by retailers. But how do you convince a cautious retailer and give a great outward impression of your business, big or small? Working through a series of 5 logical sections broken down into 12 steps, How to Sell to Retail will teach you how to look big, plan big, pitch big, get big and stay big though successfully selling to retailers""--"
804,I saw death coming :,"""The story of Reconstruction is often told from the perspective of the politicians, generals, and journalists whose accounts claim an outsized place in collective memory. But this pivotal era looked very different to African Americans in the South transitioning from bondage to freedom after 1865. They were besieged by a campaign of white supremacist violence that persisted through the 1880s and beyond. For too long, their lived experiences have been sidelined, impoverishing our understanding of the obstacles post-Civil War Black families faced, their inspiring determination to survive, and the physical and emotional scars they bore because of it. In I Saw Death Coming, Kidada E. Williams offers a breakthrough account of the much-debated Reconstruction period, transporting readers into the daily existence of formerly enslaved people building hope-filled new lives. Drawing on overlooked sources and bold new readings of the archives, Williams offers a revelatory and, in some cases, minute-by-minute record of nighttime raids and Ku Klux Klan strikes. And she deploys cutting-edge scholarship on trauma to consider how the effects of these attacks would linger for decades--indeed, generations--to come. For readers of Carol Anderson, Tiya Miles, and Clint Smith, I Saw Death Coming is an indelible and essential book that speaks to some of the most pressing questions of our times.""--"
804,Imagining the Arctic :,"The image of exploration in the nineteenth century was laden with multiple meanings, and sustained by a rapidly expanding visual culture. In theatres, in art, in verse and song, the achievements of explorers were performed before the public, circulated, promoted, celebrated, and manipulated, whilst explorers themselves became, willingly or otherwise, the subjects of huge attention. Exploration was theatre, a spectacular peacetime engagement, and its representation a series of performances: the idea of whether an expedition was successful or not, depended as much upon what was imagined to have happened as to what actually occurred. Huw Lewis-Jones engaging work explores the making of such polar heroes. It describes how and why a cult of polar exploration was constructed and developed in the nineteenth century, examining the diverse ways that heroes were imagined. It's also a story of how the boundaries of the known world were pushed back as blanks were filled on the charts of the north."
804,Indonesia :,
804,Industrial marketing :,
804,Industrial marketing management :,
804,Industrial marketing management /,
804,Innovative B2B marketing :,
804,Key account management :,"This multi-pronged process is anything but straightforward, and the business world is filled with examples of key account programs that have not achieved the expected results. This book addresses the strategic challenges facing top executives and sales leaders as they build strategies to better manage their key accounts. By leveraging up-to-date research, testimonials drawn from interviews with experienced practitioners, best practices of successful companies, along with straightforward practical guide- lines for executives and sales leaders, this book can serve as an instruction manual and toolbox for organizations working to achieve success through their key account strategies to meet the demand of their key customers."
804,Key account management :,"""An organization's key accounts are its lifeblood. Key account management focuses on the long-term investment of resources in customers that can offer an exceptional return on resources. But which are the key accounts? Are they the ones growing the fastest? The ones that are most financially secure? Or are they the ones that shout the loudest? Key Account Management puts forward a straightforward and effective planning methodology. This fully updated sixth edition of Key Account Management takes a long-term, team-selling strategic view of the whole process, from defining the customer, to managing the relationship and achieving key supplier status. With coverage of latest best practice including IT's role in account management, plus new case studies, online supporting resources and a new section comparing how different industries/markets approach key account management, it stands alone as the premier book on managing key customers""--"
804,Key account management :,
804,Lewis & clark :,
804,Lewis & Clark for dummies /,
804,Luxury marketing :,
804,The making of Sacagawea :,
804,Marketing high profit product/service solutions /,
804,Mild cognitive impairment :,"The Classic Edition of this foundational text includes a new preface from Holly A. Tuokko, examining how the field of Mild Cognitive Impairment (MCI) has developed since first publication. Bringing together research from multiple studies and perspectives from various countries, the volume identifies MCI as an important clinical transition between normal aging and the early stages of Alzheimer's disease (AD). The up-to-date preface highlights the expansion in research, examining the benefits of various pharmacological, cognitive and behavioral approaches to intervention. Influenced by recent findings in neuroplasticity across the lifespan, the book recognizes the importance of intervention at the earliest stages of the decline trajectory. It revisits the contested diagnostic approaches for MCI as well as the varying prevalence of MCI internationally, yet points to the need for further longitudinal studies to fully understand the condition."
804,Molecular neuroscience /,
804,A narrative of the life of David Crockett of the State of Tennessee /,
804,Neuropsychological assessment =,
804,Neuropsychological assessment in the age of evidence-based practice :,"Evidence-based practice has become the benchmark for quality in healthcare and builds on rules of evidence that have been developed in psychology and other health-care disciplines over many decades. This volume aims to provide clinical neuropsychologists with a practical and approachable reference for skills in evidence-based practice to improve the scientific status of patient care. The core skills involve techniques in critical appraisal of published diagnostic-validity or treatment studies. Critical appraisal skills assist any clinician to evaluate the scientific status of any published study, to identify the patient-relevance of studies with good scientific status, and to calculate individual patient-probability estimates of diagnosis or treatment outcome to guide practice. Initial chapters in this volume review fundamental concepts of construct validity relevant to the assessment of psychopathology and cognitive abilities in neuropsychological populations. These chapters also summarize exciting contemporary development in the theories of personality and psychopathology, and cognitive ability, showing a convergence of theoretical and clinical research to guide clinical practice. Conceptual skills in interpreting construct validity of neuropsychological tests are described in detail in this volume. In addition, a non-mathematical description of the concepts of test score reliability and the neglected topic of interval estimation for individual assessment is provided. As an extension of the concepts of reliability, reliable change indexes are reviewed and the implication of impact on evidence-based practice of test scores reliability and reliable change are described to guide clinicians in their interpretation of test results on single or repeated assessments. Written by some of the foremost experts in the field of clinical neuropsychology and with practical and concrete examples throughout, this volume shows how evidence-based practice is enhanced by refe"
804,Optimizing cognitive rehabilitation :,"""Rehabilitation professionals face a key challenge when working with clients with acquired cognitive impairments: how to teach new skills to individuals who have difficulty learning. Unique in its focus, this book presents evidence-based instructional methods specifically designed to help this population learn more efficiently. The expert authors show how to develop, implement, and evaluate an individualized training plan. They provide practical guidelines for teaching multistep procedures, cognitive strategies, the use of external aids, and more. User-friendly features include 17 sample worksheets and forms; blank forms can be downloaded and printed in a convenient 8 1/2"" x 11"" size""--Provided by publisher."
804,Out of Istanbul :,
804,The Oxford handbook of business groups /,
804,Oxford textbook of neurorehabilitation /,"Neurorehabilitation is an expanding field with an increasing clinical impact due to an ageing population. During the last 20 years, neurorehabilitation has developed from a discipline with little scientific background, separated from other medical centers, to a medical entity largely based on the principles of 'evidenced based medicine' with strong ties to basic research and clinical neurology. Today neurorehabilitation is still a work in progress and treatment standards are not yet established for all aspects of the field. There are very few books that address contemporary neurorehabilitation from this perspective. This new edition of the Oxford Textbook of Neurorehabilitation provides an understanding of the theoretical underpinnings of the subject as well as a clear perspective on how (and why) to approach treatment decisions on an individualized basis. The book has been thoroughly updated to reflect novel important developments in the field and includes new chapters on vocational rehabilitation, self-management strategies in neurorehabilitation, and music supported therapy in neurorehabilitation. This indispensable book will be of great interest to rehabilitation physicians, neurologists, and allied health care professionals who look after patients requiring neurorehabilitation."
804,Parliaments and coalitions :,
804,Petroanalysis '87 :,
804,Petrochemicals /,
804,The Polish ordeal :,
804,The politics of presidential term limits /,"Presidential term limits are one of the most important institutions in presidentialism. They are at the center of contemporary and historical debates and political battles between incumbent presidents seeking additional terms and their political opponents warning against democratic backsliding and the dangers of personalism. Bringing the team of country experts, comparativists, theorists, constitutional lawyers, and policy practitioners together, The Politics of Presidential Term Limits is a book that aims to provide a one-stop source for the comprehensive study of this topic. It includes theory and survey chapters that explain presidential term limits as an idea, constitutional norm, and an institution; country and comparative chapters including historical, intra-regime, and comparative regional studies, chapters that examine the effects of term limits as well as studies from the perspective of on-the-ground international constitutional builders and that ask what difference do term limits make.--Provided by publisher"
804,"Prepositions, case and verbal prefixes :",
816,Cambridge marketing handbook.,
816,Competing on value /,
816,Confessions of the pricing man :,
816,Critical concerns in transfer pricing and practice /,
816,"Defining and relating price, perceived quality, and perceived value /",
816,The Edinburgh companion to nineteenth-century American letters and letter-writing /,"This comprehensive study by leading scholars in an important new field--the history of letters and letter writing--is essential reading for anyone interested in nineteenth-century American politics, history or literature."
816,The effects of price-comparison advertising on buyers' perceptions of acquisition value and transaction value /,
816,Free :,"Author Chris Anderson makes the compelling case that in many instances, businesses can profit more from giving things away than they can by charging for them. Traditional economics operates under fundamental assumptions of scarcity--there's only so much oil, iron, and gold in the world. But the online economy is built upon three cornerstones: processing power, hard drive storage, and bandwidth--and the costs of all these elements are trending toward zero at an incredible rate. Never in the course of human history have the primary inputs to an industrial economy fallen in price so fast and for so long. This is the engine behind the new Free, the one that goes beyond a marketing gimmick or a cross-subsidy. Anderson explores this radical idea for the new economy, and demonstrates how this revolutionary price can be harnessed for the benefit of both consumers and business alike.--From publisher description."
816,Freemium economics :,
816,Game audio implementation :,
816,Global Transfer Pricing :,"It offers readers an overall view of transfer pricing as it is practised today, and includes Deloitte's quick reference Global Transfer Pricing Country Guide - an indispensable source of information on the transfer pricing regimes in 69 jurisdictions around the world. In addition to the theory of transfer pricing, this practical handbook explains how to implement transfer pricing models in global multinationals, how to monitor transactions to ensure compliance and how to create transfer pricing documentation. Readers will benefit from the practical experience that the Deloitte transfer pricing group have gained in helping businesses implement processes that deal with the business models that have evolved in today's increasingly competitive landscape.The transfer pricing environment has evolved significantly since the publication of the previous edition – changes reflected in this new edition include the impact of Brexit, Covid-19, guidance on financial transactions and IBOR, and proposed updates to UK documentation requirements.In addition to being used by practitioners, this title is also used by undergraduate and post graduate students studying business degrees, and those studying for professional qualifications, such as the CIOT Advanced Diploma in International Taxation."
816,The habit of being :,
816,Handbook of pricing research in marketing /,
816,Here and now :,"Shortly after Auster and Coetzee met for the first time in 2008, the two award-winning authors started to exchange these letters, becoming great friends despite the thousands of miles separating them. In their three-year correspondence they not only discuss literature, language and the life of a writer but also share their reflections on a range of topics, including friendship and fatherhood, sport, politics and philosophy."
816,The history of Tur Abdin /,
816,The impact of differing information quality on market outcomes /,
816,In this body :,"""The Kaqchikel Maya, who live in the highlands of central Guatemala, experience soul as part of a continuum of bodily states. This account of life in one highland Maya community shows how, among Kaqchikels, spirit expresses itself fundamentally through the body, and not as something entirely separate from the body. By examining the lived-meanings of midwifery, soul therapy, and community dance in the town of San Juan Comalapa, the book identifies the body as the primary vehicle for spiritual grounding in daily life. Hinojosa invites readers to understand how specialists in these activities articulate their knowledge of the spirit through their understanding of blood, and he encourages readers to glimpse the hidden life of the body and how bodily processes guide local understandings of spirit at the personal and group level. This work further illuminates the agentive role of the body in Maya spiritual experience and enriches the current discussions of Maya spiritual revitalization""--"
816,Innovation in pricing :,
816,Innovation in pricing :,"Pricing has a substantial and immediate impact on profitability. Most companies, however, still use costs or competition as their main basis for setting prices. Product or business model innovation has a high priority for many companies, yet innovation in pricing received scant attention until the first edition of this groundbreaking book. This new edition of Innovation in Pricing builds on the success of the first, examining the ways in which pricing innovation can drive profits through cutting-edge academic research and best practice case studies from leading academics, business practitioners and consultants in pricing."
816,Innovative pricing strategies to increase profits /,"Perhaps the most confounding characteristic of the competitive marketplace is that everyone wants a piece of the action. If a firm successfully enters a new market, creates a new product, or designs new innovations for an existing product, it's just a matter of time before competitors follow suit. And the influx of competition inevitably places downward pressure on both price and profitability. Whether you're an economics student or a manager with absolutely no background in economics, this book will help you make better decisions and learn more about the Five Forces Model, (first published in 1979 by Harvard economist Michael Porter) which identifies the characteristics that can help insulate a firm from competitive forces. This book brings microeconomic theory into the world of the business manager rather than the other way around. The author expounds on microeconomic theory, enabling economists to take the knowledge back to the office and apply it."
816,Innovative pricing strategies to increase profits /,"According to the economic theory of the firm, businesses strive to determine the single price that maximizes profits. In fact, many firms can extract more revenue and increase profits with pricing strategies that are far more innovative than the single-price strategy. However, in the world of pricing, there is no one size fits all strategy. Some pricing strategies are better suited to some situations than others. Sams Clubs, owned by Walmart Stores, Inc., for example, charge a membership fee for the right to purchase the stores inventory whereas Walmart Supercenters do not. If Suddenlink Communications bundles Internet, cable, and phone service to increase profits, why does it also sell the same items separately? Is it true that passengers seated next to each other on the same flight might pay dramatically different fares? Inside youll learn how various pricing strategies, including price discrimination, two-part tariffs, bundling, peak-load pricing, and dynamic pricing need specific and necessary ingredients in order to succeed. The authors show you how to use microeconomic theory to determine which pricing strategies will succeed, and under what conditions."
816,International transfer pricing :,
816,An investigation into the divergence of theory from practice regarding transfer pricing methods /,
816,An investigation into the impact of advertising on the price of consumer products /,
816,Letters of a self-made diplomat to his president /,
816,"The letters of Benjamin Franklin and Jane Mecom, edited with an introduction /",
816,Letters to poets :,
816,The mail boat /,
816,Market-value pricing :,"This book highlights essential concepts, models, and processes that help those responsible for making pricing decisions – whether professionally or privately – to effectively engage in product pricing activities. Novel, straightforward and clearly structured, the Blackblot Market-Value Pricing™ Model (MVP Model), introduced in this book, employs a market-value-centric pricing process that offers step-by-step guidance on the managerial decisions that help determine a product’s price. This intentionally succinct, highly readable, and practical book provides practitioners with the knowledge and tools they need in order to approach pricing activities in an organized and efficient manner."
816,Mastering services pricing :,"The definitive guide on how to price services to deliver profit, fund for product development and meet the needs of the customer/client at a price they are happy to pay. As traditional manufacturing companies move to service provision, how should they price their services? What pricing model should they develop and what buyer behaviour model should they nurture? What will happen if you get your services offering right, but your pricing model wrong? Mastering Services Pricing shows you how to create pricing that allows you to deliver maximum profit and high client satisfaction. * Learn that the 'cost plus' model won't work for service provision * Understand how your competitors will use pricing to gain market share, create growth and tie in existing customers * Recognise that Product pricing is coercive, services pricing is collaborative * Understand that services pricing includes lots of 'frees' * Understand market positioning and how this affects your price and how you can communicate this to clients * Discover how to maximise profit and client satisfaction * Be confident in your pricing strategy by having a sound basis for your decision making"
816,Mining and sustainable development :,"Mining is a transformative activity which has numerous economic, social and environmental impacts. These impacts can be both positive and adverse, enhancing as well as disrupting economies, ecosystems and communities. The extractive industries have been criticised heavily for their adverse impacts and involvement in significant social and environmental scandals. More recently, these industries have sought to respond to negative perceptions and have embraced the core principles of sustainability. This sector could be regarded as a leader in sustainability initiatives, evident from the various developments and frameworks in mining and sustainability that have emerged over time."
816,More letters of a self-made diplomat /,
816,On writing /,"""Charles Bukowski's stories, poems, and novels have left an enduring mark on our culture. In this collection of correspondence--letters to publishers, editors, friends, and fellow writers--the writer shares his insights on the art of creation.""--Publisher information."
816,On writing /,"'If a man truly desires to write, then he will. Rejection and ridicule will only strengthen him ...There is no losing in writing, it will make your toes laugh as you sleep, it will make you stride like a tiger, it will fire the eye and put you face to face with death. You will die a fighter, you will be honored in hell. The luck of the word. Go with it, send it.' Charles Bukowski was one of our most iconoclastic, raw and riveting writers, one whose stories, poems and novels have left an enduring mark on our culture. On Writing collects Bukowski's reflections and ruminations on the craft he dedicated his life to. Piercing, unsentimental and often hilarious, On Writing is filled not only with memorable lines but also with the author's trademark toughness, leavened with moments of grace, pathos and intimacy. In the previously unpublished letters to editors, friends and fellow writers collected here, Bukowski is brutally frank about the drudgery of work and uncompromising when it comes to the absurdities of life and of art."
816,The Oxford handbook of pricing management /,"This book is a comprehensive guide to the theory and practice of pricing across industries, environments, and methodologies. The Handbook illustrates the wide variety of pricing approaches that are used in different industries. It also covers the diverse range of methodologies that are needed to support pricing decisions across these different industries. It includes more than 30 chapters written by pricing leaders from industry, consulting, and academia. It explains how pricing is actually performed in a range of industries, from airlines and internet advertising to electric power and health care. The volume covers the fundamental principles of pricing, such as price theory in economics, models of consumer demand, game theory, and behavioural issues in pricing, as well as specific pricing tactics such as customized pricing, nonlinear pricing, dynamic pricing, sales promotions, markdown management, revenue management, and auction pricing."
816,Pixel art for game developers /,"""Uncover the secrets to creating stunning graphics with Pixel Art for Game Developers. ... The book provides an introduction to Pixel Art, its utility, foundational elements, and concepts such as light and shadow. It offers tutorials on creating animations and serves as a functional guide for the most common methodology in 2D game development.""--Back cover."
816,The price advantage /,
816,The price elasticity of selective demand :,
816,Price-matching refund policies as signals of store price image /,
816,Pricing :,
816,Pricing :,
816,Pricing :,
816,Pricing analytics :,"The theme of this book is simple. The price – the number someone puts on a product to help consumers decide to buy that product – comes from data. Specifically, itcomes from statistically modeling the data. This book gives the reader the statistical modeling tools needed to get the number to put on a product. But statistical modeling is not done in a vacuum. Economic and statistical principles and theory conjointly provide the background and framework for the models. Therefore, this book emphasizes two interlocking components of modeling: economic theory and statistical principles. The economic theory component is sufficient to provide understanding of the basic principles for pricing, especially about elasticities, which measure the effects of pricing on key business metrics. Elasticity estimation is the goal of statistical modeling, so attention is paid to the concept and implications of elasticities."
816,Pricing and human capital :,
816,The Pricing decision /,
816,Pricing decisions and marketing policy /,
816,Pricing done right :,"""Pricing Done Right provides a roadmap for the journey so they can get pricing done right as they implement the changes that will better position them for success""--"
816,Pricing perspectives :,
816,Pricing segmentation and analytics /,"Pricing analytics uses historical sales data with mathematical optimization to set and update prices offered through various channels in order to maximize profit. With this outstanding contribution to this subject, you will learn just how to identify and exploit pricing opportunities in different business contexts. Each chapter looks at pricing from an economist's viewpoint beginning with the basic concept of pricing analytics and what type of data are needed to use this powerful science; the common assumptions regarding the customer population's willingness- to-pay are discussed along with the price-response functions that result from these assumptions; examples from several industries and organizations; dynamic pricing, with a special emphasis on the most common application--markdown pricing; the new field of customized pricing analytics, where a firm responds to a request-for-bids or request-for-proposals with a customized price response; and the relevant aspects of behavioral science to pricing. Additional examples include the asymmetry of joy/pain that customers feel in response to price decreases/increases."
816,Pricing strategies :,"""The primary theme of Pricing Strategies is that pricing should be guided by the marketing concept, which indicates that success is achieved through a focus on the needs and sensitivities of the customer. This customer-focus theme is evident throughout the text. The author helps to overcome the mathematical anxieties of students with an intuitive approach to understanding basic pricing concepts, and presents mathematical techniques as simply more detailed specifications of these concepts""--Provided by publisher."
816,Pricing strategies :,"""The primary theme of Pricing Strategies is that pricing should be guided by the marketing concept, which indicates that success is achieved through a focus on the needs and sensitivities of the customer. This customer-focus theme is evident throughout the text. The author helps to overcome the mathematical anxieties of students with an intuitive approach to understanding basic pricing concepts, and presents mathematical techniques as simply more detailed specifications of these concepts""--Provided by publisher."
816,Pricing strategy :,
816,"Pricing tactics, strategies, and outcomes /",
816,Pricing with confidence :,
816,Principles of pricing :,"""Many businesses focus on driving volume or reducing costs rather than increasing price under the mistaken belief they have greater control over volume and costs than price. Yet, a 1% increase in price (holding volume fixed) has a greater impact on operating profit than a 1% increase in volume or a 1% decrease in cost. By not seizing the initiative on price, businesses abrogate decisions about price to competitors, customers, and the channel. A careful analysis and understanding of those same actors could help them price in a more profitable manner. Hence, this book, which is designed to communicate the fundamental principles of pricing. In marked contrast to other books on pricing, this one is based on economic theory. This is not to deny the value to be had from looking at pricing through other lenses. It is simply that these other lenses do not yet provide a systematic and organized way to think about pricing. Economic theory does. Its power is not in the provision of to-do lists or the Gradgrind-like accumulation of facts.8 Rather, it is in generating the right questions to be asked. Both our own experiences and that related to us by our students who have taken our classes has confirmed us in this view. A second point of contrast with other treatments of pricing is that we convey principles through stylized examples rather than anecdotes""--"
816,Profitable pricing strategies /,
816,Profitable pricing strategies /,
816,The ROI of pricing :,
816,Samulnori :,"SamulNori is a percussion quartet which has given rise to a genre, of the same name, that is arguably Koreas most successful traditional music of recent times. Today, there are dozens of amateur and professional samulnori groups. There is a canon of samulnori pieces, closely associated with the first founding quartet but played by all, and many creative evolutions on the basic themes, made by the rapidly growing number of virtuosic percussionists. And the genre is the focus of an abundance of workshops, festivals and contests. Samulnori is taught in primary and middle schools; it is part of Koreas national education curriculum. It has dedicated institutes, and there are a number of workbooks devoted to helping wannabe samulnorians. It is a familiar part of Korean performance culture, at home and abroad, in concerts but also in films and theatre productions."
816,Selected letters of Dylan Thomas /,
816,Selected letters of Robert Frost /,
816,Selected letters of Theodore Roethke /,
816,Strategic and innovative pricing :,"""This book provides a guide on how to execute strategic pricing to excel in an increasingly dynamic and digitised business environment, while developing and deepening relations with contract partners. The secret lies in crafting innovative price models that reward joint value creation in accordance with the business model, rather than engaging in confrontative zero-sum pricing reasoning. The book provides hands-on tools that are applied on three interconnected levels of analysis. First, the book shows how to explore the business ecology to understand its dynamics and how digitisation enables it to prosper. Second, the book demonstrates how to construct a viable business model that enables an organisation to navigate in its vibrant ecology. And finally, and most importantly, it shows how to use innovative price models to realise and monetise the business model and its value offering, making the organisation and its partnerships sustainable. Models pertaining to the three levels of analysis are applied in rich case studies and examples from different countries. Special attention is paid to digitisation as an underlying theme. The book is grounded in several years of successful research and consultancy with private and public organisations that have benefited from understanding how to strategise through pricing in a digitised business economy""--"
816,The strategy and tactics of pricing :,
816,The strategy and tactics of pricing :,
816,The strategy and tactics of pricing :,
816,Succeeding postmodernism :,
816,Succeeding postmodernism :,
816,Technology pricing :,
816,Transaction decoupling :,
816,Transfer pricing :,
816,Transfer pricing in international business :,"For centuries, trade has endured stumbling blocks, mistakes, and moments of inspiration. It has contributed to the modern, globalized world in which we live, and the increasing economic, social, and political importance of trade has spawned a phenomenon called the multinational organization. However, these organizations have a national home to where profits will ultimately have to come, and in their effort to maximize the amount repatriated, they often engage in internal-pricing practices, known more commonly as transfer pricing This book reminds us all of the important issues of transfer pricing, and how easy it is to create friction between all of the interested parties. This book also goes on to provide an insight into how such conflicts can be assuaged or avoided altogether, and explains how transfer pricing may become a managerial tool by establishing a common language that may be used as one driver for creating added value throughout the organization. Transfer pricing is not simply about maximizing income. It is a much more important strategic management issue that, treated unwisely or with ignorance, is likely to lead to an incongruity in the added value of an organization's products and services as well as its crucial return on capital employed."
816,Transfer pricing methods :,
816,Uncollected works of Abraham Lincoln :,
816,Until next year :,
816,The war below :,"Tough choices loom if the world wants to go green. The United States and other countries must decide where and how to procure the materials that make our renewable energy economy possible. To build electric vehicles, solar panels, cell phones, and millions of other devices means the world must dig more mines to extract lithium, copper, cobalt, rare earths, and nickel. But mines are deeply unpopular, even as they have a role to play in fighting climate change. These tensions have sparked a worldwide reckoning over the sourcing of these critical minerals, and no one understands the complexities of these issues better than Ernest Scheyder, whose exclusive access has allowed him to report from the front lines on the key players in this global battle to power our future."
816,Zero base pricing :,
831,"The ""War on terror"" narrative :",
831,20 best short stories in Ray Long's 20 years as an editor.,
831,21 great stories /,
831,50 great short stories /,
831,Adventures in interpretation :,
831,"Ageing, dementia and the social mind /","""Groundbreaking exploration of the sociology of dementia -- with contributions from distinguished international scholars and practitioners. Organised around the four themes of personhood, care, social representations and social differentiation, Ageing, Dementia and the Social Mind provides a critical look at how modern concepts and assumptions regarding dementia can benefit from sociology and other disciplines. This collection addresses the gaps in our sociological knowledge of dementia and provides a forum for the development of new themes and perspectives within the health social sciences. This important work breaks new ground in giving specific attention to the social and cultural dimensions of responses to dementia""--"
831,Ahead of all parting :,
831,"Alzheimer talk, text, and context :",
831,Alzheimer's disease :,
831,Alzheimer's disease :,
831,Alzheimer's disease :,
831,Animal symbolism in Hofmannsthal's works /,
831,The auto-biography of Goethe :,
831,Breaking boundaries :,
831,Breakthrough :,
831,Brecht's poetry of political exile /,
831,The Cambridge companion to Goethe /,"The Cambridge Companion to Goethe provides a challenging yet accessible survey of this versatile figure, not only one of the world's greatest writers but also a theatre director and art critic, a natural scientist and state administrator. The volume places Goethe in the context of the Germany and Europe of his lifetime. His literary work is covered in individual chapters on poetry, drama (with a separate chapter on Faust), prose fiction and autobiography. Other chapters deal with his work in the Weimar Theatre, his friendship with Schiller, his scientific studies and writings, his engagement with the visual arts, with religion and philosophy, the controversies surrounding his political standpoint and the impact of feminist criticism. A wide-ranging survey of reception inside and outside Germany and an extensive guide to further reading round off this volume, which will appeal to students and specialists alike."
831,The Cambridge companion to Rilke /,"""Often regarded as the greatest German poet of the twentieth century, Rainer Maria Rilke (1875-1926) remains one of the most influential figures of European modernism. In this Companion, leading scholars offer informative and thought-provoking essays on his life and social context, his correspondence, all his major collections of poetry including most famously the Duino Elegies and Sonnets to Orpheus, and his seminal novel of Modernist anxiety, The Notebooks of Malte Laurids Brigge. Rilke's critical contexts are explored in detail: his relationship with philosophy and the visual arts, his place within modernism and his relationship to European literature, and his reception in Europe and beyond. With its invaluable guide to further reading and a chronology of Rilke's life and work, this Companion will provide an accessible, engaging account of this extraordinary poet whose legacy looms so large today""--Provided by publisher."
831,The Cambridge introduction to German poetry /,
831,Care giving for Alzheimer's disease :,"Veteran clinicians offer a unique framework for understanding the psychological origins of behaviors typical of Alzheimer's and other dementias, and for providing appropriate care for patients as they decline. Guidelines are rooted in the theory of retrogenesis in dementia--that those with the condition regress in stages toward infancy--as well as knowledge of associated brain damage. The objective is to meet patients where they are developmentally to best be able to address the tasks of their daily lives, from eating and toileting to preventing falls and wandering. This accessible information gives readers a platform for creating strategies that are respectful, sensitive, and tailored to individual needs, thus avoiding problems that result when care is ineffective or counterproductive. Featured in the coverage: Abilities and disabilities during the different stages of Alzheimer's disease. Strategies for keeping the patient's finances safe. Pain in those with dementia, and why it is frequently ignored. ""Help! I've lost my mother and can't find her!"" Sexuality and intimacy in persons with dementia. Instructive vignettes of successful caring interventions. Given the projected numbers of individuals expected to develop dementing conditions, Care Giving for Alzheimer?s Disease will find immediate interest among clinical psychologists, health psychologists, psychiatrists, social workers, and primary care physicians."
831,A Century of short stories /,
831,Children in the poetry of Bertolt Brecht :,
831,China and Germany : a study of images and influences of China in German literature /,
831,The classical centre :,
831,Cognitive stimulation therapy for dementia :,
831,A companion to the works of Hugo von Hofmannsthal / edited by Thomas A. Kovach.,
831,Comparisons :,
831,Controls and art :,"Dancing humanoids, robotic art installations, and music generated by mathematically precise methods are no longer science fiction; in fact they are the subject of this book. This first-of-its-kind anthology assembles technical research that makes such creations possible. In order to mechanize something as enigmatic and personal as dance, researchers must delve deeply into two distinct academic disciplines: control theory and art. Broadly, this research uses techniques from the world of art to inspire methods in control, enables artistic endeavours using advanced control theory and aids in the analysis of art using metrics devised by a systems theoretic approach. To ensure that artistic influences are well represented, the individual chapters are focused so that they relate their contribution to the arts meaningfully and explicitly. Specially composed introductions set up the contributions either in terms of inspiration by artistic principles or their contribution to the arts through new analysis tools. To facilitate this, the majority of the chapters are authored jointly by experts in control theory and by artists, including dancers, choreographers, puppeteers and painters. Connections between controls and art then permeate the text so that these important relationships play a central role in the book."
831,"Correspondence between Goethe and Schiller, 1794-1805 /",
831,Dare to be happy! :,
831,Dear friend :,"""In 1908, Rainer Maria Rilke wrote his ""Requiem for a Friend"" in memory of Paula Modersohn-Becker, the German painter who had had a profound effect on him, both personally and artistically, and who had died a year earlier. Modersohn-Becker, despite being one of the great modern painters, is today remembered primarily as she is portrayed in that poem. In Dear Friend, Eric Torgersen looks at the relationship of these two great artists whose vexed seven-year friendship was extraordinarily productive for both, and offers an introduction to the life and work of Modersohn-Becker, a gifted and determined woman whose work stands comparison with that of any painter of her day."" ""Included in the book are sixteen illustrations as well as new translations by Torgersen of Rilke's ""Requiem for a Friend"" and of the love poems Rilke wrote for Becker shortly after they met. Torgersen discusses Modersohn-Becker's vital paintings, including her unfinished portrait of Rilke. He quotes extensively from the letters and journals of both figures, translating many of Rilke's into English for the first time. Finally, Torgersen addresses the unanswered question of whether the two were ever lovers, and offers new insights into Rilke's writing of ""Requiem for a Friend.""""--BOOK JACKET."
831,Dementia :,"""Dementia: A Very Short Introduction explains how dementia is diagnosed, its different types and symptoms, and its effects on sufferers and their families. Why is dementia resistant to treatment? Why has the most successful scientific hypothesis not led to a cure? Are there variations between different countries, and given the rise in the ageing population, are there more or less cases than we think? This VSI looks at the history of dementia research and examines the genetic, physiological, and environmental risk factors and how individuals might reduce them. It also investigates developments in diagnosis and symptom management, and the economic and political context of dementia care""--Provided by publisher."
831,Dementia :,"Person-centered care for persons with dementia has been developed and expanded over the last few decades. Speech-language pathologists are uniquely positioned to understand the striking impact that communication challenges have on persons with dementia and their caregivers, and can lead the charge to improve access to communication and participation. This volume serves as a starting point and reference manual for those who want to provide person-centered and life-enhancing services to persons with dementia, and to inspire the continued generation of quality research to demonstrate the value of cognitive-communication, behavioral, and caregiver interventions. It serves as a call to action for an interprofessional team of healthcare providers across healthcare settings to promote meaningful life engagement in persons with dementia using evidence-based assessment and intervention approaches. This volume provides background on the evolution of caring for persons with dementia, as well as a description of the diagnostic process for dementia syndromes and the cognitive and communication characteristics of dementias with an emphasis on Alzheimer’s dementia. Its chapters cover the person-centered assessment process for persons with cognitive and communicative disorders of dementias; intervention approaches for the wide variety of cognitive, communicative, eating/swallowing, and behavioral symptoms and consequences of dementia syndromes; reimbursement and documentation issues for various settings in which persons with dementia are seen; and issues and challenges of quality of life and end-of-life care."
831,Dictations :,
831,Diderot's cat :,
831,Digital control applications illustrated with MATLAB /,"""Covers the modeling, analysis, and design of linear discrete control systems. Illustrating all topics using the micro-computer implementation of digital controllers aided by MATLAB®, Simulink®, and FEEDBACK®""--Back cover."
831,Discoveries :,
831,Duino elegies /,"""Rilke continues to be the most read and discussed German poet of the modern period. The Duino Elegies, together with the Sonnets to Orpheus, remain his greatest achievement. The themes of the ten elegies - and the conceptual world unique to Rilke from which they emerge - can best be understood through their poetic form: their imagery and neologistic formations, their angular syntax, their abrupt changes of tone and linguistic register, their use of multiple personae and speaking voices, and the often-ironic self-presentation of the author. Commentators, however, have often treated these features as mere formal devices that we can somehow see through to get to what really matters, that is, to what Rilke has to say about the human condition or the meaning of life, to his philosophy or worldview. On the contrary, they are constitutive of meaning in the elegies, and understanding them is crucial to our experience of reading Rilke's work. The purpose of this book is to make such features visible and to explain them to the reader as clearly as possible. This is the first full-length book in English devoted to the elegies in over thirty years. It offers an entirely new translation of each elegy, paired with the original German text, and a close reading of each""--"
831,"The effects of individualized vs. classical ""relaxation"" music on the frequency of agitation in elderly persons with Alzheimer's disease and related disorders /",
831,Eight short stories /,
831,Einfache deutsche Gedichte /,
831,Erotic poems /,
831,Essays on Goethe /,
831,Essays on mediaeval German poetry /,
831,The eternal feminine :,
831,Sonnets to Orpheus /,
831,The feminine in Heine's life and oeuvre :,
831,Fiction /,
831,Fiction 100 :,
831,Fiction 100 :,
831,Fiction 100 :,
831,Fiction 100 :,
831,Fiction 100 :,
831,Fictions /,
831,Frequency-response methods in control systems /,
831,Friedrich Holderlin,
831,Friedrich Schiller :,
831,Friedrich von Schiller and the drama of human existence /,
831,From my life /,
831,Gedichte :,
831,Gedichte /,
831,Georg Trakl :,
831,German history unbound :,"""A polycentric German history that pointedly decenters the nation-state.  It includes communities of Germans far beyond its borders, and it emphasizes that for generations many who considered themselves to be German also felt themselves to be other things. Taking up a decidedly counter-hegemonic position, Glenn calls for a greater integration of mobilities, migration flows, and pluralities of belonging into our narratives of Germans' histories. He also argues for greater attention to the transcultural spaces many Germans helped to fashion and the various networks that tied them together.""--"
831,The German minority in interwar Poland /,"""The German Minority in Interwar Poland analyzes what happened when Germans from three different empires - the Russian, Habsburg, and German - were forced to live together in one, new state. After the First World War, German national activists made regional distinctions among these Germans and German-speakers in Poland, with preference initially for those who had once lived in the German Empire. Rather than becoming more cohesive over time, Poland's ethnic Germans remained divided and did not unite within a single representative organization. Polish repressive policies and unequal subsidies from the German state exacerbated these differences, while National Socialism created new hierarchies and unleashed bitter intra-ethnic conflict among German minority leaders. Winson Chu challenges prevailing interpretations that German nationalism in the twentieth century viewed ""Germans"" as a homogeneous, single group of people. His revealing study shows that nationalist agitation could divide as well as unite an embattled ethnicity""--Provided by publisher."
831,Global cultures :,
831,Global issues :,
831,"Global issues, local arguments :",
831,Goethe :,"In 1878 the Victorian critic Matthew Arnold wrote: 'Goethe is the greatest poet of modern times ... because having a very considerable gift for poetry, he was at the same time, in the width, depth, and richness of his criticism of life, by far our greatest modern man.' In this Very Short Introduction Ritchie Robertson covers the life and work of Johann Wolfgang von Goethe (1749-1832): scientist, administrator, artist, art critic and supreme literary writer in a vast variety of genres. Looking at Goethe's poetry, novels and drama pieces, as well as his travel writing, autobiography, and essays on art and aesthetics, Robertson analyses some of the key themes in his works: love, nature, religion and tragedy. Dispelling the misconception of Goethe as a sedate Victorian sage, Robertson shows how much of his art was rooted in turbulent personal conflicts, and draws on recent research to present a complete portrait of the scientific work and political activity which accompanied Goethe's writings"
831,Goethe :,"Here, Rudiger Safranski sets his sights on the writer considered the Shakespeare of German literature. Goethe (1749-1832) awakened a burgeoning German nation and the European continent with his electrifying novel The Sorrows of Young Werther. Safranski scoured Goethe's oeuvre, relying on primary sources as well as his correspondence with contemporaries and their comments to one another, to produce an illuminating portrait of the avatar of the Romantic era. Set against the cultural and political turmoil of Europe in the late eighteenth and early nineteenth centuries, Goethe, who intersected with almost every great figure of his age, is thrillingly re-created here. As Safranski shows, Goethe's greatest creation, even in comparison to his masterpiece Faust, was his own life."
831,Goethe :,
831,Goethe and his age /,
831,Goethe in the twentieth century /,
831,Goethe reviewed after sixty years /,
831,Goethe yearbook : publications of the Goethe Society of North America.,
831,Goethe yearbook : publications of the Goethe Society of North America.,
831,Goethe yearbook : publications of the Goethe Society of North America.,
831,Goethe yearbook : publications of the Goethe Society of North America.,
831,Goethe yearbook : publications of the Goethe Society of North America.,
831,Goethe yearbook : publications of the Goethe Society of North America.,
831,Goethe yearbook : publications of the Goethe Society of North America.,
831,Goethe yearbook : publications of the Goethe Society of North America.,
831,Goethe yearbook : publications of the Goethe Society of North America.,
831,Goethe yearbook : publications of the Goethe Society of North America.,
831,Goethe yearbook : publications of the Goethe Society of North America.,
831,Goethe yearbook : publications of the Goethe Society of North America.,
831,Goethe yearbook : publications of the Goethe Society of North America.,
831,"Goethe, sein leben und seine werke / von Albert Bielschowsky.",
831,"Goethe, the alchemist :",
831,Goethe.,
831,Goethe's collected works /,"Goethe's early plays bear witness to his urgent desire to enliven German theater--an ambition that followed him to the National Theater in Weimar, where he was named director in the early 1790s. This volume contains eight of these plays, written between 1771 and 1787. Not only do they demonstrate Goethe's unprecedented versatility in experimenting with new forms of dramatic expression, but they also give insight into his development from ""Sturm und Drang to classicism. These works include prose plays (""Goetz von Berlichingen with the Iron Hand and ""Egmont), tragedies and comedies (""Clavigo, ""Stella, and ""Brother and Sister), and dramatic verse forms (""Prometheus, Jery and Betty, and ""Proserpina)."
831,Goethe's naturalistic anthropology :,"Dr Bell's fresh readings of Goethe's major and lesser-known texts are set against the background of the science and philosophy of the age, and the writer's debts to other thinkers are analysed. The development of Goethe as a writer and thinker is traced from his sentimental epistolary novel Werther - read in the context of the rise of psychological theory in the Englightment - to the emergence of his own theory of `empirical psychology' in the great roman a clef of 1809, Die Wahverwandtschaften. In a major new interpretation of Wilhelm Meisters Lehriahre, Matthew Bell follows the ideal of organic growth from the novel's origins in Engligtenment optimism to its revision in an atmosphere of post-revolutionary scepticism."
831,Goethe's naturalistic anthropology :,"""For many readers in the English-speaking world, Goethe is somehow separate from the European intellectual and literary tradition. In this unique and wide-ranging study, Matthew Bell aims to correct this view by showing how Goethe portrayed human beings as part of a natural continuum, very much in the spirit of the Enlightenment.""--BOOK JACKET. ""Dr Bell's fresh readings of Goethe's major and lesser-known texts are set against the background of the science and philosophy of the age, and the writer's debts to other thinkers are analysed. The development of Goethe as a writer and thinker is traced from his sentimental epistolary novel Werther - read in the context of the rise of psychological theory in the Enlightenment - to the emergence of his own theory of 'empirical psychology' in the great roman a clef of 1809, Die Wahlverwandtschaften. In a major new interpretation of Wilhelm Meisters Lehrjahre, Matthew Bell follows the ideal of organic growth from the novel's origins in Enlightenment optimism to its revision in an atmosphere of post-revolutionary scepticism.""--BOOK JACKET. ""Placing Goethe in an anthropological context, Goethe's Naturalistic Anthropology demonstrates that eighteenth-century anthropological thought provides an essential, hitherto overlooked context for the understanding of Goethe's literary enterprise from Werther to Die Wahlverwandtschaften.""--BOOK JACKET."
831,Goethe's path to creativity :,"Goethe's Path to Creativity provides a comprehensive psycho-biography of Johann Wolfgang von Goethe, a giant of modern German and European literary, political, and scientific history. The book brings this influential work by Rainer Matthias Holm-Hadulla to the English language for the first time in a newly elaborated edition. Goethe's path to creativity was difficult and beset by a multitude of crises, beginning with his birth, which was so difficult that he was initially not thought to have survived it, and ending with an infatuation that left him, at the age of 74, toying with the same kind of suicidal thoughts he had entertained as a 20-year-old. Throughout his long life, he suffered bitter disappointments and was subject to severe mood swings. Despite being a gifted child, a widely recognized poet, and an influential scientist and politician, he spent his entire life loving and suffering; nonetheless, he had the exceptional ability to endure emotional pain and to transform his sufferings creatively. The way in which he mined his passions for creative impulses continues to inspire modern readers. Readers can apply the lessons they have learned from his life and use Goethe's strategies for their own creative art of living. Goethe's Path to Creativity: A Psycho-Biography of the Eminent Politician, Scientist and Poet will be of great interest to all engaged in the fields of creativity, literature, psychoanalysis, psychology, psychotherapy, and personal growth."
831,Goethes musikalische Reise in Italien /,
831,Goethes Werke :,
831,"Gottfried von Strassburg, Tristan /",
831,Gregorius /,
831,A guide to Romantic poetry in Germany /,
831,A handbook on Old High German literature /,
831,Harmonious tensions :,
868,American value :,
868,The art of worldly wisdom /,
868,Borges and Kafka :,"Sarah Roger investigates Jorge Luis Borges's development as an author in light of Franz Kafka's influence, and in consideration of Borges's relationship with his father, Jorge Guillermo Borges (Borges pere, a failed author). Borges believed that much of Kafka's writing derived from his personal experiences, particularly his relationship with his father. This book looks at how reading Kafka helped Borges mediate and make productive use of his own relationship with his father, and it offers a thorough analysis of Borges pere's writing, which is supplemented by an appendix that reprints Borges pere's poetry for the first time. Borges and Kafka also provides extensive analysis of Kafka's presence in Borges's critical writing, his translations, and the stories that he modelled on Kafka. Particular attention is paid to the concepts that Borges identified as Kafka's obsessions: subordination, infinity, and hierarchical relationships, which Borges referred to as the 'patria potestad.' Roger's analysis is accompanied by an annotated bibliography documenting every mention of Kafka in Borges's writing and a list of every Kafka text Borges read. Kafka's influence is especially evident in the stories where Borges was openly imitating Kafka-'La loteria en Babilonia' (1941), 'La biblioteca de Babel' (1941), and 'El Congreso' (1971)-but it features throughout Ficciones. Reading Borges's writing in light of his interest in Kafka demonstrates his focus not just on the individual's subordinate place in an infinite hierarchy but also on the repercussions these circumstances had for a struggling author like Borges, who was seeking to define himself through his writing."
868,Borges on writing /,
868,"Borges, between history and eternity /",
868,The Cambridge Companion to Jorge Luis Borges /,
868,The Chicano generation :,"""This is the story of the historic Chicano Movement in Los Angeles during the late 1960s and 1970s. The Chicano Movement was the largest civil rights and empowerment movement in the history of Mexican Americans in the United States. The movement was led by a new generation of political activists calling themselves Chicanos, a countercultural barrio term. This book is the story of three key activists, Raul Ruiz, Gloria Arellanes, and Rosalio Muñoz, who through oral history related their experiences as movement activist to historian Mario T. García. As first-person autobiographical narratives, these stories put a human face to this profound social movement and provide a life-story perspective as to why these individuals became activists""--Provided by publisher."
868,The city of translation :,"A study of the relationship between literary translation, authoritarian politics, linguistic ideologies, juristic philology, religion, and poetry in late nineteenth-century Colombia."
868,Colonial angels :,
868,Desire and dissent :,
868,Diasporic generations :,
868,Eminent maricones :,
868,Federico García Lorca :,"Known primarily as a poet and dramatist, Spanish writer Federico Garcia Lorca published four books before his early death in the Spanish Civil War. This biography gives an account of his family, his homosexuality and his mysterious death, as well as tracing his literary development."
868,Federico Garcia Lorca /,
868,Grieving :,"""Translated into English by Sarah Booker, GRIEVING is Cristina Rivera Garza's collection of short crónicas, journalism, and personal essays on systemic violence in contemporary Mexico and along the US-Mexico border. Drawing together horror theory and historical analysis, Rivera Garza outlines how neoliberalism, corruption, and drug trafficking-culminating in the misnamed ""war on drugs""-has shaped her country. Working from and against this political context, Rivera Garza posits that collective grief and writing is a mode of seeking social justice""--"
868,Hispanic migration and urban development :,
868,Hispanic U.S.A. :,
868,Hispanic/Latino identity :,
868,In search of duende /,
868,In the green morning :,
868,Irony and self-knowledge in Francisco Lopez de Villalobos /,
868,Irony and the logic of the romantic imagination /,
868,Jorge Luis Borges :,"""A probing, engaging examination of the work of Jorge Luis Borges (1899-1986) in the context of Argentinian, Latin American, and world literature, from his beginnings as an avant-gardist to his consecration as one of the most influential literary figures of the twentieth century. In essays, stories, and poems, Borges developed a unique voice that allowed him to explore favorite intellectual motifs: labyrinths, the infinite, the universe as a book, memory, and storytelling as fate. Just as he renewed the Spanish language by means of a tight, almost mathematical style, he redefined Argentine literature by inviting its practitioners to tackle universal themes, and he embraced translation as a strategy for reconceptualizing the original text. Ilan Stavans, a world authority on Borges and an internationally celebrated essayist and translator, reflects on what the term Borgesian means in an age of instant information, consumerism, and apathy toward reading""--"
868,Labyrinths :,
868,Latin Americanism /,
868,Latin looks :,
868,Latino immigrants in the United States /,
868,Latinos unidos :,
868,Leading Latino talent to champion innovation /,
868,The literature of misogyny in medieval Spain :,
868,Lorca :,
868,Lorca :,
868,Lorca in English :,"""Lorca in English examines the evolution of translations of Federico García Lorca into English as a case of rewriting and manipulation through politically and ideologically motivated translation""--"
868,Lorca's legacy :,
868,Magical urbanism :,
868,Mestizo :,
868,My side of the river :,"""Elizabeth Camarillo Gutierrez reveals her experience as the U.S. born daughter of immigrants and what happened when, at fifteen, her parents were forced back to Mexico in this galvanizing yet tender memoir. Born to Mexican immigrants south of the Rillito River in Tucson, Arizona, Elizabeth had the world at her fingertips as she entered her freshman year of high school as the number one student. But suddenly, Elizabeth's own country took away the most important right a child has: a right to have a family. As her parents' visas expired, they were forced to return to Mexico, leaving Elizabeth responsible for her younger brother, as well as her education. Determined to break the cycle of being ""a statistic,"" she knew that even though her parents couldn't stay, there was no way she could let go of the opportunities the U.S. could provide. Armed with only her passport and sheer teenage determination, Elizabeth became what her school would eventually describe as an unaccompanied, homeless youth, one of thousands of underage victims affected by family separation due to broken immigration laws. For fans of Educated by Tara Westover and The Distance Between Us by Reyna Grande, My Side of the River explores separation, generational trauma, and the toll of the American dream. It's also, at its core, a love story between a brother and a sister who, no matter the cost, is determined to make the pursuit of his own dreams easier than it was for her""--"
868,On mysticism /,"An unprecedented collection of the visionary Argentine writer's meditations on the mystical realm Jorge Luis Borges immersed himself and his readers in metaphysical fantasies--playing reason against faith, belief against logic. His profound knowledge of eastern religions was an endless source of inspiration for his writing. On Mysticism--edited by Borges's widow, Maria Kodama--brings together a stunning group of prose pieces and poems that speak to this signature theme of his writing, from some of his most celebrated works to others that appear here in English for the first time. Together they yield valuable insights into the most ineffable dimension of his writing, illuminating the inimitable rewards of this literary visionary, a wisdom writer whose belief in the magic of words has made him beloved around the world."
868,Our migrant souls :,"""Latino"" is the most open-ended and loosely defined of the major race categories in the United States. Our Migrant Souls: A Meditation on Race and the Meanings and Myths of ""Latino"" assembles the Pulitzer Prize winner Héctor Tobar's personal experiences as the son of Guatemalan immigrants and the stories told to him by his Latinx students to offer a spirited rebuke to racist ideas about Latino people. Our Migrant Souls decodes the meaning of ""Latino"" as a racial and ethnic identity in the modern United States, and seeks to give voice to the angst and anger of young Latino people who have seen Latinidad transformed into hateful tropes about ""illegals"" and have faced insults, harassment, and division based on white insecurities and economic exploitation."
868,Pierrot/Lorca :,"Examines the importance of Pierrot, as an image of marginality and failure and a symbol of hidden sexuality, in García Lorca's imagery and literary and personal life."
868,The pocket oracle and art of prudence /,
868,The quest for God in the work of Borges /,
868,Rethinking the borderlands :,
868,Selected works of Miguel de Unamuno /,"The first English translation of Unamuno's first novel, published in 1897, when he was 33. Its setting is the Basque country of northern Spain during the Second Carlist War (1874--1876), a conflict he lived through as a child.Originally published in 1983.The Princeton Legacy Library uses the latest print-on-demand technology to again make available previously out-of-print books from the distinguished backlist of Princeton University Press. These editions preserve the original texts of these important books while presenting them in durable paperback and hardcover editions. The goal of the Princeton Legacy Library is to vastly increase access to the rich scholarly heritage found in the thousands of books published by Princeton University Press since its founding in 1905."
868,A short account of the destruction of the Indies /,
868,A short account of the destruction of the Indies /,
868,Solving Latino psychosocial and health problems :,
868,Son of Andalusia :,
868,Spanish Golden Age autobiography in its context /,
868,The tragic sense of life in men and nations /,The acknowledged masterpiece of Unamuno expresses the anguish of modern man as he is caught up in the struggle between the dictates of reason and the demands of his own heart.
868,The tragic sense of life in men and nations /,The acknowledged masterpiece of Unamuno expresses the anguish of modern man as he is caught up in the struggle between the dictates of reason and the demands of his own heart.
868,A universal history of infamy /,
868,An unspeakable betrayal :,
868,Václav Havel /,"This biography is the first to pay close attention to Havel's poetry and to place his later work as a writer of plays, essays, prison letters and presidential speeches in the context of his poetic beginnings, his formative stylistic and philosophical influences, and his lifelong rivalry with slightly older poets who turned, as he did, to other genres. Through a reading of Havel's complete works in Czech, including first drafts of his plays and his voluminous correspondence, Williams produces a rounded picture of a man of courage and paradoxes."
868,With Borges on an ordinary evening in Buenos Aires :,
868,Written literacy features of three Puerto Rican family networks in Chicago :,
871,Approaches to teaching the works of Ovid and the Ovidian tradition /,"Ovid and his influence are studied in classrooms as various as his poetry, and this Approaches volume aims to help instructors in those diverse teaching environments. Part 1, ""Materials,"" is fittingly collaborative and features brief overviews designed to give nonspecialists background on the more challenging aspects of teaching Ovid. Contributors examine his life and legacy, religion, and relation to the visual arts as well as his afterlife in the Latin classroom, in various translations, and in the Ovide moralisé. The editors detail the contexts in which Ovid is taught, identify trends in teaching his work and the Ovidian tradition, and recommend editions and resources for classroom use. The introduction to Part 2, ""Approaches,"" considers Ovid's relation to Vergil and the development of Ovid's influence and reception, from the medieval and early modern period to the reinvigoration of Ovid studies in the twentieth century. In the four sections that follow, contributors provide practical ideas for classroom instruction, examine the political and moral discourses shaping Ovid and his legacy, explore how gender and the body are represented in Ovid and the Ovidian tradition, and look at various ways Ovid's works have been used and transformed by writers as diverse and Dante, Cervantes, and Ransmayr."
871,Apuleius on trial at Sabratha.,
871,The art of love ;,
871,Arundines cami :,
871,Banished voices :,
871,Brill's companion to Ovid /,
871,The Cambridge companion to Lucretius /,
871,The Cambridge companion to Lucretius /,
871,The Cambridge companion to Ovid /,
871,Campania in the Flavian poetic imagination /,"The region of Campania with its fertility and volcanic landscape exercised great influence over the Roman cultural imagination. A hub of activity outside the city of Rome, the Bay of Naples was a place of otium, leisure and quiet, repose and literary productivity, and yet also a place of danger: the looming Vesuvius inspired both fear and awe in the region's inhabitants, while the Phlegraean Fields evoked the story of the gigantomachy and sulphurous lakes invited entry to the Underworld. For Flavian writers in particular, Campania became a locus for literary activity and geographical disaster when in 79 CE, the eruption of the volcano annihilated a great expanse of the region, burying under a mass of ash and lava the surrounding cities of Pompeii, Herculaneum, and Stabiae. In the aftermath of such tragedy the writers examined in this volume - Martial, Silius Italicus, Statius, and Valerius Flaccus - continued to live, work, and write about Campania, which emerges from their work as an alluring region held in the balance of luxury and peril."
871,Clapton :,
871,The classical guitar companion /,The Classical Guitar Companion is a uniquely anthology that encourages students and teachers to create custom curricula for guitar study based on their own strengths and weaknesses.
871,"A commentary on Virgil, Eclogues /",
871,A companion to Ovid /,
871,The Complete Fables /,
871,The complete Odes and Epodes /,"The Complete Odes and Epodes 3.99 (2,344 ratings by Goodreads) Paperback Oxford World's Classics (Paperback) English By (author) Horace , Translated by David West Share Horace (65-8 BC) is one of the most important and brilliant poets of the Augustan Age of Latin literature whose influence on European literature is unparalleled. Horace's Odes and Epodes constitute a body of Latin poetry equalled only by Virgil's, astonishing us with leaps of sense and rich modulation, masterly metaphor, and exquisite subtlety. The Epodes include proto-Augustan poems, intent on demonstrating the tolerance, humour and the humanity of the new leaders of Rome, robust love poems, and poems of violent denunciation; the Odes echo Greek lyric poetry, reflecting on war, politics and the gods, and celebrating the pleasures of wine, friendship, love, poetry and music. Steeped in allusion to contemporary affairs, Horace's verse is best read in terms of his changing relationship to the public sphere, and David West's superb new translation is supplemented by a lucid introduction illuminating these complexities, extensive notes, a chronological survey and a glossary of names."
871,The criticism of didactic poetry :,
871,Damasus of Rome :,
871,"The Eclogues ; &, Georgics /",
871,Eclogues /,
871,"The eclogues, georgics and aeneid of Virgil /",
871,The English Horace :,
871,English humanism and the reception of Virgil c. 1400-1550 /,"Matthew Day reassesses how the spread of Renaissance humanism in England impacted the reception of Virgil. In emphasizing the very gradual pace of humanist development and the continuous influence of medieval scholarship, a more qualified view is reached of how humanism did and (just as importantly) did not affect Virgilian reading and translation."
871,"Epic lives and monasticism in the Middle Ages, 800-1050 /",
871,The erotic poems /,
871,"Essays on Latin lyric, elegy, and epic /",
871,Fasti /,"'Times and their reasons, arranged in order through the Latin year, and constellations sunk beneath the earth and risen, I shall sing.' Ovid's poetical calendar of the Roman year is both a day by day account of festivals and observances and their origins, and a delightful retelling of myths and legends associated with particular dates. Written in the late years of the emperor Augustus, and cut short when the emperor sent the poet into exile, the poem's tone ranges from tragedy to farce, and its subject matter from astronomy and obscure ritual to Roman history and Greek mythology. Among the stories Ovid tells at length are those of Arion and the dolphin, the rape of Lucretia, the shield that fell from heaven, the adventures of Dido's sister, the Great Mother's journey to Rome, the killing of Remus, the bloodsucking birds, and the murderous daughter of King Servius. The poem also relates a wealth of customs and beliefs, such as the unluckiness of marrying in May. This new prose translation is lively and accurate, and is accompanied by a contextualizing introduction and helpful notes."
871,Fasti /,
871,Fender 75 years /,"""Fender's guitars, amplifiers, and script logo are recognizable even to those with a passing interest in music. Beginning with Leo Fender's groundbreaking early guitar designs that set the standard for the electric guitar explosion to follow, Fender 75 Years explores Fender's entire history--all the innovations, landmark models, and legendary players who became synonymous with Fender. In addition to the instantly recognizable Telecaster and Stratocaster, author Dave Hunter examines legendary Fender guitars like the Jazzmaster and Jaguar, the Jazz Bass and Precision Bass, acoustic guitars, and workhorse amplifiers like the Bassman, Twin Reverb, and Princeton, to name a few. Along the way, there are in-depth scoops on the award-winning Fender Custom Shop and the relationships that famous players have enjoyed with Fender, including Jimi Hendrix, Bonnie Raitt, Kurt Cobain, and so many more. Illustrated throughout with rare archival images from company archives and created with their full cooperation, Fender 75 Years also features rare period advertising and performance images. It's the definitive history and a must-have for guitar enthusiast""--"
871,The flamenco guitar roadmap :,"""This guide is for musicians who want to learn flamenco guitar without having to spend months or years trying to figure out how to do it. Most people are at a loss as to how to begin learning flamenco, and it's quite understandable. There are precious few really good teaching methods, and none of them give you a well-rounded view of flamenco guitar. This guide fills the gap by going beyond technique to give you an overall understanding of flamenco guitar and teach you how to practice effectively. It takes you through the beginner and intermediate levels and gives you tips on moving forward to the advanced level. Rather than inventing a new flamenco guitar teaching method, it acts as a teacher, providing the filler and the glue for some of the best teaching material that exists out there today.""--Back cover."
871,Freud's Rome :,
871,From poetry to history :,
871,Greek and Latin poetry /,"""For a young man looking to make his way in the world of fifteenth-century Italy one of the most promising paths to fame and, if not fortune, at least a comfortable life, was literature. That was the path pursued by Angelo Ambrogini, who was born in 1454 in Montepulciano, the city in Tuscany from which he would later take the name by which he became known to history, Poliziano, or in its latinized form, Politianus. It was in the years from about 1470 to the middle of the decade that the young poet began to attract the attention of powerful patrons with his compositions in Latin and Greek. Many of the Latin poems later collected in the Book of Epigrams date from the early 70s, although there is no evidence that at the time of their composition Poliziano contemplated ever publishing them. The same may be said of the poems in the Book of Greek Epigrams that date from this period. From the year of his first appointment to the Studio until his death in 1494, Poliziano's poetic output was intimately connected with his researches as a scholar. In the tumultuous years following his death, his papers were dispersed and his legacy imperilled, to be rescued only by the intervention of his executors, Pietro Crinito and Alessandro Sarti, who delivered his Greek and Latin works to Aldo Manuzio for publication. The texts in this volume are largely the fruit of their devotion""--"
871,Greek gods in Italy in Ovid's Fasti :,
871,Guitar tunings :,"For many beginning-to-intermediate level guitarists, guitar tunings are a mystery. Everyone begins with ''standard'' tuning and knows its basic strengths - and limitations. But, once a guitarist gets beyond basic skills, the desire to play in different styles and achieve individual sounds leads inevitably to exploring alternate tunings. Guitar Tunings: A Comprehensive Guide is the first book to offer practical advice for how to use the most common special tunings for the greatest creative and musical effect. Illustrated throughout with examples in standard notation and guitar tablature, the au"
871,The harmonius organ of Sedulius Scottus :,"This book introduces and translates Sedulius Scottus' Prologue (to the entire Collectaneum in Apostolum) and commentaries on Galatians and Ephesians. The introduction outlines the historical context of composition, identifies Sedulius' literary model - Servius, discusses Sedulius' organizing trope for the Prologue - the septem circumstantiae, asserts for what purpose and for whom he composed the Collectaneum, explains pertinent philological and stylistic issues, such as formatting, existing (or lack thereof) traits of Hiberno Latin, and Sedulius' knowledge of Greek, and it explores his use of exegetical and theological sources - predominantly Jerome, Augustine, and Pelagius. Since the commentaries are based upon these formative religious authors (among many others), the introduction also surveys Sedulius' doctrinal stances on important theological and ecclesiastical issues of his own time with particular relation to his reception of these authors. Sedulius' Collectaneum in Apostolum reveals an erudite author familiar with the style of classical commentaries, which he uses to harmonize the sometimes discordant voices of patristic authors for the purposes of education in accordance with Carolingian programmatic aims."
871,Heroides /,
871,Horace :,
871,Horace for students of literature :,
871,Horace Odes :,
871,Horace Odes :,
871,Horace on poetry : the 'Ars poetica' /,
871,Horace's Ars poetica :,"For two millennia, the Ars Poetica (Art of Poetry), the 476-line literary treatise in verse with which Horace closed his career, has served as a paradigmatic manual for writers. Rarely has it been considered as a poem in its own right, or else it has been disparaged as a great poet's baffling outlier. Here, Jennifer Ferriss-Hill for the first time fully reintegrates the Ars Poetica into Horace's oeuvre, reading the poem as a coherent, complete, and exceptional literary artifact intimately linked with the larger themes pervading his work. Arguing that the poem can be interpreted as a manual on how to live masquerading as a handbook on poetry, Ferriss-Hill traces its key themes to show that they extend beyond poetry to encompass friendship, laughter, intergenerational relationships, and human endeavor. If the poem is read for how it expresses itself, moreover, it emerges as an exemplum of art in which judicious repetitions of words and ideas join disparate parts into a seamless whole that nevertheless lends itself to being remade upon every reading. Establishing the Ars Poetica as a logical evolution of Horace's work, this book promises to inspire a long overdue reconsideration of a hugely influential yet misunderstood poem."
871,Image evaluation of a department store :,
871,The imagery and poetry of Lucretius /,
871,Immigration and ethnic conflict /,
871,Insights in sound :,
871,Latin erotic elegy :,
871,Latin literature :,
871,Latin love poetry /,"I hate and I love.' The Roman poet Catullus expressed the disorienting experience of being in love in a stark contradiction that has resonated across the centuries. While his description might seem to modern readers natural and spontaneous, it is actually a response planned with great care and artistry. It is that artistry, and the way in which Roman love poetry works, that this book explores. Focusing on Catullus and on the later genre of elegy - so-called for its metre, and a form of poetry practiced by Tibullus, Propertius and Ovid - Denise Eileen McCoskey and Zara Martirosova Torlone discuss the devices used by the major Roman love poets, as well as the literary and historical contexts that helped shape their work. Setting poets and their writings especially against the turbulent backdrop of the Augustan Age (31 BCE-14 CE), the book examines the origins of Latin elegy; highlights the poets' key themes; and traces their reception by later writers and readers."
871,Latin love poetry /,"I hate and I love.' The Roman poet Catullus expressed the disorienting experience of being in love in a stark contradiction that has resonated across the centuries. While his description might seem to modern readers natural and spontaneous, it is actually a response planned with great care and artistry. It is that artistry, and the way in which Roman love poetry works, that this book explores. Focusing on Catullus and on the later genre of elegy - so-called for its metre, and a form of poetry practiced by Tibullus, Propertius and Ovid - Denise Eileen McCoskey and Zara Martirosova Torlone discuss the devices used by the major Roman love poets, as well as the literary and historical contexts that helped shape their work. Setting poets and their writings especially against the turbulent backdrop of the Augustan Age (31 BCE-14 CE), the book examines the origins of Latin elegy; highlights the poets' key themes; and traces their reception by later writers and readers."
871,Latin lyric and elegiac poetry :,"The second edition reflects changing interests and modes of reading while remaining true to the power of the poetry that has influenced the literature of many cultures. The combination of accurate and vibrant translations with thorough commentary makes this an invaluable anthology for those interested in poetry, world literature, Roman civilization, and the history of ideas and sexuality, allowing readers to compare different poets' responses to politics, love and sex, literary innovation, self, and society."
871,Latin lyric and elegiac poetry :,
871,Latin poetry /,
871,Latin poetry /,"Arguably the most important Italian poet of the Renaissance and perhaps the most important European writer before Shakespeare, Ariosto's fame deservedly rests on his narrative poem, Orlando Furioso. In it Charlemagne's war against the Saracens serves as a backdrop to explore typical Renaissance themes such as love, madness, and fidelity, with an elaborate subplot that dramatizes how these themes affect the dynastic fortunes of Ariosto's patrons in the House of Este. The poem was published in over one hundred editions by 1600, so great was its popularity. The additional works that Ariosto composed have inevitably come to be viewed as minor in comparison to the magnitude and renown of his big poem. They include 214 letters, five plays, seven satires in verse, and dozens of lyric poems in Italian and Latin.--"
871,Latin poetry and the classical tradition :,
871,Learned girls and male persuasion :,
871,Love poems /,
871,Lucretius : On the nature of things /,
871,Macrobii Ambrosii Theodosii Saturnalia /,
871,Metamorphoses :,"""Beginning with the creation of the world and ending with the deification of Augustus, Ovid interweaves many of the best-known myths and legends of Ancient Greece and Rome, including Daedalus and Icarus, Pyramus and Thisbe, Pygmalion, Perseus and Andromeda, and the fall of Troy"" --"
871,Metamorphoses /,"The theme of the Metamorphoses is change and transformation, as illustrated in Graeco-Roman myth and legend. On this ostensibly unifying thread Ovid strings together a vast and kaleidoscopic sequence of brilliant narratives, in which the often paradoxical and always arbitrary fates of his human and divine characters reflect the never-ending flux and reflux of the universe itself. ABOUT THE SERIES: For over 100 years Oxford World's Classics has made available the widest range of literature from around the globe. Each affordable volume reflects Oxford's commitment to scholarship, providing the most accurate text plus a wealth of other valuable features, including expert introductions by leading authorities, helpful notes to clarify the text, up-to-date bibliographies for further study, and much more."
871,Michael Bloomfield :,
871,The nature of Roman poetry /,
871,The nature of things /,
871,Nonnus of Panopolis in context III :,"""Nonnus of Panopolis (5th c. AD), the most important Greek poet of Late Antiquity, is best known for his Dionysiaca, a grand epic that gathers together all myths associated with Dionysus, god of wine and mysteries. The poet also authored the Paraphrase of St. John's Gospel which renders the Fourth Gospel into sophisticated hexameter verse. This volume, edited by Filip Doroszewski and Katarzyna Jażdżewska, brings together twenty-six essays by eminent scholars that discuss Nonnus' cultural and literary background, the literary techniques and motifs used by the poet, as well as the composition of the Dionysiaca and the exegetical principles applied in the Paraphrase. As such, the book will significantly deepen our understanding of literary culture and religion in Late Antiquity""--"
871,"On Married Love, Eridanus /",
871,On the nature of the universe /,"Lucretius' poem On the Nature of the Universe combines a scientific and philosophical treatise with some of the greatest poetry ever written. With intense moral fervour he demonstrates to humanity that in death there is nothing to fear since the soul is mortal, and the world and everything in it is governed by the mechanical laws of nature and not by gods; and that by believing this men can live in peace of mind and happiness. He bases this on the atomic theory expounded by the Greek philosopher Epicurus, and continues with an examination of sensation, sex, cosmology, meteorology, and geology, all of these subjects made more attractive by the poetry with which he illustrates them. Melville translates this poem in a style which is both accurate and poetical, and in language accessible to the modern reader. The Introduction gives full details of the little that is known of Lucretius' life and background in 1st century BCE Rome, and also of the Epicurean philosophy that was his inspiration. It also explores why the issues Lucretius' poem raises about the scientific and poetical views of the world continue to be important. The Explanatory Notes explain all references for the non-classicist, and attempt to situate Lucretius' scientific theories within the thought of his time and subsequent scientific discoveries."
871,Ovid :,
871,Ovid :,"""In the modern revival of interest in Ovid's exilic poetry, the Tristia have long received the most attention, although his last elegies, the Epistulae ex Ponto, reward the reader no less and are arguably more appealing - works in which his inventiveness flourishes no less than before, and in which his imaginative self-fashioning is as ingenious and engaging, though now in a minor key, as it was always was from the time of his Amores. Their comparative neglect resulted partly from a dearth of commentaries. Whereas Luck's commentary on the Tristia (1967, 1977) long made that collection more accessible, the reader of the Epistulae ex Ponto had until recently little beyond Keene (1887) in English and Scholte (1933) in Latin on book 1, both difficult to obtain. Now, however, Ovid's readers can look forward to the completion of M. Helzle's German commentary on all four books, of which the first volume, on books 1-2, appeared in 2003; his commentary on selected elegies of book 4 (1989) is in English. On book 2 we have Pérez Vega (1985) in Spanish and Galasso (1995) in Italian. In 2005 appeared J. F. Gaertner's commentary in English on book 1, a valuable work, whose vast scale perhaps diminishes its accessibility to some readers."
871,"Ovid, the love poems /","Ovid's love-poetry was typically original and innovative. His witty analysis in the Amores (Loves) of the elegiac relationship develops with relentless irony its essential paradox - love as simultaneously fulfilling and destructive - to its logical conclusion: definitive disestablishment of the poet-lover's role as presented by Gallus, Tibullus, and Propertius. In its place he went on to offer in the Ars Amatoria (Art of Love) and Remedia Amoris (Cures for Love) an equally brilliant presentation of an alternative and more realistic conception of love as a game at which both sexes can play without getting hurt - providing they stick to Ovid's rules. Under the surface of Ovid's wit there runs an undercurrent of serious meaning: the theme of the poet's complete control of his medium and his art and a proud consciousness of his achievements. His claim to be `the Virgil of elegy' is arrestingly justified in these extraordinarily accomplished poems."
871,Ovid's Heroides :,"This volume offers up-to-date translations of all 21 epistles of Ovid’s Heroides. Each letter is accompanied by a preface explaining the mythological background, an essay offering critical remarks on the poem, and discussion of the heroine and her treatment elsewhere in Classical literature. Where relevant, reception in later literature, film, music and art, and feminist aspects of the myth are also covered. The book also contains an introduction covering Ovid's life and works, the Augustan background, the originality of the Heroides, dating, authenticity and reception. A useful glossary of characters mentioned in the Heroides concludes the book. This is a vital new resource for anyone studying the poetry of Ovid, Classical mythology or women in the ancient world."
871,Ovid's literary loves :,
871,Ovid's Metamorphoses /,
871,Ovid's poetry of exile /,
871,The Ovidian heroine as author :,
871,Parthenope :,"This study of the 'Eclogues' focusses on Vergil's exploration of issues relating to the subject of human happiness ('eudaimonia') - ideas that were the subject of robust debate in contemporary philosophical schools, including the community of émigré Epicurean teachers and their Roman pupils located in the vicinity of Naples (""Parthenope""). The latent ""interplay of ideas"" implicit in the songs of the various poet-herdsmen centers on differing attitudes to acute misfortune and loss, particularly in the spheres of land dispossession and frustrated erotic desire. In the bucolic dystopia that Vergil constructs for his audience, the singers resort to different means of coping with the vagaries of fortune (tyche). This relatively neglected ethical dimension of the poems in the Bucolic collection receives a systematic treatment that provides a useful complement to the primarily aesthetic and socio-political approaches that have predominated in previous scholarship."
871,The Pervigilium Veneris :,"This study provides a critical edition of the Pervigilium Veneris with a Latin text, translation and commentary. This late-antique poem, the 'Vigil of Venus', is of unknown date and authorship. It exists in four heavily corrupted manuscripts, including the Codex Salmasianus, as part of a collection of later Latin poetry compiled around the 6th Century AD. Considerable attention has been paid to the piece since its first edition in the 16th century, largely on account of its singularity, mysterious origins and enigmatic final stanza, in which the poet suddenly bursts into the piece lamenting his 'lost muse'. Despite this scholarly interest, much work remained to be done in order to arrive at a more solid text of the poem and a more complete understanding of its meaning. This new edition, with detailed commentary notes and a full introduction to the historical and literary contexts of the poem, furthers our knowledge by offering new perspectives and analysis, incorporating existing scholarship and reviving ideas that had previously been set aside."
871,Playing the farmer :,
871,Playing with ease :,"""Playing with Ease is a book about ergonomic technique for the guitar, as well as other instruments. Renowned classical guitarist David Leisner offers an introduction to the basic anatomy of movement, advice on relieving unnecessary tension, pioneering ideas about engaging large muscles, and tips for practicing and concert preparation."""
871,The poems of St. Paulinus of Nola /,
871,Poetic allusion and poetic embrace in Ovid and Virgil /,
871,The poetic art of Aldhelm /,
871,The poetics of late Latin literature /,
871,A poetics of transformation :,
871,The quest for the melodic electric bass :,"The double bass - the preferred bass instrument in popular music during the 1960s - was challenged and subsequently superseded by the advent of a new electric bass instrument. From the mid-1960s and throughout the 1970s, a melismatic and inconsistent approach towards the bass role ensued, which contributed to a major change in how the electric bass was used in performance and perceived in the sonic landscape of mainstream popular music. Investigating the performance practice of the new, melodic role of the electric bass as it appeared (and disappeared) in the 1960s and 1970s, the book turns to the number one songs of the American Billboard Hot 100 charts between 1951 and 1982 as a prime source. Through interviews with players from this era, numerous transcriptions - elaborations of twenty bass related features - are presented. These are juxtaposed with a critical study of four key players, who provide the case-studies for examining the performance practice of the melodic electric bass. This highly original book will be of interest not only to bass players, but also to popular musicologists looking for a way to instigate methodological and theoretical discussions on how to develop popular music analysis."
871,Readers and writers in Ovid's Heroides :,
871,Reading Lucretius in the Renaissance /,
871,Reading Ovid :,
871,Reading sin in the world :,"""Prudentius is one of the major Latin poets of antiquity. A Christian living and writing in Spain in the late fourth and early fifth centuries, he was thoroughly imbued with the whole tradition of Latin poetry. The Hamartigenia is a didactic poem exploring the origins of evil and how it operates in the world. It is full of echoes and reworkings of earlier poems by Lucretius, Virgil and others, but is also a serious contribution to this important theological issue which was much discussed in Church circles of the day. This is a major new study of the Hamartigenia in the context of Prudentius' work as a whole and is striking for being as seriously interested in its theological as in its literary contribution""--"
871,Redeeming the text :,
871,The Renaissance battle for Rome :,"The Renaissance Battle for Rome examines the rhetorical battle fought simultaneously between a wide variety of parties (individuals, groups, authorities) seeking prestige or legitimacy through the legacy of ancient Rome--a battle over the question of whose claims to this legacy were most legitimate. Distinguishing four domains--power, morality, cityscape and literature--in which ancient Rome represented a particularly powerful example, this book traces the contours of this rhetorical battle across Renaissance Europe, based on a broad selection of Humanist Latin Poetry. It shows how humanist poets negotiated different claims on behalf of others and themselves in their work, acting both as ""spin doctors"" and ""new Romans"", while also undermining competing claims to this same idealized past. By so doing this book not only offers a new understanding of several aspects of the Renaissance that are usually considered separately, but ultimately allows us to understand Renaissance culture as a constant negotiation between appropriating and contesting the idea and ideal of ""Rome."""
871,Rock guitar heroes :,"""From the heroes of classic blues rock with the likes of Hendrix, Clapton, Page and Beck to modern artists such as Jack White and Muse's Matt Bellamy, this comprehensive catalogue of guitarists covers a wide range of musical styles. Learn what inspired them to create the music that led to their legendary status, how they achieved such greatness and the tools they used to get to the top""--Amazon.com."
871,Roman luxuria :,"In classical Latin, luxuria means 'desire for luxury'; it is linked with the ideas of excess and deviation from a standard. It is in most cases labelled as a vice which contrasts with the innate frugal nature of the Romans. Latin authors do not see it as endemic but as an import from the East in the aftermath of military conquests--and as a cause of fatal decline.Following these etymological and semantic origins, Roman Luxuria: A Literary and Cultural History discusses the influence of Greek culture on the Roman concept and the peculiar characteristics of Roman luxuria. It analyses Roman views on luxuria through close readings in historical order from Cato the Elder, who regards luxuria as the opposite of the ideal Roman way of life, to the Christian poet Prudentius, who represents it in an allegorical fight with Sobriety. The book attends both to key authors and to wider literary genres, such as historiography and satire. Particular consideration is given to the rhetorical device of personification, which can be traced from the first appearances of luxuria in Latin literature to those of late antiquity.Berno devotes detailed attention to Seneca the Younger, whose work is often preoccupied with this passion. Seneca both defends himself from the charge of luxuria and violently attacks it in others, describing it as the archenemy of a philosophical life. Along the centuries, the focus on luxuria shifts from the economic sphere (and the waste of money) to the erotic, to the extent that in the Christian world it becomes one of the Seven Capital Sins representing the vice of lust."
871,The Roman mistress :,
871,The Roman poets of the Augustan age :,
871,Roman poets of the Augustan age :,
871,Roman readings : translations from Latin prose and poetry /,
871,The satires /,"Juvenal has been seen as a stern moralist and, more recently, as an extravagant wit, and is acclaimed for his vivid description of the scenes which aroused his anger. He coined the famous phrase designating people `eager and anxious for two things; bread and races' (panem et circenses')."
871,Satires and epistles /,
889,American businesses in China :,"""This revised edition provides readers with a close understanding of the breathtaking technological and cultural evolution of 21st century China. The authors argue that after some 25 years of overt economic globalization, the Chinese have emerged as quite successful in their economic relationships with the West""--Provided by publisher."
889,At the palaces of Knossos :,"With the help of the princess Ariadne and other friends in the palace at Crete, Theseus enters the Labyrinth and slays the hideous Minotaur, thus spearheading the resistance of the Athenian people against King Minos."
889,"The Bimbamāna of Gautamīyaśāstra, as heard by Sāriputra /",Work deals with the in-depth study of the iconometric system for making of Buddha images.
889,The Cambridge history of African and Caribbean literature /,
889,Cavafy's Alexandria /,"C. P. Cavafy, one of the greatest modern Greek poets, lived in Alexandria for all but a few of his seventy years. Alexandria became, for Cavafy, a central poetic metaphor and eventually a myth encompassing the entire Greek world. In this, the first full-length critical work on Cavafy in English, Edmund Keeley describes Cavafy’s literary progress and aesthetic development in the making of that myth."
889,China goes global :,"Mainland China businesses are going global, transforming the country from a manufacturing export platform into an overseas investment powerhouse."
889,Chinese big business in Indonesia :,"The disintegration of Indonesia's New Order regime in 1998 and the fall of Soeharto put an end to the crude forms of centralised authoritarianism and economic protectionism that allowed large Chinese conglomerates to dom- inate Indonesia's private sector. Contrary to all expectations, most of the major capitalist groups, though damaged considerably by the Asian Crisis, managed to cope with the ensuing monumental political and economic changes, and now thrive again albeit within a new democratic environment. In this book Christian Chua assesses the state of capital before, during, and after the financial and political crisis of 1997/1998 and analyses the changing relationships between business and the state in Indonesia. Using a distinct perspective that combines cultural and structural approaches on Chinese big business with exclusive material derived from interviews with some of IndonesiaaEURO (TM)s major business leaders, Chua identifies the strategies employed by tycoons to adapt their corporations to the post-authoritarian regime and provides a unique insight into how state-business relationships in Indonesia have evolved since the crisis. Chinese Big Business in Indonesia is the first major analysis of capital in Indonesia since the fall of Soeharto, and will be of interest to graduate students and scholars of political economy, political sociology, economics and business administration as well as to practitioners having to do with Southeast Asian business and politics."
889,Chinese firms going global :,"China has increased its engagement with the world and is pursuing ambitious economic goals. Much has been written about the economic and social impact of Inbound Foreign Direct Investment (IFDI) on China with the transfer-in of Western resources and expertise. Less has been written, in an accessible way at least, on the unleashing of the entrepreneurial spirit and Outbound Foreign Direct Investment (OFDI) of China as Chinese firms have gone global.The global expansion of Chinese firms is a recent phenomenon, which is not well understood. The book is aimed at providing an important context for understanding the challenges and biases Chinese firms face while going global, using a multi-disciplinary approach weaving themes from history, contemporary Chinese politics, geopolitics, international relations, economics, finance, strategy, culture and society, together with the role of management education in developing entrepreneurs' capabilities for success.The book also explores the basis upon which Chinese firms can compete outside their domestic market by using a Four Cs' framework — core capabilities, cultural adaptability, competencies of management and country of origin. The book argues that weaknesses in several of the Four Cs' might be compensated for by the Fifth C — cooperation from government.The book will appeal to the growing legion of China-watchers and general readers who are open-minded and keen to better understand the increasing profile of Chinese firms in international markets. Are they a threat? To whom? And why?"
889,"Chinese firms, global firms :","""Peter Nolan, leading expert on the Chinese economy, analyses the true nature of Chinese firms and their place in China's growing global economy in this book. Nolan argues that whilst Chinese films appear highly successful, in reality they are at a relatively early stage of development in contrast to Western firms, with comparatively low research and development expenditure, and high reliance on domestic markets. The book explores key sectors of the economy, and discusses the dilemmas for China in formulating the next stage of its industrial policy""--"
889,The collected poems /,"E. M. Forster's description of C. P. Cavafy (1863-1933) perfectly encapsulates the unique perspective Cavafy brought to bear on history and geography, sexuality and language in his poems. Cavafy writes about people on the periphery, whose religious, ethnic and cultural identities are blurred, and he was one of the pioneers in expressing a specifically homosexual sensibility. His poems present brief and vivid evocations of historical scenes and sensual moments, often infused with his distinctive sense of irony. They have established him as one of the most important poets of the twentieth century."
889,Collected poems /,
889,Collected poems /,"In this new edition of George Seferis's poems, the acclaimed translations by Edmund Keeley and Philip Sherrard are revised and presented in a compact, English-only volume. The revision covers all the poems published in Princeton's earlier bilingual edition, George Seferis: Collected Poems (expanded edition, 1981). Winner of the Nobel Prize for Literature in 1963, George Seferis (1900-1971) has long been recognized as a major international figure, and Keeley and Sherrard are his ideal translators. They create, in the words of Archibald MacLeish, a ""translation worthy of Seferis, which is to praise it as highly as it could be praised."" Although Seferis was preoccupied with his tradition as few other poets of the same generation were with theirs, and although he was actively engaged in the immediate political aspirations of his nation, his value for readers lies in what he made of this preoccupation and this engagement in fashioning a broad poetic vision. He is also known for his stylistic purity, which allows no embellishment beyond that necessary for precise yet rich poetic statement."
889,The competitive advantage of emerging market multinationals /,
889,Competitiveness of Chinese firms :,
889,Contemporary Sephardic and Mizrahi literature :,"""In the last few years, the fields of Sephardic and Mizrahi Studies have grown significantly, thanks to new publications which take into consideration unexplored aspects of the history, literature and identity of modern Middle Eastern and North African Jews. However, few of these studies abandoned the Diaspora/Israel dichotomy and analysed the Jews who moved to Israel and those that settled elsewhere as part of a new, diverse and interconnected diaspora. Contemporary Sephardic and Mizrahi Literature argues that the literary texts produced by Sephardic and Mizrahi Jews who migrated from the Middle East and North Africa in the 1950s and afterwards, should be considered as part of a transnational arena, in which forms of Jewish diasporism and postcolonial displacement interweave. Through an original perspective that focuses on novelists, poets, professional and amateur writers - from the Israeli poets Erez Biton and Shva Salhoov to Francophone authors such as Chochana Boukhobza, Ami Bouganim and Serge Moati - the book explains that these Sephardic and Mizrahi authors are part of a global literary diaspora at the crossroads of past Arab legacies, new national identities and persistent feelings of Jewishness. Some of the chapters emphasize how the Sephardic and Mizrahi past and present identities are narrated, how generational and ethno-national issues are taken into account and which linguistic and stylistic strategies the authors adopted. Other chapters focus more explicitly on how the relations between national societies and different Jewish migrant communities are narrated, both in today's Israel and in the diaspora. The book helps to bridge the gap between Hebrew and postcolonial literature, and opens up new perspectives on Sephardic and Mizrahi literature""--"
889,Diasporic women's writing of the Black Atlantic :,"This book brings together a complete set of approaches to works by female authors that articulate the black Atlantic in relation to the interplay of race, class, and gender. The chapters provide the grounds to (en)gender a more complex understanding of the scattered geographies of the African diaspora in the Atlantic basin. The variety of approaches displayed bears witness to the vitality of a field that, over the years, has become a diasporic formation itself as it incorporates critical insights and theoretical frameworks from multiple disciplines in the social sciences and the humanities, thus exposing the manifold character of (black) diasporic interconnections within and beyond the Atlantic. Focusing on a wide array of contemporary literary and performance texts by women writers and performers from diverse locations including the Caribbean, Canada, Africa, the US, and the UK, chapters visit genres such as performance art, the novel, science fiction, short stories, and music. For these purposes, the volume is organized around two significant dimensions of diasporas: on the one hand, the material-corporeal and spatial-locations where those displacements associated with travel and exile occur, and, on the other, the fluid environments and networks that connect distant places, cultures, and times. This collection explores the ways in which women of African descent shape the cultures and histories in the modern, colonial, and postcolonial Atlantic worlds."
889,Dynamic growth of Chinese firms in the global market :,"""From Haier to Lenovo, and from Huawei to Alibaba, Chinese firms are going outside the country looking for resources, technology, markets, and a major global presence. This is a relatively new phenomenon in the world's economy, as practically all modern Chinese corporations were founded no more than 30 years ago, after the opening up and subsequent marketisation of the Chinese economy in the early 1980's. In 1979, when China only produced 2.6% of the global GDP, no one could have forecasted that China would become the world's second largest economy, whose firms can compete with, and at times outcompete, renowned and established corporate giants in some of the most competitive industries""--"
889,Emerging market multinationals :,"""Emerging market multinationals (EMNCs) can become successful global players across a wide spectrum of industries, as demonstrated by companies such as the Brazilian airplane manufacturer Embraer, the Mexican bakery Bimbo, the Russian IT firm Kaspersky Labs, the Indian conglomerate Tata Group, the South African brewer SABMiller, and the Chinese computer manufacturer Lenovo. This has resulted in a plethora of publications that discuss how such companies can challenge established multinationals from advanced economies and the distinct sources of competitive advantage they develop to achieve this""--"
889,Emerging market multinationals in Europe /,
889,The fratricides /,
889,Gendered violence and human rights in black world literature and film /,"This book investigates how the intersection between gendered violence and human rights is depicted and engaged with in Africana literature and films. The rich and multifarious range of film and literature emanating from Africa and the diaspora provides a fascinating lens through which we can understand the complex consequences of gendered violence on the lives of women, children and minorities. Contributors to this volume examine the many ways in which gendered violence mirrors, expresses, projects and articulates the larger phenomenon of human rights violations in Africa and the African diaspora and how, in turn, the discourse of human rights informs the ways in which we articulate, interrogate, conceptualise and interpret gendered violence in literature and film. The book also shines a light on the linguistic contradictions and ambiguities in the articulation of gendered violence in private spaces and war. This book will be essential reading for scholars, critics, feminists, teachers and students seeking solid grounding in exploring gendered violence and human rights in theory and practice."
889,The globalization of Chinese companies :,
889,A Greek ballad :,"This is the first English-language collection of work by the renowned Greek poet Michális Ganás. Originally from a remote village on the northwest border of Greece, Ganás witnessed the Greek Civil War as a young child, and was taken into enforced exile in Eastern Europe with his family. Weaving together subtle references to the events and places that have defined his life’s story, Ganás’s terse and technically accomplished poems are a combination of folklore, autobiography, and recent history. Whether describing the mountains of his youth or the difficulties of acclimation in Athens of the 1960s and 1970s, Ganás’s writing is infused with striking and original imagery inspired by love, memory, and loss. Featuring expert translations—made in collaboration with Ganás himself—by David Connolly and Joshua Barley, this volume also includes a scholarly introduction to the poet’s life and work."
889,Greek modernism and beyond :,
889,A hundred years of Li & Fung :,
889,International business and national war interests :,
889,International business in China :,
889,International entrepreneurship and legitimacy :,
889,Japanese multinationals :,
889,Jewish books and their readers :,"""Jewish Books and their Readers discusses the transformative effect of the circulation and readership of sacred and secular texts written by Jews on Christian as well as Jewish readers in early modern Europe. Its twelve essays challenge traditional paradigms of Christian Hebraism and undermine simplistic visions of the unchanging nature of Jewish cultural life.They ask what constituted a 'Jewish' book: how it was presented, disseminated, and understood within both Jewish and Christian environments (and how its meanings were contested), and what effect such understanding had on contemporary views of Jews and their intellectual heritage. They demonstrate how the involvement of Christians in the production and dissemination of Jewish books played a role in the shaping of the intellectual life of Jews and Christians. Contributors are: Michela Andreatta, Andrew Berns, Theodor Dunkelgrün, Federica Francesconi, Anthony Grafton Alessandro Guetta, William Horbury, Yosef Kaplan, Scott Mandelbrote, Piet van Boxel, Joanna Weinberg Benjamin Williams""--"
889,Jewish literature :,"""An in-depth, thorough exploration of modern Jewish literature from 1492 to the 21st century, rotating around the concept of ""aterritoriality"" to appreciate the diasporic journey Jews have embarked on across geographic and linguistic spheres from 1492 to the present. At the centre of it are canonical figures like Franz Kafka, Isaac Babel, Bruno Schulz, Anne Frank, Martin Buber, Hannah Arendt, Isaac Bashevis Singer, Saul Bellow, Philip Roth, Grace Paley, Jacobo Timerman, Moacyr Scliar, and Susan Sontag. Unlike the output of other national literatures, Jewish literature doesn't have a fixed address. As a result, its practitioners are at once insiders and outsiders""--"
889,Kazantzakis :,
889,Kazantzakis :,
889,Kazantzakis and God /,
889,Literature's refuge :,"""For the Translation/Transnation comparative literature series, a monograph that explores the refugee and diasporic literatures that resulted from the 1923 population exchange between Greece and Turkey""--"
889,Masterworks of Asian literature in comparative perspective :,"This is a collection of 46 essays by specialists in Asian literature, who offer a wide range of possibilities for introducing Asian literature to English-speaking students. It is intended to help in promoting multicultural education."
889,Modern Greek poetry :,
889,Modern orthodoxies :,
889,The Oxopetra elegies ; West of sorrow /,
889,Performance measurement systems :,"Performance Measurement Systems (PMSs) are of utmost importance for multinational companies since they provide head offices with information on the subsidiaries’ performance and are expected to influence the subsidiaries’ decisions. However, despite their high importance, little is known about the design and adoption of PMSs in multinational companies. Therefore, this study analyzes in detail how head offices of German multinational companies design their PMSs. Furthermore, it also investigates how this PMS is adopted by the subsidiaries of these multinational companies. The findings have implications for researchers and practitioners such as management accountants in multinational companies’ head offices and subsidiaries."
889,Places and forms of encounter in Jewish literatures :,"""In the past years, reflections on Jewish literatures and theoretical and methodological approaches discussed in Comparative Literature have converged. Places and Forms of Encounter in Jewish Literatures. Transfer, Mediality and Situativity brings together close readings and contextualizations of Jewish literatures with theories discussed in Comparative and World Literature Studies. The contributions are arranged in five chapters capturing central processes, actors and dynamics in the making of literatures, namely Literary Agents, Literary Figures, Writing Voids, Making of Literatures and Perceiving and Creating Languages. The volume seeks to illuminate the interrelations between literary systems, and to highlight Jewish literatures as a prism for encounters on the levels of text, discourse and culture, and their transformative force""--"
889,Plays of the Veneto-Cretan Renaissance :,
889,The rehearsal of misunderstanding :,
889,Report to Greco /,
889,The rise of Asian firms :,"Asian economies have become a driving force in the world economy, so are the Asian firms, especially those from emerging markets. This book presents a collection of articles that address the strengths and strategies of the rising Asian firms in the process of internationalization and the challenges they face."
889,The rise of multinationals from emerging economies :,"The 41st Annual Conference of the Academy of International Business UK and Ireland Chapter was held at The University of York in April 2014. The theme of the conference was Achieving a New Balance: The Rise of Multinationals from Emerging Economies and the Prospects for Established Multinationals. This book contains records of keynote speeches and special session on key topics, as well as selection of some of the best papers presented at the conference."
889,The Routledge handbook of the new African diasporic literature /,"""The Routledge Handbook of the New African Diasporic Literature introduces world literature readers to the transnational, multivocal writings of immigrant African authors. Covering works produced in Europe, North America, and elsewhere in the world, the book investigates three major aesthetic paradigms in African diasporic literature: the Sankofan wave (late 1960s- early 1990s); the Janusian wave (1990s-2020s); and the Offshoots of the New Arrivants (those born and growing up outside Africa). Written by well-established and emerging scholars of African and diasporic literatures from across the world, the chapters in the book cover the works of well-known and not so well-known Anglophone, Francophone, and Lusophone writers from different theoretical positionalities and critical approaches, pointing out the unique innovative artistic qualities of this major subgenre of African literature. The focus on the ""diasporic consciousness"" of the writers and their works sets this handbook apart from others that solely emphasize migration, which is more of a process than the community of settled African people involved in the dynamic acts of living reflected in diasporic writings. This book will appeal to researchers and students from across the fields of Literature, Diaspora Studies, African Studies, Migration Studies, and Postcolonial Studies""--"
889,The selected letters of Nikos Kazantzakis /,"The life of Nikos Kazantzakis-the author of Zorba the Greek and The Last Temptation of Christ-was as colorful and eventful as his fiction. And nowhere is his life revealed more fully or surprisingly than in his letters. Edited and translated by Kazantzakis scholar Peter Bien, this is the most comprehensive selection of Kazantzakis's letters in any language. One of the most important Greek writers of the twentieth century, Kazantzakis (1883-1957) participated in or witnessed some of the most extraordinary events of his times, including both world wars and the Spanish and Greek civil wars. As a foreign correspondent, an official in several Greek governments, and a political and artistic exile, he led a relentlessly nomadic existence, living in France, Czechoslovakia, Austria, Germany, Italy, Spain, the Soviet Union, and England. He visited the Versailles Peace Conference, attended the tenth-anniversary celebration of the Bolshevik Revolution, interviewed Mussolini and Franco, and briefly served as a Greek cabinet minister-all the while producing a stream of novels, poems, plays, travel writing, autobiography, and translations. The letters collected here touch on almost every aspect of Kazantzakis's rich and tumultuous life, and show the genius of a man who was deeply attuned to the artistic, intellectual, and political events of his times."
889,Selected poems /,
889,Selected Poems by C.P. Cavafy /,"C.P. Cavafy (1863-1933) is now considered by many to be the most original and influential Greek poet of this century. The qualities of his poetry that were unfashionable during his lifetime are the very ones that make his work endure: his sparing use of metaphor; his evocation of spoken rhythms and colloquialisms; his use of epigrammatic and dramatic modes; his aesthetic perfectionism; his frank treatment of homosexual themes; his brilliantly alive sense of history; and his commitment to Hellenism, coupled with an astute cynicism about politics. The translations in Selected Poems are comple"
889,Selected Poems by C.P. Cavafy /,"C.P. Cavafy (1863-1933) is now considered by many to be the most original and influential Greek poet of this century. The qualities of his poetry that were unfashionable during his lifetime are the very ones that make his work endure: his sparing use of metaphor; his evocation of spoken rhythms and colloquialisms; his use of epigrammatic and dramatic modes; his aesthetic perfectionism; his frank treatment of homosexual themes; his brilliantly alive sense of history; and his commitment to Hellenism, coupled with an astute cynicism about politics. The translations in Selected Poems are comple"
889,The shade of Homer :,
889,The shade of Homer :,
889,The silk road rediscovered :,"""A road map for Indian companies who want to do business in ChinaFor almost every large Indian company, China has become mission critical as a market, a supplier, a source of low cost capital, a platform for global advantage, a partner, and a competitor. However, for most Indian executives, their understanding of China is rooted largely in myths. As a result, many Indian executives tend to assume either ""if we can succeed in India, we can surely succeed in China"" or ""China is so different, there's no way we can make any headway there."" This much-needed book provides an action-oriented resource for Indian companies to address the challenges and capture the opportunities that China represents. Building on the central premise that succeeding in China is neither impossible nor a cakewalk, this book is based on real-life case studies of several Indian companies who have been successful in China, including Tata Consulting Services, Tata Motors' Jaguar Land Rover subsidiary, Mahindra & Mahindra, NIIT, Sundaram Fasteners and others. Offers a timely guide for Indian companies that want to tap into the multi-faceted opportunities offered by China Filled with case studies of several Indian companies that have made successful inroads in the Chinese marketplace Authors are among the most respected and well-known experts on China and India This book is a must-have guide for Indian companies that want to expand into the global marketplace""--"
889,The suffering god :,
889,Understanding Japanese management practices /,"Japan has survived a major recession and Japanese companies have employed numerous new management strategies to deal with the new challenges. These strategies may also be of interest to Western and non-Western companies alike. This book outlines the particulars of Japanese management and how modern Japanese management employs many practices which are very successful and worth adopting. The main objective of this book is to illustrate the many teachings that Japanese management practice can offer the rest of the world. The book thus targets managers who deal with Japanese business partners, or work in Japan, students of Japanese Studies, Asian Studies or International Business."
889,Understanding multinationals from emerging markets /,"""Why have relatively poor and underdeveloped countries been able to spawn so many global firms in the last two decades? Are emerging market multinationals (EMNCs) really different from successful multinationals from developed economies? This book tackles these and other fundamental theoretical questions about EMNCs. A distinguished group of researchers assesses the unique strategies and behavior of successful EMNCs, from the Chinese telecommunications firm Huawei to the Indian conglomerate Tata, to the South African beverages firm SABMiller. They address a range of topics, such as the drivers of internationalization by EMNCs; their distinctive process capabilities; how they catch up with established rivals on technology; how state ownership or business-group affiliation affects their behavior; and why they sometimes relocate their headquarters to advanced economies. This book will appeal to scholars and graduate students in global strategy and international business, as well as consultants of multinational companies, looking for state-of-the-art analysis of EMNCs""--"
889,Who wants to be a Jewish writer? :,
889,Worshiping Siva and Buddha :,
013,The bases of competence :,
013,"The Black press in Mississippi, 1865-1985 /",
013,Business education and training :,
013,Buvette :,
013,The challenge of problem based learning /,
013,The challenge of problem-based learning /,
013,Color atlas of embryology /,"The color atlas presents the complex and fascinating field of embryology in an easy-to-understand fashion with the help of 176 beautiful, didactically organized color plates. Because medical students and biologists need different types of information, topics relevant to each field have been clearly differentiated, making it possible to learn in a focused and time-saving manner. The overview at the beginning of each section orients the reader quickly and provides a convenient study aid. Interested readers (not only physicians and biologists) can delve into any number of topics, from the basics of reproductive biology to general embryology, including the ""hot"" topics related cellular and molecular biology."
013,The dark queens :,"The remarkable, little-known story of two trailblazing women in the Early Middle Ages who wielded immense power, only to be vilified for daring to rule. Brunhild was a foreign princess, raised to be married off for the sake of alliance-building. Her sister-in-law Fredegund started out as a lowly palace slave. And yet, in sixth-century Merovingian France, where women were excluded from noble succession and royal politics was a blood sport, these two iron-willed strategists reigned over vast realms, changing the face of Europe"
013,Developing learning in professional education :,
013,Developing professional education /,"""Institutions of higher education are currently having to react speedily and creatively to a range of demands connected with education for intending and already qualified professionals. In addition to traditional requirements for continuous professional development and updating, there is a growing awareness of skills needs, interprofessional cooperation, and innovative learning styles. This volume examines the context, development and management of a portfolio of professional courses. It draws out a number of practical case studies from one institution, Oxford Polytechnic, and emphasizes the necessity of a planned institutional framework including an overarching strategy for professional education. The overall design of the book identifies key issues and objectives and shows in practical ways how institutions can act to meet them. It should be of interest to those involved in the development and management of professional courses at both the course and departmental/institutional levels, as well as to others with a broad interest in issues of professional practice.""--BOOK JACKET."
013,Developing the capable practitioner :,This edited compilation of papers examines the processes of developing capable professionals and practitioners through higher education. The contributors review current developments in education - for educators and managers - echoing the issues raised by the Dearing and Learning Age Reports. The book focuses particularly on the development of individual capability through effective self-managed learning.
013,Discursive constructions of consent in the legal process /,"As a linguistically-grounded, critical examination of consent, this volume views consent not as an individual mental state or act but as a process that is interactionally-and discursively-situated. It highlights the ways in which legal consent is often fictional (at best) due to the impoverished view of meaning and the linguistic ideologies that typically inform interpretations and representations in the legal system. The authors are experts in linguistics and law, who use diverse theoretical and analytical approaches to examine the complex ways in which language is used to seek, negotiate, give, or withhold consent in a range of legal contexts."
013,Distorted character fusion by wavelet transformation /,
013,East and West :,
013,Eating in Eden :,
013,Educating professionals :,"""Today's relentless economic, cultural, and technological changes threaten to make curricula in professional schools obsolete before students complete their programs. How can professional education adapt and keep pace with changing expectations? What should be the priorities for change in professional education as we move into the next century?"" ""Educating Professionals is a comprehensive examination of how to educate professionals for practice in the twenty-first century - and how that education needs to be different from the way it is today. In thirteen original chapters, the authors identify the social and political forces that will affect the roles of professionals and change the definitions of professional skill. They explain how professional schools can meet the changing requirements of practice. And they show how educating professionals for the future will ultimately require stronger bonds between educational systems and our systems of practice - including more accurate measures of competence, a more integrated system of continuing professional education, and a broader view of faculty scholarship."" ""The authors show, for example, how liberal learning - traditionally thought to be solely a concern of undergraduate curricula - is critical to effective professional education and describe how liberal learning goals can be adapted for and assessed in specific professional curricula. They describe how the subject of professional ethics can indeed be taught and learned, and provide specific practical advice on the critical task of teaching problem solving. And they offer a range of key principles and strategies for supporting fundamental change in professional education.""--BOOK JACKET."
013,Effective continuing education for professionals /,
013,Enhancing professional education through experiential learning /,
013,French food :,
013,Fruit from the sands :,"""The foods we eat have a deep and often surprising past. Many foods we consume today--from almonds and apples to tea and rice--have histories can be traced along the tracks of the Silk Road out of prehistoric Central Asia to European kitchens and American tables. Organized trade along the Silk Road dates to at least Han Dynasty China in the second century B.C., but the exchange of goods, ideas, cultural practices, and genes along these ancient trading routes extends back five thousand years. Balancing a broad array of archaeological, botanical, and historical evidence, Fruit from the Sands presents the fascinating story of the origins and spread of agriculture across Inner Asia and into Europe and East Asia. Through the preserved remains of plants in archaeological sites, Robert N. Spengler III identifies the regions where our most familiar crops were domesticated and follows their routes as people carried them around the world. Vividly narrated, Fruit from the Sands explores how the foods we eat have shaped the course of human history and transformed consumption all over the globe""--Provided by publisher."
013,Governments and professional education /,
013,Governments and professional education /,
013,Higher education and the preparation for work /,
013,History and identity in the late antique Near East /,
013,Images of Mithra /,"With a history of use extending back to Vedic texts of the second millennium BC, derivations of the name Mithra appear in the Roman Empire, across Sasanian Persia, and in the Kushan Empire of southern Afghanistan and northern India during the first millennium AD. Even today, this name has a place in Yazidi and Zoroastrian religion. But what connection have Mihr in Persia, Miiro in Kushan Bactria, and Mithras in the Roman Empire to one another? This book offers a fresh approach to how we think about gods in the ancient world. Over the course of the volume, specialists in the material culture of these diverse regions explore appearances of the name Mithra from six distinct locations in antiquity. In a subversion of the usual historical process, the authors begin not from an assessment of texts, but by placing 'images of Mithra' at the heart of their analysis. Careful consideration of each example's own context, situating it in the broader scheme of religious traditions and on-going cultural interactions, is key to this discussion. Such an approach opens up a host of potential comparisons and interpretations that are often side-lined in historical accounts. Further implications are made clear in a fascinating epilogue to the volume on the Mesoamerican god Quetzalcoatl."
013,Innovations in professional education :,
013,Internships :,"Internships: Quality Education Outside of Class is designed to demonstrate that important and rich learning opportunities can be found outside a formal lecture class through engaging internships. The volume features carefully curated articles that speak to how these opportunities enhance students' professional career prospects, and how students can maximize their educational value. The anthology contains 16 individual readings that cover a variety of topics, including how internships provide a bridge between college and the workforce, how overseas opportunities can provide students with global perspective, whether students should receive credits for internships, and how internships can help students develop job readiness and emotional awareness. Additional readings address internships as pathways to public service, internships at the national level, NASPAA guidelines for public service internships, typical characteristics of a social science internship program, academic advice for students regarding internship selection, and more. Providing readers with valuable knowledge to prepare them to make the most of their experiences, Internships is an ideal resource for any individual who is considering participation in an internship program.--Provided by publishe"
013,The last Vikings :,
013,The last vikings :,
013,"Learning, curriculum and employability in higher education /",
013,Lecture notes in state and local public finance :,
013,Leisure and employment : a study of the recreational and employment requirements of young people aged 15-19 years in Shek Pai Wan Estate /,
013,Long-wave optics :,
013,Long-wave optics :,
013,The lost archive :,"""The lost archive of the Fatimid caliphate (909-1171) survived in an unexpected place: the storage room, or geniza, of a synagogue in Cairo, recycled as scrap paper and deposited there by medieval Jews. Marina Rustow tells the story of this extraordinary find, inviting us to reconsider the longstanding but mistaken consensus that before 1500 the dynasties of the Islamic Middle East produced few documents, and preserved even fewer. Beginning with government documents before the Fatimids and paper's westward spread across Asia, Rustow reveals a millennial tradition of state record keeping whose very continuities suggest the strength of Middle Eastern institutions, not their weakness. Tracing the complex routes by which Arabic documents made their way from Fatimid palace officials to Jewish scribes, the book provides a rare window onto a robust culture of documentation and archiving not only comparable to that of medieval Europe, but, in many cases, surpassing it. Above all, Rustow argues that the problem of archives in the medieval Middle East lies not with the region's administrative culture, but with our failure to understand preindustrial documentary ecology. Illustrated with stunning examples from the Cairo Geniza, this compelling book advances our understanding of documents as physical artifacts, showing how the records of the Fatimid caliphate, once recovered, deciphered, and studied, can help change our thinking about the medieval Islamicate world and about premodern polities more broadly.""--Provided by publisher."
013,Medieval Islamic historiography :,
013,The Merovingian kingdoms 450-751 /,"A comprehensive scholarly survey of the Merovingian dynasty's 300-year rule of the Frankish,kingdom they founded in France, Belgium, the Rhineland and Switzerland. The kingdom was the largest, the most powerful and longest-enduring of all Imperial Rome's western successors, yet the Merovingians themselves have been harshly treared by posterity (largely because of the hostility of the Carolingian dynasty that usurped and succeeeded them). Ian Wood rescues them from the shadows of obscurity and contempt in this major contribution to early medieval historiography: he brings to life one of the most fomative yet least understood periods of Western European History. Period reassessed entirely from original sources: major scholarly undertaking that should become the standard study of the subject for the next generation of scholars Covers all aspects of the Merovingian period, and considers their influence not just on their own territories but also on Europe more widely, reassessing their cultural importance to the sixth and seventh centuries."
013,Merovingian worlds /,"""This book offers an essential, up-to-date guide to European history c. 450-751. It will be critical reading for students taking medieval survey courses and more specialist modules on the period. It will benefit scholars and teachers by introducing the technicalities of the evidence and how to interpret it""--"
013,Messianic beliefs and imperial politics in medieval Islam :,
013,The Monocle guide to drinking & dining /,
013,The nature of recreation :,
013,Organizational learning in higher education /,"""In this volume of New Directions for Higher Education, the authors explore ways that concepts of organizational learning have been applied within higher education settings by examining the role of institutional research offices, librarians, centers for teaching and learning, and institutional leaders.""--BOOK JACKET."
013,The Oxford handbook of state and local government finance /,
013,The Oxford handbook of the Merovingian world /,"""The Merovingian era is one of the best studied yet least known periods of European history. From the fifth to the eighth centuries, the inhabitants of Gaul (what now comprises France, southern Belgium, Luxembourg, Rhineland Germany and part of modern Switzerland), a mix of Gallo-Romans and Germanic arrivals under the political control of the Merovingian dynasty, sought to preserve, use, and reimagine the political, cultural, and religious power of ancient Rome while simultaneously forging the beginnings of what would become medieval European culture and identity""--"
013,The perfect meal :,"""The first book dedicated to the sensory science behind ""eating out"", considering every sensation involved in the dining experience""--Provided by publisher."
013,"Performance, ethics and spectatorship in a global age /",
013,Practice-based education,
013,The Prophet and the age of the caliphates :,"The Prophet and the Age of Caliphates is an accessible history of the Near East from c.600-1050AD, the period in which Islamic society was formed. Beginning with the life of Muhammad and the birth of Islam, Hugh Kennedy goes on to explore the great Arab conquests of the seventh century and the golden age of the Umayyad and Abbasid caliphates when the world of Islam was politically and culturally far more developed than the West. The arrival of the Seljuk Turks and the period of political fragmentation which followed shattered this early unity, never to be recovered. This new edition is fully updated to take into account the considerable amount of new research on early Islam, and contains a completely revised bibliography. Based on extensive reading of the original Arabic sources, Kennedy breaks away from the Orientalist tradition of seeing early Islamic history as a series of ephemeral rulers and pointless battles by drawing attention to underlying long term social and economic processes."
013,The provocation of the senses in contemporary theatre /,
013,The reflective practitioner in professional education /,
013,The reflective practitioner in professional education /,
013,The science of the oven /,
013,Tackling the challenges to professional education :,
013,Umayyad legacies :,
013,Uncovering the Germanic past :,"""Uncovering the Germanic Past brings to light an unexpected side-effect of France's nineteenth-century Industrial Revolution. While laying tracks for new rail lines, quarrying for stone, and expanding lands under cultivation, French labourers uncovered bones and artefacts from long-forgotten cemeteries. Although their original owners were unknown, research by a growing number of amateur archaeologists of the bourgeois class determined that these were the graves of Germanic 'warriors', and their work, presented in provincial learned societies across France, documented evidence for significant numbers of Franks, Burgundians, and Visigoths in late Roman Gaul. They thus challenged prevailing views in France of the population's exclusively Gallic ancestry, contradicting the influential writings of Parisian historians like Augustin Thierry and Numa-Denis Fustel de Coulanges. Although some scholars drew on this material evidence to refine their understanding of the early ancestors of the French, most ignored, at their peril, inconvenient finds that challenged the centrality of the ancient Gauls as the forebears of France. Crossing the boundaries of the fields of medieval archaeology and history, nineteenth-century French history, and the history of science, Effros suggests how the slow progress and professionalization of Merovingian (or early medieval) archaeology, a sub-discipline in the larger field of national archaeology in France, was in part a consequence of the undesirable evidence it brought to light.""--Publisher's website."
013,When states go broke :,
013,Winning support for parks and recreation /,
013,The world of wine and food :,"Pairing the right wine with the foods we love can be tricky. Most people go by what they think they know or what they read in magazines or online. Here, Don Philpott takes an international approach to understanding wine, wine varieties, and the foods they pair with best. Accessible and clear, it will appeal to novices as well as true oenophiles."
089,折口信夫全集.,
089,Advances in veterinary science and comparative medicine.,
089,Advances in veterinary science and comparative medicine.,
089,African American performance and theater history :,
089,African American politics /,
089,African American religious thought :,"Believing that African American religious studies has reached a crossroads, Cornel West and Eddie Glaude seek, in this landmark anthology, to steer the discipline into the future. Arguing that the complexity of beliefs, choices, and actions of African Americans need not be reduced to expressions of black religion, West and Glaude call for more careful reflection on the complex relationships of African American religious studies to conceptions of class, gender, sexual orientation, race, empire, and other values that continue to challenge our democratic ideals."
089,African Zion :,
089,All things bright and beautiful /,
089,All things wise and wonderful /,"James Herriot is probably the most beloved living writer. When All Things Bright and Beautiful was published three years ago, it became the number one best seller in the world, winning still new friends for the Yorkshire veterinarian whose first book All Creatures Great and Small had already been enjoyed by millions of readers. In this, his third book, he takes up where he left off-- both in terms of the warmth, humor, and skill with which he writes, and in the story itself. It is World War Two and James has just been inducted into the RAF. We see him at training camp and we go back to Yorkshire-- on real trips as he breaks away to see Helen who is about to have a baby, and on trips of reverie as he recalls the Dales, the animals, and the Yorkshire people who have so enriched his life. We meet old friends again-- his partner Siegfried, the zany Tristan, the bon vivant Granville Bennett-- and scores of new folk, each with a story to tell. James Herriot is back, and, as one reviewer said of his work, ""If ever you have loved a friend, human or otherwise, this is the book for you."""
089,American Indian thought :,
089,The anger gap :,"""Anger is a powerful mobilizing force in American politics on both sides of the political aisle, but does it motivate all groups equally? This book offers a new conceptualization of anger as a political resource that mobilizes black and white Americans differentially to exacerbate political inequality. Drawing on survey data from the last forty years, experiments, and rhetoric analysis, Phoenix finds that-- from Reagan to Trump-- black Americans register significantly less anger than their white counterparts and that anger (in contrast to pride) has a weaker mobilizing effect on their political participation. The book examines both the causes of this and the consequences. Pointing to black Americans' tempered expectations of politics and the stigmas associated with black anger, it shows how race and lived experience moderate the emergence of emotions and their impact on behavior. The book makes multiple theoretical contributions and offers important practical insights for political strategy""--"
089,Animal biodiversity and emerging diseases :,
089,Black and Asian athletes in British sport and society :,
089,Blackfoot war art :,
089,Business across cultures /,
089,The business of identity :,
089,The Cambridge companion to African American theatre /,"""This Companion provides a comprehensive overview of African American theatre, from the early nineteenth century to the present day. Along the way, it chronicles the evolution of African American theatre and its engagement with the wider community, including discussions of slave rebellions on the national stage, African Americans on Broadway, the Harlem Renaissance, African American women dramatists, and the 'New Negro' and 'Black Arts' movements. Leading scholars spotlight the producers, directors, playwrights and actors whose efforts helped to fashion a more accurate appearance of Black life on stage, and reveal the impact of African American theatre both within the United States and further afield. Chapters also address recent theatre productions in the context of political and cultural change and ask where African American theatre is heading in the twenty-first century""--"
089,Celts and their games and pastimes /,
089,The color of justice :,
089,The Color of justice :,
089,"Crossing sidelines, crossing cultures :",
089,The dread plague and the cow killers :,"""The disease went by many names and people told different stories about it. Scientists called it aftosa, or foot-and-mouth disease. The other anglophone term, hoof-and-mouth disease, was more precise: cloven-hoofed animals carrying the virus typically slobbered, developed painful blisters, and lost weight. Some aborted and a handful - mainly newborn animals- died. US and Mexican officials argued that the disease was a ""dread plague""- a terrifying and grave threat to national wellbeing, akin to floods, storms, or earthquakes. From 1947 to 1954 a bilateral commission waged a campaign across central Mexico against this dangerous enemy. Many Mexicans regarded the campaign as a farcical and cruel affair. Most animals seemed to recover quickly, and many farmers believed that the disease was simply a version of a mild, familiar illness which they called mal de yerba or mal de boca- grass or mouth sickness. Few had seen anything quite like the anti-aftosa campaign before: brigades of pith-helmeted veterinarians, cowhands, and soldiers who dressed in bizarre heavy rubber overalls, drove through the country in jeeps, personnel carriers, and souped-up former ambulances, traipsed over the sierra on horses or mules, or scuttled along rivers in wooden canoes, imposing quarantine, exacting fines, and dousing farms with acrid chemicals. At the start of campaign, they corralled hundreds of thousands of cows, pigs, goats and sheep and shot them dead. Compared to run-of-the mill robavacas- cattle rustlers- their motives were hard to understand""--"
089,"Ecology, sociopolitical organization, and cultural change on the southern plains :",
089,Elders :,
089,Ethical issues concerning the experience of representational predicaments at work /,
089,Glory bound :,"African American athletes have experienced a tumultuous relationship with mainstream white America. Glory Bound brings together for the first time eleven essays that explore this complex topic. In his writings, well-known sports scholar David K. Wiggins recounts the struggle of black athletes to participate fully in sports while maintaining their own cultural identity and pride. Wiggins examines the seminal moments that defined and changed the black athlete's role in white America from the nineteenth century to the present: the personal crusade of Wendell Smith to promote black participation in organized baseball, the triumph of Jesse Owens at the 1936 Olympics and the proposed boycott of the Games, and the response of America's black press and community. Glory Bound demonstrates how the civil rights movement changed the face of American athletics and society forever. With the genesis of the black power movement in sport, Wiggins notes a significant shift in black - and white - America's attention to the African American athlete."
089,Guide to antimicrobial use in animals /,
089,Harmony by hand :,
089,A history of Asian American theatre /,"""Based on over seventy interviews, the book surveys the history of Asian American theatre from 1965 to 2005 with focus on actors, playwrights, companies, audiences, and communities. Emphasizing historical contexts, Esther Kim Lee examines how issues of cultural nationalism, interculturalism, and identity politics affect a racially defined theatre. Addressing issues ranging from actors' activism to Asian diaspora, the book documents how Asian American theatre has become an indispensable part of American culture.""--BOOK JACKET."
089,A history of Asian American theatre /,
089,Honoring the ancestors :,
089,If only they could talk /,"To young James Herriot, fresh out of veterinary college, Yorkshire appears to offer an idyllic pocket of rural life in a rapidly changing world. But even life in the sleepy village of Darrowby has its challenges: from his new colleagues, brothers Siegfried and Tristan Farnon, to herds of semi-feral cattle and gruff farmers with incomprehensible accents. Heart-breaking and hilarious in equal measure, If Only They Could Talk is the first volume of classic memoirs which chronicle James Herriot's first years as country vet in the 1930's. This beautiful Macmillan Collector's Library edition of If Only They Could Talk features an afterword by Yorkshire Shepherdess and author Amanda Owen."
089,In the game :,
089,In the spirit of resistance :,
089,Inca :,"""The Incas and their predecessors are renowned for their ceramics, their precious metalwork and their colossal stone buildings. But how did they dress? Precious textiles were used by the Incas not only to clothe themselves but also as a symbol of power and identity, for sacrificial purposes and as a means of exchange. This book showcases a breathtaking selection of textiles and feathers, as well as gold, silver and shell jewellery. With texts by ten renowned scholars and over 300 colour illustrations, Inca: Textiles and Ornaments from the Andes will allow you to discover the Inca's mastery of the art of weaving, the incredible motifs and the variety of colours of fibres and feathers used in their textiles""--Publisher's website."
089,Institutions and ethnic politics in Africa /,
089,Invisible enlighteners :,"""This book is a case study of the important Jewish community of the Italian city of Modena. It covers the seventeenth and long eighteenth centuries""--"
089,Labor's lot :,
089,Laboratory animal medicine /,
089,The language of Nazi genocide :,
089,Making contact :,
089,Mamluks and animals :,
089,Managing outsourcing to develop business : goal interdependence for sharing effective business practices in China /,
089,Mothership connections :,"Bringing a black Atlantic approach to constructive postmodern efforts to understand and transcend modern worldviews and modern world orders, Mothership Connections draws upon the work of scholars in the tradition of W. E. B. Du Bois, Charles H. Long, Alfred North Whitehead, and Charles Hartshorne. The author shows that connections to the originating influences of transatlantic slavery and black Atlantic experiences are essential to any adequate account of modernity and postmodernity. He also argues that metaphysics is essential to theology and moral theory, synthesizing neoclassical metaphysics and black theology to develop a black Atlantic account of metaphysical aspects of struggle, power, and ethical deliberation."
089,National need and priorities for veterinarians in biomedical research /,
089,New race politics in America :,
089,North American Indian art /,
089,Outline of veterinary clinical pathology /,
089,The Oxford handbook of African American theology /,"African American theology has a long and important history. With modern roots in the civil rights movements of the 1960s, African American theology has gone beyond issues of justice and social transformation to participate in broader dialogues of theological inquiry. The Oxford Handbook of African American Theology brings together leading scholars in the field to offer a critical and comprehensive analysis of this theological tradition in its many forms and contexts. Using an interdisciplinary approach, this Oxford Handbook examines the nature, structures, and functions of African American Theology. The volume surveys the field by highlighting its sources, doctrines, internal debates, current challenges, and future prospects in order to present key topics related to the wider palette of Black Religion in a sustained scholarly format. This formative collection presents current scholarship on African American Theology and scripture, eschatology, Christology, womanist theology, sexuality, ontology, the global economy, and much more. The contributors represent a diverse set of faith perspectives, adding to the layered discourses within the volume. These essays further important discussions on the pressing debates and challenges that shape black and womanist theologies."
089,The Peranakan Chinese home :,"Discover the rarified Peranakan (native-born Chinese of Southeast Asia) aesthetics that are today highly sought-after for their beauty: distinctive furniture and ceramics, textiles and jewellery, and many other art objects."
089,The Peranakan Chinese home :,"Discover the rarified Peranakan (native-born Chinese of Southeast Asia) aesthetics that are today highly sought-after for their beauty: distinctive furniture and ceramics, textiles and jewellery, and many other art objects."
089,The skin I'm in :,
089,Social complexity in the making :,
089,Some of these days :,
089,Tales from the symphony :,"""This book contains conversations with over a dozen African American musicians currently performing-or who have previously performed-in America's major symphony orchestras. These conversations shed light on the realities of African American musicians playing in a musical environment that forbade their membership over half a century ago""--"
089,Tick vector biology :,
089,Tribal sculpture :,
089,"Turks in the Indian Subcontinent, Central and West Asia :","For almost a millennium until the beginning of the twentieth century, Turkish rulers and military commanders controlled vast stretches of Islamic lands. While these rulers dominated lands far and wide-from Algeria in the west to Bengal in the east, reaching up to the Volga region in the north and Yemen in the south-Turkish scholars, theologians, jurists, poets, and other literary figures significantly influenced the Islamic world and its culture. Highlighting the political and cultural history of the Turks-not only within the context of the Indian subcontinent, where they laid the foundation of one of the world's biggest empires in the form of the Mughal Empire, but also within the context of Central and West Asia-this outstanding work of collective scholarship moves beyond conventional frames of reference and reassesses the contribution of Turks in the shaping of the Islamic world and its civilization. With contributions from some of the most noted scholars on Islamic history, the essays in this volume throw light on neglected themes such as the cultural changes among the Turks and their emergence in the Islamic world; their contributions in the fields of cartography and geography; Seljuq architecture and educational system; and the rise of the Safavids and the role of the Turks in the success of their military campaigns."
089,Understanding cultural diversity in today's complex world /,
089,Unified separation science /,
089,Vet in a spin /,
089,Veterinary microbiology and microbial disease /,"""Veterinary Microbiology is one of the core subjects for veterinary students. Fully revised and expanded, this new edition covers every aspect of veterinary microbiology for students in both paraclinical and clinical years. It provides concise descriptions of the groups of micro-organisms, diseases they produce, immunological aspects and a summary of infectious diseases based on their main clinical signs. New to this edition:Diagrams throughout showing the transmission of infection New chapters on the application of molecular methods, food safety and public health, skin, the respiratory system, cardiology, and the urinary tract Revisions to existing text and many more illustrations""--Provided by publisher."
089,Veterinary science :,"Every year around the world veterinarians treat billions of animals, from house cats to racehorses to pythons. In this Very Short Introduction, James Yeates covers the long history of veterinary science, showing how it has developed over the past five centuries as our understanding of animals' fundamental biology, pathology, and pharmacology has grown. Considering the key roles of diagnosis, treatment, and prevention in animal health, he discusses recent challenges such as the outbreak of BSE, and antibiotic resistance. Finally, Yeates considers the future of the field, and the difficulties vets face in balancing the interests of owners and animals when they don't coincide."
089,Wishbone :,
164,"Adsorptive removal of manganese, arsenic and iron from groundwater /",
164,Aquananotechnology :,"""Nanotechnology is finding numerous uses in the water industry, including high surface area filtration media, membranes for desalination plants, and fundamental new methods for desalination. This book provides a comprehensive overview from a global perspective, the latest research, and developments in the use of nanotechnology for water purification and desalination methods. It demonstrates the role of nanotechnology in water treatment""--"
164,Born in flames :,"""Ladies and gentlemen, the Bronx is burning!' That legendary and apocryphal phrase, allegedly uttered by announcers during the 1977 World Series as flames rose above Yankee Stadium, seemed to encapsulate an entire era in this nation's urban history. Across that decade, a wave of arson coursed through American cities, destroying entire neighborhoods home to poor communities of color. Yet as historian Bench Ansfield demonstrates in Born in Flames, the vast majority of the fires were not set by residents, as is commonly assumed, but by landlords looking to collect insurance payouts. Driven by perverse incentives--new government-sponsored insurance combined with tanking property values--landlords hired ""torches,' mostly Black and Brown youth, to set fires in the buildings, sometimes with people still living in them. Tens of thousands of families lost their homes to these blazes, yet for much of the 1970s, tenant vandalism and welfare fraud stood as the prevailing explanations for the arson wave, effectively indemnifying landlords. Ansfield's book, based on a decade of research, introduces the term ""brownlining"" for the destructive insurance practices imposed on poor communities of color under the guise of racial redress. Ansfield shows that as the FIRE industries--finance, insurance, and real estate-- eclipsed manufacturing in the 1970s, they began profoundly reshaping Black and Brown neighborhoods, seeing them as easy sources of profit. At every step, Ansfield charts the tenant-led resistance movements that sprung up in the Bronx and elsewhere, as well as the explosion of popular culture around the fires, from iconic movies like The Towering Inferno to hit songs such as 'Disco Inferno.' Ultimately, they show how similarly pernicious dynamics around insurance and race are still at play in our own era, especially in regions most at risk of climate shocks."" -- Provided by the publisher."
164,Business exit strategies :,"This book analyzes various business exit strategies for both family-owned businesses as well as other businesses, both in the United States and throughout the world. Approximately 80% to 90% of all businesses in the world are family-owned. The book discusses, among other things, 12 common mistakes in attempting to sell a business to third parties, methods of marketing the business, negotiation of key sale terms, negotiating employment and consulting agreements, avoiding traps in sale agreements, creating a professional advisory team, and alternatives to a sale to an unrelated third party, such as ESOPs, leverage recapitalizations, selling to other family members or key employees, and going public transactions."
164,Deep in the art of Texas :,
164,The history of pirates /,
164,Horizontal subgrade reaction for cantilevered retaining wall analysis /,
164,Jolly Roger with an Uzi :,
164,Logic and algorithms :,
164,Mathematical logic /,
164,Membrane technologies for water treatment :,
164,Minimizing the use of chemicals to control scaling in SWRO :,
164,Nanocomposites in wastewater treatment /,
164,"Piracy, maritime terrorism, and securing the Malacca Straits /",
164,"Pirates, port, and coasts in Asia :",
164,The punishment of pirates :,"""Sociologist Matthew Norton's The Punishment of Pirates takes us on an exciting journey through the shifting legal status of pirates in the eighteenth century. Initially, piracy was a fertile ground for many enterprising and lawless young men to make fortunes on the high seas, due in no small part to the lack of policing by the British crown. But as the British empire moved away from a collection of far-flung territories toward a consolidated economic and political enterprise dependent on long distance trade, pirates suddenly became a tremendous threat. Norton shows us that eliminating this threat required an institutional shift toward first identifying and defining piracy, and then toward brutally policing it. The Punishment of Pirates develops a new framework for understanding the cultural mechanisms involved in dividing, classifying, and constructing institutional order by tracing the transformation of piracy from a situation of cultivated ambiguity to a criminal category with violently patrolled boundaries-ending with its eradication as a systemic threat to trade in the English empire. Replete with gun battles, executions, jail breaks, and courtroom dramas, Norton's book will offer insights for social theorists, political scientists, and historians alike""--"
164,Remote storage :,
164,Reverse osmosis technology :,
164,Selling your business :,
164,Short story criticism :,
164,Six years at sea ... and counting :,
164,Treasure neverland :,
164,Treasure neverland :,
164,"Wild river, timeless canyons :",
164,"Wild river, timeless canyons :",
185,魯迅と漱石 /,
185,Agricultural reform in China :,
185,"The apple, or, Aristotle's death =",
185,Aristotelianism /,
185,Aristotle :,
185,Aristotle :,
185,Aristotle :,
185,Aristotle /,"In this extensively revised new edition of his excellent guidebook, Christopher Shields introduces the whole of Aristotle’s philosophy, showing how his powerful conception of human nature shaped much of his thinking on the nature of the soul and the mind, ethics, politics, and the arts. Beginning with a brief biography, Shields carefully explains the fundamental elements of Aristotle’s thought: his explanatory framework, his philosophical methodology, and his four-causal explanatory scheme. Subsequently he discusses Aristotle’s metaphysics, the theory of categories, logical theory, and his conception of the human being as a composite of soul and body. The last part concentrates on Aristotle’s value theory as applied to ethics and politics, and assesses his approach to happiness, virtue, and the best life for human beings, before turning to a consideration of Aristotle's theory of rhetoric and the arts, with a special focus on his perennially controversial treatment of tragedy. This second edition includes an expanded discussion of Aristotle's method, and new sections on key issues in perception, thought, akrasia, and mimesis. It concludes with an expanded assessment of Aristotle's legacy, sketching currently emerging Neo-Aristotelian movements in metaphysics and virtue ethics."
185,Aristotle /,
185,Aristotle on coming-to-be and passing-away : some comments /,
185,The Bloomsbury companion to Aristotle /,"Aristotle is one of the most crucial figures in the history of Western thought, and his name and ideas continue to be invoked in a wide range of contemporary philosophical discussions. The Bloomsbury Companion to Aristotle brings together leading scholars from across the world and from a variety of philosophical traditions to survey the recent research on Aristotle's thought and its contributions to the full spectrum of philosophical enquiry, from logic to the natural sciences and psychology, from metaphysics to ethics, politics, and aesthetics. Further essays address aspects of the transmission, preservation, and elaboration of Aristotle's thought in subsequent phases of the history of philosophy (from the Judeo-Arabic reception to debates in Europe and North America), and look forward to potential future directions for the study of his thought. In addition, The Bloomsbury Companion to Aristotle includes an extensive range of essential pedagogic tools offering assistance to researchers working in the field, including a chronology of recent research, a glossary of key Aristotelian terms with Latin concordances and textual references, and a guide to further reading."
185,The Cambridge companion to Aristotle /,
185,China in ten words /,"""From one of China's most acclaimed writers, his first work of nonfiction to appear in English: a unique, intimate look at the Chinese experience over the last several decades, told through personal stories and astute analysis that sharply illuminate the country's meteoric economic and social transformation.""--Dust jacket."
185,Communication and the small group,
185,Creating groups /,
185,Decision-making group interaction /,
185,Developmental group work with adolescents /,
185,The group as agent of change :,
185,Hamilton`s paradox :,
185,Handbook of staff development and human relations training :,
185,An index to Aristotle :,
185,Intergovernmental financial relations in the United Kingdom /,
185,Interpersonal living :,
185,Jottings under lamplight /,"Lu Xun (1881-1936) was arguably the greatest writer of twentieth-century China. While most well known for his two slim volumes of short fiction, he was a prolific and inventive essayist. Jottings under Lamplight showcases Lu Xun's versatility as a master of prose forms and his brilliance as a cultural critic with translations of sixty-two of his essays, from the well known to the obscure, some translated for the first time. Organized by theme, the volume provides a context for readers--both those familiar with and those new to Lu Xun--to make meaningful connections among the diverse ideas generated from one of China's most brilliant minds. The first part of the book, ""Self-Reflections,"" includes important autobiographical essays that shed light on the formative experiences shaping Lu Xun's worldview and literary sensibilities. The second part, ""Reflections on Culture,"" contains his thoughts on the major cultural transformations of the day. The volume as a whole reveals the mind of an ingenious writer who chronicled his own life and the events of his time with a keen eye; the essays provide penetrating insights into a culture and society, relayed at times with notes of despair, yet also pathos, humor, and an unparalleled caustic wit.--"
185,Law and prediction in the light of chaos research /,
185,Literary remains :,
185,Lu Xun's revolution :,"""Widely recognized as modern China's preeminent man of letters, Lu Xun (1881-1936) is revered as the voice of a nation's conscience, a writer comparable to Shakespeare and Tolstoy in stature and influence. Gloria Davies's portrait now gives readers a better sense of this influential author by situating the man Mao Zedong hailed as 'the sage of modern China' in his turbulent time and place. In Davies's vivid rendering, we encounter a writer passionately engaged with the heady arguments and intrigues of a country on the eve of revolution. She traces political tensions in Lu Xun's works which reflect the larger conflict in modern Chinese thought between egalitarian and authoritarian impulses. During the last phase of Lu Xun's career, the so-called 'years on the left,' we see how fiercely he defended a literature in which the people would speak for themselves, and we come to understand why Lu Xun continues to inspire the debates shaping China today. Although Lu Xun was never a Communist, his legacy was fully enlisted to support the Party in the decades following his death. Far from the apologist of political violence portrayed by Maoist interpreters, however, Lu Xun emerges here as an energetic opponent of despotism, a humanist for whom empathy, not ideological zeal, was the key to achieving revolutionary ends. Limned with precision and insight, Lu Xun's Revolution is a major contribution to the ongoing reappraisal of this foundational figure.""--Book jacket."
185,The nameless :,
185,"Necessity, cause, and blame :",
185,"On man in the universe : Metaphysics, parts of Animals, Ethics, Politics, Poetics /",
185,On man in the universe /,
185,The Oxford handbook of Aristotle /,
185,The Oxford handbook of Aristotle /,
185,Phaenias of Eresus :,
185,The philosophy of Aristotle /,
185,A Pictorial biography of Lu Xun /,
185,The portrait of a lady /,"When Isabel Archer, a beautiful, spirited American, is brought to Europe by her wealthy aunt Touchett, it is expected that she will soon marry. But Isabel, resolved to enjoy her freedom, does not hesitate to turn down two eligible suitors. Then she finds herself irresistibly drawn to Gilbert Osmond."
185,Routledge companion to Shen Congwen /,
185,Short story criticism :,
185,The Significance test controversy :,
185,The small group /,
185,Small group communication :,
185,Small group communication /,
185,Small-group cultures /,
185,The basic works of Aristotle /,
185,The Rhetoric of Aristotle : an expanded translation with supplementary examples for students of composition and public speaking /,
185,The third revolution in the Chinese countryside /,
185,The translatability of revolution :,"""The first comprehensive study of the writer, politician, and Marxist historian Guo Moruo, this book explores the dynamics of translation, revolution, and historical imagination in twentieth-century Chinese culture. Leaping between different genres of Guo's works, it interrogates the linkage between translation and historical imagination""--Provided by the publisher."
185,Vanished springs /,
185,"The vice lords, warriors of the streets /",
185,"The vice lords, warriors of the streets /",
432,現代チベット語動詞辞典(ラサ方言) :,
432,Advanced UNIX programming /,
432,The angry book /,
432,An automatic fluid-scanning switch tensiometer system /,
432,Bacterial control of mosquitoes & black flies :,
432,Biology of disease vectors /,
432,Biosystematics of haematophagous insects /,
432,Building embedded Linux system /,
432,Calm down /,
432,Case study research :,
432,Designing a knitwear collection :,"Designing a Knitwear Collection, 2nd Edition, is an essential and comprehensive overview of the knitting design and development process. Featuring more than 475 color images, emerging fashion designers will find inspiration from the work of featured knitwear designers and practical information to design their own knitwear collection. The book follows the history of the industry to present day, introducing yarn and stitch basics, knitting methods, and machinery. It explores the process of preparing the design package from initial concept and sketches to specifications of samples and documents for production-through the presentation of a final collection. Updates to this edition include advances in technology in the knitwear industry, expanded coverage of sample development, and more than 50% new images including new designer profiles and current knitwear designs."
432,Docker cookbook /,"Whether you're deploying applications on-premise or in the cloud, this cookbook is for developers, operators, and IT professionals who need practical solutions for using Docker. The recipes in this book will help developers go from zero knowledge to distributed applications packaged and deployed within a couple of chapters. IT professionals will be able to use this cookbook to solve everyday problems, as well as create, run, share, and deploy Docker images quickly. Operators will learn and understand what developers are excited about and start to adopt the tools that will change the way they work.--"
432,Education and social change :,"Education policy and practice has historically been developed within thenational/regional context. However, globalization has prompted educationalists to review their practice in the light of international influences. World issues such as global warming, conflict and the depletion of earth resources have also contributed to an increased awareness of the rolethat education can play in resolving these problems.The contributors focus on how education can bring about social change whileconnecting with theory at the level of cultural impact and policy implications. Theyinvestigate the potential for creating a transnational value system in education, focusing on some key human rights issues both at home and overseas.Truly international in scope, this text lays the groundwork for future research by exposing the commonalities and differences in approaches to knowledge production and its dissemination, drawing together contributions from a variety of cross cultural contexts."
432,Einfuhrung in die Wortbildungslehre des Deutschen /,
432,Essential Linux administration :,
432,Event history modeling :,
432,From classrooms to conflict in Rwanda /,
432,The great brain race :,
432,Guide to UNIX using Linux /,
432,Guide to UNIX using Linux /,
432,High performance iOS apps /,
432,Inductive reasoning :,
432,Inductive reasoning :,
432,Inference and understanding :,
432,Insect repellents :,
432,Karbala :,
432,Knit :,"Knit is an exciting and dynamic design area, with new technologies opening up a wealth of creative possibilities for designers, as well as innovative uses of traditional techniques. Witty, hyper-real and luxurious designs are being used by fashion designers, while artists, activists, and community groups are reinterpreting the medium to stunning and surprising effect. This showcase of the best knitted textiles around the world is divided into three key areas: fashion, art, and community. In fashion, the book features beautiful and innovative constructions from designers such as Mark Fast, Christian Wijnants, and Sibling. The art chapter includes Annette Streyl's knitted architectural sculptures and Isobel Berglund's floating installations. Examples of experimental public work from guerrilla knitting collectives, such as B-Arbeiten's yarnbombing, is represented in the community section."
432,Knowledge and knowers :,
432,"Learning identities, education and community :","""This book offers a case study of children and young people in Groruddalen, Norway, as they live, study and work within the contexts of their families, educational institutions and informal activities. Examining learning as a life-wide concept, the study reveals how 'learning identities' are forged through complex interplays between young people and their communities, and how these identities translate and transfer across different locations and learning contexts. The authors also explore how diverse immigrant populations integrate and conceptualize their education as a key route to personal meaning and future productivity. In highlighting the relationships between education, literacy and identity within a sociocultural context, this book is at the cutting edge of discussions about what matters as children learn""--"
432,Learning Unix for OS X /,"""Think your Mac is powerful now? This practical guide shows you how to get much more from your system by tapping into Unix, the robust operating system concealed beneath OS Xs beautiful user interface. OS X puts more than a thousand Unix commands at your fingertips--for finding and managing files, remotely accessing your Mac from other computers, and using freely downloadable open source applications. If youre an experienced Mac user, this updated edition teaches you all the basic commands you need to get started with Unix. Youll soon learn how to gain real control over your system""--Page 4 of cover."
432,Lexikon zur Wortbildung der deutschen Sprache :,
432,Linux administration handbook /,
432,Linux annoyances for geeks /,
432,Linux bible :,
432,Linux bible :,
432,Linux command line and shell scripting bible /,"Linux Command Line and Shell Scripting Bible is your essential Linux guide. With detailed instruction and abundant examples, this book teaches you how to bypass the graphical interface and communicate directly with your computer, saving time and expanding capability. This third edition incorporates thirty pages of new functional examples that are fully updated to align with the latest Linux features. Beginning with command line fundamentals, the book moves into shell scripting and shows you the practical application of commands in automating frequently performed functions. This guide includes useful tutorials, and a desk reference value of numerous examples. The Linux command line allows you to type specific shell commands directly into the system to manipulate files and query system resources. Command line statements can be combined into short programs called shell scripts, a practice increasing in popularity due to its usefulness in automation. This book is a complete guide providing detailed instruction and expert advice working within this aspect of Linux. Write simple script utilities to automate tasks. Understand the shell, and create shell scripts. Produce database, e-mail, and web scripts. Study scripting examples ranging from basic to advanced."
432,Linux for beginners /,"If you want to learn how to use Linux, but don't know where to start read on. Knowing where to start when learning a new skill can be a challenge, especially when the topic seems so vast. There can be so much information available that you can't even decide where to start. Or worse, you start down the path of learning and quickly discover too many concepts, commands, and nuances that aren't explained. This kind of experience is frustrating and leaves you with more questions than answers. ""Linux for Beginners"" doesn't make any assumptions about your background or knowledge of Linux. You need no prior knowledge to benefit from this book. You will be guided step by step using a logical and systematic approach. As new concepts, commands, or jargon are encountered they are explained in plain language, making it easy for anyone to understand."
432,Linux in a nutshell /,
432,Linux kernel in a nutshell /,
432,The Linux Kernel primer :,
432,The Linux Kernel primer :,
432,Linux operations and administration /,
432,Linux pocket guide /,"If you use Linux in your day-to-day work, this popular pocket guide is the perfect on-the-job reference. The second edition has expanded from Fedora-only coverage to distro-neutral, with practical information on a wider range of commands requested by readers. Linux Pocket Guide provides an organized learning path for Linux use, rather than Linux programming and system administration. You'll find options for the most useful commands, grouped by functionality. For novices who need to get up to speed on Linux use, and experienced users who want a concise and functional reference, this guide provides quick answers."
432,Linux pocket guide /,"""If you use Linux in your day-to-day work, this popular pocket guide is the perfect on-the-job reference. The third edition features new commands for processing image files and audio files, running and killing programs, reading and modifying the system clipboard, and manipulating PDF files, as well as other commands requested by readers. You'll also find powerful command-line idioms you might not be familiar with, such as process substitution and piping into bash""--Page 4 of cover."
432,Linux system programming /,"UNIX, UNIX LINUX & UNIX TCL/TK. Write software that makes the most effective use of the Linux system, including the kernel and core system libraries. The majority of both Unix and Linux code is still written at the system level, and this book helps you focus on everything above the kernel, where applications such as Apache, bash, cp, vim, Emacs, gcc, gdb, glibc, ls, mv, and X exist. Written primarily for engineers looking to program at the low level, this updated edition of Linux System Programming gives you an understanding of core internals that makes for better code, no matter where it appears in the stack. -- Provided by publisher."
432,LINUX with operating system concepts /,"Linux with Operating System Concepts merges conceptual operating system (OS) and Unix/Linux topics into one cohesive textbook for undergraduate students. The book can be used for a one- or two-semester course on Linux or Unix. It is complete with review sections, problems, definitions, concepts, and relevant introductory material, such as binary and Boolean logic, OS kernels, and the role of the CPU and memory hierarchy. Details for Introductory and Advanced Users The book covers Linux from both the user and system administrator positions. From a user perspective, it emphasizes command line interaction. From a system administrator perspective, the text reinforces shell scripting with examples of administration scripts that support the automation of administrator tasks."
432,LPIC-1 linux professional institute certification :,
432,Mastering embedded Linux programming :,"Master the techniques needed to build great, efficient embedded devices on Linux About This Book Discover how to build and configure reliable embedded Linux devices This book has been updated to include Linux 4.9 and Yocto Project 2.2 (Morty) This comprehensive guide covers the remote update of devices in the field and power management Who This Book Is For If you are an engineer who wishes to understand and use Linux in embedded devices, this book is for you. It is also for Linux developers and system programmers who are familiar with embedded systems and want to learn and program the best in class devices. It is appropriate for students studying embedded techniques, for developers implementing embedded Linux devices, and engineers supporting existing Linux devices. What You Will Learn Evaluate the Board Support Packages offered by most manufacturers of a system on chip or embedded module Use Buildroot and the Yocto Project to create embedded Linux systems quickly and efficiently Update IoT devices in the field without compromising security Reduce the power budget of devices to make batteries last longer Interact with the hardware without having to write kernel device drivers Debug devices remotely using GDB, and see how to measure the performance of the systems using powerful tools such as perk, ftrace, and valgrind Find out how to configure Linux as a real-time operating system In Detail Embedded Linux runs many of the devices we use every day, from smart TVs to WiFi routers, test equipment to industrial controllers - all of them have Linux at their heart. Linux is a core technology in the implementation of the inter-connected world of the Internet of Things. The comprehensive guide shows you the technologies and techniques required to build Linux into embedded systems. You will begin by learning about the fundamental elements that underpin all embedded Linux projects: the toolchain, the bootloader, the kernel, and the root filesystem. You’ll see how to create each of these elements from scratch, and how to automate the process using Buildroot and the Yocto Project. Moving on, you’ll find out how to implement an effective storage strategy for flash memory chips, and how to install updates to the device remotely once it is deployed. You’ll also get to know the key aspects of writing code for embedded Linux, such as how to access hardware from applications, the implications of writing multi-threaded code, and techniques to manage memory in an ..."
432,Mastering Linux /,
432,Microsoft System Center 2012 R2 compliance management cookbook :,"Whether you are an IT manager, an administrator, or security professional who wants to learn how Microsoft Security Compliance Manager and Microsoft System Center can help fulfil compliance and security requirements, this is the book for you. Prior knowledge of Microsoft System Center is required."
432,Microsoft System Center 2012 R2 compliance management cookbook :,"Whether you are an IT manager, an administrator, or security professional who wants to learn how Microsoft Security Compliance Manager and Microsoft System Center can help fulfil compliance and security requirements, this is the book for you. Prior knowledge of Microsoft System Center is required."
432,The modern researcher /,
432,Mountains :,
432,Mountains :,
432,A new paradigm for global school systems :,
432,Palmyra :,
432,Professional Linux kernel architecture /,
432,Programming Windows Store apps with C# /,"If you're a .NET developer looking to build tablet apps, this practical book takes you step-by-step through the process of developing apps for the Windows Store. You'll learn how to use Microsoft's Modern UI design language with Windows 8.1 and WinRT 8.1.1 by building a line-of-business mobile app with C# through the course of the book. To develop the app, you'll work with the same system details and design specs that apply to retail apps, such as persistence, backend service, and Windows 8 features for sharing and search. You'll learn how to develop the code, incorporate third-party open source products, and package your app for the Windows Store."
432,Red Hat Fedora core 6 unleashed /,
432,Rethinking education for social cohesion :,
432,Sams teach yourself Unix in 24 hours /,
432,Schooling and society :,"This new book is a wide-ranging, contemporary and accessible analysis of familiar and recurring myths about mass education in the United Kingdom. Looking at a variety of important issues and problems, each chapter begins by dispelling myths and assumptions about the classroom, going beyond class, race and gender, to offer analysis of topics such as discipline, youth cultures, information technology and globalisation. Utilising an interdisciplinary lens, this book offers knowledge from disciplines as diverse as sociology, philosophy, jurisprudence and cultural studies. Gordon Tait examines the strengths and weaknesses of different theoretical approaches to education, from critical theory to postmodernism, and Foucaultian governance to post-colonialism. Analysing the many assumptions about education taken for granted in British public discourse, important conclusions are drawn about which of these assumptions are fair and reasonable, and which we should challenge. This book is an essential resource for advanced undergraduate and postgraduate courses on the sociology of education, culture and education, and the philosophy of education."
432,Speed reading in a week /,"The ability to read, understand and remember material is crucial to anyone who wants to advance their career. Written by Tina Konstant, a leading expert on speed reading as both a coach and a practitioner, this book quickly teaches you the insider secrets you need to know to in order to quickly deal with large amounts of reading. The highly motivational 'in a week' structure of the book provides seven straightforward chapters explaining the key points, and at the end there are optional questions to ensure you have taken it all in. There are also cartoons and diagrams throughout, to help make this book a more enjoyable and effective learning experience. So what are you waiting for? Let this book put you on the fast track to success!"
432,A system for the field measurement of soil water movement /,
432,"Teaching, learning and intersecting identities in higher education /",
432,Triple your reading speed /,"This fourth edition of TRIPLE YOUR READING SPEED does just that - with self-quizzes and tests that make it fun and simple that will give you an edge in school, college and on the job. The renowned ACCELREAD Method helps you to break old habits that may be slowing you down, and develop strategies for increased comprehension in less time with* Eye exercises to control and expand vision* Drills for practising pacing and block reading* Strategies for mastering the 'two-step' reading methodand much, much more. Boost your reading power with TRIPLE YOUR READING SPEED."
432,Two street plays for women.,
432,UNIX operating system :,
432,Unix system administration handbook /,"""This new edition of the world's most comprehensive guide to UNIX system administration is an ideal tutorial for those new to administration and an invaluable reference for experienced professionals. The third edition has been expanded to include ""direct from the frontlines"" coverage of Red Hat Linux. UNIX System Administration Handbook describes every aspect of system administration - from basic topics to UNIX esoterica - and provides explicit coverage of four popular UNIX systems: Red Hat Linux; Solaris; HP-UX; and freeBSD."" ""This book stresses a practical approach to system administration. It's packed with war stories and pragmatic advice, not just theory and watered-down restatements of the manuals. Difficult subjects such as sendmail, kernel building, and DNS configuration are tackled head-on. Examples are provided for all four versions of UNIX and are drawn from real-life systems - warts and all.""--BOOK JACKET."
432,Unravelled :,"Knitting and crochet have long been considered forms of folk art, but in the 21st century, these time-honoured crafts are breaking away from the outdated stereotype of cosy domesticity. Whether miniature or oversized, multi-coloured or monochrome, abstract or naturalistic, intimate or exhibitionist, knitted works are now invading galleries, museums and other public spaces. Yarn has become a medium for artistic expression as valid and multifaceted as painting, sculpture or photography. Showcasing forty international artists who incorporate knitting, crochet and more into their practice, this book provides a survey of yarn work in contemporary art, illustrating the huge range of ways in which these techniques have been embraced as a form of creative expression. Some artists evoke a kind of nostalgia, rediscovering skills that have fallen from fashion or promoting the value of ancient handicrafts in an industrialized world of mass-production. Others push the boundaries of knitting by using non-traditional materials such as rope or wire, or by using its sculptural potential to tackle themes that are political, personal or transgressive. Although often associated with feelings of warmth, enclosure and familial love, yarn can also represent the ties that bind us together or a membrane that protects us from the world. Packed with striking images, this book demonstrates how knitting needles and crochet hooks can created works of art that are challenging and unique, forcing us to take a fresh look at our own lives and beliefs and at the objects that surround us every day."
432,Water flow and solute transport in soils :,
432,Windows to Linux business desktop migration /,
432,"Women, mission and church in Uganda :",
435,"Die affirmativen Modalpartikeln doch, ja und schon :",
435,Aging successfully.,
435,BETA story :,
435,Bioluminescence :,
435,Bioluminescence :,
435,Bioluminescence :,
435,Cinema verite in America :,"One of the first full-length critical studies of a documentary technique, it discusses the filmmakers who pioneered in this genre and the films they created."
435,Cognitive theory and documentary film /,
435,Comparative studies in Germanic syntax :,
435,Complete book of throws /,
435,The contrastive grammar of English and German /,
435,Deutsch macht spaB! :,
435,Downtown Ann Arbor /,
435,"Empty, expletive, and missing subjects in German /",
435,Every other Thursday:,
435,"Evolution of style in the early work of Dziga Vertov, with a new appendix /",
435,Festschrift für Karl Schneider :,
435,Flash! :,
435,The garbage collection handbook :,
435,German grammar 1 /,
435,The German perfect :,"""This book provides an extensive account of perfect constructions in German, of its numerous meaning effects, and of its interaction with temporal adverbials and temporal subclauses. By doing this, it takes the semantics of the whole German tense system into account, provides analyses of several temporal adverbials and their intricate behavior and offers new ideas concerning the semantics of temporal subclauses. Although one of the main goals of the book is to integrate the results of the study into a formal semantic framework, it also considers many pragmatic factors as well as aspects concerning German syntax."" ""The book will be of interest to scholars and advanced students interested in issues regarding tense, aspect, temporal adverbials and temporal subclauses.""--BOOK JACKET."
435,German temporal semantics :,"First published in 1985, this book analyses temporal meaning in German. The framework is that of a model-theoretic semantics, more specifically one incorporating a multi-dimensional tense logic. The first chapter presents this logic and argues that three dimensions are optimal for the description of natural language temporalia. The second chapter applies this theory to the analysis of temporal meaning in German. Frame adverbials, the Present and Past Tenses, duratives, aspectual adverbials using in, and the adverbials particle schon are examined. Chapter 3 provides a formal syntax to bear the semantic analysis proposed in the second chapter and the final chapter explores syntactic and semantic extensions of the fragment, showing how the Perfect, the particle noch, the passive, and a distinct reading of frame adverbials may be accommodated."
435,German temporal semantics :,
435,Germanic future constructions :,
435,Germanistische Sprachpflege :,
435,The great movie serials :,
435,Hindi verb classes and their argument structure alternations /,
435,A history of the Hindi grammatical tradition :,
435,Incomplete category fronting :,"Incomplete Category Fronting is a detailed investigation of the syntax of incomplete category fronting in German, carried out from a cross-linguistic perspective. The study presents a wealth of empirical evidence involving unbound traces created by remnant topicalization, wh-movement, scrambling, left dislocation, and extraposition. Four characteristic properties of remnant movement are identified that pose severe problems for a representational movement theory. It is argued that these properties can be fruitfully addressed on the basis of Chomsky's minimalist program, and that they follow from a derivational movement theory that incorporates the Barriers Condition, the Strict Cycle Condition, Fewest Steps, Last Resort, and the Minimal Link Condition but completely dispense with surface filters. Incomplete Category Fronting provides an empirical underpinning for the minimalist program and presents a powerful argument for a derivational theory of grammar. Incomplete Category Fronting will interest all linguistics working on theoretical syntax, Germanic syntax or the syntax-semantic interface."
435,Intelligent memory systems :,
435,The international distribution of news :,"""Based on newly available and extensive archival evidence, this book traces the history of international news agencies and associations around the world from 1848 to 1947. Jonathan Silberstein-Loeb argues that newspaper publishers formed news associations and patronized news agencies to cut the costs of news collection and exclude competitors from gaining access to the news. In this way, cooperation facilitated the distribution of news. The extent to which state regulation permitted cooperation, or prohibited exclusivity, determined the benefit newspaper publishers derived from these organizations. This book revises our understanding of the operation and organization of the Associated Press, the BBC, the Press Association, Reuters, and the United Press. It also sheds light on the history of competition policy respecting the press, intellectual property, and the regulation of telecommunications""--"
435,International news wires and Third World news in Asia /,
435,The invention of Hebrew prose :,
435,Left political filmmaking in France in the 1930s /,
435,Left political filmmaking in France in the 1930s /,
435,Lexical template morphology :,
435,Living on a deadline :,
435,The locative alternation in German :,
435,Making national news :,"For almost a century, Canadian newspapers, radio and television stations, and now internet news sites have depended on the Canadian Press news agency for most of their Canadian (and, through its international alliances) foreign news. This book provides the first-ever scholarly history of CP, as well as the most wide-ranging historical treatment of twentieth-century Canadian journalism published to date. Using extensive archival research, including complete and unfettered access to CPs archives, Gene Allen traces how CP was established and evolved in the face of frequent conflicts among the powerful newspaper publishers C John Ross Robertson, Joseph Atkinson, and Roy Thomson, among others C who collectively owned it, and how the journalists who ran it understood and carried out their work. Other major themes include CPs shifting relationships with the Associated Press and Reuters; its responses to new media; its aggressive shaping of its own national role during the Second World War; and its efforts to meet the demands of French-language publishers. Making National News makes a substantial and original contribution to our understanding of journalism as a phenomenon that shaped Canada both culturally and politically in the twentieth century."
435,Methoden des fremdsprachlichen Deutschunterrichts :,
435,The nation's newsbrokers /,
435,New challenges for documentary /,
435,Nominalstil :,
435,Old English and its closest relatives :,
435,On extraction and extraposition in German /,
435,On particle verbs and similar constructions in German /,
435,On the formal syntax of the Westgermania :,
435,Only yesterday /,
435,Only yesterday /,"When Israeli Nobel Laureate S. Y. Agnon published the novel Only Yesterday in 1945, it quickly became recognized as a major work of world literature, not only for its vivid historical reconstruction of Israel's founding society. The book tells a seemingly simple tale about a man who immigrates to Palestine with the Second Aliya--the several hundred idealists who returned between 1904 and 1914 to work the Hebrew soil as in Biblical times and revive Hebrew culture. This epic novel also engages the reader in a fascinating network of meanings, contradictions, and paradoxes all leading to the question, what, if anything, controls human existence? Seduced by Zionist slogans, young Isaac Kumer imagines the Land of Israel filled with the financial, social, and erotic opportunities that were denied him, the son of an impoverished shopkeeper, in Poland. Once there, he cannot find the agricultural work he anticipated. Instead Isaac happens upon house-painting jobs as he moves from secular, Zionist Jaffa, where the ideological fervor and sexual freedom are alien to him, to ultra-orthodox, anti-Zionist Jerusalem. While some of his Zionist friends turn capitalist, becoming successful merchants, his own life remains adrift and impoverished in a land torn between idealism and practicality, a place that is at once homeland and diaspora. Eventually he marries a religious woman in Jerusalem, after his worldly girlfriend in Jaffa rejects him."
435,Die Partikeln der deutschen Sprache /,
435,Die Partikeln der deutschen Sprache /,
435,Photoproteins in bioanalysis /,
435,Pissing figures 1280-2014 /,"Jean-Claude Lebensztejn's history of the urinating figure in art, 'Pissing Figures 1280-2014', is at once a scholarly inquiry into an important visual motif, and a ribald statement on transgression and limits in works of art in general. Lebensztejn is one of France's best-kept secrets. A world-class art historian who has lectured and taught at major universities in the United States, his work has remained almost entirely in French, his American audience limited to a small but dedicated group of cognoscenti."
435,"Practical living, for today and tomorrow.",
435,Preparation for retirement.,
435,Random harvest :,
435,Right node raising and gapping :,
435,San Antonio in color /,"San Antonio in Color contains ninety paintings of San Antonio landmarks, neighborhoods, and local attractions painted by Trinity alumnus Bill Thompson ('88). Thompson uses flamboyant colors to paint animated, evocative scenes that have a touch of van Gogh and a hint of Raoul Dufy. Thompson works in a bold mixed-media style that incorporates watercolor, pastels, acrylics, and oil paint sticks."
435,Shira /,
435,"Situations, tense, and aspect :",
435,The structure of German /,
435,Studien uber das deutsche Verbum infinitum /,
435,Studies in comparative Germanic syntax.,
435,Symmetry breaking in syntax /,
435,The technique of documentary film production.,
435,The theory of German word order from the Renaissance to the present /,
435,Tradition and trauma :,
435,Twenty-one stories /,
435,The V2 conspiracy :,
435,Verb movement and expletive subjects in the Germanic languages /,"This book is the study of two different kinds of variation across the Germanic languages. One involves the position of the finite verb, and the other the possible positions of the ""logical"" subject in constructions with expletive (or ""dummy"") subjects. The book applies the theory of principles and parameters to the study of comparative syntax. Several languages are considered, including less frequently discussed ones like Danish, Faroese, Icelandic, and Yiddish."
435,Verb movement and expletive subjects in the Germanic languages /,
435,The winter king :,
435,Women in science & technology :,
435,Word order and constituent structure in German /,
435,Working on Mars :,
050,新論 =,
050,Great War modernisms and The new age magazine /,
050,Guidelines for producing statistics on asset ownership from a gender perspective.,"This publication provides national statistical agencies with guidance on collecting, processing, analysing and disseminating individual-level data on asset ownership (including dwellings, land and financial assets) for the production of gender statistics related to three objectives: 1) measuring the gender asset gap, or the differential prevalence of women’s and men’s asset ownership; 2) measuring the gender wealth gap, or the share of total wealth held by women; and 3) in households where more than one member is interviewed, understanding how asset ownership and wealth are distributed, by sex, within households. The publication introduces the concepts, definitions and data requirements for measuring asset ownership and control from a gender perspective and provides guidance on planning, organizing and implementing a household survey, or appending a module on asset ownership to a nationally-representative household survey. It also presents a set of indicators for monitoring women’s and men’s ownership and control of physical and financial assets at global and national levels, and it explains how data analysis can be employed to answer policy-relevant questions on asset ownership."
050,The handbook of magazine studies /,"""The past two decades have witnessed increased scholarly interest in new media and social media, which encompass some of the aspects of the magazine format--especially in creating and maintaining interpretive communities. Yet, despite the hope that the impact of the web and digital technologies would inspire new trajectories in magazine research, few magazine studies are being published in academic journals or presented at academic conferences. The handbook will address the need for more theoretically grounded magazine research that is also socially and historically contextualized. It will begin to formulate the field of magazine studies, which has been and will be of interest to scholars from the fields of journalism, communication, critical and cultural studies, literary studies, sociology, history, business, and education""--"
050,JSTOR :,
050,"Little magazine, world form /",
050,Liu Shao-ch i and the Chinese cultural revolution : the politics of mass criticism /,
050,Mao and the Chinese revolution.,
050,Mao Tse-tung :,
050,The morning deluge;,
050,The Oxford critical and cultural history of modernist magazines /,"A study of the role of 'little magazines' and their contribution to the making of artistic modernism. A major scholarly achievement of immense value to teachers, researchers and students interested in the material culture of the first half of the 20th century and the relation of the arts to social modernity"
050,The Oxford critical and cultural history of modernist magazines.,
050,Researching the nineteenth-century periodical press :,"Providing a critical introduction and case studies that illustrate cutting-edge approaches to periodical research, this volume provides an overview of recent developments in the field. The twelve chapters model diverse approaches and methodologies for research on nineteenth-century periodicals. Each case study is contextualized within one of the following broad areas of research: single periodicals, individual journalists, gender issues, periodical networks, genre, the relationship between periodicals, transnational/transatlantic connections, technologies of printing and illustration, links within a single periodical, topical subjects, science and periodicals, and imperialism and periodicals. Each author incorporates first-person accounts of how they conducted their research that provide specific examples of how they gained access to primary sources and the methods they used to analyze the materials"
050,The Routledge handbook of magazine research :,"""Scholarly engagement with the magazine form has, in the last two decades, produced a substantial amount of valuable research. Authored by the leading academic authorities in the study of magazine journalism, the chapters in this new handbook not only create an architecture to organize and archive the developing field of magazine research, but also explicitly suggest possible new avenues of future investigation. Each chapter surveys the last 20 years of scholarship in its subject area, identifying the major research themes, theoretical developments and interpretive breakthroughs. Exploration of the digital challenges and opportunities which currently face the magazine world are woven throughout, offering readers both a deeper understanding of the magazine form, as well as the sociocultural realities it both mirrors and influences""--"
050,The Routledge handbook of magazine research :,"""Scholarly engagement with the magazine form has, in the last two decades, produced a substantial amount of valuable research. Authored by the leading academic authorities in the study of magazine journalism, the chapters in this new handbook not only create an architecture to organize and archive the developing field of magazine research, but also explicitly suggest possible new avenues of future investigation. Each chapter surveys the last 20 years of scholarship in its subject area, identifying the major research themes, theoretical developments and interpretive breakthroughs. Exploration of the digital challenges and opportunities which currently face the magazine world are woven throughout, offering readers both a deeper understanding of the magazine form, as well as the sociocultural realities it both mirrors and influences""--"
050,The Routledge handbook of magazine research :,"""Scholarly engagement with the magazine form has, in the last two decades, produced a substantial amount of valuable research. Authored by the leading academic authorities in the study of magazine journalism, the chapters in this new handbook not only create an architecture to organize and archive the developing field of magazine research, but also explicitly suggest possible new avenues of future investigation. Each chapter surveys the last 20 years of scholarship in its subject area, identifying the major research themes, theoretical developments and interpretive breakthroughs. Exploration of the digital challenges and opportunities which currently face the magazine world are woven throughout, offering readers both a deeper understanding of the magazine form, as well as the sociocultural realities it both mirrors and influences""--"
063,A textbook of Aromatic plants /,
063,Auditors and accountants :,
063,Catherine the Great :,"Catherine the Great's letters present a vivid picture of Russia in a momentous age. They also offer a unique account of her personal development and intimate life, her strategic acumen as a diplomat and military commander, and her political skills at the Russian court and in handling foreign monarchs. Born a German princess, Catherine married into the Russian royal family and came to the throne after a coup. As absolute ruler for 34 years she presided over the expansion of the Russian empire, legislated actively to reform the country in keeping with the principles of the Enlightenment, actively promoted the arts and sciences, and in her correspondence engaged with the most renowned minds in Europe, among them Diderot and Voltaire. Her letters are her literary masterpiece, written to a wide circle of associates and friends, not least her most celebrated lover and ally, Potemkin. Combining her wit, charm, and quick eye for detail, they entertain and tell the griping story of a self-made woman and legendary ruler. This edition of the letters offers a taste of Catherine's entire writing career, with biographies of Catherine's addressees, a thorough overview of her reign and an analysis of Catherine's literary skill as a letter-writer. Organized chronologically and thematically into six periods, each section also features an introduction to the domestic, personal and foreign policy contexts out of which her letters emerge."
063,The Commonwealth.,
063,Cubism /,
063,Development of information systems for agriculture :,
063,Disaffection and everyday life in interregnum England /,"How did ordinary English men and women respond to the transformations that accompanied the regicide, the creation of a republic, and the rise of the Cromwellian Protectorate? This book uncovers grassroots responses to the tangible consequences of revolution, delving into everyday practices, social interactions, and power struggles as they intersected with the macro-politics of regime change. Tussles at local alehouses, encounters with excise collectors in the high street, and contests over authority at the marketplace reveal how national politics were felt across the most ordinary of activities. Using a series of case studies from counties, boroughs, and the London metropolis, Boswell argues that factional discourses and shifting power relations complicated social interaction. Localized disaffection was broadcast in newsbooks, pamphlets, and broadsides, shaping political rhetoric that refashioned grassroots grievances to promote royalist desires. By uniting disparate people who were alienated by the policies of interregnum regimes, this literature helped to create the spectre of a unified, royalist commons that materialized in the months leading up to Charles II's Restoration. Such agitation - from disaffected mutters to ritualistic violence against officials - informed the broad political culture that shaped debates over governance during one of the most volatile decades in British history."
063,"The English Republic, 1649-1660 /",
063,Ethical issues concerning the experience of representational predicaments at work /,
063,The Internet bubble :,
063,La Monarchie de Juillet /,
063,"Learning, teaching, and researching on the Internet :",
063,Letters to Sir William Temple /,
063,The Lyon uprising of 1834 : :,
063,Moys classification and thesaurus for legal materials /,
063,My traitor's heart :,
063,Navigating the financial blogosphere :,
063,Open source intelligence in a networked world /,
063,"The political thought of the English Free state, 1649-1653 /","""The English Revolution has always held pride of place in histories of Anglophone political thought. The political writings of the Levellers and John Milton, Thomas Hobbes, and James Harrington, to name only the most obvious, were all shaped by, indeed in many ways the products of, the upheavals of the mid seventeenth century. It is simply impossible to understand their political ideas without the context of the English Revolution. Historians have pored over every aspect of political thought from the first controversies leading up to the civil wars in the early 1640s to the final debates on the eve of the Restoration in 1659-60, and yet there is one period amid these revolutionary decades which has captured scant scholarly attention. This is the period of the free state from early 1649, when Charles I was executed and the free state established, to the spring of 1653, when Oliver Cromwell and the army dissolved the Rump and eventually established the protectorate. This scholarly neglect is even more startling given the fact that the trial and execution of Charles I and the founding of the free state arguably marked the culmination of the entire period. Historians have of course examined the political ideas underlying these events and the whole republican era, but, although they often disagree with one another on many points of detail, they agree on one salient general point. Practically all of them, though in varying degrees, play down, or even belittle, the importance of the political thought of the republican period""--"
063,The Prentice Hall directory of online social studies resources /,
063,Revolution and mass democracy :,
063,"The Russo-Turkish War, 1768-1774 :","""The Russo-Turkish War was one of the most decisive conflicts of the 18th century. In this book, Brian Davies offers a thorough survey of the war and explains why it was crucial to the political triumph of Catherine the Great, the southward expansion of the Russian Empire, and the rollback of Ottoman power from southeastern Europe. The war completed the incorporation of Ukraine into the Russian Empire, ended the independence of the great Cossack hosts, removed once and for all the military threat from the Crimean Khanate, began the partitions of Poland, and encouraged Catherine II to plan projects to complete the 'liberation' of the lower Danubian and Balkan Slavs and Greeks. The war legitimated and secured the power of Catherine II, finally made the Pontic steppe safe for agricultural colonization, and won ports enabling Russia to control the Black Sea and become a leading grain exporter. Traditionally historians (Sorel, for example) have treated this war as the beginning of the 'Eastern Question,' the question of how the European powers should manage the decline of the Ottoman Empire. A thorough grasp of the Russo-Turkish War is essential to understanding the complexity and volatility of diplomacy in 18th-century Europe. This book will be an invaluable resource for all scholars and students on European military history and the history of Eastern Europe""--From publisher's website."
063,Social studies resources on the internet :,
063,"Using Internet primary sources to teach critical thinking skills in government, economics, and contemporary world issues /","""Teachers of political science, social studies, and economics, as well as school library media specialists will find this resource invaluable for incorporating the Internet into their classroom lessons. Over 150 primary source web sites contain important documents, such as constitutions, treaties, speeches, court cases, statistics, and other official information. Paired with these web sites are questions and activities designed to encourage critical thinking skills. Completing the activities for the lessons in this book will allow students to evaluate the source of information, the content presented, and its usefulness in the context of their assignments.""--BOOK JACKET."
063,"Using Internet primary sources to teach critical thinking skills in government, economics, and contemporary world issues /","""Teachers of political science, social studies, and economics, as well as school library media specialists will find this resource invaluable for incorporating the Internet into their classroom lessons. Over 150 primary source web sites contain important documents, such as constitutions, treaties, speeches, court cases, statistics, and other official information. Paired with these web sites are questions and activities designed to encourage critical thinking skills. Completing the activities for the lessons in this book will allow students to evaluate the source of information, the content presented, and its usefulness in the context of their assignments.""--BOOK JACKET."
087,100 American crime writers /,"""From Edgar Allan Poe to James Ellroy, crime writers have provided some of the most popular, controversial, acclaimed and disturbing works in American literature. 100 American Crime Writers provides critical biographies of some of the greatest and most important crime writers in American history. Both an important scholarly work and an enjoyable read accessible to a wider audience, this addition in Palgrave's Crime Files series includes discussion of the lives of key crime writers, as well as analysis of the full breadth and scope of the genre - from John Dickson Carr's Golden Age detective stories to Raymond Chandler's hardboiled Philip Marlowe novels, Ed McBain's 87th Precinct police procedurals to Megan Abbott's modern day reimagining of the femme fatale. Drawing on some of the best and most recent scholarship in the field, all of the key writers and themes of the genre are discussed in this comprehensive study of one of the most fascinating and popular of literary genres. ""--"
087,After Hitler :,
087,L'Allemagne depuis 1945 /,
087,American gothic culture :,
087,American gothic culture :,"This new Companion surveys the traditions and conventions of the dark side of American culture – its repressed memories, its anxieties and panics, its fears and horrors, its obsessions and paranoias. Featuring new critical essays by established and emerging academics from a range of national backgrounds, this collection offers new discussions and analyses of canonical and lesser-known texts in literature and film, television, photography, and video games. Its scope ranges from the earliest manifestations of American Gothic traditions in frontier narratives and colonial myths, to its recent responses to contemporary global events."
087,American gothic fiction :,
087,American women's regionalist fiction :,
087,Another country :,
087,As if :,
087,Aus den Trümmern zur Post-Moderne :,
087,BDSM in American science fiction and fantasy /,
087,"Besonderes Kennzeichen, Deutsch :",
087,Bilder meines Lebens nach den Erinnerungen 1905-1933.,
087,Bodies in commotion :,
087,"Britain, France and the Gothic, 1764-1820 :",
087,"Britain, France and the Gothic, 1764-1820 :","In describing his proto-Gothic fiction, The Castle of Otranto (1764), as a translation, Horace Walpole was deliberately playing on national anxieties concerning the importation of war, fashion and literature from France in the aftermath of the Seven Years' War. In the last decade of the eighteenth century, as Britain went to war again with France, this time in the wake of revolution, the continuing connections between Gothic literature and France through the realms of translation, adaptation and unacknowledged borrowing led to strong suspicions of Gothic literature taking on a subversive role in diminishing British patriotism. Angela Wright explores the development of Gothic literature in Britain in the context of the fraught relationship between Britain and France, offering fresh perspectives on the works of Walpole, Radcliffe, 'Monk' Lewis and their contemporaries."
087,The Cambridge companion to American crime fiction /,
087,The Cambridge companion to American Gothic /,"The Cambridge Companion to American Gothic offers an accessible overview to both the breadth and depth of the American Gothic tradition. This subgenre features works from many of America's best-known authors: Edgar Allan Poe, Toni Morrison, Stephen King, Anne Rice, Henry James, Edith Wharton, William Faulkner, and Flannery O'Connor. Authored by leading experts in the field, the introduction and sixteen chapters explore the American Gothic chronologically, in relation to different social groups, in connection with different geographic regions, and in different media, including children's literature, poetry, drama, film, television, and gaming. This Companion provides a rich and thorough analysis of the American Gothic tradition from a twenty-first-century standpoint, and will be a key resource undergraduates, graduate students, and professional researchers interested in this topic."
087,The Cambridge companion to American horror /,"""Opening up the warm body of American Horror - through literature, film, TV, music, video games, and a host of other mediums - this book gathers the leading scholars in the field to dissect the gruesome histories and shocking forms of American life. Through a series of accessible and informed essays, moving from the seventeenth century to the present day, The Cambridge Companion to American Horror explores one of the liveliest and most progressive areas of contemporary culture. From slavery to censorship, from occult forces to monstrous beings, this book is essential reading for anyone interested in America's most terrifying cultural expressions"".--"
087,The Cambridge companion to American science fiction /,"""The Cambridge Companion to American Science Fiction explores the relationship between the ideas and themes of American science fiction and their roots in the American cultural experience. Science fiction in America has long served to reflect the country's hopes, desires, ambitions, and fears. The ideas and conventions associated with science fiction are pervasive throughout American film and television, comics and visual arts, games and gaming, and fandom, as well as across the culture writ large. Through essays that address not only the history of science fiction in America but also the influence and significance of American science fiction throughout media and fan culture, this companion serves as a key resource for scholars, teachers, students, and fans of science fiction""--"
087,The Cambridge companion to crime fiction /,
087,The Cambridge companion to fantasy literature /,"""Fantasy is not so much a mansion as a row of terraced houses, such as the one that entranced us in C. S. Lewis's The Magician's Nephew with its connecting attics, each with a door that leads into another world. There are shared walls, and a certain level of consensus around the basic bricks, but the internal decor can differ wildly, and the lives lived in these terraced houses are discrete yet overheard. Fantasy literature has proven tremendously difficult to pin down. The major theorists in the field - Tzvetan Todorov, Rosemary Jackson, Kathryn Hume, W. R. Irwin and Colin Manlove - all agree that fantasy is about the construction of the impossible whereas science fiction may be about the unlikely, but is grounded in the scientifically possible. But from there these critics quickly depart, each to generate definitions of fantasy which include the texts that they value and exclude most of what general readers think of as fantasy. Most of them consider primarily texts of the nineteenth and early twentieth century. If we turn to twentieth-century fantasy, and in particular the commercially successful fantasy of the second half of the twentieth century, then, after Tolkien's classic essay, 'On Fairy Stories', the most valuable theoretical text for taking a definition of fantasy beyond preference and intuition is Brian Attebery's Strategies of Fantasy (1992)""--"
087,The Cambridge companion to gothic fiction /,"Gothic as a form of fiction-making has played a major role in Western culture since the late eighteenth century. In this volume, fourteen world-class experts on the Gothic provide thorough and revealing accounts of this haunting-to-horrifying type of fiction from the 1760s (the decade of The Castle of Otranto, the first so-called 'Gothic story') to the end of the twentieth century (an era haunted by filmed and computerized Gothic simulations). Along the way, these essays explore the connections of Gothic fictions to political and industrial revolutions, the realistic novel, the theatre, Romantic and post-Romantic poetry, nationalism and racism from Europe to America, colonized and post-colonial populations, the rise of film and other visual technologies, the struggles between 'high' and 'popular' culture, changing psychological attitudes towards human identity, gender and sexuality, and the obscure lines between life and death, sanity and madness. The volume also includes a chronology and guides to further reading."
087,Child and youth agency in science fiction :,"""Child and Youth Agency in Science Fiction: Travel, Technology, Time intersects considerations about children's and youth's agency with the popular culture genre of science fiction. As scholars in childhood studies and beyond seek to expand understandings of agency in children's lives, this collection places science fiction at the heart of this endeavor. Retellings of the past, narratives of the present, and new landscapes of the future, each explored in science fiction, allow for creative reimaginings of the capabilities, movements, and agency of youth. Core themes of generation, embodiment, family, identity, belonging, gender, and friendship traverse across the chapters and inform the contributors' readings of various film, literature, television, and virtual media sources. Here, children and youth are heterogeneous, and agency as a central analytical concept is interrogated through interdisciplinary, intersectional, intergenerational, and posthuman analyses. The contributors argue that there is vast power in science fiction representations of children's agency to challenge accepted notions of neoliberal agency, enhance understandings of agency in childhood studies, and further contextualize agency in the lives, voices, and cultures of youth""--"
087,Classic horror :,"The nineteenth century was a time of social, cultural, and economic change; revolutionary scientific developments; and enduring imaginative works. This book explores the classic horror genre of Gothic literature in its historical and social contexts. It contains chapters on four major works of classic horror, with each chapter providing a mix of background information, primary source historical documents, and analysis that will appeal as much to high school and college students as to lovers of literature and the Victorian era."
087,The collapse :,"""In The Collapse historian Mary Elise Sarotte shows that the opening of the Berlin Wall on November 9, 1989, was not, as is commonly believed, the East German government's deliberate concession to outside influence. It was an accident. A carelessly worded memo written by mid-level bureaucrats, a bumbling press conference given by an inept member of the East German Politburo, the negligence of government leaders, the bravery of ordinary people in East and West Berlin--these combined to bring about the end of nearly forty years of oppression, fear, and enmity in divided Berlin. Drawing on evidence from archives in multiple countries and languages, along with dozens of interviews with key actors, The Collapse is the definitive account of the event that brought down the East German Politburo and came to represent the final collapse of the Cold War order""--"
087,"Colonialism, slavery, reparations and trade :",
087,Constructing adolescence in fantastic realism /,
087,Convention on the Elimination of All Forms of Discrimination Against Women :,
087,Coping with the past :,
087,Crime fiction since 1800 :,
087,Crime never pays :,
087,The death and life of Germany :,
087,Deutsche Sitten :,
087,Die Deutschen nach dem Krieg :,
087,The digital age detective :,"""Imagining the figure of the fictional detective as an archetype in the study of modern culture, the author argues that contemporary detective fiction can help us better comprehend fundamental shifts of the Digital Age. Drawing on concepts from literature and media studies, the author reveals clues about modern phenomena""--"
087,Disability in international human rights law /,
087,Drei Stunden Null :,
087,Early American detective stories :,"""This anthology offers an exemplary sample of hundreds of detective stories published in nineteenth century newspapers and magazines. All but two are stories published before Sherlock Holmes appeared in America. The stories are categorized according to motifs. Revealing cultural intricacies that other kinds of fiction cannot, the literature presented here provides insights into history of the detective story""--Provided by publisher."
087,"The Eastern Zone and Soviet policy in Germany, 1945-50 /",
087,Einstein's German world /,
087,"Electroanalysis in hygiene, environmental, clinical, and pharmaceutical chemistry :",
087,Electroanalytical methods in chemical and environmental analysis /,
087,Electrochemical stripping analysis /,
087,Electrophoretic techniques /,
087,Embodying gender and age in speculative fiction :,
087,Exile and patronage :,
087,Extreme Mittellage :,
087,Facts about Germany /,
087,Facts about Germany /,
087,Facts about Germany /,
087,Facts about Germany /,
087,Fairy tales and fables from Weimar days :,"This book is a collection of traditional German fairy tales and fables, deliberately transformed into utopian narratives and social commentary by political activists in the Weimar Republic (1919-1933). Against a backdrop of financial and political instability, widespread homelessness, and the reformation of public institutions, numerous gifted writers such as Berta Lask, Kurt Schwitters, Hermynia zur Mühlen, Oskar Maria Graf, Bruno Schönlank, and Joachim Ringelnatz responded to the need for hope among the common people by creating fairy tales and fables that offered a new and critical vision of social conditions. Though many of their tales deal with the grim situation of common people and their apparent helplessness, they are founded on the principle of hope. This revised edition includes over 50 illustrations by contemporary international artists who reveal how similar the Weimar conditions were to the conditions in which we presently live. In this respect, the Weimar fairy tales and fables have not lost their spirit and significance."
087,Fantasy fiction :,
087,Fantasy fiction :,
087,The female gothic :,"This rich and varied collection of essays makes a timely contribution to critical debates about the Female Gothic, a popular but contested area of literary studies. The contributors revisit key Gothic themes - gender, race, the body, monstrosity, metaphor, motherhood and nationality - to open up new critical directions."
087,Feminist dialogues on international law :,"In the past decade, a sense of feminist 'success' has developed within the United Nations and international law, recognized in the Security Council resolution 1325 on women, peace and security, the increased jurisprudence on gender based crimes in armed conflict from the ICTR/Y and the ICC, the creation of UN Women, and Security Council sanctions against perpetrators of sexual violence in armed conflict. Contributing to the development of feminist and gender scholarship on international law, Gina Heathcote provides a feminist analysis of the central pillars of international law, noting the advances and limitations of feminist approaches. Through incorporating into mainstream international legal studies specific critical and feminist narratives, this book considers the manner in which feminist thinking has changed international law, and the manner in which international law has remained impervious to key feminist dialogues. It argues for a return to structural bias feminism that engages the foundations of international law and uses gender as a method for challenging post-millennium narratives on fragmentation, the role of international institutions, the nature of legal authority, sovereignty, and the role of international legal experts."
087,Fictional languages in science fiction literature :,"""Fictional languages in Science Fiction Literature surveys a large number of fictional languages, those created as part of a literary world, to present a multifaceted account of the literary phenomenon of glossopoesis (language invention). Consisting of a few untranslated sentences, exotic names or even fully-fledged languages with detailed grammar and vocabulary, fictional languages have been a common element of English-language fiction since Thomas More's Utopia (1516). Different notions of the functions of such fictional languages in narrative have been proposed: as rooted in phonaesthetics and contextual features, or as being used for characterisation and construction of alterity. Framed within stylistics and informed by narrative theory, literary theory, literary pragmatics, and semiotics, this study combines previous typologies into a new 5-part reading model comprising unique analytical approaches tailored to science fiction's specific discourse and style, exploring the relationship between glossopoesis, world-building, storytelling, interpretation, and rhetoric, both in prose and paratexts""--"
087,Fighting the future war :,
087,Freundesland :,
087,Fundamentals of electrochemical analysis /,
087,Fundamentals of electrochemical analysis /,
087,Gender and representation in British 'golden age' crime fiction /,
087,"Gender, race, and American science fiction :","""This book focuses on the interplay of gender, race, and their representation in American science fiction, from the nineteenth-century through to the twenty-first, and across a number of forms including literature and film. Haslam explores the reasons why SF provides such a rich medium for both the preservation of and challenges to dominant mythologies of gender and race. Defining SF linguistically and culturally, the study argues that this mode is not only able to illuminate the cultural and social histories of gender and race, but so too can it intervene in those histories, and highlight the ruptures present within them. The volume moves between material history and the linguistic nature of SF fantasies, from the specifics of race and gender at different points in American history to larger analyses of the socio-cultural functions of such identity categories. SF has already become central to discussions of humanity in the global capitalist age, and is increasingly the focus of feminist and critical race studies; in combining these earlier approaches, this book goes further, to demonstrate why SF must become central to our discussions of identity writ large, of the possibilities and failings of the human -- past, present, and future. Focusing on the interplay of whiteness and its various 'others' in relation to competing gender constructs, chapters analyze works by Nathaniel Hawthorne, Mary E. Bradley Lane, Edgar Rice Burroughs, Philip Francis Nowlan, George S. Schuyler and the Wachowskis, Frank Herbert, William Gibson, and Octavia Butler. Academics and students interested in the study of Science Fiction, American literature and culture, and Whiteness Studies, as well as those engaged in critical gender and race studies will find this volume invaluable""--"
087,German autumn /,
087,The German comedy :,
087,The German pícaro and modernity :,
087,German reunification /,
087,German unification in the European context /,
087,Germany /,
087,Germany and the Germans /,
087,Germany reports /,
087,Germany since 1945 :,"Peter C. Caldwell and Karrin Hanshew's Germany Since 1945 traces the social, political and cultural history of Germany from the end of the Second World War right up to the present day. The book provides a narrative that not only explores the histories of East and West Germany in their international contexts, but one that also takes the significantly different world of the Berlin Republic seriously, analyzing it as a distinct and significant period of German history in its own right. Split into three parts roughly devoted to a quarter-century each, this book guides students through contemporary Germany from the catastrophe of war, genocide and the country's division to the very different challenges facing the reunified Germany of the 21st century. There are key primary source excerpts integrated throughout the text, as well as 32 images, numerous maps, charts and tables and a detailed bibliography to further aid study. The book is complemented by online resources which include sample syllabi and a pedagogical supplement."
087,Germany;,
087,Gesellschaftlicher Wandel in Deutschland :,
087,Ghost stories in late Renaissance France :,"Caught in the grip of savage religious war, fear of sorcery and the devil, and a deepening crisis of epistemological uncertainty, the intellectual climate of late Renaissance France (c. 1550-1610) was one of the most haunted in European history. Although existing studies of this climate have been attentive to the extensive body of writing on witchcraft and demons, they have had little to say of its ghosts. Combining techniques of literary criticism, intellectual history, and the history of the book, this study examines a large and hitherto unexplored corpus of ghost stories in late Renaissance French writing. These are shown to have arisen in a range of contexts far broader than was previously thought: whether in Protestant polemic against the doctrine of purgatory, humanist discussions of friendship, the growing ethnographic consciousness of New World ghost beliefs, or courtroom wrangles over haunted property. Chesters describes how, over the course of this period, we also begin to see emerge characteristics recognisable from modern ghost tales: the setting of the 'haunted house', the eroticised ghost, or the embodied revenant. Taking in prominent literary figures including Rabelais, Ronsard, Montaigne, d'Aubigne, as well as forgotten demonological tracts and sensationalist pamphlets, Ghost Stories in Late Renaissance France sheds new light on the beliefs, fears, and desires of a period on the threshold of modernity. It will be of interest to any scholar or student working in the field of early modern European history, literature or thought."
087,"The ghost story, 1840-1920 :","Examines the British ghost story within the political context of the 19th century, relating it to economic, national, colonial, and gendered contexts."
087,Gothic /,
087,Gothic & gender :,
087,Gothic death 1740-1914 :,"""Gothic death 1740-1914 explores the representations of death and dying in Gothic narratives published between the mid-eighteenth century and the beginning of the First World War. The book investigates how eighteenth century Graveyard Poetry and the tradition of the elegy produced a version of death that underpinned ideas about empathy and models of textual composition. Later accounts of melancholy, as in the work of Ann Radcliffe and Mary Shelley, emphasise the literary construction of death. The shift from writing death to interpreting the signs of death is explored in relation to the work of Poe, Emily Brontë and George Eliot. A chapter on Dickens examines the significance of graves and capital punishment during the period. A chapter on Haggard, Stoker and Wilde explores conjunctions between love and death and a final chapter on Machen and Stoker explores how scientific ideas of the period help to contextualise a specifically fin de siècle model of death. This book will be of interest to academics and students working on literature on the Gothic and more generally on the literary culture of the period.'--"
087,"Gothic fiction and the writing of trauma, 1914-1934 :","This book examines how the representation of the ghost-soldier in literature published between 1914-1934, both marks the presence of trauma and attempts to make sense of it. Andrew Smith examines short stories, novels, poems and memoirs that employ ghosts to reflect upon feelings of loss, paralleling the literary context with accounts of shell-shock which construe the damaged soldier as psychologically missing and therefore spectre-like. The author argues that literary and non-literary texts repeatedly deploy a form of the uncanny, familiar from a Gothic tradition, as a way of reflecting upon grief. In support of this claim, he draws on fiction by well-known authors such as M. R. James, E. F. Benson, Dorothy L. Sayers, and Dennis Wheatley, alongside largely forgotten contributions to The Strand and other periodical publications such as The Occult Review."
087,Gothic metamorphoses across the centuries :,"""This collection of essays brings together an international team of scholars with the aim to shed new light on various interconnected aspects of the Gothic through the lens of converging critical and methodological approaches. With its wide-ranging interdisciplinary perspective, the book explores the domains of literary, pictorial, filmic, televisual and popular cultural texts in English from the eighteenth century to the present day. Within these pages, the Gothic is discussed as a dynamic form that exceeds the concept of literary genre, proving able to renovate and adapt through constant processes of hybridisation. Investigating the hypothesis that the Gothic returns in times of cultural crisis, this study maps out transgressive and experimental modes conducive to alternative experiences of the intricacies of the human (and post-human) condition""--"
087,Guide to international anti-dumping practice /,
087,Hard-boiled sentimentality :,
087,Historical dictionary of westerns in literature /,
087,A history of American crime fiction /,"""A History of American Crime Fiction places crime fiction within a context of aesthetic practices and experiments, intellectual concerns, and historical debates generally reserved for canonical literary history. Toward that end, the book is divided into sections that reflect the periods that commonly organize American literary history, with chapters highlighting crime fiction's reciprocal relationships with early American literature, romanticism, realism, modernism and postmodernism. It surveys everything from 17th-century execution sermons, the detective fiction of Harriet Spofford and T. S. Eliot's The Waste Land, to the films of David Lynch, HBO's The Sopranos, and the podcast Serial, while engaging a wide variety of critical methods. As a result, this book expands crime fiction's significance beyond the boundaries of popular genres and explores the symbiosis between crime fiction and canonical literature that sustains and energizes both""--"
087,"A history of Germany, 1918-2008 :",
087,"A history of Germany, 1918-2014 :","""The fourth edition of A History of Germany, 1918-2014: A Divided Nation introduces students to the key themes of 20th century German history, tracing the dramatic social, cultural, and political tensions in Germany since 1918. Now thoroughly updated, the text includes new coverage of the Euro crisis and a review of Angela Merkel's Chancellorship. New edition of a well-known, classic survey by a leading scholar in the field, thoroughly updated for a new generation of readers. Provides an overview of the turbulent history of Germany from the end of the First World War through the Third Reich and beyond, examining the character and consequences of war and genocide. Treats German history from 1918 to 2014 from the perspectives of instability, division and reunification, covering East and West German history in equal depth. Offers important reflections on Angela Merkel's Chancellorship as it extends into a new term. Concise, substantive coverage of this period make it an ideal resource for undergraduate students""--"
087,"A history of modern Germany, 1800 to the present /",
087,A history of the modern British ghost story /,
087,A history of twentieth-century Germany /,"""Germany in the 20th century endured two world wars, a failed democracy, Hitler's dictatorship, the Holocaust, and a country divided for 40 years after World War II. But it has also boasted a strong welfare state, affluence, liberalization and globalization, a successful democracy, and the longest period of peace in European history. A History of Twentieth-Century Germany provides a survey of German history during a century of extremes. Ulrich Herbert sees German history in the 20th century as determined by two contradictory perspectives. On one hand, there are the world wars and great catastrophes that divide the country's history into two parts-before and after 1945. Germany is the birthplace of radical ideologies of the left and right and the only country in which each ideology became the foundation of government. This pattern left its stamp on both the first and second halves of the century. On the other hand, the rise of modern industrial society led to decades of conflict over the social and political order regardless of which political system was in force. Considering these contradictory developments, Herbert tackles the questions of both the collapse in the first half of the century and the development from a post-fascist, ruined society to one of the most stable liberal democracies in the world in the latter half. Herbert's analysis brings together wars and terror, utopia and politics, capitalism and the welfare state, socialism and liberal democratic society, gender and generations, culture and lifestyles, European integration and globalization.""--Provided by publisher."
087,Horror fiction :,
087,Identity through the other :,
087,Im Abseits der Städte :,
087,International commercial agreements and electronic commerce /,"International Commercial Agreements and Electronic Commerce provides guidance on drafting and negotiating international business contracts and resolving contractual disputes, including contracts formed by electronic commerce. Although negotiation still lies at the heart of international commercial agreements, much of the drafting and other details have migrated to the Internet where most of the work is done electronically. This incomparable one-volume work now in its sixth edition with its deeply informed emphasis on both the face-to-face and electronic components of setting up, negotiating, and implementing an international commercial agreement stands alone among contract drafting guides and proves its enduring worth."
087,International sales law :,
087,International trade law /,
087,International trade law /,
087,The inward journey /,
087,Isotachophoresis :,
177,The (honest) truth about dishonesty :,"The author, a behavioral economist challenges our preconceptions about dishonesty; we all cheat, whether it is copying a paper in the classroom, or white lies on our expense accounts. He explores how unethical behavior works in the personal, professional, and political worlds, and how it affects all of use, even as we think of ourselves as having high moral standards. He explores the question of dishonesty from Washington to Wall Street, and the classroom to the workplace, to examine why cheating is so prevalent and what can be done to prevent it."
177,Adventures in understanding :,
177,Aquatic geomicrobiology /,
177,"Autoconditioning, the new way to successful life",
177,Autonomy and intervention :,
177,Big friendship :,"""Two of the nation's leading feminists and hosts of the hit podcast ""Call Your Girlfriend"" make the bold and compelling argument that a close friendship is the most influential and important relationship a human life can contain-helping you improve as a person and in your relationships with others""--"
177,Born liars :,"In Born Liars, Ian Leslie takes the reader on an exhilarating tour of ideas that brings the latest news about deception back from the frontiers of psychology, neuroscience, and philosophy, and explores the role played by lies both black and white in our childhoods, our careers, and our health, as well as in advertising, politics, sport and war. Drawing on thinkers as varied as Augustine, Charles Darwin, Sigmund Freud and Joni Mitchell, the author argues that, far from being a bug in the human software, lying is central to who we are; that we cannot understand ourselves without first understanding the dynamics of deceit. After reading Born Liars you'll never think about lies or life in quite the same way again."
177,Buy it now :,
177,The caring motivation :,"Caring is all around us and is manifested in diverse settings such as parenting, friendships, volunteering, altruism, mentoring, teaching, pet adoption, and gardening. The study of caring, the giving end of our relations, has been dispersed among a large variety of research paradigms (e.g., evolution, brain research, attachment theory, feminism, altruism, volunteering, parenting, social support, prosocial development, organizational citizenship behavior and sustainability) and this has impeded our understanding of caring. The Caring Motivation is a pioneering attempt to bring the diverse research on caring together and to examine caring as a motivation from a broad perspective that relies on these very diverse literatures. Author Ofra Mayseless underscores that we as a species have an innate, biologically driven and evolutionarily chosen, yet contextually sensitive, general motivation to care, tend, empower, and nurture. Several intriguing insights emerge, and a conceptual model of caring as a fundamental and encompassing human motivation is presented. This is the first time that such a model is discussed in detail and its presentation helps us understand core common processes of caring across diverse targets as well as unique adaptations. The model presents for the first time a comprehensive view on how caring is psychologically activated and sustained and underscores the importance of life meaning and purpose in its enactment. The book also introduces a preliminary and innovative model of the universal developmental course of the caring motivational system from infancy to adulthood. This novel and pioneering view opens up exciting new arenas for research and for applications in psychotherapy, education, human growth, spirituality and religions, leadership and organizational behavior, and human sciences in general and highlights the pivotal place of care in our lives."
177,Choosing to feel :,"If suffering is one hallmark of the human condition, another is the virtue of compassion, which disposes persons to suffer the pain of others as partly their own. In Choosing to Feel, Diana Fritz Cates draws on an Aristotelian-Thomistic ethical foundation to develop an original theory of compassion as she explores how persons are able, and why they would want, to deliberately orient themselves toward the shared suffering of another person's pain. While Cates's primary focus is rooted in the compassion that persons feel toward friends, her study culminates in an analysis of compassion for strangers and enemies. Throughout, Choosing to Feel promotes conceptual clarity and depth of understanding regarding what compassion is, how it can be cultivated, and why it should be nurtured as part of a full human life."
177,Compassion :,
177,Compassion and moral guidance /,
177,Compassion and remorse :,
177,The complete idiot's guide to starting an eBay business /,
177,The concept of conversation :,"In the classical period, conversation referred to real conversations, conducted in the leisure time of noble men, and concerned with indefinite philosophical topics. Christianity inflected conversation with universal aspirations during the medieval centuries and the ars dictaminis, the art of letter writing, increased the importance of this written analogue of conversation. The Renaissance humanists from Petrarch onward further transformed conversation, and its genre analogues of dialogue and letter, by transforming it into a metaphor of increasing scope. This expanded realm of humanist conversation bifurcated in Renaissance and early modern Europe. The Concept of Conversation traces the way the rise of conversation spread out from the history of rhetoric to include the histories of friendship, the court and the salon, the Republic of Letters, periodical press and women. It revises Jürgen Habermas' history of the emergence of the rational speech of the public sphere as the history of the emergence of rational conversation and puts the emergence of women's speech at the centre of the intellectual history of early modern Europe--"
177,The concept of conversation :,"'The Concept of Conversation' traces the way the rise of conversation spread out from the history of rhetoric to include the histories of friendship, the court and the salon, the Republic of Letters, periodical press and women."
177,The conditions of hospitality :,
177,Connected lives :,
177,Contemporary moral issues /,
177,Cultivating kindness in school :,"""Part 1: Kind Schools - 20 schoolwide activities for creating a safe and loving environment where students are treated fairly and kindly by peers, teachers, and staff. Activities cover creating a mission statement, selecting members of a task force and action groups, organizing schoolwide events, and more."" ""Part 2: Kind Classrooms - 52 classroom lessons for helping students develop a positive group identity. These lessons, grouped separately for grades K-3 and grades 4-8, are presented in sequences that show students how to apply the principles of kindness to their lives at school."" ""This program offers guidance in making the school a safe environment in which students are motivated to excel, and it teaches students the skills they need to respect themselves, others, and the learning space.""--BOOK JACKET."
177,Dealing :,"""Dealing: Women in The Drug Economy focuses on 16 women in inner suburban Melbourne. Denton traces their lives as they leave prison, rejoin the drug economy, and sometimes return to jail. Drawing on eyewitness accounts, this is a detailed examination of why women enter the drug business, how they run their operations and how they manage relations with customers, employees and the criminal justice system.""--BOOK JACKET."
177,Don't get burned on eBay /,
177,Drug control and the courts /,"Prisons are bursting at the seams, filled with drug-abusing criminal offenders as a result of the continuing ""war on drugs."" Yet rates of drug use among these offenders continue to skyrocket, showing that incarceration alone proves an inadequate solution. Faced with a drug crisis, what options does the court have to deal with this problem population? Offering a unique perspective, Drug Control and the Courts skillfully examines the history, development, and current status of drug control programs and the criminal justice system. This cutting-edge volume identifies notable trends - such as the growing need for HIV and AIDS screening among offenders and the documented success of compulsory and coerced drug treatment programs - that can strongly influence criminal justice procedures for dealing with drug-involved offenders. Authors James A. Inciardi, Duane C. McBride, and James E. Rivers critically examine successful programs and push for expanding the coordinated efforts of the courts and drug abuse treatment services. Featuring the combined expertise of the authors, the analysis in Drug Control and the Courts will be of interest to students in criminology, criminal justice, and sociology as well as researchers, practitioners, academics, and policymakers."
177,Drugs :,
177,Duped :,"From the advent of fake news to climate-science denial and Bernie Madoff’s appeal to investors, people can be astonishingly gullible. Some people appear authentic and sincere even when the facts discredit them, and many people fall victim to conspiracy theories and economic scams that should be dismissed as obviously ludicrous. This happens because of a near-universal human tendency to operate within a mindset that can be characterized as a “truth-default”. We uncritically accept most of the messages we receive as “honest”. We all are perceptually blind to deception. We are hardwired to be duped. The question is, can anything be done to militate against our vulnerability to deception without further eroding the trust in people and social institutions that we so desperately need in civil society? Timothy R. Levine’s Duped: Truth-Default Theory and the Social Science of Lying and Deception recounts a decades-long program of empirical research that culminates in a new theory of deception - truth-default theory. This theory holds that the content of incoming communication is typically and uncritically accepted as true, and most of the time, this is good. Truth-default allows humans to function socially. Further, because most deception is enacted by a few prolific liars, the so called “truth-bias” is not really a bias after all. Passive belief makes us right most of the time, but the catch is that it also makes us vulnerable to occasional deceit. Levine’s research on lie detection and truth-bias has produced many provocative new findings over the years. He has uncovered what makes some people more believable than others and has discovered several ways to improve lie-detection accuracy. In Duped, Levine details where these ideas came from, how they were tested, and how the findings combine to produce a coherent new understanding of human deception and deception detection."
177,Ecology of fishes on coral reefs /,
177,The emergence of crack cocaine abuse /,
177,Empires of vice :,"""Though today opiates are highly controlled substances and generally viewed as menaces to society, the opium trade was once licit and profitable, both for merchants and for the governments to which they paid taxes. During the late nineteenth century, British and French colonies in Southeast Asia drew up to fifty percent of their revenue from taxes on opium consumption. Given its profitability and European rulers' strenuous defence of opium as an integral part of managing an empire, how did both attitudes toward and laws about opium shift so dramatically by the mid-twentieth century? This book argues against the conventional understanding that opium prohibition was enacted as part of a wave of liberal humanitarianism or because doctors awoke to its dangers to users' wellbeing, and instead offers a more complex story. In examining the opium's fall from grace throughout British and French colonies in Southeast Asia from the 1860s to the 1940s, Diana Kim combines extensive archival research with her training in political science. This book reveals the key role minor colonial administrators played in the abolition process. Local administrators were players in intellectual debates and decision-making processes concerning opium, and the knowledge they produced-their records and observations-influenced the empire's revenue policies. The author's analysis of these processes challenges notions that states implement policies based on maximizing their revenue. By observing how opium prohibition was implemented differently and at different times across the region, Kim argues against the idea that the push for prohibition came from the metropole. Further, she reflects on the lasting legacies of prohibition and the implications for present-day politics and public regulation of vice crimes and illicit markets, making a statement about how vice is defined and how its regulation affects processes of state formation, colonial and otherwise""--"
177,Engineering,"Engineering is part of almost everything we do - from the water we drink and the food we eat, to the buildings we live in and the roads and railways we travel on. This book explores the nature and practice of engineering, its history, its scope, and its relationship with art, science and technology."
177,European drug policies :,
177,Everyday eBay :,
177,Forms of fellow feeling :,"""What is the basis of our capacity to act morally? This is a question that has been discussed for millennia, with philosophical debate typically distinguishing two sources of morality: reason and sentiment. This collection aims to shed light on whether the human capacity to feel for others really is central for morality and, if so, in what way. To tackle these questions, the authors discuss how fellow feeling is to be understood: its structure, content and empirical conditions. Also discussed are the exact roles that relevant psychological features - specifically: empathy, sympathy and concern - may play within morality. The collection is unique in bringing together the key participants in the various discussions of the relation of fellow feeling to moral norms, moral concepts and moral agency. By integrating conceptually sophisticated and empirically informed perspectives, Forms of Fellow Feeling will appeal to readers from philosophy, psychology, sociology and cultural studies""--"
177,The friend /,
177,Friendship and social media :,
177,Friendship in medieval Europe /,
177,From lying to perjury :,"""This volume provides new insights on lying and (intentionally) misleading in and out of the courtroom, a timely topic for scholarship and society. Not all deceptive statements are lies; not every lie under oath amounts to perjury---but what are the relevant criteria? Taxonomies of falsehood based on illocutionary force, utterance context and speakers' intentions have been debated by linguists, moral philosophers, social psychologists and cognitive scientists. Legal scholars have examined the boundary between actual perjury and garden-variety lies. The fourteen previously unpublished essays in this book apply theoretical and empirical tools to delineate the landscape of falsehood, half-truth, perjury, and verbal manipulation, including puffery, bluffing, and bullshit. The papers in this collection address conceptual and ethical aspects of lying vs. misleading and the correlation of this opposition with the Gricean pragmatic distinction between what is said and what is implicated. The questions of truth and lies addressed in this volume have long engaged the attention of scholars in linguistics, philosophy, psychology, cognitive science, organizational research, and the law, and researchers from all these fields will find this book of interest."" --"
177,FutureShop :,
177,A guide to teaching effective seminars :,"""A Guide to Teaching Effective Seminars provides college and university faculty with a new approach to thinking about their teaching and helps them develop a deeper understanding of conversation itself. Seminars often inspire collaborative learning and produce rich educational environments, yet even experienced faculty find these conversations can range in quality. A Guide to Teaching Effective Seminars addresses this challenge by presenting a sociolinguistic perspective on seminars and providing instructors with best practices to manage successful seminars. Grounded in research, data, and her own deep experience teaching seminars, author Susan Fiksdal reveals ways students negotiate perspectives on reading, on conversation, and on social identities and power. By giving readers an appreciation of the discourse of seminars, the book helps to undermine stereotypes about language and people, increase civility, reduce misunderstandings, and foster tolerance for new ideas and diverse ways of expressing them. This important resource is for faculty members at all levels of experience and in every discipline who want practical advice about facilitating effective seminars. Special Features: - Each chapter explores a key aspect of conversation with examples from a wide range of seminars across disciplines. - Transcripts from videotaped seminars showcase authentic conversations and negotiations between students. - End-of-chapter best practices promote critical thinking and collaboration. - A companion website features video clips of the transcripts in the book and additional resources""--"
177,The history and theory of post-truth communication /,"This book traces the principal roots of the concept of post-truth to uncover how it came by its present meaning. The concept of post-truth is the ripe and poisonous fruit of a tree fertilized and watered by many gardeners: some with good intentions, some with bad intentions, and others without a full understanding of the consequences of their thoughts and actions. If the concepts behind the expression ?post-truth? have a long history, what is behind the current rise in interest and alarm about the concept? Chosen by the Oxford English Dictionary as ?word of the year? in 2016, post-truth has entered both journalistic and common languages. There is, however, much confusion and a suffocating rhetoric about what it is, how it became such a powerful force, and its positive or perverse effects. Offering a fast-paced discussion of philosophical concepts, sociological theories, communication strategies, and original interpretations of historical events from the birth of mass media until today, this book is a guide for those who want to understand what is going on in Western society and culture."
177,Infectious generosity :,"""From the bestselling author, media pioneer, and curator of TED, an inspiring book about one of humankind's defining but overlooked impulses, and how we can super-charge its potential to build a hopeful future. Recent years have been tough on optimists. Hopes that the Internet might bring people together have been crushed by the divisiveness of social media. But as head of TED, Chris Anderson has had a ringside view of the world's boldest thinkers sharing their most uplifting ideas. Inspired by them and the unique insights he gained from how online sharing transformed TED into a global beacon of transformative ideas, he believes there's a pathway back from outrage to optimism. It all comes down to reimagining the role that one of the most fundamental human virtues-generosity-can play in our connected era. What if generosity could become infectious generosity? Anderson shows how the same technologies that have bred negativity can also be mobilized as an exponential force for good, to create chain reactions of generous behavior. Every day, remarkable stories of individual acts of kindness have sparked remarkable ripple effects when shared online, achieving a level of impact never before possible. This book captures some of the most inspiring such stories, revealing their potential to solve problems and make people happier in the process. Gifts of time, talent, connection, and kindness have always been part of what it is to be a good human. But today they can be catalyzed to have world-changing, self-replicating impact. In Infectious Generosity, Anderson offers readers a playbook to fine-tune these actions, to take generosity from invisible to transformative. Infectious Generosity invites readers, as well as companies, investors, and organizations, to give more to the world than they take from it, and to wholeheartedly embrace new forms of infectious generosity. Doing so isn't merely a test of character-our entire future may depend on it. This book shows the way""--"
177,The keys to kindness :,"Using the latest research from psychology and neuroscience and working in collaboration with the University of Sussex's world-leading Kindness Institute, Claudia Hammond takes us on a eye-opening tour of kindness: what constitutes kindness (it's not just one thing), effective strategies to build more of it into our lives and the benefits of being kind. The audiobook is structured around the seven keys of kindness:Start by understanding what it is.You need to recognise it when you see it: here's more kindness in the world than you might think.Kindness makes you feel good and that's okay.Kindness is not a weakness - kind people are winners.Kindness comes from understanding others.Anyone can be a hero.Kindness starts with being kind to yourself.Afterword: a prescription for kindness.You are kinder than you think, but we could all be kinder still - with enormous benefits for our personal mental health and wellbeing. The Keys to Kindness sets out a prescription for a kinder life that you can adapt to your own circumstances, and how to apply these lessons to ourselves, others and the planet."
177,Kindness :,"We all know that being kind is important. But it’s more than that – it’s essential for success and critical for creating solutions to challenges as Sebastian Boo explains in this video on his author pageThis Kindness Pocket Guide explains why kindness enables individuals, teams, organisations and societies to perform at their best. It’s a manifesto for kindness backed by research. Written in plain English with a wealth of scientific references it makes the case for a world where being kind isn’t just nice, it’s necessary.Empower yourself as a confident and effective champion for kindness with 12 chapters packed with accessible knowledge for you to use in your next conversation, presentation or interview."
177,Kindness boomerang :,"Orly Wahba is on a mission to make kindness go viral. She spreads her infectious positivity with videos, speeches, kindness dances and marathons, and now this book. Kindness Boomerang contains 365 daily acts, one for each day of the year, accompanied by inspirational quotes, personal stories on the power of paying it forward, and tangible steps to change your outlook on life. This book will empower readers to bring positivity to themselves and those around them. Wahba invites you to practice kindness in relationships, kindness with yourself, kindness with nature and kindness in many more forms. This book is a call to action for anyone who wants to live a more connected and fulfilling life. Sample Act: Create a kindness kit: Fill up a bag with socks, a blanket, mouthwash, gloves, a snack, and anything else you can think of. Keep it in your trunk ready to give to someone in need. ""Kindness in words creates confidence. Kindness in thinking creates profoundness. Kindness in giving creates love."" - Lao Tzu Reflection: For most, socks aren't an extravagant gift but for those who are homeless it can make a big difference."
177,The library screen scene :,"""In the past two decades, several U.S. states have explored ways to mainstream media literacy in school curriculum. However one of the best and most accessible places to learn this necessary skill has not been the traditional classroom but rather the library. In an increasing number of school, public, and academic libraries, shared media experiences such as film screening, learning to computer animate, and video editing promote community and a sense of civic engagement. The Library Screen Scene reveals five core practices used by librarians who work with film and media: viewing, creating, learning, collecting, and connecting. With examples from more than 170 libraries throughout the United States, the book shows how film and media literacy education programs, library services, and media collections teach patrons to critically analyze moving image media, uniting generations, cultures, and communities in the process""--"
177,Love /,"Love may be all around us, but it often seems more as if our conceptions of love are all over the place. In this Love: All That Matters, popular philosopher Mark Vernon argues that we have a tendency to approach questions about love as if there was a key to love that we must unlock. The author explores the ideas of neuroscientists and psychologists, who have become the modern-day oracles of love. But, he goes on, science is limited--we can learn more of love from Shakespeare than from Darwin. Inside you will find: A 100 Ideas section that offers original and inspirational ideas to help you explore the subject in more depth Weblinks and QR codes throughout the text, linking to videos from the author, or more detailed audio explanations."
177,Lying and deception :,
177,"Lying, misleading, and what is said :",
177,"Lying, misleading, and what is said :",
177,Making a living from your eBay business /,
177,Marine microbiology :,"The third edition of this bestselling text has been rigorously updated to reflect major new discoveries and concepts since 2011, especially progress due to extensive application of high-throughput sequencing, single cell genomics and analysis of large datasets. Significant advances in understanding the diversity and evolution of bacteria, archaea, fungi, protists, and viruses are discussed and their importance in marine processes is explored in detail. Now in full colour throughout, all chapters have been significantly expanded, with many new diagrams, illustrations and boxes to aid students’ interest and understanding. Novel pedagogy is designed to encourage students to explore current high-profile research topics. Examples include the impacts of rising CO2 levels on microbial community structure and ocean processes, interactions of microbes with plastic pollution, symbiotic interactions, and emerging diseases of marine life."
177,Marine microbiology :,"The third edition of this bestselling text has been rigorously updated to reflect major new discoveries and concepts since 2011, especially progress due to extensive application of high-throughput sequencing, single cell genomics and analysis of large datasets. Significant advances in understanding the diversity and evolution of bacteria, archaea, fungi, protists, and viruses are discussed and their importance in marine processes is explored in detail. Now in full colour throughout, all chapters have been significantly expanded, with many new diagrams, illustrations and boxes to aid students’ interest and understanding. Novel pedagogy is designed to encourage students to explore current high-profile research topics. Examples include the impacts of rising CO2 levels on microbial community structure and ocean processes, interactions of microbes with plastic pollution, symbiotic interactions, and emerging diseases of marine life."
177,Mathematical foundations for design :,
177,The meaning of friendship /,"""In this book, Mark Vernon offers penetrating insights on the idea of friendship, using philosophy and modern culture to ask about friendship and sex, work, politics and spirituality. He also explores how notions of friendship may or may not be changing because of the internet, and looks at the psychology of friendship""--Provided by publisher."
177,Microbial ecology of the oceans /,
177,Microbial ecology of the oceans /,"The third edition of Microbial Ecology of the Oceans features new topics, as well as different approaches to subjects dealt with in previous editions. The book starts out with a general introduction to the changes in the field, as well as looking at the prospects for the coming years. Chapters cover ecology, diversity, and function of microbes, and of microbial genes in the ocean. The biology and ecology of some model organisms, and how we can model the whole of the marine microbes, are dealt with, and some of the trophic roles that have changed in the last years are discussed. Finally, the role of microbes in the oceanic P cycle are presented. Microbial Ecology of the Oceans, Third Edition offers chapters on The Evolution of Microbial Ecology of the Ocean; Marine Microbial Diversity as Seen by High Throughput Sequencing; Ecological Significance of Microbial Trophic Mixing in the Oligotrophic Ocean; Metatranscritomics and Metaproteomics; Advances in Microbial Ecology from Model Marine Bacteria; Marine Microbes and Nonliving Organic Matter; Microbial Ecology and Biogeochemistry of Oxygen-Deficient Water Columns; The Ocean’s Microscale; Ecological Genomics of Marine Viruses; Microbial Physiological Ecology of The Marine Phosphorus Cycle; Phytoplankton Functional Types; and more."
177,Moral culture /,
177,The moral dimensions of empathy :,
177,Moral problems in contemporary society :,
177,On friendship /,"If we are lucky, in our lives, our friendships will be rich and varied. They will be shared with those with two legs, with four legs, with whiskers or clean faces; they will come dressed in the simplicity of childhood or the professional attire of adult life; some will span decades, and some will be only fleeting. But the thing they will all have in common is that life is not only unimaginable - but unimagined - without them. In these gorgeous personal reflections, Andrew O'Hagan explores friendship through music and poetry, memory and history, illuminating the many ways and reasons that people come together, and how our lives are all the better because we do."
177,The other significant others :,"Why do we assume romantic relationships are more important than friendships? What do we lose when we expect a spouse to meet all our needs? And what can we learn about commitment, love, and family from people who put deep friendship at the center of their lives? In The Other Significant Others, NPR's Rhaina Cohen invites us into the lives of people who have defied convention by choosing a friend as a life partner--these are friends who are home co-owners, co-parents or each other's caregivers. Their riveting stories unsettle widespread assumptions about relationships, including the idea that sex is a defining feature of partnership and that people who raise kids together should be in a romantic relationship. Platonic partners from different walks of life--spanning age and religion, gender and sexuality and more--reveal how freeing and challenging it can be to embrace a relationship model that society doesn't recognize. And they show that orienting your world around friends isn't limited to daydreams and episodes of The Golden Girls, but actually possible in real life. Based on years of original reporting and striking social science research, Cohen argues that we undermine romantic relationships by expecting too much of them, while we diminish friendships by expecting too little of them. She traces how, throughout history, our society hasn't always fixated on marriage as the greatest source of meaning, or even love."
177,The Oxford handbook of gossip and reputation /,"Gossip and reputation are core processes in societies and have substantial consequences for individuals, groups, communities, organizations, and markets.. Academic studies have found that gossip and reputation have the power to enforce social norms, facilitate cooperation, and act as a means of social control. The key mechanism for the creation, maintenance, and destruction of reputations in everyday life is gossip - evaluative talk about absent third parties. Reputation and gossip are inseparably intertwined, but up until now have been mostly studied in isolation.The Oxford Handbook of Gossip and Reputation fills this intellectual gap, providing an integrated understanding of the foundations of gossip and reputation, as well as outlining a potential framework for future research. Volume editors Francesca Giardini and Rafael Wittek bring together a diverse group of researchers to analyze gossip and reputation from different disciplines, social domains, and levels of analysis. Being the first integrated and comprehensive collection of studies on both phenomena, each of the 25 chapters explores the current research on the antecedents, processes, and outcomes of the gossip-reputation link in contexts as diverse as online markets, non-industrial societies, organizations, social networks, or schools.International in scope, the volume is organized into seven sections devoted to the exploration of a different facet of gossip and reputation. Contributions from eminent experts on gossip and reputation not only help us better understand the complex interplay between two delicate social mechanisms, but also sketch the contours of a long term research agenda by pointing to new problems and newly emerging cross-disciplinary solutions."
177,The pedagogy of compassion at the heart of higher education /,
177,The philosophy of friendship /,
177,Politics of empathy :,
177,Post truth :,"Welcome to the Post-Truth era- a time in which the art of the lie is shaking the very foundations of democracy and the world as we know it. The Brexit vote; Donald Trump's victory; the rejection of climate change science; the vilification of immigrants; all have been based on the power to evoke feelings and not facts. So what does it all mean and how can we champion truth in in a time of lies and 'alternative facts'? In this eye-opening and timely book, Post-Truth is distinguished from a long tradition of political lies, exaggeration and spin. What is new is not the mendacity of politicians but the public's response to it and the ability of new technologies and social media to manipulate, polarise and entrench opinion. Where trust has evaporated, conspiracy theories thrive, the authority of the media wilt and emotions matter more than facts ."
177,The power of kindness :,"""When The Power of Kindness first appeared in 2006 it thrilled and challenged readers with one audacious promise: your acts of generosity and decency are the secret to a fuller, more satisfying life. Kindness is not some squishy virtue but the key to your own happiness... This new edition [features] a complete new chapter by Piero Ferrucci on harmlessness, which joins his other chapters such as honesty, warmth, and loyalty. In addition, Ferrucci contributes a substantial new introduction and selection of techniques, meditations, and exercises""--"
177,Presentation skills for students /,
177,The reasons of love /,
177,Reinventing justice :,"""Drug courts offer radically new ways to deal with the legal and social problems presented by repeat drug offenders, often dismissing criminal charges as an incentive for participation in therapeutic programs. Since the first drug court opened in 1989 in Florida, close to eight hundred have been established throughout the United States. Although some observers have questioned their efficacy, no one until now has constructed an overall picture of the drug court phenomenon and its place in an American history of the social control of drugs. Here James Nolan examines not only how therapeutic strategies deviate from traditional judiciary proceedings, but also how these differences reflect changes afoot in American culture and conceptions of justice."" ""Nolan draws upon extensive feedback to analyze a new type of courtroom drama in which the judge engages directly and regularly with the defendant-turned-client, lawyers play a reduced and less adversarial role, and treatment providers exert unprecedented influence in determining judicially imposed sanctions. The author considers the intended as well as unexpected consquences of therapeutic jurisprudence: for example, behavior undergoes a pathological reinterpretation, guilt is discredited, and the client's life story and ability to convince the judge of a willingness to change take on a new importance. Nolan finds that, fueled in part by the strength of therapeutic sensibilities in American culture, the drug court movement continues to expand and advances with it new understandings of the meaning and practice of justice.""--BOOK JACKET."
177,Risk management of chemicals /,
177,Seabird islands :,
177,Semiotics of friendship :,"A friend should be able to be an attentive listener, which made semiotician Roland Barthes wonder in his intriguing dictionary of love, ""cannot friendship be defined as a space with total sonority?"". This volume takes on the encyclopedic task - in the sense of Umberto Eco, where an encyclopedia is a very complex sign - to explore friendship in detail, not only as a form of love but in all its complexity as a bond that connects people and forms communities. Semiotics, the study of signs and meaning-making, is used alongside insights from a wide range of friendship studies to create a far-reaching intellectual resonance, or sonority, around friendship as a central human experience."
177,Seneca on society :,
177,Short story criticism :,
177,"Snipers, shills, & sharks :",
177,The summons of love /,
177,Sympathy :,
177,The person and love : philosophy and theology of love /,
177,The philosophy of loyalty /,
177,This book will make you kinder :,"""From the creator of @Drawings of Dogs comes this illustrated examination of empathy and the necessity of being kinder. Building on his academic studies in metaethics and using his signature animal cartoons, the author explores the sources and the limitations of human empathy and the many ways that we can work toward being our best selves for the people around us and the society we need to build""--"
177,This I believe :,"""This I Believe, gave voice to the feelings and treasured beliefs of Americans around the country. Fifty years later, the popular update of the series, which now continues on Bob Edwards Weekend on public radio, explores the beliefs that people hold dear today. This book brings together essays on love from ordinary people far and wide whose sentiments and stories will surprise, inspire, and move you""--"
177,Toxic chemical and explosives facilities :,
177,Traditions of compassion :,
177,True enough :,
177,Turning to one another :,
177,Twin Cities /,
177,Variational methods for structural optimization /,
177,Welfare and rational care /,"What kind of life best ensures human welfare? Since the ancient Greeks, this question has been as central to ethical philosophy as to ordinary reflection. But what exactly is welfare? This question has suffered from relative neglect. And, as Stephen Darwall shows, it has done so at a price. Presenting a provocative new ""rational care theory of welfare,"" Darwall proves that a proper understanding of welfare fundamentally changes how we think about what is best for people. Most philosophers have assumed that a person's welfare is what is good from her point of view, namely, what she has a distinctive reason to pursue. In the now standard terminology, welfare is assumed to have an ""agent-relative normativity."" Darwall by contrast argues that someone's good is what one should want for that person insofar as one cares for her. Welfare, in other words, is normative, but not peculiarly for the person whose welfare is at stake. In addition, Darwall makes the radical proposal that something's contributing to someone's welfare is the same thing as its being something one ought to want for her own sake, insofar as one cares. Darwall defends this theory with clarity, precision, and elegance, and with a subtle understanding of the place of sympathetic concern in the rich psychology of sympathy and empathy. His forceful arguments will change how we understand a concept central to ethics and our understanding of human bonds and human choices."
177,Workin' hard for the money : the social and economic lives of women drug sellers /.,
177,Zooplankton and phytoplankton :,
884,Arion's lyre :,"Arion's Lyre examines how Hellenistic poetic culture adapted, reinterpreted, and transformed Archaic Greek lyric through a complex process of textual, cultural, and creative reception. Looking at the ways in which the poetry of Sappho, Alcaeus, Ibycus, Anacreon, and Simonides was preserved, edited, and read by Hellenistic scholars and poets, the book shows that Archaic poets often look very different in the new social, cultural, and political setting of Hellenistic Alexandria. For example, the Alexandrian Sappho evolves from the singer of Archaic Lesbos but has distinct associations and contexts, from Ptolemaic politics and Macedonian queens to the new phenomenon of the poetry book and an Alexandrian scholarship intent on preservation and codification."
884,The Cambridge companion to Greek lyric /,
884,Cats :,
884,Economy of the unlost :,"""The ancient Greek lyric poet Simonides of Keos was the first poet in the Western tradition to take money for poetic composition. From this starting point, Anne Carson launches an exploration, poetic in its own right, of the idea of poetic economy. She offers a reading of certain of Simonides' texts and aligns these with writings of the modern Romanian poet Paul Celan, a Jew and survivor of the Holocaust, whose ""economies"" of language are notorious. Asking such questions as, What is lost when words are wasted? and Who profits when words are saved, Carson reveals the two poets' striking commonalities.""--BOOK JACKET."
884,Gorilla society :,
884,Greek lyric :,
884,Greek lyric /,"""This volume presents a selection of papers published in the last few decades on the main types of Greek lyric poetry (melic, elegiac, and iambic), excluding Pindar and Bacchylides"" -- Preface."
884,Greek lyric poetry :,
884,Greek lyric poetry :,"This new poetic translation by a leading expert captures the nuances of meaning and the whole spirit of this poetry as never before. It is not merely a selection but covers all the surviving poems and intelligible fragments, apart from the works of Pindar and Bacchylides, and includes a number of pieces not previously translated. The Introduction gives a brief account of the poets, and explanatory Notes on the texts will be found at the end. ABOUT THE SERIES: For over 100 years Oxford World's Classics has made available the widest range of literature from around the globe. Each affordable volume reflects Oxford's commitment to scholarship, providing the most accurate text plus a wealth of other valuable features, including expert introductions by leading authorities, helpful notes to clarify the text, up-to-date bibliographies for further study, and much more."
884,Idylls /,"The Greek poet Theocritus of Syracuse (first half of the third century BC) was the inventor of 'bucolic' poetry. These vignettes of country life, centred on competitions in song and love, are the foundational poems of the western pastoral tradition. They were the principal model for Virgil in the Eclogues and their influence can be seen in the work of Petrarch and Milton. Although it is the pastoral poems for which he is chiefly famous, Theocritus also wrote hymns to the gods, brilliant mime depictions of everyday life, short narrative epics, epigrams, and encomia of the powerful. The great variety of his poems illustrates the rich and flourishing poetic culture of what was a golden age for Greek poetry."
884,The Idylls of Theocritus /,
884,Mountain gorillas :,
884,"Music, text, and culture in ancient Greece /","What difference does music make to performance poetry, and how did the ancients understand this relationship? This volume explores the interaction of music and language in ancient Greek poetry, arguing that music crucially informs the ways in which these texts create meaning and exploring its place in contemporary critical writings."
884,Nuclear receptors /,
884,The odes and selected fragments /,
884,The odes of Pindar /,
884,The odes of Pindar /,
884,The pastoral Narcissus :,
884,Pindar :,
884,Pindar /,
884,Pindar and the emergence of literature /,"""Pindar and the Emergence of Literature places Pindar in the context of the evolution of Archaic Greek poetics. While presenting an in-depth introduction to diverse aspects of Pindar's art (authorial metapoetics, imagery, genre hybridization, religion, social context, and dialect), it seeks to establish a middle ground between cultural contextualism and literary history, paying attention both to poetry's historical milieu and its uncanny capacity to endure in time. With that methodological objective, the book marshals a new version of historical poetics, drawing both on theorists usually associated with this approach, such as Alexander Veselovsky, Mikhail Bakhtin, and Olga Freidenberg, and on T. S. Eliot, Hans Blumenberg, Fredric Jameson, and Stephen Greenblatt. The ultimate literary-historical problem posed by Pindar's poetics, which this book sets out to solve, is the transformation of pre-literary structures rooted in folk communal art into elements that still inform our notion of literature""--"
884,Pythian eleven /,
884,Re-reading Sappho :,
884,Regulating the multinational enterprise :,
884,Sappho :,
884,Sappho's immortal daughters /,"Margaret Williamson conducts us through ancient representations of Sappho, from vase paintings to appearances in Ovid, and traces the route by which her work has reached us, shaped along the way by excavators, editors, and interpreters. She goes back to the poet's world and time to explore perennial questions about Sappho: How could a woman have access to the public medium of song? What was the place of female sexuality in the public and religious symbolism of Greek culture? What is the sexual meaning of her poems? Williamson then looks closely at the poems themselves, Sappho's ""immortal daughters."" Her book offers the clearest picture yet of a woman whose place in the history of Western culture has been at once assured and mysterious."
884,Selected odes :,
884,Studies in the reception of Pindar in Ptolemaic poetry /,"Recent years have witnessed a revival of interest in the influence of archaic lyric poetry on Hellenistic poets. However, no study has yet examined the reception of Pindar, the most prominent of the lyric poets, in the poetry of this period. This monograph is the first book to offer a systematic examination of the evidence for the reception of Pindar in the works of Callimachus of Cyrene, Theocritus of Syracuse, Apollonius of Rhodes and Posidippus of Pella. Through a series of case studies, it argues that Pindaric poetry exercised a considerable influence on a variety of Hellenistic genres: epinician elegies and epigrams, hymns, encomia, and epic poetry. For the poets active at the courts of the first three Ptolemies, Pindar's poetry represented praise discourse in its most successful configuration. Imitating aspects of it, they lent their support to the ideological apparatus of Greco-Egyptian kingship, shaped the literary profile of Pindar for future generations of readers, and defined their own role and place in Greek literary history. The discussion offered in this book suggests new insights into aspects of literary tradition, Ptolemaic patronage, and Hellenistic poetics, placing Pindar's work at the very heart of an intricate nexus of political and poetic correspondences."
884,Stung with love :,
884,Theocritus and the archaeology of Greek poetry /,
884,Trade and industrial policy under international oligopoly /,
884,Trade and industrial policy under international oligopoly /,
884,Victory odes :,
884,Victory odes :,
237,American silver in the Art Institute of Chicago /,"The history of American silver offers invaluable insights into the economic and cultural history of the nation itself. Published here for the first time, the Art Institute of Chicago's superb collection embodies innovation and beauty from the colonial era to the present. In the 17th century, silversmiths brought the fashions of their homelands to the colonies, and in the early 18th, new forms arose as technology diversified production. Demand increased in the 19th century as the Industrial Revolution took hold. In the 20th, modernism changed the shape of silver inside and outside the home."
237,Art now Cornwall /,
237,The business of music management :,The book's focus is on successful music entrepreneurship and career development in the global music and entertainment industry.
237,Career paths in psychology :,
237,Career paths in psychology :,
237,Concepts of transmigration :,
237,The Euclidean Division of the canon :,
237,Futuretainment :,
237,Music business handbook and career guide /,
237,Music business handbook and career guide /,
237,Music business handbook and career guide /,
237,The music industry handbook /,"""'This book highlights the realities of the UK music industry today and ways in which newcomers to this complex eco-system may understand and hopefully find a possible career pathway in it'""--From review, back cover."
237,Objects of time :,
237,Presidential advisors and assistants :,"Since the beginning of the federal government, Presidents have called upon executive branch officials to provide them with advice regarding matters of policy and administration. While Cabinet members were among the first to play such a role, the creation of the Executive Office of the President (EOP) in 1939 and the various agencies located within that structure resulted in a large increase in the number and variety of presidential advisers. All senior staff members of the White House Office and the leaders of the various EOP agencies could be said to serve as advisers to the President. This book provides background information and selected views on the role of some of these appointees and discusses some of the constitutional concerns that have been raised about presidential advisers."
237,Pressed for time :,
237,Short story criticism :,"Short Story Criticism assembles critical responses to the writings of the worlds most renowned short fiction writers and provides supplementary biographical context and bibliographic material to guide the reader to a greater understanding of the genre and its creators. Each of the more than 200 volumes in this series profiles approximately 3-6 writers of short fiction from all time periods and all parts of the world. Entries provide an introductory biographical essay, a primary bibliography, a selection of full-text or excerpted critical essays reproduced from books, magazines, literary reviews, newspapers and scholarly journals, and sources for additional research; many entries include an author portrait. A full citation and annotation precede each of the approximately 50 essays per volume. The series currently covers more than 500 authors and also includes numerous entries focusing on individual works and topics. Although short fiction is also covered in other titles from the Gale Literature Criticism series, Short Story Criticism offers a greater focus on understanding the genre than is possible in the broader, survey-oriented entries in those series. Clear, accessible introductory essays followed by carefully selected critical responses allow endusers to engage with a variety of scholarly views and conversations about writers of short fiction and their works."
237,Thank you for being late :,
237,This note's for you :,"From Coca-Cola to Chrysler this book takes you behind the curtain of some of the best popular music in advertising campaigns of all time. Did you know that fog played a critical role in the ""I'd Like to Teach the World to Sing"" campaign, and that the choir had no idea that Eminem was going to show up while they were taping the ""Lose Yourself "" campaign, or that The Doors were supposed to be in the Cadillac commercials, not Led Zeppelin, until one of The Doors discovered that Cadillac made the Escalade and suddenly declined because he felt it was environmentally unfriendly. This book talks of the people who created the campaigns with the songs we remember the most. Everything from Bob Seger's ""Like A Rock"" (Chevy Trucks) to LMFAO's Party Rock and the dancing hamsters (Kia). The result is a book that educates and entertains on what made these campaigns excellent and how to make excellent campaigns. This collection of award-winning music in advertising campaigns is not available together anywhere else. It shows where this art in advertising form has been, where it is now, and provides the foundation for where it will go."
237,"Time, communication and global capitalism /",
237,US politics and the United Nations :,
237,What to do with your psychology degree :,
237,What to do with your psychology degree :,
497,'You're so fat' :,
497,Abuse of companies /,"Abuse of Companies' focuses on whether the corporate form is used as such to avoid liabilities or cover illegal acts, or whether abuse is practised to obtain certain advantages. The subject of this first-ever, in-depth survey and analysis garners more attention every day - both in legal literature and in popular media. Taken together, the authoritative contributions in this book clearly and comprehensively reveal typical situations where abuse may take place and how company law and other areas of law have tackled these incidents and practices in a variety of key jurisdictions. It gives an understanding of the background, implications and limitations of the different measures adopted to avoid abuse of companies. --"
497,Agreement and anti-agreement :,
497,American Indian languages :,
497,The American monetary system :,"Today&#x2019;s financial system is considerably more complex than in years past, as new financial instruments have been introduced that are not well understood even by the people and institutions that invest in them. Numerous high-risk opportunities are available, and the number of people who unwittingly wander into such ventures seems to grow daily. There is also the realization that people&#x2019;s lives are affected by the financial system without their overt participation in it. Despite no active participation, pensions can be emasculated by a sudden decline in interest rates, or a rise in rates can increase the monthly payments on a mortgage, credit cards or other debt. This book looks at the history of the American banking system, including the passage of the Federal Reserve Act in 1913, the implementation of deposit insurance, along with certain other provisions of the Glass-Steagall Act of 1933, the Bretton-Woods agreements, the forces of technological innovation and the Dodd-Frank Act, passed by Congress in 2010 for regulatory reform. This book will be of interest to undergraduate and graduate level students that want to gain a broad understanding of how the financial system works, why it is important to the economy as a whole, and what its strengths and weaknesses are. Also, readers should gain an understanding of what the Federal Reserve, other regulators and other central banks are doing, and will be in a position to critique their actions and say with some depth of understanding why they agree or disagree with them."
497,Aspects of argument structure acquisition in Inuktitut /,
497,"Banking, monetary policy and the political economy of financial regulation :",
497,Born to die :,"The biological mingling of the previously separated Old and New Worlds began with the first voyage of Columbus. The exchange was a mixed blessing: It led to the disappearance of entire peoples in the Americas, but it also resulted in the rapid expansion and consequent economic and military hegemony of Europeans. Amerindians had never before experienced the deadly Eurasian sicknesses brought by the foreigners in wave after wave; smallpox, measles, typhus, plague, influenza, malaria, yellow fever. These diseases conquered the Americas before the sword could be unsheathed. From 1492 to 1650, from Hudson's Bay in the north to southernmost Tierra del Fuego, disease weakened Amerindian resistance to outside domination. The Black Legend, which attempts to place all of the blame for the injustices of conquest on the Spanish, must be revised in light of the evidence that all Old World peoples carried, literally though largely unwittingly, the germs of the destruction of American civilization."
497,Breaking the maya code /,
497,Central banks and financial markets :,"In the wake of the financial crisis of 2008, there has been increasing debate over the appropriate role of central banks in mitigating economic disaster. This timely volume combines detailed historical and econometric analyses to explore the profound changes that occurred within the US financial system from the 1980s to the present, and shows how these changes have affected the US economy. Hasan Comert demonstrates how dramatic shifts in the financial system undermined the ability of the US Federal Reserve to control the price and quantity of credit. He identifies several key factors that facilitated this loss of control, including deregulation, rapid financial innovations, increased financial integration and a number of policy decisions implemented within the Federal Reserve itself. Through a combination of several methods, including historical and institutional analyses, descriptive statistics, simulation and econometric techniques, the author provides a well-rounded and vitally important picture of the US financial system and offers insightful policy recommendations for the future. Students, professors and policymakers with an interest in economics, finance, banking and monetary policy will no doubt find this book a fascinating and invaluable resource."
497,Collective dismissal in the European Union :,
497,Comic acting and portraiture in late-Georgian and Regency England /,
497,Concise European trade mark law /,
497,Constitutional amendments XX-XLII.,
497,"The correct language, Tojolabal :",
497,Deciphering Aztec hieroglyphs :,"""For more than three millennia the cultures of Mesoamerica flourished, yielding the first cities of the Western Hemisphere and developing writing systems that could rival those of the East in their creativity and efficiency. The Nahuatl-speaking Aztecs reigned over one of the greatest imperial civilizations the Americas had ever seen, and until now their intricate and visually stunning hieroglyphs have been overlooked in the story of writing. In this innovative volume Gordon Whittaker provides the reader with a step-by-step, illustrated guide to reading Aztec glyphs, as well as the historical and linguistic context needed to appreciate and understand this fascinating writing system. He also tells the story of how this enigmatic language has been deciphered and gives a tour through Aztec history as recorded in the richly illustrated hieroglyphic codices. This groundbreaking guide is essential reading for anyone interested in the Aztecs, hieroglyphs, or ancient languages.""--Jacket flap."
497,Delaware verbal morphology :,
497,Does the Internet have an unconscious? :,"Clint Burnham has produced the definitive psychoanalytic account of digital culture. This is the book that those seeking to understand how the unconscious manifests itself in the digital universe have been waiting for. For too long, psychoanalytic theorists have confined themselves to analyses of film and literature, but now Burnham provides the breakthrough. Far from being an application of psychoanalysis to a foreign realm, the digital provides the privileged ground for encountering the unconscious. As Burnham's delightful and witty prose indicates, the internet functions as an event with concrete ramifications for the psyches that emerge in its wake. Todd McGowan, Professor of English, University of Vermont, USA, and author of Only a Joke Can Save Us: A Theory of Comedy Were there ever two formations with less in common than 'the Internet, ' a machinic transmission of discrete data, and 'psychoanalysis, ' a wild science of messy social relationality? Clint Burnham's genius is to show how psychoanalysis is indispensable to any robust theory of digital culture, but as well to reveal the cybernetics already at work in psychoanalytic theory from Freud to Zizek. In readings of multiple media, he vividly demonstrates the ongoing necessity of concepts like negation, enjoyment, and disavowal for making sense of aesthetic productions like cinema, social experiences like Facebook, and the cyber mode of production that binds online pleasures to offline battery factories. This is an expansive, fascinating book, offering its readers a dazzling plenty of speculation and critique."
497,The dollar trap :,
497,Escape from the central bank trap :,"The financial crisis was much more than the result of an excess of risk. It is essential to understand that the same policies that created each subsequent bust are the same ones that have been implemented in the past years, through Quantitative Easing (QE) to allegedly ""solve"" this crisis. In this book, I explain how, through lower interest rates and the artificial creation of money, central banks have created a massive liquidity trap, perpetuating bubbles, incentivizing high debt, and increasing financial risk. The objective of this book is to present solutions in fiscal and monetary policy that can be implemented today, while at the same time debunking magical solutions offered by some authors, particularly the so-called Modern Monetary Theory. I also explore the impact of monetary expansion on commodities and Emerging Markets, Trump's economic policies, Japan's fight against stagnation, Russia's central bank unique strategy, and the European Union model. Escape from the Central Bank Trap is about realistic solutions for the threat of zero-interest rates and excessive liquidity. Overcapacity, high debt and perverse incentives to assault taxpayers and consumers are not ingredients of welfare, but of secular stagnation. The United States needs to take the first step, defending sound money and a balanced budget, recovering the middle-class by focusing on increasing disposable income, and supporting productivity growth. The rest of the OECD will follow. Because supply-side policies work. Our future does not need to be low growth and high debt. We cannot expect humanity to progress if we enslave future generations with unsustainable debt levels just to perpetuate the imbalances of an inefficient economic model. Cheap money becomes very expensive in the long run. There is an escape from the Central Bank Trap."
497,EU State aid control of infrastructure funding /,"EU State Aid Control of Infrastructure Funding' focuses on the complex rules of EU State Aid control in the infrastructure sector and how they have been interpreted in the European Commission?s decisional practice and by the EU courts. The elements of infrastructure? roads, transportation, electricity, water, communications, schools, hospitals? are so ingrained in the fabric of daily life that few people give a second thought to who provides them, and how. Yet, they are controlled by an extensive and complex regulatory system. Moreover, the EU?s State aid modernization plan has made infrastructure a crucial aspect of competition law. How did EU State aid law turn into regulation on whether a city can build a new airport, or how it may operate a school? And what do the rules actually mean for infrastructure funding? These are the questions this book, the first comprehensive guide to EU State aid law in this key sector and a major contribution to the debate on the topic, seeks to answer."
497,European Union competition law in the airline industry /,
497,Evidence for multiattachment in K'ekchi Mayan /,"This study, first published in 1985, analyses aspects of the syntax of K'ekchi, a Mayan language spoken in Guatemala. Working in the framework of Relational Grammar, the author finds evidence for the constructions of Passive, Antipassive and 2-3 Retreat and provides formulations for the principles of Personal Agreement, Number Agreement, Nominal Case, and Aspect Marking. This title will be of interest to students of language and linguistics."
497,Evidence for multiattachment in K'ekchi Mayan /,
497,"Globalization, Southeastern Europe, and the world economy /","""This book explores the key economic issues facing Southeastern Europe and Bosnia and Herzegovina, within the context of the serious challenges that the global economy has faced in recent years.The book combines rigorous analysis of the issues faced by the region with a constructive approach to identifying solutions for a positive future trajectory. The book starts by exploring the economic challenges facing the world economy both before and during the global economic crisis. The second part of the volume focuses on south-eastern Europe, and especially on the Western Balkans, assessing the best ways of achieving a positive economic future for small open economies in the region. The final part of the volume examines the economic challenges in Bosnia and Herzegovina. The final section examines the economic challenges in Bosnia and Herzegovina, arguing that it is most useful to view the country within the context of the regional and global economies.The book will be extremely useful for scholars working on European Economics, transition economics, and the global economy and the financial crisis. ""--Provided by publisher."
497,A grammar of Patwin /,"""A Grammar of Patwin brings together two hundred years of word lists, notebooks, audio recordings, and manuscripts from archives across the United States and synthesizes this scattered collection into the first published description of the Patwin language""--"
497,"The great contraction, 1929-1933 /",
497,Guide to EU pharmaceutical regulatory law /,
497,The individual and the crowd :,
497,Information asymmetries in EU VAT /,"As a result of his in-depth treatment of the subject, the author establishes the following: to what extent information asymmetries in EU VAT have legal implications (e.g., VAT assessments, fines) for the taxable person; to what extent information asymmetries should have legal implications for the taxable person, taking into account the legal principles applicable in EU VAT; to what extent positive EU VAT law indeed implies the risk of information asymmetries and any associated unjustified legal implications; and to what extent legal remedies should be employed to avoid or to reduce information asymmetries for the taxable person."
497,Infringement proceedings in EU law /,"""[This book covers] infringement proceedings under Articles 258-260 of the Treaty on the Functioning of the European Union (TFEU). Infringement proceedings constitute a significant proportion of proceedings before the CJEU and play a key role in the development of EU law. Their immediate purpose is to obtain a declaration that a Member State has, by its conduct, failed to fulfil an obligation under the EU Treaties. The aim is to bring that infringing conduct and its effects to an end and, ultimately, to eliminate infringements across the Union. This book provides not only an in-depth discussion on the role and functioning of infringement proceedings within the EU legal order, but also a critical assessment of the procedures as they currently stand, complete with proposals for future changes. The author, recognizing that member states' compliance with the EU law is an integral part of the task of ensuring the rule of law throughout the Union, thoroughly explains the functioning of infringement proceedings, their requirements and related policies, including issues such as: the European Commission's discretion to bring a case before the Court; the author of the infringement, including national courts or private entities; member states' procedural and substantive defences; the different procedures under Articles 258, 259 and 260(2) and (3) TFEU; rights of private parties; interim measures; financial sanctions; member states' liability; and the roles played by the European Parliament and the Ombudsman. Particular attention is devoted to rules that have not yet been fully interpreted, or where the current interpretation or application of the rules seems problematic.""--"
497,Language and literacy teaching for indigenous education :,
497,Language contact and change in the Americas :,
497,"Language, discourse, and borders in the Yugoslav successor states /",
497,The law of the European Union /,"This book provides the most comprehensive and systematic account available of the law of the EC and the EU, including detailed description and commentary on the economic and monetary union."
497,The Lillooet language :,
497,"The linguistics of Southeast Chiapas, Mexico /",
497,Miraculous plagues :,
497,Mobilian jargon :,"The study of Native American languages has traditionally paid little attention to linguistic convergence, just as linguists focusing on language contact have often neglected Native American cases. Drawing both on fieldwork and on archival research Emanuel Drechsel presents a grammatical, sociolinguistic, and ethnohistorical study of Mobilian Jargon, a Muskogean-based American Indian pidgin of the Mississippi valley. Mobilian Jargon functioned as an interlingual medium of communication among linguistically diverse southeastern Native American groups and non-Indians, from at least 1700 until the mid-twentieth century. It also served as a sociolinguistic buffer, providing native peoples with some protection against outside intrusions. The linguistic and extralinguistic evidence points to a pre-Columbian origin, and a role as a lingua franca among mound-building paramount chiefdoms of the lower Mississippi valley. Because of its focus on a non-European based case, Drechsel's study questions the universality of some concepts developed in pidgin and creole linguistics. It also carries significant implications for the ethnology of Native American peoples, and for the history of North America, suggesting that Native American peoples have had a greater historical role than has been acknowledged hitherto."
497,Mojave syntax /,"In this study the author not only comments on some of the important processes in the syntax of the Mojave language but also provides the reader with an introduction to a language whose grammar had, previous to the titles publication in 1976, never been described. This title will be of interest to students of language and linguistics."
497,"A monetary history of the United States, 1867-1960","Milton Friedman and Anna Jacobson Schwartz’s A Monetary History of the United States, 1867–1960 is one of the most influential economics books of the twentieth century. A landmark achievement, it marshaled massive historical data and sharp analytics to argue that monetary policy—steady control of the money supply—matters profoundly in the management of the nation’s economy, especially in navigating serious economic fluctuations.One of the book’s most important chapters, “The Great Contraction, 1929–33” addressed the central economic event of the twentieth century, the Great Depression. Friedman and Schwartz argued that the Federal Reserve could have stemmed the severity of the Depression, but failed to exercise its role of managing the monetary system and countering banking panics. The book served as a clarion call to the monetarist school of thought by emphasizing the importance of the money supply in the functioning of the economy—an idea that has come to shape the actions of central banks worldwide."
497,The money problem :,"Years have passed since the world experienced one of the worst financial crises in history, and while countless experts have analyzed it, many central questions remain unanswered. Should money creation be considered a 'public' or 'private' activity--or both? What do we mean by, and want from, financial stability? What role should regulation play? How would we design our monetary institutions if we could start from scratch? In The Money Problem, Morgan Ricks addresses all of these questions and more, offering a practical yet elegant blueprint for a modernized system of money and banking--one that, crucially, can be accomplished through incremental changes to the United States' current system. He brings a critical, missing dimension to the ongoing debates over financial stability policy, arguing that the issue is primarily one of monetary system design. The Money Problem offers a way to mitigate the risk of catastrophic panic in the future, and it will expand the financial reform conversation in the United States and abroad."
497,The money problem :,"In The Money Problem, Morgan Ricks addresses all of these questions and more, offering a practical yet elegant blueprint for a modernized system of money and banking—one that, crucially, can be accomplished through incremental changes to the United States’ current system. He brings a critical, missing dimension to the ongoing debates over financial stability policy, arguing that the issue is primarily one of monetary system design. The Money Problem offers a way to mitigate the risk of catastrophic panic in the future, and it will expand the financial reform conversation in the United States and abroad."
497,Morphology at the interfaces :,
497,Nantucket in color /,
497,A new German idealism :,"In 2012, philosopher and public intellectual Slavoj Žižek published what arguably is his magnum opus, the one-thousand-page tome Less Than Nothing: Hegel and the Shadow of Dialectical Materialism. A sizable sequel appeared in 2014, Absolute Recoil: Towards a New Foundation of Dialectical Materialism. In these two books, Žižek returns to the German idealist G. W. F. Hegel in order to forge a new materialism for the twenty-first century. Žižek’s reinvention of Hegelian dialectics explores perennial and contemporary concerns: humanity’s relations with nature, the place of human freedom, the limits of rationality, the roles of spirituality and religion, and the prospects for radical sociopolitical change."
497,O brave new words! :,
497,Object and absolutive in Halkomelem Salish /,
497,Person prominence and relation prominence :,
497,Phonological variation in western Cherokee /,
497,Phonological variation in western Cherokee /,
497,The Pipil language of El Salvador /,
497,Power and willpower in the American future :,"""'The United States cannot afford another decline like that which has characterized the past decade and a half.....Only self-delusion can keep us from admitting our decline to ourselves.' -- Henry A. Kissinger, 1961. In the above words, one of America's most distinguished strategic thinkers and policymakers expresses alarm at America's condition and the perils it faces. The warning seems timely, yet it was written more than half a century ago as an assessment of the Soviet threat, problems with allies and the developing world, and in frustration with what the author saw as dangerously inadequate policy and strategic choices. Henry Kissinger was by no means alone. He cited George Kennan's lament about our domestic failings with race, the cities, the education and environment of our young people, and the gap between expert knowledge and popular understanding, even while criticizing Kennan's focus on those problems to the exclusion of military and diplomatic threats""--"
497,Praxis and democratic socialism :,
497,Real estate investment trusts in Europe :,"Real Estate Investment Trusts in Europe: Europeanising Tax Regimes is the first in-depth comparative study on taxation of real estate investment trusts (REITs) in different European Union (EU) Member States. It is well known that investments in real estate provide relatively stable yields compared with stock market volatility, so it is not surprising that, with globalisation, investors have pursued such opportunities across borders, especially where foreign countries offer beneficial tax regimes. Nor is it surprising that states should fear erosion of their tax base in the presence of such investments. This book investigates the impact of EU law on direct taxation in the case of REITs, and whether EU policies in this area have led national legislators to adjust their REIT regimes."
497,Referential practice :,
497,The search for a Cold War legitimacy :,
497,Shareholders' duties /,"This book provides a systematic overview of shareholders' duties found in European company law and capital market law. It is often assumed that shareholders have rights, not duties. In recent years, however, this assumption has come under intense scrutiny in all aspects of company law, and scholarship. In Europe especially, major changes are under way across a diverse spectrum, all the way from revised contractual arrangements to mandatory statutory provisions. Such a shift has important implications for the fundamentals of European company law, and there is a need to examine shareholders' duties and consider where this trend is taking shareholders and their stance in law. This focused collection of essays addresses this complex subjects from highly informative and useful variety of perspectives --"
497,Some syntactic rules in Mohawk /,
497,Some syntactic rules in Mohawk /,"The aim of this syntactic study, first published in 1979, is to formulate part of a generative grammar of Mohawk. A generative grammar is a finite set of explicit rules which enumerate the sentences of the language and which automatically assign to each sentence its correct grammatical analysis or structural description. This title will be of interest to students of language and linguistics."
497,Sovereign of the market :,
497,Studies in Uto-Aztecan grammar /,
497,Syntax at the edge :,
497,Tellings from our elders :,
497,Tone and accent in Oklahoma Cherokee /,"This book examines the tone and accent of Oklahoma Cherokee, in which six possible pitch patterns can occur on a syllable: low, high, low-high, high-low, lowfall, and superhigh. It provides a comprehensive description and analysis of these patterns, examining their distribution, their source, the principles that determine their positions, and the nature of tonal alternations. The tone and accent of Oklahoma Cherokee displays some typologically unusual features, such as the glottal stop as the historical source for both high and lowfall tones, the coexistence of tonal and accentual systems, the existence of multiple accentual systems, and the morphosyntactic use of accents. Studies on tones in general have focused mainly on analytical languages or languages with little morphology, but Cherokee is unique in that it is polysynthetic at the same time as tonal. The emergence of tones in Oklahoma Cherokee is recent and its source is easily traceable, but the language has already developed a complex tonal alignment and tonal phonology."
497,Totontepec Mixe phonotagmemics /,
497,Tzotzil clause structure /,
497,Underspecification in Yawelmani phonology and morphology /,
497,Unlocking the secrets of the Fed :,
497,Ute reference grammar /,
497,Ute reference grammar /,
497,Vintage cycling posters /,"""Dating from the late 19th-century to the 1970s, this collection features vintage posters from cycling's most iconic brands--such as Bianchi and Peugeot--as well as races--such as the now-defunct Peace Race, the Olympics, and Paris-Brest-Paris. Featuring artwork by A.M. Cassandre, Henri de Toulouse-Lautrec, and other significant names in design history, alongside extraordinary works from lesser known artists and designers, each impeccably reproduced poster is detachable from the spine, ready for framing. The reverse side of each image includes information about the artist and subjects depicted, and a brief introduction offers an overview of the origins, rise and development of the posters.""--Amazon."
497,Wisdom sits in places :,
497,Žižek :,
497,Žižek :,
497,Zizek and media studies :,
767,Carnegie /,
767,Catalog of Ouachita Baptist University.,
767,Child protection practice /,"""When it comes to child protection, who is showing social workers exactly what they should be doing? In this book, Harry Ferguson guides you through the day-to-day realities of child protection practice, outlining its deep complexities along with the knowledge, skills, values and organizational supports necessary to do this difficult job""--"
767,The ideal man :,
767,An indolent and blundering art? :,"""English etching changed radically during the nineteenth century. The new style of work gave etching a distinctive appearance which was allied to theories of the sketch and of working direct from nature and reliant on swift execution. The freedom and directness of the etching process became a key plank in a sustained attempt to raise the status of etching in Britain spearheaded by artists such as Francis Seymour Haden and James McNeill Whistler and members of the Etching Club. Focused on Britain, the book offers a fascinating investigation of the market for etchings in the Victorian period.""--BOOK JACKET."
767,INFORMATION TRANSMISSION THROUGH A CHANNEL WITH RELAY.,
767,Ionospheres :,
767,Probing the sky with radio waves :,
767,"This realm, this England. /",
767,"This realm, this England. /",
