DDC,Title,description
774,Binomium chitin-chitinase :,
774,Contemporary Russian satire :,"This wide-ranging 1996 study presents an examination of the extraordinary diversity and range of satirical writing in Russian literature and will be of interest not only to Slavicists but also to those interested in genre theory. Through the close analysis of seminal satirical texts written by five Russian and emigre authors in the 1970s and 1980s, Karen Ryan-Hayes demonstrates that formal and thematic parody is pervasive and that it provides additional levels of meaning in contemporary Russian satire. Each work under examination is placed within the wider European literary context as well as within the Russian tradition and is representative of a different sub-genre of satire. The author focuses on a variety of these genres and modes and offers practical criticism on each text. The writers under discussion have enjoyed a positive reception in the West and their works demonstrate the variety and vitality of Russian and Soviet satire."
774,Crisis in higher education :,
774,Families and communes :,
774,"Gender, household and state in post-revolutionary Vietnam /","Examines gender in post-revolutionary Vietnam, focusing on gender relations in the family and state since the onset of economic reform in 1986. This book demonstrates that despite the formal institution of public gender equality in Vietnam, in practice women do not hold a great deal of power, continuing to defer to men in the family and community."
774,The genetics and biology of drosophila.,
774,Holographic interferometry :,
774,Holographic interferometry /,
774,Houghton Library at 75 :,"Houghton Library?the primary repository for Harvard University's rare books, manuscripts, and much more?celebrates its 75th anniversary in 2017. Houghton's holdings span nearly the entire history of the written word, from papyrus to the laptop. This anniversary volume presents a snapshot of the unique items that fill the library's shelves. From miniature books composed by a teenage Charlotte Bront?? to a massive medieval manuscript hymnbook; from the plays of Shakespeare to costume designs for Star Trek; and from the discoveries of Copernicus to the laptops of twenty-first century writers, the selections celebrate great achievements in many and diverse fields of human endeavor. For the first time, readers will be able to tour the Houghton Library collection?which draws thousands of visitors from around the world each year?from home, with full-color illustrations."
774,Keys to the tropical fruit flies (Tephritidae: Dacinae) of South-East Asia :,"Fruit flies are a major issue facing horticultural producers, and as global warming and species migration become more prevalent issues there is an urgent need for easy identification of these pests. A companion volume to the recently published “Tropical Fruit Flies of South-East Asia (Tephritidae: Dacinae)”, this book provides fully-illustrated keys for the identification of all currently-known Dacinae fruit flies. Focusing on south-east Asian fauna, it covers areas including India, Bhutan, Nepal, Sri Lanka, Myanmar, China, Taiwan, Japan, the Philippines, Palau, Vietnam, Thailand, Singapore, Malaysia and Indonesia. This major new reference work is produced by experts with over 80 years' combined research experience, and through simple identification information can help prevent these major pest species being introduced to new geographical areas. Of particular value to agriculture and quarantine officers responsible for the detection of new incursions, where early detection is both economical and essential to guarantee eradication, this book is also a valuable resource for researchers and students of agriculture and entomology."
774,The making and evaluation of holograms /,
774,The marine biology of the South China Sea III :,"The first conference on the Marine Biology of the South China Sea was convened in Hong Kong in 1990, to celebrate the opening of the Swire Institute of Marine Science. The second was convened in Guangzhou, China, in 1993. The third conference returned to Hong Kong in 1996 and, in a continuing pattern of growth, was attended by 127 scientists and students from 14 countries and territories. Of the 1O4 keynote addresses, papers and posters presented at the meeting, 42 are published here, following critical peer review, under the symposium categories of Taxonomy and Biological Diversity, Biology and Ecology and Coastal Zone Management and Conservation of the Biological Resources, of the South China Sea. Each conference sets its own symposia themes but in view of the rapid, perceived, decline in the marine environment of the South China Sea and the overexploitation of its resources, the 1996 meeting focused its attention on these issues. There are many meetings related to marine science convened by the countries of the South China rim. Some are national, others are international, but most are typically convened by agencies and attendance is restricted to an invited few, usually senior scientists. Europe hosts a European Marine Biology Symposium, that is convened in a different country each year and which sets the meeting's themes. The proceedings of those meetings constitute one of the most authoritative accounts of the marine biology of European waters. The meeting itself provides a forum for scientists and students, so that international collaborative research is now a key feature of European marine science. First convened in 1996, the 32 symposia are a tribute to international operation in research in a marine environment that, of itself, knows no boundaries. The South China Sea countries also need such a forum, free of political dogma."
774,Report from Tungting : a people's commune on Taihu Lake /,
774,The genetics and biology of drosophila.,
774,Three-dimensional imaging techniques /,
774,Volume holography and volume gratings /,
774,"Women, family, and utopia :",
774,"Women, family, and utopia :",
789,The butterflies of Costa Rica and their natural history :,
789,The butterflies of Kenya and their natural history /,
789,Butterflies of West Malaysia & Singapore /,
789,Conservation of the Richmond Birdwing Butterfly in Australia /,"This survey of one the longest insect conservation campaigns in Australia deals with one of the most iconic endemic papilionid butterflies, the Richmond birdwing (Ornithoptera richmondia), threatened by clearance and fragmentation of subtropical rainforest in eastern Australia and the spread of an alien and poisonous larval food-plant. It was thus lost from much of its former range during the twentieth century. Its conservation has involved many aspects of community involvement, developed over more than 20 years, and its recovery has focused on habitat restoration and weed eradication, in conjunction with conservation of remaining forest fragments. The work involved the entire historical range of the butterfly, and has emphasised landscape connectivity, enhanced through extensive plantings of native food plants. Interest has been maintained through extensive publicity, community education and media activity, and the programme has provided many lessons for advancing insect conservation practice in the region. This summary of the extensive scientific and public aspects of this innovative insect conservation study, emphasises the many different factors that can influence community interest and practical outcomes."
789,The disappearance of butterflies /,"""Why butterflies are disappearing and what it means for us""--"
789,Down by the riverside :,
789,Drum damba :,
789,Dynamics of coral communities /,
789,Giant pandas :,
789,La tuna de canton :,
789,The language of butterflies :,"""In this fascinating book from the New York Times bestselling author of The Horse, Wendy Williams explores the lives of one of the world's most resiliant creatures--the butterfly--shedding light on the role that they play in our ecosystem and in our human lives""--"
789,Large white butterfly :,
789,The last butterflies :,"Most of us have heard of such popular butterflies as the Monarch or Painted Lady. But what about the Fender’s Blue? Or the St. Francis’ Satyr? Because of their extreme rarity, these butterflies are not well-known, yet they are remarkable species with important lessons to teach us. The Last Butterflies spotlights the rarest of these creatures—some numbering no more than what can be held in one hand. Drawing from his own first-hand experiences, Nick Haddad explores the challenges of tracking these vanishing butterflies, why they are disappearing, and why they are worth saving. He also provides startling insights into the effects of human activity and environmental change on the planet’s biodiversity.Weaving a vivid and personal narrative with ideas from ecology and conservation, Haddad illustrates the race against time to reverse the decline of six butterfly species. Many scientists mistakenly assume we fully understand butterflies’ natural histories. Yet, as with the Large Blue in England, we too often know too little and the conservation consequences are dire. Haddad argues that a hands-off approach is not effective and that in many instances, like for the Fender’s Blue and Bay Checkerspot, active and aggressive management is necessary. With deliberate conservation, rare butterflies can coexist with people, inhabit urban fringes, and, in the case of the St. Francis’ Satyr, even reside on bomb ranges and military land. Haddad shows that through the efforts to protect and restore butterflies, we might learn how to successfully confront conservation issues for all animals and plants.A moving account of extinction, recovery, and hope, The Last Butterflies demonstrates the great value of these beautiful insects to science, conservation, and people."
789,Men and pandas /,
789,Panda nation :,"A logo on products ranging from chopsticks and toilet paper to cell phones and automobiles, the panda is one of the most ubiquitous images in China and throughout the world. Yet the panda holds little notable historical significance in China. Although it has existed in the territory of present-day China since the Pliocene epoch, its widespread popularity there is not only recent, but almost sudden. In Panda Nation, E. Elena Songster links the emergence of the giant panda as a national symbol to the development of nature protection in the People's Republic of China. The panda's transformation into a national treasure exemplifies China's efforts in the mid-twentieth century to distinguish itself as a nation through government-directed science and popular nationalism. The story of the panda's iconic rise offers a striking reflection of China's recent and dramatic ascent as a nation in global status."
789,Social butterflies /,"""Throughout his career, Henry Horn developed a unique approach to the study of butterflies. In this book, he brings together his research with recent findings to present the most recent account of social butterflies-that is, butterflies whose interactions are sufficiently complex as to resemble the level of organization and communication typically associated with vertebrates and some bees. The core of the book consists of focused studies of five species: the Plain Ringlet, Eyed Brown, Great-Spangled Fritillaries, Viceroy, and Pearly Eye, in order of increasing complexity of social interaction. In each chapter, Horn presents a descriptive account of the species' natural history and behavioral idiosyncrasies, ranging behavior, and a model to explain a characteristic aspect of its behavior. He then proceeds to emphasize key departures from these models in order to present the hypothesis that some butterflies make decisions-that is, they are not simply pre-conditioned to react to stimuli in a certain way-by looking at how butterflies interact with the landscape and each other. The book ends with a summary of key conclusions as well as a list of intriguing but yet unanswered questions in need of future research""--"
789,The wilderness home of the giant panda /,
789,Wings in the light :,"An extraordinary look at the wild butterflies of North America, with hundreds of compelling original photographs See what it's like to stare a butterfly in the eyes. Lavishly illustrated and scientifically rigorous, this dazzling volume provides a comprehensive visual guide to the butterflies of North America. David Lee Myers's stunning photography captures these amazing insects in their natural habitats, offering a firsthand look at how butterflies appear in the wild. Featuring more than a hundred species of butterflies, the book highlights the importance of studying these insects as indicator species and discusses not only the taxonomy and biology of butterflies but also the importance of conserving butterfly habitats."
789,"Writings on music, 1965-2000 /","In the mid-1960s, Steve Reich radically renewed the musical landscape with a back-to-basics sound that came to be called Minimalism. These early works, characterized by a relentless pulse and static harmony, focused single-mindedly on the process of gradual rhythmic change. Throughout his career, Reich has continued to reinvigorate the music world, drawing from a wide array of classical, popular, sacred, and non-western idioms. His works reflect the steady evolution of an original musical mind.Writings on Music documents the creative journey of this thoughtful, groundbreaking composer. These 64 short pieces include Reich's 1968 essay ""Music as a Gradual Process,"" widely considered one of the most influential pieces of music theory in the second half of the 20th century. Subsequent essays, articles, and interviews treat Reich's early work with tape and phase shifting, showing its development into more recent work with speech melody and instrumental music. Other essays recount his exposure to non-western music -- African drumming, Balinese gamelan, Hebrew cantillation -- and the influence of these musics as structures and not as sounds. The writings include Reich's reactions to and appreciations of the works of his contemporaries (John Cage, Luciano Berio, Morton Feldman, Gyorgy Ligeti) and older influences (Kurt Weill, Schoenberg). Each major work of the composer's career is also explored through notes written for performances and recordings.Paul Hillier, himself a respected figure in the early music and new music worlds, has revisited these texts, working with the author to clarify their central narrative: the aesthetic and intellectual development of an influential composer. For long-time listeners and young musicians recently introduced to his work, this book provides an opportunity to get to know Reich's music in greater depth and perspective."
789,"Writings on music, 1965-2000 /","In the mid-1960s, Steve Reich radically renewed the musical landscape with a back-to-basics sound that came to be called Minimalism. These early works, characterized by a relentless pulse and static harmony, focused single-mindedly on the process of gradual rhythmic change. Throughout his career, Reich has continued to reinvigorate the music world, drawing from a wide array of classical, popular, sacred, and non-western idioms. His works reflect the steady evolution of an original musical mind.Writings on Music documents the creative journey of this thoughtful, groundbreaking composer. These 64 short pieces include Reich's 1968 essay ""Music as a Gradual Process,"" widely considered one of the most influential pieces of music theory in the second half of the 20th century. Subsequent essays, articles, and interviews treat Reich's early work with tape and phase shifting, showing its development into more recent work with speech melody and instrumental music. Other essays recount his exposure to non-western music -- African drumming, Balinese gamelan, Hebrew cantillation -- and the influence of these musics as structures and not as sounds. The writings include Reich's reactions to and appreciations of the works of his contemporaries (John Cage, Luciano Berio, Morton Feldman, Gyorgy Ligeti) and older influences (Kurt Weill, Schoenberg). Each major work of the composer's career is also explored through notes written for performances and recordings.Paul Hillier, himself a respected figure in the early music and new music worlds, has revisited these texts, working with the author to clarify their central narrative: the aesthetic and intellectual development of an influential composer. For long-time listeners and young musicians recently introduced to his work, this book provides an opportunity to get to know Reich's music in greater depth and perspective."
859,An anthology of Romanian women poets /,
859,Bengal nights /,
859,Eurasian :,
859,Exhibition design /,
859,Mystic stories :,
859,Romanian literature as world literature /,"Approaching Romanian literature as world literature, this book is a critical-theoretical manifesto that places its object at the crossroads of empires, regions, and influences and draws conclusions whose relevance extends beyond the Romanian, Romance, and East European cultural systems. This ""intersectional†? revisiting of Romanian literature is organized into three parts. Opening with a fresh look at the literary ideology of Romania's ""national poet,†? Mihai Eminescu, part I dwells primarily on literary-cultural history as process and discipline. Here, the focus is on cross-cultural mimesis, the role of strategic imitation in the production of a distinct literature in modern Romania, and the shortcomings marking traditional literary historiography's handling of these issues. Part II examines the ethno-linguistic and territorial complexity of Romanian literatures or ""Romanian literature in the plural.†? Part III takes up the trans-systemic rise of Romanian, Jewish Romanian, and Romanian-European avant-garde and modernism, Socialist Realism, exile and émigré literature, and translation."
859,The royal hunt /,
859,Ruralism and literature in Romania /,"""The topics of the volume range from re-readings of canonical works to ideological readings of modern Romanian literature, rural novels of the Romanian socialist realism and post-communist literary trends centred around rural life""--"
859,She speaks :,"Looking at lists of the greatest speeches of all time, you might think that powerful oratory is the preserve of men. But the truth is very different - countless brave and bold women have used their voices to inspire change, transform lives and radically alter history. In this timely and personal selection of exceptional speeches, Yvette Cooper MP tells the rousing story of female oratory. From Boudica to Greta Thunberg and Margaret Thatcher to Malala, Yvette introduces each speech and demonstrates how powerful and persuasive oratory can be decidedly female. Written by one of our leading public voices, this is an inspirational call for women to be heard across the globe."
859,Tribar /,"Translated from Romanian by Anca Roncea, Tribar starts from the geometrical concept of an impossible triangle whose three sides do not connect but still exist in the form of a triangle, creating a direction for movement. Andra Rotaru's poetic work has developed from some of her encounters with modern dance choreography: her poems simultaneously mimic and track the body in motion. Her “connections” become joints or articulated bones that work together to carry the body along. This translation recreates this embodiment in English by focusing on the minute details of movement and sound in Andra's language and on the “kinetic air” of Romanian. Poet Sawako Nakayasu describes Tribar as scenes that ""carry you through a changing landscape that can be menacing, historical, scientific, or downright violent—all in torqued connection with each other like the “incorrect connections” of the tribar."" Romanian literary critic Ioana Bo?tenaru describes this book as ""a choreography of visions, impregnated with explanations, definitions and confessions, at the end of which the instance, which found relief in the smell of milk on its knees, manages to emerge from the wound, rediscovering self-joy."
859,When the tunnels meet :,
859,Youth without youth /,
859,Youth without youth /,
874,"""Helicopter parenting"" and ""boomerang children"" :",
874,Adolescent siblings in stepfamilies : family functioning and adolescent adjustment /,
874,Always daddy's girl :,
874,And now we have everything :,"O'Connell is a smart twentysomething who treats her pregnancy like a new project, researching and planning. She envisions a natural birth and a year of wholesome breast feeding. But things do not go as she expects. Life throws curveballs, and after 40 hours of contractions, she opts for a C-section. She manages to nurse for a year but resents her baby's control over her body. This is not a book about the wonders of motherhood but about the tension between culturally inherited ideals and the realities of lived, bodily experience."
874,Artifices of eternity :,
874,Becoming parents :,
874,Bettyville :,"""A witty, tender memoir of a son's journey home to care for his irascible mother--a tale of secrets, silences, and enduring love. When George Hodgman leaves Manhattan for his hometown of Paris, Missouri, he finds himself--an unlikely caretaker and near-lethal cook--in a head-on collision with his aging mother, Betty, a woman of wit and will. Will George lure her into assisted living? When hell freezes over. He can't bring himself to force her from the home both treasure--the place where his father's voice lingers, the scene of shared jokes, skirmishes, and, behind the dusty antiques, a rarely acknowledged conflict: Betty, who speaks her mind but cannot quite reveal her heart, has never really accepted the fact that her son is gay. As these two unforgettable characters try to bring their different worlds together, Hodgman reveals the challenges of Betty's life and his own struggle for self-respect, moving readers from their small town-crumbling but still colorful-to the star-studded corridors of Vanity Fair. Evocative of The End of Your Life Book Club and The Tender Bar, Hodgman's debut is both an indelible portrait of a family and an exquisitely told tale of a prodigal son's return""--"
874,Born out of place :,
874,The Cambridge companion to Catullus /,"""Catullus is one of the most popular poets to survive from classical antiquity. Above all others he seems to speak to modern readers with a modern voice. The distinguished contributors to this Companion discuss the principal subjects which drew Catullus' affection and disgust, above all his famous affair with the woman he calls 'Lesbia', and situate him in the social, historical and intellectual context of firstcentury BC Rome. One of the so-called 'new poets', Catullus had a profound effect on subsequent Latin poetry, and this is explored especially for the Augustan age and the late first century AD. A significant part of the volume is concerned with Catullus' survival into the modern world. There are discussions both of the manuscript tradition and of the interpretative scholarship which has been devoted to his poetry, as well as his reception by renaissance and later poets. Students in particular will appreciate this book""--"
874,The Cambridge companion to Horace /,"Horace is a central author in Latin literature. His work spans a wide range of genres, from iambus to satire, and odes to literary epistle, and he is just as much at home writing about love and wine as he is about philosophy and literary criticism. He also became a key literary figure in the regime of the Emperor Augustus. In this 2007 volume a superb international cast of contributors present a stimulating and accessible assessment of the poet, his work, its themes and its reception. This provides the orientation and coverage needed by non-specialists and students, but also suggests provoking perspectives from which specialists may benefit. Since the last general book on Horace was published half a century ago, there has been a sea-change in perceptions of his work and in the literary analysis of classical literature in general, and this territory is fully charted in this Companion."
874,The Cambridge companion to Latin love elegy /,"""Latin love elegy is one of the most important poetic genres in the Augustan era, also known as the golden age of Roman literature. This volume brings together leading scholars from Australia, Europe and North America to present and explore the Greek and Roman backdrop for Latin love elegy, the individual Latin love elegists (both the canonical and the non-canonical), their poems and influence on writers in later times. The book is designed as an accessible introduction for the general reader interested in Latin love elegy and the history of love and lament in Western literature, as well as a collection of critically stimulating essays for students and scholars of Latin poetry and of the classical tradition""--"
874,The Cambridge songs :,
874,Caring for Red :,"""Caring for Red is Mindy Fried's moving and colorful account of caring for her 97-year-old father, Manny--an actor, writer, and labor organizer--in the final year of his life. She grapples with the complexity of their relationship, and how to assert her own voice as her father's caregiver in his last days""--"
874,Carmina Burana /,"The Carmina Burana is by far the largest and best-known anthology of Medieval Latin verse. It contains songs not only about springtime, love, sex, gaming, gambling, and drinking, but also about crusading, the corruption of Rome, and the failings of the clergy; there are also plays about the birth of Christ and the events leading to his crucifixion and resurrection. The anthology provides fascinating insights into the values, attitudes, and social life of Europeans in the twelfth and thirteenth centuries. More than half of the poems in the Carmina Burana manuscript are not preserved elsewhere, though at least one of them is to be found in some three hundred manuscripts. The collection includes some Middle High German, usually in the form of one or two stanzas added to the end of Latin poems. A few poems mix Latin and German, and three poems and one prose passage are entirely in German. The German content amounts to only about seven per cent of the total. In addition, one macaronic (mixed language) poem combines French and Latin. Finally, a few French words are scattered elsewhere--"
874,Carpe diem :,"Carpe diem – 'eat, drink and be merry, for tomorrow we die!' – is a prominent motif throughout ancient literature and beyond. This is the first book-length examination of its significance and demonstrates that close analysis can make a key contribution to a question that is central to literary studies in and beyond Classics: how can poetry give us the almost magical impression that something is happening here and now? In attempting an answer, Robert Rohland gives equal attention to Greek and Latin texts, as he offers new interpretations of well-known poems from Horace and tackles understudied epigrams. Pairing close readings of ancient texts along with interpretations of other forms of cultural production such as gems, cups, calendars, monuments, and Roman wine labels, this interdisciplinary study transforms our understanding of the motif of carpe diem."
874,Catulli veronensis liber /,
874,Catullus :,
874,Change processes in relationships :,
874,A child of one's own :,
874,Class :,"""When Stephanie Land set out to write her memoir Maid, she never could have imagined what was to come. Handpicked by President Barack Obama as one of the best books of 2019, it was called ""an eye-opening journey into the lives of the working poor"" (People). Later it was adapted into the hit Netflix series Maid, which was viewed by 67 million households and was Netflix's fourth most-watched show in 2021, garnering three Primetime Emmy Award nominations. Stephanie's escape out of poverty and abuse in search of a better life inspired millions. Maid was a story about a housecleaner, but it was also a story about a woman with a dream. In Class, Land takes us with her as she finishes college and pursues her writing career. Facing barriers at every turn including a byzantine loan system, not having enough money for food, navigating the judgments of professors and fellow students who didn't understand the demands of attending college while under the poverty line--Land finds a way to survive once again, finally graduating in her mid-thirties. Class paints an intimate and heartbreaking portrait of motherhood as it converges and often conflicts with personal desire and professional ambition.""--"
874,The collapse of parenting :,"Rising levels of obesity, depression, and anxiety among young people can all be traced to parents who let their kids call the shots. Sax argues that kids today are suffering because their parents are no longer in charge--and explains what parents and educators can do to reverse this trend. He offers a blueprint parents can use to refresh and renew their relationships with their children, to help their children thrive in an increasingly complicated world."
874,A commentary on Catullus /,
874,The complete Odes and Epodes :,
874,The complete poems /,"Of all the classical poets Gaius Valerius Catullus (c. 84-54 BC) is the most accessible to the modern reader. Presented alongside the original Latin text, this new translation reflects Catullus' mastery of poetic forms as diverse as the lyric, the inventive epigram, and the romantic legend, and shows his passionate, and sometimes dedicated to his lover Lesbia. This edition also includes a introduction to the poet's life and work, and full explanatory notes. ABOUT THE SERIES: For over 100 years Oxford World's Classics has made available the widest range of literature from around the globe. Each affordable volume reflects Oxford's commitment to scholarship, providing the most accurate text plus a wealth of other valuable features, including expert introductions by leading authorities, helpful notes to clarify the text, up-to-date bibliographies for further study, and much more."
874,The complete poems of Tibullus :,
874,The complete works of Horace (Quintus Horatius Flaccus) /,
874,Conceptualizing and measuring father involvement /,"After decades of focusing on the mother's role in parenting, family studies researchers have turned their attention to the role of the father in parenting and family development. The results shed new light on childhood development and question conventional wisdom by showing that beyond providing the more traditional economic support of the family, fathers do indeed matter when it comes to raising a child."
874,Confronting postmaternal thinking :,
874,Contemporary parenting :,"Through a global, multidisciplinary perspective, this book describes how four factors influence parenting practices: a countries historical and political background, the parent's educational history, the economy and the parent's financial standing, and advances in technology. Case studies that illustrate the impact these four factors have on parents in various regions help us better understand parenting in today's global, interconnected world. Descriptions of parenting practices in countries from Europe, North and South America, Africa, Asia, and the Caribbean give readers a contemporary perspective. Both research and clinical implications when working with families from various cultures are integrated throughout."
874,Elegies /,
874,Emptying the nest :,"""In today's rapidly changing world and challenging economy, young adults increasingly find themselves at a crossroads between financial and emotional dependence and autonomy. Drawing on Dr. Sachs' extensive clinical experience and his illuminating discussion of the latest psychological research, Emptying the Nest will support parents in their efforts to cultivate their young adult's success and self-reliance while simultaneously maintaining healthy family relationships. Parents will: understand the family dynamics that either impede or nurture self-sufficiency; foster a higher degree of academic, professional, and fiscal responsibility; effectively encourage young adults to establish realistic goals and create a meaningful vision for their future; learn how to gradually let go, so that young adults discover how to resolve their own problems""--Provided by publisher."
874,A fairer future for children :,
874,Family men :,"An academic study of fathers and families in the period from the First World War to the end of the 1950s, suggesting that though the roles and responsibilities fulfilled by men did not shift rapidly, their relationships, position in the family, and identities underwent significant changes."
874,Family men :,"An academic study of fathers and families in the period from the First World War to the end of the 1950s, suggesting that though the roles and responsibilities fulfilled by men did not shift rapidly, their relationships, position in the family, and identities underwent significant changes."
874,Family support networks in the Chinese countryside /,
874,Family-institution interaction :,"""One hallmark of social science is to discover how parts of a social system - such as families and other institutions - fit together; the accounts of such being marked as a promising direction for the acquisition of knowledge of social phenomena including family-institution interaction. Family-Institution Interaction: New Refrains describes the results of decades of efforts in assessing cognitive and social behaviors associated with the long-term success of infants', toddlers', and preschoolers' learning and development. A collection of lessons learned about language and interaction from studies across family and public organizational settings is presented as a strategy for drawing these areas of study together, thereby providing a base for practitioners, researchers, family members, and policy makers to develop new ways to think about the interaction of upbringing functions across family and public institutions.""--BOOK JACKET."
874,Family-peer relationships :,
874,"Fatherhood and the British working class, 1865-1914 /","""A pioneering study of Victorian and Edwardian fatherhood, investigating what being, and having, a father meant to working-class people. Based on working-class autobiography, the book challenges dominant assumptions about absent or 'feckless' fathers, and reintegrates the paternal figure within the emotional life of families. Locating this autobiography within broader social and cultural commentary, Julie-Marie Strange considers material culture, everyday practice, obligation, duty and comedy as sites for the development and expression of complex emotional lives. Emphasising the importance of separating men as husbands from men as fathers, Strange explores how emotional ties were formed between fathers and their children, the models of fatherhood available to working-class men, and the ways in which fathers interacted with children inside and outside the home. She explodes the myth that working-class interiorities are inaccessible or unrecoverable, and locates life stories in the context of other sources, including social surveys, visual culture and popular fiction""--"
874,Fatherhood in late modernity :,
874,Fathers and their families /,"Although a great deal has been written about the development of children, the mother-child relationship, and the differing psychologies of women and men, the study of fathers, fathering, and fatherhood has, until very recently, been virtually ignored. Fathers and Their Families redresses this situation with original contributions covering fathering and fatherhood in their interacting psychological, familial, and social dimensions. In 28 chapters and extensive editorial commentary, the editors and their contributors explore the changing roles of fathers - changes prompted partly by societal shifts and partly by changes in the family and in ""traditional"" parental roles.The broad questions that guide the editors and contributors could not be more timely. Among the topical studies contained in this collection are illuminating examinations of fathers as single parents, readiness for grandfatherhood, transition to fatherhood, father-daughter relationships, and father-son relationships. Chapters involving ruptured families, divorce and fathers, and the treatment challenges of working with fathers, will be of special interest to clinicians of various backgrounds and orientations.Throughout this volume, the emphasis is less on intrapsychic and dyadic relationships than on the total family system and the intrafamilial, intergenerational, and societal forces that shape paternal behavior. In this ranging , systematic approach, Fathers and Their Families speaks to the concerns of clinical social workers and family therapists. But it will also be enormously helpful to psychoanalysts, psychiatrists, and clinical psychologists, for whom it can be depended upon to broaden the vision, and thereby enlarge the context, that informs individual psychotherapy. For developmental psychologists, students of the family, and clinicians alike, it promises to be a revelation, a lifting of the blinders that for centuries have sustained that most sacrosanct of icons, the father."
874,Fathers in cultural context /,"This new volume reviews the latest research on fathering from every continent, from cultures representing over 50% of the world's population. International experts on 14 societies/regions discuss cultural and historical influences, variations between and within cultures, and socio economic conditions and policies that impact fathering. Contributors from several disciplines provide thought-provoking reviews of the empirical data to help us gain an understanding of fathering worldwide. Over 1,000 studies on fathering published in languages other than English are made accessible to readers around the world. The cultures were selected based on availability of substantial research on fathering; representation of worldwide geography; a balance between large, middle, and small populations; and significance for a global understanding of fathering."
874,Fathers in families :,
874,"Fathers, mothers and others :",
874,First births in America :,
874,Forged :,
874,Gender and parenthood :,
874,A generation at risk :,
874,The globalisation of motherhood :,
874,Happinest :,"""HappiNest provides a road map to help parents navigate new paths, evolving relationships and existential challenges when their kids leave home. This book distills the latest research and presents vignettes from interviews with more than 300 experts, including psychologists, sociologists, seasoned empty nesters, and fledglings""--"
874,Homage to Horace :,
874,Homage to Horace :,
874,Horace :,
874,Horace /,
874,Horace & his lyric poetry /,
874,Horace 2000 :,
874,Horace in English /,"From the sixteenth century to the present day, Horace (65-8 BC) has been more frequently translated into English than any other classical poet. His work has made so deep an imprint on our poetry that this volume can be read as a map of the changes and developments in English verse form. Horace in English seeks to reach through translation to Roman Horace, the friend of Virgil and Maecenas, while at the same time presenting a many faceted portrait of English Horace, moralist, love poet, patriot, ironist, wit, convivial companion, everyman's poet for all occasions. This anthology offers generous selections from the Odes and Epodes, Satires and Epistles in translations and imitations from Jonson, Milton, Dryden and Pope to Hopkins, Housman, Pound, C. H. Sisson and David Ferry. A final section, 'Coda', contains some original poems that would not have been written but for Horace by poets as different as Marvell and Prior, Kipling and Frost."
874,Horace Odes II :,
874,Horace.,
874,Horace's poetic journey :,
874,How families still matter :,
874,How to be content :,"""The Roman poet Horace (65-8 BC) has long been read as a wise and pragmatic guide to living a good life. Writing at the very moment when Rome was transitioning from a republic to an empire, Romans found the advice in his poems appealing: live quietly and non-extravagantly amid the excesses of a materialistic society, avoid extreme emotions of any kind as psychologically damaging, place a value on friendship of all kinds, do not be afraid of death, and most famously live every day to the full as tomorrow may never come (carpe diem). But above all else, Horace advocated a life of contentment and self-sufficiency""--"
874,How to talk to your kids about really important things :,"""Will I get AIDS?"" ""Why do we have to move?"" ""What if grandma dies?"" A child's difficult questions about everyday life can often take parents by surprise. How to Talk to Your Kids About Really Important Things helps parents find the words they need to talk to their kids and answer their questions. Drawing on clinical practice, scholarly research, and parental experience, Charles Schaefer and Theresa DiGeronimo give down-to-earth advice that parents will treasure. They offer practical guidance on a wide range of life's experiences, from family changes like moving to a new home, divorce, and remarriage to controversial subjects such as child abuse and AIDS."
874,Hymns of Prudentius :,
874,The invention of solitude /,"'One day there is life . . . And then, suddenly, it happens there is death.' So begins Paul Auster's moving and personal meditation on fatherhood, The Invention of Solitude. The first section, 'Portrait of an Invisible Man', reveals Auster's memories and feelings after the death of his father. In 'The Book of Memory' the perspective shifts to Auster's role as a father. The narrator, 'A.', contemplates his separation from his son, his dying grandfather and the solitary nature of writing and story-telling. With all the keen literary intelligence familiar from The New York Trilogy or Sunset Park, Paul Auster crafts an intensely intimate work from a ground-breaking combination of introspection, meditation and biography."
874,Knowing mothers :,"How do women experience the identity changes involved in becoming mothers for the first time? Throughout in depth case examples, Wendy Hollway demonstrates how a different research methodology, underpinned by a psychoanalytically informed epistemology, can transform our understanding of the early foundations of maternal identity."
874,Latin panegyric /,
874,Leaving home :,
874,Letters to Sam :,
874,A literary commentary on the elegies of the Appendix Tibulliana /,"""This volume focuses on the nineteen elegiac poems of the 'Appendix Tibulliana', a series of little-known Latin elegies transmitted as Book 3 of the 'Corpus Tibullianum'. Although it is accepted that they are not the work of Tibullus himself their actual authorship remains unclear and has been hotly disputed: they are notable especially for containing work attributed to Sulpicia, who may be the only female Latin poet we know of from pre-Christian antiquity. Though admittedly somewhat obscure, this volume argues that the elegies of the 'Appendix Tibulliana' have been unjustly overlooked in traditional scholarship: rather than concentrating on what we don't know both the Introduction and the Commentary focus instead on broader contexts of discussion. The Introduction examines not only stylistic and textual matters, but also the genre of elegy, its main practitioners, poetic communities, and gender roles, while the Commentary examines whether and how the poems fit into their cycles, into the 'Corpus Tibullianum', and into the genre as a whole. Close reading of the individual elegies reveals that they have a lot to teach us, especially in light of the question of women as authors in antiquity and the notion of mutability of identity."" --"
874,Love by the numbers :,"""The poetry of Gaius Valerius Catullus survived antiquity by the slimmest of threads. This study concerns the controversial issue of whether the order of the collection was contrived by the poet himself. Love by the Numbers offers new and compelling evidence that Catullus shaped the work into an exquisitely interrelated whole. The aesthetic patterning is highly significant because it offers fresh solutions to long-standing problems of text and interpretation. The development of deeply learned philological analysis in the service of elucidating widely applicable human concerns makes this book a relative rarity in the field of Classics, a work of hard scholarship that informs a human sensibility toward matters of the heart.""--BOOK JACKET."
874,"Love, money & parenting :","The authors show that in countries with increasing economic inequality, such as the United States, parents push harder to ensure their children have a path to security and success. Economics has transformed the hands-off parenting of the 1960s and '70s into a frantic, overscheduled activity. Growing inequality has also resulted in an increasing 'parenting gap' between richer and poorer families, raising the disturbing prospect of diminished social mobility and fewer opportunities for children from disadvantaged backgrounds. The authors discuss how investments in early childhood development and the design of education systems factor into the parenting equation, and how economics can help shape policies that will contribute to the ideal of equal opportunity for all."
874,"Making meaning, making motherhood /","This volume is the firstborn of the Annals of Cultural Psychology - a yearly edited book series in the field of Cultural Psychology. It came into being as there is a need for reflection on ""where and what"" the discipline needs to further develop, in such a way, the current frontiers and to foster the elaboration of new fruitful ideas. The topic chosen for the first volume is perhaps the most fundamental of all- motherhood. We are all here because at some unspecifiable time in the past, different women labored hard to bring each of us into this World. These women were not thinking of culture, but were just giving birth. Yet by their reproductive success-and years of worry about our growing up-we are now, thankfully to them, in a position to discuss the general notion of motherhood from the angle of cultural psychology. Each person who is born needs a mother-first the real one, and then possibly a myriad of symbolic ones-from ""my mother"" to ""mother superior"" to ""my motherland"". Thus, it is not by coincidence if the first volume of the series is about motherhood. We the editors feel it is the topic that links our existence with one of the universals of human survival as a species. In very general terms what this book aims to do is to question the ontology of Motherhood in favor of an ontogenetic approach to Life's Course, where having a child represents a big transition in a woman's trajectory and where becoming (or not becoming) mother is heuristically more interesting than being a mother. We here present a reticulated work that digs into a cultural phenomenon giving to the readers the clear idea of making motherhood (and not taking for granted motherhood). By looking at absences, shadows and ruptures rather than the normativeness of motherhood, cultural psychology can provide a theoretical model in explaining the cultural multifaceted nature of human activity."
874,Making motherhood work :,"The work-family conflict that mothers experience today is a national crisis. Women struggle to balance breadwinning with the bulk of parenting, and social policies aren't helping. Of all Western industrialized countries, the United States ranks dead last for supportive work-family policies. Can American women look to Europe for solutions? Making Motherhood Work draws on interviews that Caitlyn Collins conducted over five years with 135 middle-class working mothers in Sweden, Germany, Italy, and the United States. She explores how women navigate work and family given the different policy supports available in each country. Taking readers into women's homes, neighborhoods, and workplaces, Collins shows that mothers' expectations depend on context and that policies alone cannot solve women's struggles. With women held to unrealistic standards, the best solutions demand that we redefine motherhood, work, and family."
874,Making motherhood work :,"""The work-family conflict that mothers experience today is a national crisis. Women struggle to balance breadwinning with the bulk of parenting, and stress is constant. Social policies don't help. Of all Western industrialized countries, the United States ranks dead last for supportive work-family policies: No federal paid parental leave. The highest gender wage gap. No minimum standard for vacation and sick days. The highest maternal and child poverty rates. Can American women look to European policies for solutions? Making Motherhood Work draws on interviews that sociologist Caitlyn Collins conducted over five years with 135 middle-class working mothers in Sweden, Germany, Italy, and the United States. She explores how women navigate work and family given the different policy supports available in each country. Taking readers into women's homes, neighborhoods, and workplaces, Collins shows that mothers' desires and expectations depend heavily on context. In Sweden--renowned for its gender-equal policies--mothers assume they will receive support from their partners, employers, and the government. In former East Germany, with its history of mandated employment, mothers don't feel conflicted about working, but some curtail their work hours and ambitions. Mothers in western Germany and Italy, where maternalist values are strong, are stigmatized for pursuing careers. Meanwhile, American working mothers stand apart for their guilt and worry. Policies alone, Collins discovers, cannot solve women's struggles. Easing them will require a deeper understanding of cultural beliefs about gender equality, employment, and motherhood. With women held to unrealistic standards in all four countries, the best solutions demand that we redefine motherhood, work, and family. Making Motherhood Work vividly demonstrates that women need not accept their work-family conflict as inevitable.""--Book jacket."
874,Making peace with your adult children /,
874,The maternal imagination of film and film theory /,"This book challenges common sense understandings of the unconscious effects of cinema and visual culture. It explores the castrating power of the early modern witch and the historical belief that pregnant women could manipulate and distort body image as figurative analogies for feminist theories of objectification and the male gaze. Through developing this history as an impure but lively analogy, this book serves as a provocation against the dominant imagining of objectification. It offers innovative analyses of a wide-ranging selection of films and topics including Joyce Wieland's Water Sark (1964) and its resonance with the works of John Cage and Stan Brakhage; the documentary Histoires d'A (History of Abortion, 1973), which contributed to the successful legalisation of abortion in France; the Hong Kong horror film Dumplings (Jiaozi, 2004), where foetal cannibalism serves up an image of censorship; and the dual productions The Book of Mary (Le livre de Marie) and Hail Mary (Je vous salue, Marie, 1985) by Anne-Marie Miéville and Jean-Luc Godard that figure a self-reproducing virgin who hears herself while remaining a virgin, unseen."
874,Mediated moms :,
874,Message from an unknown Chinese mother :,
874,Microtubules /,
874,Modern families :,"""The popular American sitcom Modern Family, featuring the trials, tribulations and, in many ways, very ordinary lives of three related contemporary families, including Jay, a middle-aged father who is remarried to a much younger Colombian woman who has a son from a previous marriage, Jay's daughter and her traditional family with a hands-on father and their three children, and Jay's gay son, his male partner and their adopted Vietnamese daughter, highlights the diverse ways in which families are formed today. Although Modern Family is a parody of present-day family life, the reality is even more extraordinary.""--Publisher information."
874,Mom :,
874,"Mom, Dad. I`m gay :",
874,Motherhood in contemporary international perspective :,"""Divided into fifteen chapters, this book provides the reader with an insight into certain representations of mothers and motherhood in history and today's societies in some areas of the world, notably in Asia. Key facts about the history of motherhood are presented, together with the use of very recent notions and phrases portraying 'good' and 'bad' mothers. An analysis of the concepts of naming and blaming, along with regret with respect to mothers in twenty-first century societies, provides food for thought. Other issues addressed are varied and numerous: the politics of early intervention, feminist critique, mothers with disabilities and mothers of disabled children, incarcerared mothers, surrogate mothers, teenage mothers, lesbian mothers, and mothering in Eastern Asia, namely in China, Japan, and Korea. Interestingly, both visual arts and literature play a crucial role in this analysis. The publication will appeal to students, academics, researchers, and the general public interested in and seeking to comprehend the shifts which have occurred over time in connection with the vast and inexhaustible subject of motherhood and mothers - a private and public matter. Readers are also provided with a rich reference section dealing with the latest publications on the issues tackled by prominent academics and researchers in human geography, women's studies, sociology, gender studies, contemporary history, and the arts""--"
874,"Motherhood, markets and consumption :",
874,Mothers and daughters :,
874,Mothers and fathers :,
874,Mothers making Latin America :,
874,Mothers unite! :,
874,Mr. Boston holiday cocktails /,
874,Nobody will tell you this but me :,"""A funny, warm, original memoir in which a grandmother speaks to her granddaughter from beyond the grave, telling, with candor and humor, stories from both their lives--of kinship, loyalty, tenacity, and love""--"
874,Non-emerging adulthood :,"""Never did a young person's journey to adulthood seem so long and precarious as at the beginning of the twenty-first century. The complexity of choice, uncertainty of outcome, reign of individualism and pressures of competitiveness can become a heavy burden. To many young people, the path to adulthood will at some point seem like a menacing labyrinth""--"
874,Odes /,
874,Odes /,
874,The odes of Horace :,
874,The odes of Horace /,
874,The odes of Horace /,
874,The panic years :,"""In The Panic Years, renowned journalist Nell Frizzell explores what happens when a woman begins to ask herself: ""Should I have a baby...?""""--"
874,The parental experience in midlife /,
874,Parenthood in modern society :,
874,"Parenthood, its psychology and psychopathology /",
874,Parenting representations :,
874,Parents with intellectual disabilities :,
874,"Parents, children, and adolescents :",
874,Playing with time :,
874,The poems /,
874,The poems /,
874,The poems of Catullus /,
874,The poems of Propertius /,
874,Post-divorce co-parenting :,
874,Propertius /,"""This volume focuses on the great Roman love poet Propertius. Propertius' poetry reveals an ardent love affair between the poet and his girlfriend, whom he calls 'Cynthia', yet it also offers a snapshot of life in ancient Rome during the Augustan age (circa 20s BCE). While this was a period of growth and revival after the crippling civil wars of the previous century, it was also a time when Rome was adjusting to a new form of government under its first emperor. 'Oxford Readings in Classical Studies: Propertius' is the first volume on Propertius' poetry to bring together some of the best and most influential scholarship written during the last three decades and put them into dialogue with each other. The articles discuss the recent developments in Propertius scholarship, as well as major critical approaches that have emerged in classical studies in general, and look at issues of text, intertextuality, gender, and the social and political context of Propertius' work""--Publisher's description, back cover."
874,Raising parents :,"Helping troubled parents to raise their children adequately is of crucial importance for parents, their children and society at large. Distressed parents have themselves often been endangered and, as a consequence, sometimes endanger their children either through maltreatment or through the effects of parental psychiatric disorder. Raising Parents explains how that happens and clusters parents in terms of the psychological processes that result in maladaptive childrearing. The book then delineates DMM Integrative Treatment in terms of assessment, formulation, and treatment. New formulations are offered for problems that have resisted treatment and cases demonstrate how the ideas can be applied in real treatment settings. The book closes with 10 suggestions for improving professionals' responses to troubled families and endangered children."
874,Reflective parenting :,
874,Relationships in development :,"The recent explosion of new research about infants, parental care, and infant-parent relationships has shown conclusively that human relationships are central motivators and organizers in development. Relationships in Development examines the practical implications for dynamic psychotherapy with both adults and children, especially following trauma. Stephen Seligman offers engaging examples of infant-parent interactions as well as of psychotherapeutic process. He traces the place of childhood and child development in psychoanalysis from Freud onward, showing how different images about babies evolved and influenced analytic theory and practice."
874,Restoring family connections :,"""This book provides a tool for clinicians to turn to when they are working with adult children and their parents seeking to resolve conflict, improve communication, and enhance their relationships""--"
874,The role of the father in child development /,
874,The Roman poetry of love :,"""A concise introduction to Latin love elegy in Augustan Rome, and its politics of love, gender, artistic subversion and creativity""--"
874,The Romanesque lyric :,
874,Sensory and instrumental evaluation of alcoholic beverages /,"Sensory and Instrumental Evaluation of Alcoholic Beverages introduces the value of sensory analysis to the alcoholic beverage industry through the detailed lens of sensory analysis techniques. From traditional methods, to the most modern rapid methods, this book presents comprehensive insights and applications. Analytical methods for identifying and assessing the flavor compounds present in the beverages are included that address both volatile and non-volatile techniques, along with rapid methods of assessment. Case studies highlight the testing of different types of alcoholic beverages running the entire gamut of methods and the appropriate subset of methods. Also included is information of data analyses with the appropriate R-codes to allow practitioners to use the book as a handbook to analyze their own data."
874,The sexual rights of adolescents :,
874,Sharing lives :,"Sharing Lives explores the most important human relationships which last for the longest period of our lives: those between adult children and their parents. Offering a new reference point for studies on the sociology of family, the book focuses on the reasons and results of lifelong intergenerational solidarity by looking at individuals, families and societies."
874,The sixteen satires /,
874,Step-parenting :,
874,Stepfamilies /,
874,Stepmothering /,
874,Strangers in the house :,
874,Surviving and thriving in stepfamily relationships :,
874,The collected works of Horace /,
874,The theorist's mother /,
874,This I believe.,
874,The three mothers :,"""In her groundbreaking and essential debut Three Mothers, Anna Malaika Tubbs celebrates Black motherhood by telling the story of the three women who raised and shaped some of America's most pivotal heroes: Martin Luther King, Jr., Malcolm X, and James Baldwin. Much has been written about Berdis Baldwin's son James, about Alberta King's son Martin Luther, and Louise Little's son Malcolm. But virtually nothing has been said about the extraordinary women who raised them, all born into the beginning of the 20th century and its deadly landscape of racial prejudice. Jim Crow. Exploitation. Unpoliced violence. Police violence. It was a society that would deny their sons' humanity from the beginning as it had denied theirs, but Berdis, Alberta, and Louise raised their children to hope and work towards better. Louise had fought her own battles for change and taught her children about their activist roots. Berdis encouraged James to express himself in writing. Alberta based her lessons in faith and social justice, raising Martin Luther to believe in what was right, and to dream. In doing all of this, building their sons towards resilience, resistance and greatness, they would become mothers not just to three world-changing men but to the civil rights movement itself. These women, in their common goals and differences, as individuals and as mothers, represent a piece of history left untold and a celebration of Black motherhood long overdue.""--"
874,Time and the erotic in Horace's Odes /,
874,Too big to spank /,
874,Tuning into mom :,
874,Verbal interaction and development in families with adolescents /,
874,When so many feel like orphans at home :,
905,100 sculptors of tomorrow /,"How do you find the most promising emerging artists at work in a rapidly transforming medium? Bypassing traditional art world channels, '100 Sculptors of Tomorrow' is the culmination of a major, democratic open call for up-and-coming sculptors. From thousands of entries, an internationally renowned jury has identified the most exciting names in sculpture today, all showcased in this beautifully illustrated, authoritative book. Featuring a selection of the finest emerging sculptors worldwide, 100 Sculptors of Tomorrow guides the reader with biographical summaries and first-hand artist testimonies, as well as recommended reading and jurors' insights. 0Following the much-respected '100 Painters of Tomorrow', which launched the careers of artists including Michael Armitage, Yelena Popova and Herman Chong, '100 Sculptors' offers another powerful platform for artists and a fascinating, visually breathtaking experience for readers."
905,The affluent society revisited /,
905,After the crisis /,
905,After the Great Complacence :,
905,Aftermath :,
905,Against ambience and other essays /,"Against Ambience diagnoses - in order to cure - the art world's recent turn toward ambience. Over the course of three short months - June to September, 2013 - the four most prestigious museums in New York indulged the ambience of sound and light: James Turrell at the Guggenheim, Soundings at MoMA, Robert Irwin at the Whitney, and Janet Cardiff at the Met. In addition, two notable shows at smaller galleries indicate that this is not simply a major-donor movement. Collectively, these shows constitute a proposal about what we wanted from art in 2013. While we're in the soft embrace of light, the NSA and Facebook are still collecting our data, the money in our bank accounts is still being used to fund who-knows-what without our knowledge or consent, the government we elected is still imprisoning and targeting people with whom we have no beef. We deserve an art that is the equal of our information age. Not one that parrots the age's self-assertions or modes of dissemination, but an art that is hyper-aware, vigilant, active, engaged, and informed. We are now one hundred years clear of Duchamp's first readymades. So why should we find ourselves so thoroughly in thrall to ambience? Against Ambience argues for an art that acknowledges its own methods and intentions; its own position in the structures of cultural power and persuasion. Rather than the warm glow of light or the soothing wash of sound, Against Ambience proposes an art that cracks the surface of our prevailing patterns of encounter, initiating productive disruptions and deconstructions. show less"
905,Annual editions :,
905,Annual editions :,
905,Annual review of comparative and international education 2013 /,
905,Australia's foreign economic policy and ASEAN /,
905,Before and beyond the global economic crisis :,
905,The best business writing /,"Collects several investigative reports on the business world, including the investigation into News of the World, an account of the consequences of the deregulation of medicine, and the legacy of Alan Greenspan."
905,Beyond the global capitalist crisis :,
905,Boomerang :,"As Pogo once said, ""We have met the enemy and he is us."" In this book the author offers a scathing assessment of fiscal blunders in foreign lands, and details how economic repercussions are sure to be felt on American soil. Financial bubbles grew and burst, not only in the U.S. but in countries as diverse as Iceland, Germany, and Greece. Mixing humor with prescient insight, he depicts a precarious situation that demands attention. The tsunami of cheap credit that rolled across the planet between 2002 and 2008 was more than a simple financial phenomenon: it was temptation, offering entire societies the chance to reveal aspects of their characters they could not normally afford to indulge. Icelanders wanted to stop fishing and become investment bankers. The Greeks wanted to turn their country into a piñata stuffed with cash and allow as many citizens as possible to take a whack at it. The Germans wanted to be even more German; the Irish wanted to stop being Irish. This investigation of bubbles beyond our shores is so sadly hilarious that it leads the American reader to a comfortable complacency: oh, those foolish foreigners. But when he turns a merciless eye on California and Washington, D.C., we see that the narrative is a trap baited with humor, and we understand the reckoning that awaits the greatest and greediest of debtor nations. - Publisher."
905,Breakout nations :,
905,The bridge at Andau /,
905,Capitalism without capital /,
905,The Caribbean and the wider world :,"In 1974, McIntyre temporarily left behind his academic career as a developmental economist at the University of the West Indies to take up appointment as Secretary-General of CARICOM (the Caribbean Community and Common Market). He subsequently held positions as the Director of the Commodities Division of UNCTAD (United Nations Conference on Trade and Development) and then Deputy Secretary-General of UNCTAD in both Geneva and New York. In 1988 McIntyre returned to the Caribbean as Vice Chancellor of the University of the West Indies and, on his retirement in 1998, he assumed the post of Chief Technical Advisor at the Caribbean Regional Negotiating Machinery. This book outlines McIntyre's extraordinary life and wide-ranging international career in diplomacy, politics and academia. It provides key perspectives on the development of Caribbean regional government and international institutions in the twentieth century."
905,"Caribbean sovereignty, development and democracy in an age of globalization /",
905,Chronicles :,"Shares incisive commentary on the financial meltdown and its aftermath, counseling democratic societies on how to avoid the practices that have led to unregulated markets and economic inequality."
905,Communism :,
905,Comparing democracies 4 :,
905,The consequences of the global financial crisis :,
905,Conversations from the print studio :,
905,Crash and beyond :,
905,Crisis communication in the digital age :,"Over the course of recent years, in countries with high crisis expectation and risk probabilities, such as Turkey, a significant rise in the number of crises has been observed. Since current crisis practices are incident-specific, the role of public relations is largely overlooked, and, furthermore, crisis communication studies in non-Western cultures are scarce; this book fills these gaps through two distinct studies. The first highlights crisis management types and strategies by reflecting on interview responses collected from 35 different sectors and sub-sectors in Turkey. While interview findings are used to inform strategical know-how regarding the shift from crisis to opportunity during times of turbulence, the elicited responses reveal how practitioners perceive and respond to crises in the contemporary media landscape. The second analyses the recent upheaval caused by Watsons Turkey as a case study to stress the vital role of public relations in times of crisis."
905,The crisis of the holy :,"All religions are experiencing rapid changes due to a confluence of social and economic global forces. The modern world threatens the foundations of the world's religions and the cohesive assurances of their societies. Factors such as the pervasive intrusion of globalizing political and economic developments; polarized and morally equivalent presentations seen in the media; the sense of surety demanded in and promised by a culture dominated by science are but some of the factors that have placed extreme pressure on all religious traditions. This has stimulated unprecedented responses by religious groups, ranging from fundamentalism to the syncretistic search for meaning. The totality of pressures and responses is pushing religious people into controversial forms. As religion takes on new forms, balances between individual and community are disrupted and reconfigured. Religions often lose the capacity to recall their ultimate purpose or to lead their adherents towards it. This is why we call this complex situation the crisis of the holy. This crisis is a confluence of threats, challenges, and opportunities for all religions. The present volume explores the contours of pressures, changes, and transformations, and reflects on how all our religions are changing under the common pressures of recent decades. By identifying commonalities across religions as they respond to these pressures, it suggests how religious traditions might cope with these changes and how they might join forces in doing so."
905,The economic crisis in retrospect :,"""As the United States continues its slow recovery from the global financial crisis of 2008, politicians, policymakers and academics are increasingly turning to the lessons of history to gain insight into how we might address both current and future economic challenges. This volume offers contributions by eminent economists and historians, each commenting on the theories of a particular 20th century economist and the ways in which those theories apply to modern economic thought. Presented in rough chronological order of the lives of the featured economists, these chapters tackle a number of major economic issues, including the role of central banks, monetary and fiscal policy, government spending, entrepreneurship and financial innovation. The contributors apply the theories of Walter Bagehot, Thorstein Veblen, John Maynard Keynes, Joseph Schumpeter and Friedrich Hayek to these and other crucial topics, offering both comprehensive historical analysis and vital insights into the modern US and world economies. Two additional chapters on the Great Depression and US monetary and fiscal history round out this critical collection.""--Publisher's website."
905,Economic policy and the financial crisis /,"The consequences of the global economic crisis which started in the United States in 2007-08 are still being felt in most of the advanced economies, and the mainstream tools of recovery are not having the required results. It seems that many of the after-effects of the crisis, including the instability of the financial markets, increasing public debts and limited economic growth, require new solutions from both economic policy and theory. Lower aggregate demand during the crisis increased the pressure on firms to be more competitive and at the same time, the crisis in the banking system has had a negative impact on the willingness of financial institutions to give credit to companies for investment. Therefore, the key issue for current economic policy is to find a balance between the stabilisation of public finance and maintaining the momentum of long-term growth. This book offers an evolutionary-developmental analysis, combining elements of neo-Schumpeterian economics, institutional economics and post-Keynesian economics, to show that selection processes within an economy, and the institutional rules shaping those processes, are substantially more important than usually recognised by evolutionary economic theory. Two major challenges for economic theory and policy, in particular, have emerged during the crisis. The first is the rise of unemployment coupled with growing public deficits. The second is the financial instability which threatens the permanence of economic development. This book examines the performance of the advanced economies since the crisis and explores why some of them have been more successful in tackling these challenges than others. It is argued that the reasons for the varied performances of these economies lie in the economic policies which were introduced before and in the aftermath of the crisis and the differences in the regulation of their labour markets."
905,Economics in the twenty-first century :,"""Economics has always been nicknamed the ""dismal science,"" but today the field seems a little more dismal than usual as governments, social movements, and even students complain that the discipline is failing to make sense of the major economic problems of the day. In Economics in the Twenty-First Century, Robert Chernomas and Ian Hudson demonstrate how today's top young economists continue to lead the field in the wrong direction. The recent winners of the John Bates Clark medal, economics's ""baby Nobel,"" have won that award for studying important issues such as economic development, income inequality, crime, and health. Examining their research, Chernomas and Hudson show that this work focuses on individual choice, ignores the systematic role of power in the economic system, and leads to solutions that are of limited effectiveness at best and harmful at worst. An accessible summary of the latest debates in economics, Economics in the Twenty-First Century takes on what is missing from mainstream economics, why it matters, and how the discipline can better address the key concerns of our era.""--"
905,The economists' voice :,"From the Publisher: In this valuable resource, more than thirty of the world's top economists offer innovative policy ideas and insightful commentary on our most pressing economic issues, such as global warming, the global economy, government spending, Social Security, tax reform, real estate, and political and social policy, including an extensive look at the economics of capital punishment, welfare reform, and the recent presidential elections. Contributors are Nobel Prize winners, former presidential advisers, well-respected columnists, academics, and practitioners from across the political spectrum. Joseph E. Stiglitz takes a hard look at the high cost of the Iraq War; Nobel Laureates Kenneth Arrow, Thomas Schelling, and Stiglitz provide insight and advice on global warming; Paul Krugman demystifies Social Security; Bradford DeLong presents divergent views on the coming dollar crisis; Diana Farrell reconsiders the impact of U.S. offshoring; Michael J. Boskin distinguishes what is ""sense"" and what is ""nonsense"" in discussions of federal deficits and debt; and Ronald I. McKinnon points out the consequences of the deindustrialization of America. Additional essays question whether welfare reform was successful and explore the economic consequences of global warming and the rebuilding of New Orleans. They describe how a simple switch in auto insurance policy could benefit the environment; unravel the dangers of an unchecked housing bubble; and investigate the mishandling of the lending institutions Freddie Mac and Fannie Mae. Balancing empirical data with economic theory, The Economists' Voice proves that the unique perspective of the economist is a vital one for understanding today's world."
905,The end of finance /,
905,The end of journalism :,
905,The end of normal :,"""The years since the Great Crisis of 2008 have seen slow growth, high unemployment, falling home values, chronic deficits, a deepening disaster in Europe--and a stale argument between two false solutions, ""austerity"" on one side and ""stimulus"" on the other. Both sides and practically all analyses of the crisis so far take for granted that the economic growth from the early 1950s until 2000--interrupted only by the troubled 1970s--represented a normal performance. From this perspective the crisis was an interruption, caused by bad policy or bad people, and full recovery is to be expected if the cause is corrected. The End of Normal challenges this view. Placing the crisis in perspective, Galbraith argues that the 1970s already ended the age of easy growth. The 1980s and 1990s saw only uneven growth, with rising inequality within and between countries. And the 2000s saw the end even of that--despite frantic efforts to keep growth going with tax cuts, war spending, and financial deregulation. When the crisis finally came, stimulus and automatic stabilization were able to place a floor under economic collapse. But they are not able to bring about a return to high growth and full employment. Today, four factors impede a return to normal. They are the rising costs of real resources, the now-evident futility of military power, the labor-saving consequences of the digital revolution, and the breakdown of law and ethics in the financial sector. The Great Crisis should be seen as a turning point, a barometer of the rise of unstable economic conditions, which should be regarded as the new normal. Policies and institutions going forward should be designed, above all, modestly, to cope with this fact, maintaining conditions for a good life in difficult times""--"
905,Ethical reflections on the financial crisis 2007/2008 :,"In this book the author reflects on the philosophical and ethical bases of the financial crisis 2007-08 and the subsequent recession. He finds in Adam Smith solid arguments for the new free market economy, capitalism, but also arguments for a role for the government in the case of public goods (roads) and of merit goods (education, control of banking). Where the provision of public goods requires that the government respect consumer sovereignty there the provision of merit goods legitimizes the violation of that principle."
905,Ethics and economic governance :,"This book seeks to explore the ethical dimensions of economic governance through an engagement with Adam Smith and a critical analysis of economistic understandings of the Global Financial Crisis. It examines ethical and political dilemmas associated with key aspects of the financialisation of Anglo-American economy and society, including systems of asset-based welfare, modern risk management and debt."
905,Exploring the global financial crisis /,
905,"Financial assets, debt, and liquidity crises :","""The macroeconomic development of most major industrial economies is characterised by boom-bust cycles. Normally such boom-bust cycles are driven by specific sectors of the economy. In the financial meltdown of the years 2007-2009 it was the credit sector and the real-estate sector that were the main driving forces. This book takes on the challenge of interpreting and modelling this meltdown. In doing so it revives the traditional Keynesian approach to the financial-real economy interaction and the business cycle, extending it in several important ways. In particular, it adopts the Keynesian view of a hierarchy of markets and introduces a detailed financial sector into the traditional Keynesian framework. The approach of the book goes beyond the currently dominant paradigm based on the representative agent, market clearing and rational economic agents. Instead it proposes an economy populated with heterogeneous, rationally bounded agents attempting to cope with disequilibria in various markets""--"
905,Financial crisis and developing countries :,
905,The financial crisis and Federal Reserve policy /,
905,"Financial crisis, labour markets, and institutions /",
905,Financial whirlpools :,"""How do economists reconcile their expertise with their failures to predict and manage the 2008 financial crisis? This book goes a long way toward an answer by using systems theory to reveal the complex interdependence of factors and forces behind the crisis. In her fully integrated view of the economy, how it works, and how the economic crisis burst, Karen Higgins combines human psychology, cultural values, and belief formation with descriptions of the ways banks and markets succeed and fail""--Amazon.com."
905,Firefighting :,"""From the three primary architects of the American policy response to the economic crisis of 2008, this big-picture synthesis of why it happened, how it was combatted, what was learned, and where we are now is a short primer on leadership through crisis. It includes an 85 page Appendix of charts and graphs that depict visually the crisis and the results of actions taken to mitigate it""--"
905,From the great recession to labour market recovery :,
905,Global economic crisis :,
905,The global economic crisis :,
905,The global financial crisis :,
905,Global financial crisis :,
905,The global financial crisis :,
905,The global financial crisis /,
905,The global financial crisis /,
905,The global financial crisis and its aftermath :,
905,A global history of the financial crash of 2007-2010 /,A detailed yet non-technical analysis of the recent financial crisis.
905,The global macro economy and finance /,
905,Global studies :,
905,The great financial meltdown :,
905,The great recession :,
905,The great recession and the contradictions of contemporary capitalism /,
905,The great regression /,"We are living through a period of dramatic political change Brexit, the election of Trump, the rise of extreme right movements in Europe and elsewhere, the resurgence of nationalism and xenophobia and a concerted assault on the liberal values and ideals associated with cosmopolitanism and globalization. Suddenly we find ourselves in a world that few would have imagined possible just a few years ago, a world that seems to many to be a move backwards. How can we make sense of these dramatic developments and how should we respond to them? Are we witnessing a worldwide rejection of liberal democracy and its replacement by some kind of populist authoritarianism?"
905,Hungarian borderlands :,"An examination of border decomposition, re-creation and destruction in twentieth-century Hungary. It shows the evolution of a single set of borders over a century in response to a range of internal and external forces in a regional and global context. It illuminates the complexities, opportunities, and problems that face a small state."
905,The Hungarian revolt :,
905,Hungary since 1945 /,
905,I.O.U. :,
905,The influence of uncertainty in a changing financial environment :,"This book examines the role of uncertainty on financial decisions - and, consequently, on financial markets - in the buildup to and aftermath of the Great Recession. It tracks the significant growth and important structural changes in the financial sector during the past few decades, both of which made the economy more vulnerable to perceptions of risk in the markets. Halperin argues that conventional economic models have lost relevance by failing to take these developments into account appropriately, and also explains that because of financial globalization we can no longer understand what happens in the economies of major countries by relying on ""closed-economy"" thinking. The book concludes with a list of policy recommendations designed to increase the resilience of the financial markets to negative economic developments and to reduce incentives for risk taking, including a proposal to eliminate the double taxation of dividends."
905,Inside the banking crisis :,"It was one of the gravest challenges faced by any British government in peacetime. The banking system, taken for granted by most of the population to pay for life's essentials, came close to collapse. Yet nobody going about their business in October 2008 had any inkling how vulnerable the nation's financial infrastructure was. Nobody, that is, bar a small group of policymakers and ministers working frantically in Whitehall and the City of London. Royal Bank of Scotland, larger than the entire annual output of the UK economy, had toppled. Another banking giant Halifax/Bank of Scotland was in desperate need of a bailout. A staggeringly large bill had to be paid to stave off disaster. But could Britain afford it? Might foreign investors conclude that the UK's public finances could not take the strain and the game was up? Yet doing nothing might have seen cash machines closed, depositors panicking and troops on the streets. These were the appalling dilemmas facing Downing Street, the Treasury and financial regulators in the darkest hours of the crisis triggered by the crash of the US bank Lehman Brothers. As political leaders in the United States confronted challenges to their own system, their British counterparts could rely on nobody for help. A solution had to be found and fast. To their immense credit, a rescue package was unveiled and markets were reassured. But saving the banks was one thing – securing their future to the benefit of taxpayers and customers was another. Decisions made since the traumatic weeks of October 2008 have cast a long shadow. The UK economy is still bearing the scars. RBS is not repaired, some small businesses are struggling to get credit and public appetite for explanations of what happened remains high."
905,The intellectual origins of the global financial crisis /,
905,It's not over :,
905,Kollektive Kreativität =,
905,Liquidity lost :,"The interventions of crisis management during the 2007 to 2011 financial crisis were not simply responses to a set of given developments in markets, banking or neo-liberal capitalism. Nor can those interventions be adequately explained as the actions of sovereign state officials and institutions. Instead, Langley argues, processes of crisis governance are shown to have established six principal technical problems to be acted upon: liquidity, toxicity, solvency, risk, regulation, and debt and that the governance of these technical problems, is shown to have been strategically assembled in order to secure the continuation of a particular, financialized way of life that depends upon global financial circulations. Contributing to interdisciplinary debates in cultural economy and the social studies of finance, and grounded in extensive empirical research, this book offers an innovative analysis of how the contemporary global financial crisis was governed. Through an exploration of the interventions made by central banks, treasuries, and regulatory authorities in the Anglo-American heartland of the crisis between 2007 and 2011, experimental and strategic apparatuses of crisis governance are shown to have emerged. These discrete apparatuses established the six technical problems to be acted upon, but also shared certain proclivities and preferences. Crisis governance assembled discourses and devices of economy in relation with sovereign monetary, fiscal, and regulatory techniques, and elicited an affective atmosphere of confidence. It also sought to secure the financialized way of life which turns on the opportunities ostensibly afforded by uncertain financial circulations, and gave rise to post-crisis technical fixes designed to advance the resilience of banking and the macro-prudential regulation of financial stability."
905,Media smackdown :,
905,Minority religions in Europe and the Middle East :,"Minority religions, not only New Religious Movements, are explored in this innovative book including the predicament of ancient religions such as Zoroastrianism, ‘old new’ religions such as Baha’i, and traditional religions that are minorities elsewhere. The book is divided into two parts: the gathering of data on religious minorities (""mapping""), and the ways in which governments and interest groups respond to them (""monitoring""). The international group examine which new religions exist in particular countries, what their uptake is, and how allegiance can be ascertained. They explore a range of issues faced by minority religions, encompassing official state recognition and registration, unequal treatment in comparison with a dominant religion, how changes in government can affect how they fare, the extent to which members are free to practise their faith, how they sometimes seek to influence politics, and how they can be affected by harassment and persecution."
905,Mister Pulitzer and the spider :,"A spidery network of mobile online media has supposedly changed people, places, time, and their meanings. A prime case is the news. Digital webs seem to have trapped ""legacy media,"" killing off newspapers and journalists' jobs. Did news businesses and careers fall prey to the digital ""Spider""? To solve the mystery, Kevin Barnhurst spent thirty years studying news going back to the realism of the 1800s. The usual suspects--technology, business competition, and the pursuit of scoops--are only partly to blame for the fate of news. The main culprit is modernism from the ""Mister Pulitzer"" era, which transformed news into an ideology called ""journalism."" News is no longer what audiences or experts imagine. Stories have grown much longer over the past century and now include fewer events, locations, and human beings. Background and context rule instead. News producers adopted modernism to explain the world without recognizing how modernist ideas influence the knowledge they produce. When webs of networked connectivity sparked a resurgence in realist stories, legacy news stuck to big-picture analysis that can alienate audience members accustomed to digital briefs."
905,Modern financial crises :,"This book is devoted to the analysis of the three main financial crises that have marked this century: 2001 Argentina?s defaulting on its external debt, the American subprime crisis in 2008, and the current European debt crisis in Europe. The book pursues three major objectives: firstly, to accurately portray these three financial crises; secondly, to analyze what went wrong with mainstream economic theory, which was unable to foresee these types of economic turmoil; and thirdly, to review macroeconomic theory, re-evaluating Keynes? original contribution to economic analysis and pointing out the need to rebuild macroeconomics with a view to studying economic illness rather than trying to prove the non-existence of economic problems."
905,Modern Korea /,"In no nation on earth has history accelerated with such speed as in Korea. A medieval dynasty at the end of the 19th century, it underwent a traumatic colonization, then, in its hour of liberation was divided by the great powers at the end of World War II. Devastated by a fratricidal war, the peninsula has remained divided ever since. South Korea is the greatest national success story of the 20th century. From the ashes of war, it transformed itself, against the odds - and against much advice - into an industrial powerhouse and thriving democracy. Now a high-tech wonderland, it is undergoing social and cultural transformations that add further layers to its dynamic DNA. North Korea is an economic, social and political disaster, successful only at totalitarianism. Having transmogrified from a blood-and-iron communist dictatorship into a bizarre, neo-fascist monarchy, it is a black hole at the heart of Asia. Engulfed by paranoia, the regime presides over a malnourished populace, a 1.1 million man army and a nuclear arsenal. From nuclear missiles to Samsung smartphones; from assassins to salarymen; from Kim Il-sung to Psy; this is the extraordinary story of the flashpoint peninsula that dominates talk in boardrooms and newsrooms. Korea, the author argues, provides two stark benchmarks for national development: Epic success and catastrophic failure. And its final chapter has yet to be written."
905,A month and a day :,
905,Multi-media :,
905,Multiculturalism and the convergence of faith and practical wisdom in modern society /,"""This book is a pivotal reference source for the latest scholarly research on the cultural, sociological, economic, and philosophical effects of religion on modern society and human behavior. Featuring extensive coverage across a range of relevant perspectives and topics, such as social reforms, national identity, and existential spirituality""--"
905,A nation divided by history and memory :,"""During the last few decades there has been a growing recognition of the great role that remembering and collective memory play in forming the historical awareness. In addition, the dominant national form of history writing also met some challenges on the side of a transnational approach to the past. In A Nation Divided by History and Memory a prominent Hungarian historian sheds light on how Hungary's historical image has become split as a consequence of the differences between the historian's conceptualisation of national history and its diverse representations in personal and collective memory. The book focuses on the shocking experiences and the intense memorial reactions generated by a few key historical events and the way of how they have been interpreted by the historical scholarship. The argument of A Nation Divided by History and Memory is placed into the context of an international historical discourse. The pioneering work is essential and enlightening reading for all historians, many sociologists, political scientists, social psychologists and the university students""--"
905,News media and the financial crisis :,"""This book explores how leading news media responded to the 2008 financial crisis and its aftermath, showing how journalists regularly framed discussions about post-crisis regulatory reform in ways that reinforced the same market liberal policy paradigm that had ushered in the crisis. Drawing on an analysis of nearly three years of news coverage and on interviews with journalists who covered the financial crash for major media groups, Adam Cox demonstrates how this framing of issues, often focusing on the costs of tighter regulation rather than the preventive benefits, formed the basis of a post-crisis narrative in the United States that undermined the role of the state, despite the wreckage that had just occurred. He looks at how state actors, think tanks and the financial industry worked in concert to encourage such a narrative, ultimately lending support to a market liberal worldview that was being seriously challenged for the first time in decades. Whilst highlighting journalists' ability to resist agenda-building efforts by powerful actors, this book offers a methodology for considering media narratives based on quantitative analysis of framing patterns. News Media and the Financial Crisis is aimed at students and researchers working at the intersection of communications, journalism, political economy, and public policy""--"
905,Nigeria :,
905,Nigeria since independence :,
905,The off-modern /,"""The Off-Modern charts a fresh path beyond the categories of modernism and postmodernism, center and periphery, artistic theory and practice""--"
905,Online journalism from the periphery :,"Online Journalism from the Periphery looks at how a range of new media actors, communicating online, have challenged us to think differently about the journalistic field. Emerging from the disruption of digital technology, these new actors have been met with resistance by an existing core of journalism, who perceive them as part of a `digital threat' and dismiss their claims of journalistic belonging. As a result, cracks are appearing in the conceptual foundations of what journalism is and should be. Applying field theory as a conceptual lens, Scott Eldridge guides the reader through the intricacies of these tensions at both the core and periphery. By first unpacking definitions of journalism as a social and cultural construction, this book explores how these are dominated by narratives which have reinforced a limited set of expectations about its purpose and reach. The book goes on to examine how these narratives have been significantly undermined by the output of major new media players, including Gawker, reddit, Breitbart, and WikiLeaks. Online Journalism from the Periphery argues for a broadening of ideas around what constitutes journalism in the modern world, concluding with alternative approaches to evaluating the contributions of emerging media heavy-weights to society and to journalism."
905,Performance now /,"This major survey charts the development of live art across six continents since the turn of the twenty-first century, revealing how it has become an increasingly essential vehicle for communicating ideas across the globe in the new millennium. 'Performance Now' offers an unprecedented illustrated survey of this temporal medium which is notoriously hard to document, written by respected curator, art historian, and critic RoseLee Goldberg. Six chapters cover different themes of performance art, such as beauty, global citizenship, and activism, as well as its intersection with other media including film and technology, dance, theater and architecture, interspersed with illustrated profiles of some of the world's best-known performance artists, including Maria Abramovic, Matthew Barney, and Laurie Simmons. Extended captions assess the importance of specific works in context."
905,Philosophy at the new millennium /,
905,Photography today /,
905,The politics and practice of religious diversity :,"The Politics and Practice of Religious Diversity engages with one of the most characteristic features of modern society. An increasingly prominent and potentially contentious phenomenon, religious diversity is intimately associated with contemporary issues such as migration, human rights, social cohesion, socio-cultural pluralisation, political jurisdiction, globalisation, and reactionary belief systems."
905,Post-Keynesian views of the crisis and its remedies /,
905,"Postmodern music, postmodern listening /","Kramer was one of the most visionary musical thinkers of the second half of the 20th century. In his The Time of Music, he approached the idea of the many different ways that time itself is articulated musically. This book has become influential among composers, theorists, and aestheticians. Now, in his almost completed text written before his untimely death in 2004, he examines the concept of postmodernism in music. Kramer created a series of markers by which we can identify postmodern works. He suggests that the postmodern project actually creates a radically different relationship between the composer and listener. Written with wit, precision, and at times playfully subverting traditional tropes to make a very serious point about this difference, Postmodern Music, Postmodern Listening leads us to a strongly grounded intellectual basis for stylistic description and an intuitive sensibility of what postmodernism in music entails. Postmodern Music, Postmodern Listening is an examination of how musical postmodernism is not just a style or movement, but a fundamental shift in the relationship between composer and listener. The result is a multifaceted and provocative look at a critical turning point in music history, one whose implications we are only just beginning to understand."
905,Recent American literature /,
905,Recovering from the global financial crisis :,Why are some global financial crises more difficult to recover from and overcome than others? What steps are necessary in ensuring that financial stability and recovery is facilitated? And what kind of environment has the previous financial environment evolved to and what kind of financial products have contributed to greater vulnerability in the triggering of systemic risks? These are among some of the questions that this book addresses.
905,The rise and fall of global austerity /,
905,Routledge handbook of the contemporary Philippines /,"""The Philippines is a fascinating example of a 'poor country democracy' where issues of economic development and poverty, political participation and stability as well as ethnicity and migration are crucial. The Routledge Handbook of Contemporary Philippines provides a comprehensive overview of the current political, economic, social and cultural issues of the country. The Handbook is divided into the following four sections concentrating on a different aspect of the Philippines: Domestic politics, Foreign relations, Economics and social policy, Cultures and movements. Chapters discuss the political parties and contested elections, as well as dynasties and local governance in the Politics section, and the Economics section looks at topics such as international political economy, industrial policy and economic nationalism. The section on Philippine society highlights the women's movement and gender issues, and goes on to concentrate on religion, culture and customs. The Philippines is confronted with many foreign challenges, and the final section focuses on the relationship the country has with China, Japan, Europe and the USA. Written by leading experts in the field, the Handbook provides students, scholars and policymakers of Southeast Asia with an interdisciplinary resource on the evolving politics, society and economics of the Philippines""--"
905,Rrrevolutionnaire :,
905,Sir Rhys ap Thomas and his family :,
905,Socioeconomic outcomes of the global financial crisis :,
905,South Sudan :,
905,Strangers to this ground : cultural diversity in contemporary American writing /,
905,Stress test :,
905,Stress test :,
905,The financial crisis and Federal Reserve policy /,
905,Theoretical times /,
905,Think small :,"From the astounding to the downright unbelievable, this little volume of mind-blowingly tiny artworks showcases the talents of 24 artists from around the globe. Makers, crafters, art enthusiasts, and fans of tiny works will delight in this homage to all things infinitesimally small. Replete with more than 200 images of miniature masterpieces- including intricately carved pencil leads, fantastical dioramas floating in test tubes, ceramic vases smaller than a sixsided die, crystal cityscape shells designed for hermit crabs, and more-Think Small is sure to make a big impression."
905,The trouble with Nigeria /,
905,Understanding the financial crisis :,
905,When small countries crash /,
905,Why it does not have to be in focus :,
905,Why the conventional wisdom about the 2008 financial crisis is still wrong :,"The empowered customer is here to stay. With a low tolerance for subpar experiences, they have no qualms in switching brands if disappointed, and expect companies to provide offers that are personally relevant to them. This realisation has led enterprises to revamp their business strategies to meet the high expectations of these savvy and hyper-connected consumers. This requires a 360 degree customer-centric approach-fuelled by big data-that attempts to understand customer problems and deliver timely solutions. The ability to use customer journey mapping and real-time analytics to unlock actionable insights can provide a competitive edge. Knowledge about shifts in customer behaviour, preferred channels or social media sentiment helps companies to respond proactively and with the right message.The digital transformation snake framework presented in this book examines the socio-economic changes and digital trends that are reshaping consumption, and what they portend for the future. It is complemented by an analysis of the new skills and workforce models, as well as the business models needed to succeed in the age of digital disruption."
905,Why the economists got it wrong :,
905,Wired for sound :,
905,The world's religions :,
905,Writing the Nigeria-Biafra War /,
030,The Cambridge handbook of the dictionary /,"""Bringing together cutting-edge research from a team of experts, this Handbook provides an all-compassing account of dictionaries in context. It considers the cultural, social, intellectual and book history of dictionaries, as well as why they are made, and how they are edited, designed and published""--"
030,College University almanac 2004.,
030,Comparing international human resource management practices between Yaohan and Jusco in Hong Kong /,
030,Good faith collaboration :,
030,Records of the Kurds :,"These nine thousand pages of facsimile documents trace early insurgencies directed by the Kurdish people against regional and metropolitan powers, and their interrelations with neighbouring tribes and other ethnic groups at historical flash points, from the origins of nationalist sentiments through a series of disparate revolts in the nineteenth century, and then on to a larger, more cohesive and discernible nationalist movement launched in the aftermath of World War I. They concomitantly depict the extent of territories pertaining to the Kurdish 'homeland', the use of the term 'Kurdistan' generally refers to an agreed geographical area, not to a legal or political entity. Kurdish populated territory evolved over the nineteenth and twentieth centuries, with some regions becoming entrenched, others subject to constant flux. The map box provides illustrations of the changing territory, or those sections subject to alterations and contestation."
030,The world in a book :,"Shihab al-Din al-Nuwayri was a fourteenth-century Egyptian polymath and the author of one of the greatest encyclopedias of the medieval Islamic world—a thirty-one-volume work entitled The Ultimate Ambition in the Arts of Erudition. A storehouse of knowledge, this enormous book brought together materials on nearly every conceivable subject, from cosmology, zoology, and botany to philosophy, poetry, ethics, statecraft, and history. Composed in Cairo during the golden age of Islamic encyclopedic activity, the Ultimate Ambition was one of hundreds of large-scale compendia, literary anthologies, dictionaries, and chronicles produced at this time—an effort that was instrumental in organizing the archive of medieval Islamic thought.In the first study of this landmark work in a European language, Elias Muhanna explores its structure and contents, sources and influences, and reception and impact in the Islamic world and Europe. He sheds new light on the rise of encyclopedic literature in the learned cities of the Mamluk Empire and situates this intellectual movement alongside other encyclopedic traditions in the ancient, medieval, Renaissance, and Enlightenment periods. He also uncovers al-Nuwayri’s world: a scene of bustling colleges, imperial chanceries, crowded libraries, and religious politics.Based on award-winning scholarship, The World in a Book opens up new areas in the comparative study of encyclopedic production and the transmission of knowledge."
030,The world in a book :,"Shihab al-Din al-Nuwayri was a fourteenth-century Egyptian polymath and the author of one of the greatest encyclopedias of the medieval Islamic world—a thirty-one-volume work entitled The Ultimate Ambition in the Arts of Erudition. A storehouse of knowledge, this enormous book brought together materials on nearly every conceivable subject, from cosmology, zoology, and botany to philosophy, poetry, ethics, statecraft, and history. Composed in Cairo during the golden age of Islamic encyclopedic activity, the Ultimate Ambition was one of hundreds of large-scale compendia, literary anthologies, dictionaries, and chronicles produced at this time—an effort that was instrumental in organizing the archive of medieval Islamic thought.In the first study of this landmark work in a European language, Elias Muhanna explores its structure and contents, sources and influences, and reception and impact in the Islamic world and Europe. He sheds new light on the rise of encyclopedic literature in the learned cities of the Mamluk Empire and situates this intellectual movement alongside other encyclopedic traditions in the ancient, medieval, Renaissance, and Enlightenment periods. He also uncovers al-Nuwayri’s world: a scene of bustling colleges, imperial chanceries, crowded libraries, and religious politics.Based on award-winning scholarship, The World in a Book opens up new areas in the comparative study of encyclopedic production and the transmission of knowledge."
055,Arbella :,"An extraordinary life lost in history: the compelling biography of Arbella Stuart spans both Tudor and Stuart courts, and encompasses espionage, a clandestine marriage, imprisonment and eventual death in the Tower of London.Arbella Stuart was the niece of Mary Queen of Scots and first cousin to James VI of Scotland. Acknowledged as her heir by Elizabeth I, Arbella’s right to the English throne was equaled only by James. Kept under close supervision by her grandmother, but still surrounded by plots -- most of them Roman Catholic in origin -- she became an important pawn in the struggle for succession, particularly during the long, tense period when Elizabeth I lay dying. Her fate was sealed however when, upon James’s succession and having been invited back to court, Arbella made a treasonous marriage for which she was forced to flee England. She was intercepted off the coast of Calais and escorted to the Tower, where she died some years later, alone and, most probably, from starvation.For fans of historical biography, Arbella is possibly the most romantic heroine of them all. Hers was a story just waiting to be told."
055,Auditor's guide to information systems auditing /,
055,Auditor's guide to IT auditing /,"""Step-by-step guide to successful implementation and control of IT systems--including the CloudMany auditors are unfamiliar with the techniques they need to know to efficiently and effectively determine whether information systems are adequately protected. Now in a Second Edition, Auditor's Guide to IT Auditing presents an easy, practical guide for auditors that can be applied to all computing environments. Follows the approach used by the Information System Audit and Control Association's model curriculum, making this book a practical approach to IS auditing Serves as an excellent study guide for those preparing for the CISA and CISM exams Includes discussion of risk evaluation methodologies, new regulations, SOX, privacy, banking, IT governance, CobiT, outsourcing, network management, and the Cloud As networks and enterprise resource planning systems bring resources together, and as increasing privacy violations threaten more organization, information systems integrity becomes more important than ever. Auditor's Guide to IT Auditing, Second Edition empowers auditors to effectively gauge the adequacy and effectiveness of information systems controls""--"
055,Big data analytics :,
055,Big data analytics for entrepreneurial success /,"""This book addresses the issue of big data analytics from a practical angle for entrepreneurs with a pedagogical explanation of the operation of its main methods and concrete demonstrations of their use. It also builds a common set of concepts, terms, references, methods, applications and approaches in this area""--"
055,Big data in practice :,"""The best-selling author of Big Data is back, this time with a unique and in-depth insight into how specific companies use big data. Big data is on the tip of everyone's tongue. Everyone understands its power and importance, but many fail to grasp the actionable steps and resources required to utilise it effectively. This book fills the knowledge gap by showing how major companies are using big data every day, from an up-close, on-the-ground perspective. From technology, media and retail, to sport teams, government agencies and financial institutions, learn the actual strategies and processes being used to learn about customers, improve manufacturing, spur innovation, improve safety and so much more. Organised for easy dip-in navigation, each chapter follows the same structure to give you the information you need quickly. For each company profiled, learn what data was used, what problem it solved and the processes put it place to make it practical, as well as the technical details, challenges and lessons learned from each unique scenario. Learn how predictive analytics helps Amazon, Target, John Deere and Apple understand their customers Discover how big data is behind the success of Walmart, LinkedIn, Microsoft and more Learn how big data is changing medicine, law enforcement, hospitality, fashion, science and banking Develop your own big data strategy by accessing additional reading materials at the end of each chapter ""--"
055,The blue ants :,
055,China phoenix :,
055,China's hinterland in the leap forward /,
055,La Chine :,
055,A Companion to Shakespeare /,"This Companion to Shakespeare is for students and teachers of Shakespeare, indeed for anyone with an interest in his plays. It offers a remarkably innovative and comprehensive picture of the theatrical, literary, intellectual, and social worlds in which Shakespeare wrote and in which his plays were produced. Each individual essay stands as an authoritative account of the state of knowledge in its field, and in their totality the essays provide a new and compelling portrait of the historical conditions, both imaginative and institutional, that enabled (and in some cases inhibited) Shakespeare's great art."
055,Conquest of China /,
055,Contemporary China and the Chinese /,
055,The defense of Quemoy and the free world.,
055,"Dynastic politics and the British reformations, 1558-1630 /","""Dynastic Politics and the British Reformations, 1558-1630 revisits what used to be regarded as an entirely 'mainstream' topic in the historiography of the later sixteenth and early seventeenth centuries - namely, the link between royal dynastic politics and the outcome of the process usually referred to as 'the Reformation'. As everyone knows, the principal mode of transacting so much of what constituted public political activity in the early modern period, and especially of securing something like political obedience if not exactly stability, was through the often distinctly un-modern management of the crown's dynastic rights, via the line of royal succession and in particular through matching into other royal and princely families. Dynastically, the states of Europe resembled a vast sexual chess board on which the trick was to preserve, advance, and then match (to advantage) one's own most powerful pieces. This process and practice were, obviously, not unique to the sixteenth and seventeenth centuries. But the changes in religion generated by the discontents of western Christendom in the Reformation period made dynastic politics ideologically fraught in a way which had not been the case previously, in that certain modes of religious thought were now taken to reflect on, critique, and hinder this mode of exercising monarchical authority, sometimes even to the extent of defining who had the right to be king or queen.""--"
055,Egypt's culture wars :,"""This work presents original research on cultural politics and battles in Egypt at the turn of the twenty-first century. It deconstructs the boundaries between ""high"" and ""low"" culture, drawing on conceptual tools in cultural studies, translation studies and gender studies to analyse debates in the fields of literature, cinema, mass media and the plastic arts. Anchored in the Egyptian historical and social contexts and inspired by the influential work of Pierre Bourdieu, it rigorously places these debates and battles within the larger framework of a set of questions about the relationship between the cultural and political fields in Egypt."" ""Egypt's Culture Wars is a valuable contribution to the often neglected and ignored subject of cultural politics and battles for representation in Egypt. Detailed and insightful, this innovative interdisciplinary volume allows us to understand what has been happening in the sphere of public debate in Egypt. As such, it will be of interest to scholars and students from the literary field, cultural studies, political science, Middle East studies, sociology and gender studies.""--BOOK JACKET."
055,Eight months behind the bamboo curtain :,
055,Elizabeth and Essex :,
055,Elizabeth and Mary :,"The political and religious conflicts between Queen Elizabeth I and the doomed Mary, Queen of Scots, have for centuries captured our imagination and inspired memorable dramas played out on stage, screen, and in opera. But few books have brought to life more vividly the exquisite texture of two women’s rivalry, spurred on by the ambitions and machinations of the forceful men who surrounded them. The drama has terrific resonance even now as women continue to struggle in their bid for executive power.Against the backdrop of sixteenth-century England, Scotland, and France, Dunn paints portraits of a pair of protagonists whose formidable strengths were placed in relentless opposition. Protestant Elizabeth, the bastard daughter of Anne Boleyn, whose legitimacy had to be vouchsafed by legal means, glowed with executive ability and a visionary energy as bright as her red hair. Mary, the Catholic successor whom England’s rivals wished to see on the throne, was charming, feminine, and deeply persuasive. That two such women, queens in their own right, should have been contemporaries and neighbours sets in motion a joint biography of rare spark and page-turning power."
055,Elizabeth I /,
055,Elizabeth I and her age :,
055,Elizabethan people :,
055,Eminent Elizabethans /,
055,Full range leadership in the university classroom :,
055,The future of indirect taxation :,
055,How to behave badly in Elizabethan England :,
055,Implementing J. D. Edwards OneWorld /,
055,Information technology auditing /,
055,Inside Egypt :,
055,Islam without fear :,
055,JMP connections :,"MP Connections is the small- and medium-sized business owner's guide to exceeding customer expectations by getting more out of your data using JMP. Uniquely bifunctional, this book is divided into two parts: the first half of the book shows you what JMP can do for you. You'll discover how to wring every last drop of insight out of your data, and let JMP parse reams of raw numbers into actionable insight that leads to better strategic decisions. You'll also discover why it works so well; clear explanations break down the Connectivity platform and metrics in business terms to demystify data analysis and JMP while giving you a macro view of the benefits that come from optimal implementation. The second half of the book is for your technical team, demonstrating how to implement specific solutions relating to data set development and data virtualization. In the end, your organization reduces Full Time Equivalents while increasing productivity and competitiveness."
055,Life in Shakespeare's England :,
055,Life in Shakespeare`s England :,
055,Long march to freedom /,
055,Memoirs of the court of Queen Elizabeth /,
055,Network security and its impact on business strategy /,"""This book examines the impact of m-commerce, m-learning, and m-knowledge management technologies on organizations, such as online stores, higher education institutions, multinational corporations, and health providers""--"
055,New China advances to socialism :,
055,No flies in China /,
055,No flies in China /,
055,Peking und Moskau /,
055,The prospects for communist China /,
055,The queen's mercy :,
055,SHAKESPEARE'S ENGLAND- AN ACCOUNT OF THE LIFE & MANNERS OF HIS AGE.,
055,SHAKESPEARE'S ENGLAND- AN ACCOUNT OF THE LIFE & MANNERS OF HIS AGE.,
055,"Sir Francis Drake his voyage, 1595 /",
055,So you're going to China.,
055,"The story of the most renowned and victorious Princess Elizabeth, late Queen of England /",
055,Survey of London /,
055,The defeat of the Spanish Armada.,
055,"The early Elizabethan succession question, 1558-1568 /",
055,"The early Elizabethan succession question, 1558-1568 /",
055,The wall has two sides : a portrait of China today /,
055,Understanding Shakespeare's England :,
055,VAT/GST in a global digital economy /,
055,Visual analytics for management :,
055,What's really happening in China? /,
055,The Yellow Wind :,
061,A JACOBEAN JOURNAL : BEING A RECORD OF THOSE THINGS MOST TALKED OF DURING THE YEARS 1603-1606 /,
061,Artistic and political patronage in early Stuart England :,"""Artistic and Political Patronage in Early Stuart England explores the remarkable life and career of William Herbert, Third Earl of Pembroke. Pembroke was one of the most influential aristocrats during the reigns of Elizabeth I, James I and Charles I. He was a great patron, a prominent politician and electoral manager, an entrepreneur, and a gifted poet. Yet despite his influence and many talents, Pembroke's life has been remarkably understudied by historians. Drawing on archival material, this book throws new light on Pembroke, and demonstrates just how significant he was during his lifetime. This book will appeal to scholars and students of early modern British history, as well as those interested in politics and patronage during the sixteenth and seventeenth centuries""--"
061,ASEAN 50 :,"""The book ASEAN 50: A Security Community curates key official documents from its foundation in 1967 to 2016. With an emphasis on ASEAN as a political-security community, this book puts together selected documents that trace the development of the Association through periods of its formation, the Cold War in Asia, the post-Cold War security environment, its expansion and adaption to the shifting geopolitical dynamics. Through the documents and their accompanying commentaries, 50 Years of ASEAN: A Security Community aims to provide an important resource for researchers of ASEAN and Southeast Asia""--"
061,Association publishing operations.,
061,The ayatollahs' democracy :,
061,Canada 1919 :,"""With compelling insight, Canada 1919 examines the year following the Great War--a war that was, for Canada, completely unexpected in its magnitude. In the midst of relief that the killing had ended, economic and political tensions were fraught as the survivors attempted to right the country and chart a path into the future. The Canadian Corps had played a significant role in the war and were hailed as the ""shock troops"" of the British empire. They came home full of both sorrow and pride in their accomplishments, wondering what they would do, and how would they fit in with their families. The military stumbled through massive demobilization. The government struggled to hang on to power, labour seethed, and the threat of Bolshevism emerged. At the same time there were positive changes, and a new Canadian nationalism was forged. This book offers a fresh perspective on the concerns of the time: the treatment of veterans, including nurses and Indigenous soldiers; the place of children; the influenza pandemic; the rising farm lobby; the role of labour; Canada's international standing; and commemoration of the fallen. Canada 1919 exposes the ways in which war shaped Canada--and the ways it did not.""--"
061,The China horizon :,"This is a book of China's own political narrative written by one of China's leading and best-known thinkers. It is the last part of the author's ""China Trilogy"", which is a best-seller in China, with over one million copies sold. The book in itself is a centerpiece of the unfolding debate within China on the nature and future of the country and how it compares with the West. It addresses a hugely important issue of the day, i.e., in what way China is overtaking or may overtake the United States as the world's preeminent power. The author provides an original and thought-provoking study on how China has managed, through its own development model, to catch up and even surpass, to various extents, the United States, in terms of gross GDP, net household assets and social protection.The book elaborates on how China has engaged itself in reshaping its institutions to ensure its smooth rise, drawing on the strengths of its own traditions, socialist legacies and elements from the West. It analyzes the weakness of the Western political institutions and discusses how China has developed its own institutional edge over the West. The author argues that as a civilizational state, China has evolved a logic of its own for development and its own political discourse which questions seriously many Western assumptions about democracy, good governance and universal values.The book recaptures the essence of China's past glory and discusses the horizon of the Chinese dream as well as how China should meet the various challenges ahead. It offers a unique and original perspective on the future of this coming superpower. Like The China Wave, this book is both discerning and provocative, and serves as a required reading for everyone concerned with the rise of China and its global implications."
061,The Chinese dream :,
061,The English Civil War :,
061,Marine fishes :,
061,Nonprofit nation :,
061,Research institutions and learned societies /,
061,A second jacobean journal :,
061,Stuart marriage diplomacy :,"Dynastic marriages mattered in early modern Europe. The creation of alliances and the outbreak of wars were tied to continental dynastic politics. This book combines cultural definitions of politics with a wider exploration of institutional, military, diplomatic and economic concerns with a view to providing a more comprehensive understanding of dynastic marriage negotiations. It covers a period from the signing of the Treaty of London in 1604 until after the Anglo-French and Anglo-Spanish peace treaties (1629-30). Stuart Marriage Diplomacy explores how the search for a bride for Princes Henry and Charles started a long process of protracted consultations between the key players of Europe: Spain, Italy, France, Rome, Brussels and the United Provinces. It shows the interconnections between these courts, thus advancing a 'continental turn' in the analysis of Stuart politics in the early seventeenth century, and considers how reason of state was often considered as more crucial than religion or economic concerns in the outcome of the Stuart-Habsburg and Stuart-Bourbon marriage negotiations. It also reveals the extent to which the interactions between Europe and non-European actors in both the Atlantic and the East contributed to a redefinition of European identity. It will engage not only scholars and students of early modern Europe but, more generally, those interested in the history of European courts and royalty."
061,The trials of Frances Howard :,
061,The trials of Frances Howard :,
087,100 American crime writers /,"""From Edgar Allan Poe to James Ellroy, crime writers have provided some of the most popular, controversial, acclaimed and disturbing works in American literature. 100 American Crime Writers provides critical biographies of some of the greatest and most important crime writers in American history. Both an important scholarly work and an enjoyable read accessible to a wider audience, this addition in Palgrave's Crime Files series includes discussion of the lives of key crime writers, as well as analysis of the full breadth and scope of the genre - from John Dickson Carr's Golden Age detective stories to Raymond Chandler's hardboiled Philip Marlowe novels, Ed McBain's 87th Precinct police procedurals to Megan Abbott's modern day reimagining of the femme fatale. Drawing on some of the best and most recent scholarship in the field, all of the key writers and themes of the genre are discussed in this comprehensive study of one of the most fascinating and popular of literary genres. ""--"
087,After Hitler :,
087,L'Allemagne depuis 1945 /,
087,American gothic culture :,
087,American gothic culture :,"This new Companion surveys the traditions and conventions of the dark side of American culture – its repressed memories, its anxieties and panics, its fears and horrors, its obsessions and paranoias. Featuring new critical essays by established and emerging academics from a range of national backgrounds, this collection offers new discussions and analyses of canonical and lesser-known texts in literature and film, television, photography, and video games. Its scope ranges from the earliest manifestations of American Gothic traditions in frontier narratives and colonial myths, to its recent responses to contemporary global events."
087,American gothic fiction :,
087,American women's regionalist fiction :,
087,Another country :,
087,As if :,
087,Aus den Trümmern zur Post-Moderne :,
087,BDSM in American science fiction and fantasy /,
087,"Besonderes Kennzeichen, Deutsch :",
087,Bilder meines Lebens nach den Erinnerungen 1905-1933.,
087,Bodies in commotion :,
087,"Britain, France and the Gothic, 1764-1820 :",
087,"Britain, France and the Gothic, 1764-1820 :","In describing his proto-Gothic fiction, The Castle of Otranto (1764), as a translation, Horace Walpole was deliberately playing on national anxieties concerning the importation of war, fashion and literature from France in the aftermath of the Seven Years' War. In the last decade of the eighteenth century, as Britain went to war again with France, this time in the wake of revolution, the continuing connections between Gothic literature and France through the realms of translation, adaptation and unacknowledged borrowing led to strong suspicions of Gothic literature taking on a subversive role in diminishing British patriotism. Angela Wright explores the development of Gothic literature in Britain in the context of the fraught relationship between Britain and France, offering fresh perspectives on the works of Walpole, Radcliffe, 'Monk' Lewis and their contemporaries."
087,The Cambridge companion to American crime fiction /,
087,The Cambridge companion to American Gothic /,"The Cambridge Companion to American Gothic offers an accessible overview to both the breadth and depth of the American Gothic tradition. This subgenre features works from many of America's best-known authors: Edgar Allan Poe, Toni Morrison, Stephen King, Anne Rice, Henry James, Edith Wharton, William Faulkner, and Flannery O'Connor. Authored by leading experts in the field, the introduction and sixteen chapters explore the American Gothic chronologically, in relation to different social groups, in connection with different geographic regions, and in different media, including children's literature, poetry, drama, film, television, and gaming. This Companion provides a rich and thorough analysis of the American Gothic tradition from a twenty-first-century standpoint, and will be a key resource undergraduates, graduate students, and professional researchers interested in this topic."
087,The Cambridge companion to American horror /,"""Opening up the warm body of American Horror - through literature, film, TV, music, video games, and a host of other mediums - this book gathers the leading scholars in the field to dissect the gruesome histories and shocking forms of American life. Through a series of accessible and informed essays, moving from the seventeenth century to the present day, The Cambridge Companion to American Horror explores one of the liveliest and most progressive areas of contemporary culture. From slavery to censorship, from occult forces to monstrous beings, this book is essential reading for anyone interested in America's most terrifying cultural expressions"".--"
087,The Cambridge companion to American science fiction /,"""The Cambridge Companion to American Science Fiction explores the relationship between the ideas and themes of American science fiction and their roots in the American cultural experience. Science fiction in America has long served to reflect the country's hopes, desires, ambitions, and fears. The ideas and conventions associated with science fiction are pervasive throughout American film and television, comics and visual arts, games and gaming, and fandom, as well as across the culture writ large. Through essays that address not only the history of science fiction in America but also the influence and significance of American science fiction throughout media and fan culture, this companion serves as a key resource for scholars, teachers, students, and fans of science fiction""--"
087,The Cambridge companion to crime fiction /,
087,The Cambridge companion to fantasy literature /,"""Fantasy is not so much a mansion as a row of terraced houses, such as the one that entranced us in C. S. Lewis's The Magician's Nephew with its connecting attics, each with a door that leads into another world. There are shared walls, and a certain level of consensus around the basic bricks, but the internal decor can differ wildly, and the lives lived in these terraced houses are discrete yet overheard. Fantasy literature has proven tremendously difficult to pin down. The major theorists in the field - Tzvetan Todorov, Rosemary Jackson, Kathryn Hume, W. R. Irwin and Colin Manlove - all agree that fantasy is about the construction of the impossible whereas science fiction may be about the unlikely, but is grounded in the scientifically possible. But from there these critics quickly depart, each to generate definitions of fantasy which include the texts that they value and exclude most of what general readers think of as fantasy. Most of them consider primarily texts of the nineteenth and early twentieth century. If we turn to twentieth-century fantasy, and in particular the commercially successful fantasy of the second half of the twentieth century, then, after Tolkien's classic essay, 'On Fairy Stories', the most valuable theoretical text for taking a definition of fantasy beyond preference and intuition is Brian Attebery's Strategies of Fantasy (1992)""--"
087,The Cambridge companion to gothic fiction /,"Gothic as a form of fiction-making has played a major role in Western culture since the late eighteenth century. In this volume, fourteen world-class experts on the Gothic provide thorough and revealing accounts of this haunting-to-horrifying type of fiction from the 1760s (the decade of The Castle of Otranto, the first so-called 'Gothic story') to the end of the twentieth century (an era haunted by filmed and computerized Gothic simulations). Along the way, these essays explore the connections of Gothic fictions to political and industrial revolutions, the realistic novel, the theatre, Romantic and post-Romantic poetry, nationalism and racism from Europe to America, colonized and post-colonial populations, the rise of film and other visual technologies, the struggles between 'high' and 'popular' culture, changing psychological attitudes towards human identity, gender and sexuality, and the obscure lines between life and death, sanity and madness. The volume also includes a chronology and guides to further reading."
087,Child and youth agency in science fiction :,"""Child and Youth Agency in Science Fiction: Travel, Technology, Time intersects considerations about children's and youth's agency with the popular culture genre of science fiction. As scholars in childhood studies and beyond seek to expand understandings of agency in children's lives, this collection places science fiction at the heart of this endeavor. Retellings of the past, narratives of the present, and new landscapes of the future, each explored in science fiction, allow for creative reimaginings of the capabilities, movements, and agency of youth. Core themes of generation, embodiment, family, identity, belonging, gender, and friendship traverse across the chapters and inform the contributors' readings of various film, literature, television, and virtual media sources. Here, children and youth are heterogeneous, and agency as a central analytical concept is interrogated through interdisciplinary, intersectional, intergenerational, and posthuman analyses. The contributors argue that there is vast power in science fiction representations of children's agency to challenge accepted notions of neoliberal agency, enhance understandings of agency in childhood studies, and further contextualize agency in the lives, voices, and cultures of youth""--"
087,Classic horror :,"The nineteenth century was a time of social, cultural, and economic change; revolutionary scientific developments; and enduring imaginative works. This book explores the classic horror genre of Gothic literature in its historical and social contexts. It contains chapters on four major works of classic horror, with each chapter providing a mix of background information, primary source historical documents, and analysis that will appeal as much to high school and college students as to lovers of literature and the Victorian era."
087,The collapse :,"""In The Collapse historian Mary Elise Sarotte shows that the opening of the Berlin Wall on November 9, 1989, was not, as is commonly believed, the East German government's deliberate concession to outside influence. It was an accident. A carelessly worded memo written by mid-level bureaucrats, a bumbling press conference given by an inept member of the East German Politburo, the negligence of government leaders, the bravery of ordinary people in East and West Berlin--these combined to bring about the end of nearly forty years of oppression, fear, and enmity in divided Berlin. Drawing on evidence from archives in multiple countries and languages, along with dozens of interviews with key actors, The Collapse is the definitive account of the event that brought down the East German Politburo and came to represent the final collapse of the Cold War order""--"
087,"Colonialism, slavery, reparations and trade :",
087,Constructing adolescence in fantastic realism /,
087,Convention on the Elimination of All Forms of Discrimination Against Women :,
087,Coping with the past :,
087,Crime fiction since 1800 :,
087,Crime never pays :,
087,The death and life of Germany :,
087,Deutsche Sitten :,
087,Die Deutschen nach dem Krieg :,
087,The digital age detective :,"""Imagining the figure of the fictional detective as an archetype in the study of modern culture, the author argues that contemporary detective fiction can help us better comprehend fundamental shifts of the Digital Age. Drawing on concepts from literature and media studies, the author reveals clues about modern phenomena""--"
087,Disability in international human rights law /,
087,Drei Stunden Null :,
087,Early American detective stories :,"""This anthology offers an exemplary sample of hundreds of detective stories published in nineteenth century newspapers and magazines. All but two are stories published before Sherlock Holmes appeared in America. The stories are categorized according to motifs. Revealing cultural intricacies that other kinds of fiction cannot, the literature presented here provides insights into history of the detective story""--Provided by publisher."
087,"The Eastern Zone and Soviet policy in Germany, 1945-50 /",
087,Einstein's German world /,
087,"Electroanalysis in hygiene, environmental, clinical, and pharmaceutical chemistry :",
087,Electroanalytical methods in chemical and environmental analysis /,
087,Electrochemical stripping analysis /,
087,Electrophoretic techniques /,
087,Embodying gender and age in speculative fiction :,
087,Exile and patronage :,
087,Extreme Mittellage :,
087,Facts about Germany /,
087,Facts about Germany /,
087,Facts about Germany /,
087,Facts about Germany /,
087,Fairy tales and fables from Weimar days :,"This book is a collection of traditional German fairy tales and fables, deliberately transformed into utopian narratives and social commentary by political activists in the Weimar Republic (1919-1933). Against a backdrop of financial and political instability, widespread homelessness, and the reformation of public institutions, numerous gifted writers such as Berta Lask, Kurt Schwitters, Hermynia zur Mühlen, Oskar Maria Graf, Bruno Schönlank, and Joachim Ringelnatz responded to the need for hope among the common people by creating fairy tales and fables that offered a new and critical vision of social conditions. Though many of their tales deal with the grim situation of common people and their apparent helplessness, they are founded on the principle of hope. This revised edition includes over 50 illustrations by contemporary international artists who reveal how similar the Weimar conditions were to the conditions in which we presently live. In this respect, the Weimar fairy tales and fables have not lost their spirit and significance."
087,Fantasy fiction :,
087,Fantasy fiction :,
087,The female gothic :,"This rich and varied collection of essays makes a timely contribution to critical debates about the Female Gothic, a popular but contested area of literary studies. The contributors revisit key Gothic themes - gender, race, the body, monstrosity, metaphor, motherhood and nationality - to open up new critical directions."
087,Feminist dialogues on international law :,"In the past decade, a sense of feminist 'success' has developed within the United Nations and international law, recognized in the Security Council resolution 1325 on women, peace and security, the increased jurisprudence on gender based crimes in armed conflict from the ICTR/Y and the ICC, the creation of UN Women, and Security Council sanctions against perpetrators of sexual violence in armed conflict. Contributing to the development of feminist and gender scholarship on international law, Gina Heathcote provides a feminist analysis of the central pillars of international law, noting the advances and limitations of feminist approaches. Through incorporating into mainstream international legal studies specific critical and feminist narratives, this book considers the manner in which feminist thinking has changed international law, and the manner in which international law has remained impervious to key feminist dialogues. It argues for a return to structural bias feminism that engages the foundations of international law and uses gender as a method for challenging post-millennium narratives on fragmentation, the role of international institutions, the nature of legal authority, sovereignty, and the role of international legal experts."
087,Fictional languages in science fiction literature :,"""Fictional languages in Science Fiction Literature surveys a large number of fictional languages, those created as part of a literary world, to present a multifaceted account of the literary phenomenon of glossopoesis (language invention). Consisting of a few untranslated sentences, exotic names or even fully-fledged languages with detailed grammar and vocabulary, fictional languages have been a common element of English-language fiction since Thomas More's Utopia (1516). Different notions of the functions of such fictional languages in narrative have been proposed: as rooted in phonaesthetics and contextual features, or as being used for characterisation and construction of alterity. Framed within stylistics and informed by narrative theory, literary theory, literary pragmatics, and semiotics, this study combines previous typologies into a new 5-part reading model comprising unique analytical approaches tailored to science fiction's specific discourse and style, exploring the relationship between glossopoesis, world-building, storytelling, interpretation, and rhetoric, both in prose and paratexts""--"
087,Fighting the future war :,
087,Freundesland :,
087,Fundamentals of electrochemical analysis /,
087,Fundamentals of electrochemical analysis /,
087,Gender and representation in British 'golden age' crime fiction /,
087,"Gender, race, and American science fiction :","""This book focuses on the interplay of gender, race, and their representation in American science fiction, from the nineteenth-century through to the twenty-first, and across a number of forms including literature and film. Haslam explores the reasons why SF provides such a rich medium for both the preservation of and challenges to dominant mythologies of gender and race. Defining SF linguistically and culturally, the study argues that this mode is not only able to illuminate the cultural and social histories of gender and race, but so too can it intervene in those histories, and highlight the ruptures present within them. The volume moves between material history and the linguistic nature of SF fantasies, from the specifics of race and gender at different points in American history to larger analyses of the socio-cultural functions of such identity categories. SF has already become central to discussions of humanity in the global capitalist age, and is increasingly the focus of feminist and critical race studies; in combining these earlier approaches, this book goes further, to demonstrate why SF must become central to our discussions of identity writ large, of the possibilities and failings of the human -- past, present, and future. Focusing on the interplay of whiteness and its various 'others' in relation to competing gender constructs, chapters analyze works by Nathaniel Hawthorne, Mary E. Bradley Lane, Edgar Rice Burroughs, Philip Francis Nowlan, George S. Schuyler and the Wachowskis, Frank Herbert, William Gibson, and Octavia Butler. Academics and students interested in the study of Science Fiction, American literature and culture, and Whiteness Studies, as well as those engaged in critical gender and race studies will find this volume invaluable""--"
087,German autumn /,
087,The German comedy :,
087,The German pícaro and modernity :,
087,German reunification /,
087,German unification in the European context /,
087,Germany /,
087,Germany and the Germans /,
087,Germany reports /,
087,Germany since 1945 :,"Peter C. Caldwell and Karrin Hanshew's Germany Since 1945 traces the social, political and cultural history of Germany from the end of the Second World War right up to the present day. The book provides a narrative that not only explores the histories of East and West Germany in their international contexts, but one that also takes the significantly different world of the Berlin Republic seriously, analyzing it as a distinct and significant period of German history in its own right. Split into three parts roughly devoted to a quarter-century each, this book guides students through contemporary Germany from the catastrophe of war, genocide and the country's division to the very different challenges facing the reunified Germany of the 21st century. There are key primary source excerpts integrated throughout the text, as well as 32 images, numerous maps, charts and tables and a detailed bibliography to further aid study. The book is complemented by online resources which include sample syllabi and a pedagogical supplement."
087,Germany;,
087,Gesellschaftlicher Wandel in Deutschland :,
087,Ghost stories in late Renaissance France :,"Caught in the grip of savage religious war, fear of sorcery and the devil, and a deepening crisis of epistemological uncertainty, the intellectual climate of late Renaissance France (c. 1550-1610) was one of the most haunted in European history. Although existing studies of this climate have been attentive to the extensive body of writing on witchcraft and demons, they have had little to say of its ghosts. Combining techniques of literary criticism, intellectual history, and the history of the book, this study examines a large and hitherto unexplored corpus of ghost stories in late Renaissance French writing. These are shown to have arisen in a range of contexts far broader than was previously thought: whether in Protestant polemic against the doctrine of purgatory, humanist discussions of friendship, the growing ethnographic consciousness of New World ghost beliefs, or courtroom wrangles over haunted property. Chesters describes how, over the course of this period, we also begin to see emerge characteristics recognisable from modern ghost tales: the setting of the 'haunted house', the eroticised ghost, or the embodied revenant. Taking in prominent literary figures including Rabelais, Ronsard, Montaigne, d'Aubigne, as well as forgotten demonological tracts and sensationalist pamphlets, Ghost Stories in Late Renaissance France sheds new light on the beliefs, fears, and desires of a period on the threshold of modernity. It will be of interest to any scholar or student working in the field of early modern European history, literature or thought."
087,"The ghost story, 1840-1920 :","Examines the British ghost story within the political context of the 19th century, relating it to economic, national, colonial, and gendered contexts."
087,Gothic /,
087,Gothic & gender :,
087,Gothic death 1740-1914 :,"""Gothic death 1740-1914 explores the representations of death and dying in Gothic narratives published between the mid-eighteenth century and the beginning of the First World War. The book investigates how eighteenth century Graveyard Poetry and the tradition of the elegy produced a version of death that underpinned ideas about empathy and models of textual composition. Later accounts of melancholy, as in the work of Ann Radcliffe and Mary Shelley, emphasise the literary construction of death. The shift from writing death to interpreting the signs of death is explored in relation to the work of Poe, Emily Brontë and George Eliot. A chapter on Dickens examines the significance of graves and capital punishment during the period. A chapter on Haggard, Stoker and Wilde explores conjunctions between love and death and a final chapter on Machen and Stoker explores how scientific ideas of the period help to contextualise a specifically fin de siècle model of death. This book will be of interest to academics and students working on literature on the Gothic and more generally on the literary culture of the period.'--"
087,"Gothic fiction and the writing of trauma, 1914-1934 :","This book examines how the representation of the ghost-soldier in literature published between 1914-1934, both marks the presence of trauma and attempts to make sense of it. Andrew Smith examines short stories, novels, poems and memoirs that employ ghosts to reflect upon feelings of loss, paralleling the literary context with accounts of shell-shock which construe the damaged soldier as psychologically missing and therefore spectre-like. The author argues that literary and non-literary texts repeatedly deploy a form of the uncanny, familiar from a Gothic tradition, as a way of reflecting upon grief. In support of this claim, he draws on fiction by well-known authors such as M. R. James, E. F. Benson, Dorothy L. Sayers, and Dennis Wheatley, alongside largely forgotten contributions to The Strand and other periodical publications such as The Occult Review."
087,Gothic metamorphoses across the centuries :,"""This collection of essays brings together an international team of scholars with the aim to shed new light on various interconnected aspects of the Gothic through the lens of converging critical and methodological approaches. With its wide-ranging interdisciplinary perspective, the book explores the domains of literary, pictorial, filmic, televisual and popular cultural texts in English from the eighteenth century to the present day. Within these pages, the Gothic is discussed as a dynamic form that exceeds the concept of literary genre, proving able to renovate and adapt through constant processes of hybridisation. Investigating the hypothesis that the Gothic returns in times of cultural crisis, this study maps out transgressive and experimental modes conducive to alternative experiences of the intricacies of the human (and post-human) condition""--"
087,Guide to international anti-dumping practice /,
087,Hard-boiled sentimentality :,
087,Historical dictionary of westerns in literature /,
087,A history of American crime fiction /,"""A History of American Crime Fiction places crime fiction within a context of aesthetic practices and experiments, intellectual concerns, and historical debates generally reserved for canonical literary history. Toward that end, the book is divided into sections that reflect the periods that commonly organize American literary history, with chapters highlighting crime fiction's reciprocal relationships with early American literature, romanticism, realism, modernism and postmodernism. It surveys everything from 17th-century execution sermons, the detective fiction of Harriet Spofford and T. S. Eliot's The Waste Land, to the films of David Lynch, HBO's The Sopranos, and the podcast Serial, while engaging a wide variety of critical methods. As a result, this book expands crime fiction's significance beyond the boundaries of popular genres and explores the symbiosis between crime fiction and canonical literature that sustains and energizes both""--"
087,"A history of Germany, 1918-2008 :",
087,"A history of Germany, 1918-2014 :","""The fourth edition of A History of Germany, 1918-2014: A Divided Nation introduces students to the key themes of 20th century German history, tracing the dramatic social, cultural, and political tensions in Germany since 1918. Now thoroughly updated, the text includes new coverage of the Euro crisis and a review of Angela Merkel's Chancellorship. New edition of a well-known, classic survey by a leading scholar in the field, thoroughly updated for a new generation of readers. Provides an overview of the turbulent history of Germany from the end of the First World War through the Third Reich and beyond, examining the character and consequences of war and genocide. Treats German history from 1918 to 2014 from the perspectives of instability, division and reunification, covering East and West German history in equal depth. Offers important reflections on Angela Merkel's Chancellorship as it extends into a new term. Concise, substantive coverage of this period make it an ideal resource for undergraduate students""--"
087,"A history of modern Germany, 1800 to the present /",
087,A history of the modern British ghost story /,
087,A history of twentieth-century Germany /,"""Germany in the 20th century endured two world wars, a failed democracy, Hitler's dictatorship, the Holocaust, and a country divided for 40 years after World War II. But it has also boasted a strong welfare state, affluence, liberalization and globalization, a successful democracy, and the longest period of peace in European history. A History of Twentieth-Century Germany provides a survey of German history during a century of extremes. Ulrich Herbert sees German history in the 20th century as determined by two contradictory perspectives. On one hand, there are the world wars and great catastrophes that divide the country's history into two parts-before and after 1945. Germany is the birthplace of radical ideologies of the left and right and the only country in which each ideology became the foundation of government. This pattern left its stamp on both the first and second halves of the century. On the other hand, the rise of modern industrial society led to decades of conflict over the social and political order regardless of which political system was in force. Considering these contradictory developments, Herbert tackles the questions of both the collapse in the first half of the century and the development from a post-fascist, ruined society to one of the most stable liberal democracies in the world in the latter half. Herbert's analysis brings together wars and terror, utopia and politics, capitalism and the welfare state, socialism and liberal democratic society, gender and generations, culture and lifestyles, European integration and globalization.""--Provided by publisher."
087,Horror fiction :,
087,Identity through the other :,
087,Im Abseits der Städte :,
087,International commercial agreements and electronic commerce /,"International Commercial Agreements and Electronic Commerce provides guidance on drafting and negotiating international business contracts and resolving contractual disputes, including contracts formed by electronic commerce. Although negotiation still lies at the heart of international commercial agreements, much of the drafting and other details have migrated to the Internet where most of the work is done electronically. This incomparable one-volume work now in its sixth edition with its deeply informed emphasis on both the face-to-face and electronic components of setting up, negotiating, and implementing an international commercial agreement stands alone among contract drafting guides and proves its enduring worth."
087,International sales law :,
087,International trade law /,
087,International trade law /,
087,The inward journey /,
087,Isotachophoresis :,
087,Japanese and American horror :,"""Horror fiction is an important part of the popular culture in many modern societies. This book compares and contrasts horror narratives from two distinct cultures--American and Japanese shedding light on the differences and similarities in the depiction of fear and horror in America and Japan, while emphasizing narrative patterns in the context of their respective cultures""--"
087,Kleine Geschichte Deutschlands seit 1945 /,
087,Latin American science fiction :,
087,The law and policy of the World Trade Organization :,
087,Literary ghosts from the Victorians to Modernism :,"This book resituates the ghost story as a matter of literary hospitality and as part of a vital prehistory of modernism, seeing it not as a quaint neo-gothic ornament, but as a powerful literary response to the technological and psychological disturbances that marked the end of the Victorian era. Linking little-studied authors like M. R. James and May Sinclair to such canonical figures as Dickens, Henry James, Woolf, and Joyce, Thurston argues that the literary ghost should be seen as no mere relic of gothic style but as a portal of discovery, an opening onto the central modernist problem of how to write 'life itself'. Ghost stories should be seen as a distinctly neo-gothic genre, and as such are split between an ironic, often parodic reference to Gothic style and an evocation of 'life itself,' an implicit repudiation of all literary style. Reading the ghost story as both a guest and a host story, this book traces the ghost as a disruptive figure in the 'hospitable' space of narrative from Maturin, Poe and Dickens to the fin de siècle, and then on into the twentieth century. --"
087,Literature after postmodernism :,"""Postmodernism, deconstruction and subversion have been the buzzwords of the last few decades. But not any longer. Ever since the end of the millennium an increasingly perceptible desire to turn towards other concerns can be noted. Only, what comes after postmodernism? Where are we going now? Irmtraud Huber suggests some answers to these questions, focusing on novels by Michael Chabon, Mark Z. Danielewski, Jonathan Safran Foer and David Mitchell and highlighting the ways in which they go beyond postmodernism and turn from deconstruction to reconstruction. Approaching the question from an unusual direction by exploring the novelists' particular use of the fantastic mode, this book offers both further insights into the present aesthetic shift and a new perspective on the literary fantastic""--"
087,The Longman anthology of detective fiction /,
087,"Love, mystery, and misery :",
087,Mammalian cell culture :,
087,"Masculinities in British adventure fiction, 1880-1915 /","""Making use of recent masculinity theories, Joseph A. Kestner sheds new light on Victorian and Edwardian adventure fiction. Beginning with works published in the 1880s, when writers like H. Rider Haggard took inspiration from the First Boer War and the Zulu War, Kestner engages tales involving initiation and rites of passage, experiences with the non-Western Other, colonial contexts, and sexual encounters. Canonical authors such as R.L. Stevenson, Rudyard Kipling, Joseph Conrad, and Olive Schreiner are examined alongside popular writers like A.E.W. Mason, W.H. Hudson, and John Buchan, providing an expansive picture of the crisis of masculinity that pervades adventure texts during the period."" --Book Jacket."
087,May the Armed Forces be with you :,"""Science fiction and the U.S. military often inhabit the same imaginative space. Some science fiction creators willingly cooperated with the military; others were conscripted. Some have used the genre as a forum for protest. This book examines the relationship between the U.S. military and science fiction through more than 80 years of novels, comics, films and television series""--"
087,Mediterranean crime fiction :,"""Barbara Pezzotti offers new ways of reading established crime novelists, such as Andrea Camilleri, Jean-Claude Izzo and Manuel Vázquez Montalbán, and less well-known writers, such as Yasmina Khadra and Batya Gur. By exploring the transcultural nature of Mediterranean crime fiction, this study advocates for a regional 'reading' of the genre""--"
087,Meet Germany /,
087,Mexican picaresque narratives :,
087,Mobilizing metaphor :,"""Mobilizing Metaphor illustrates how artistic and radical efforts are reshaping disability activism in Canada and, in the process, challenging dominant perceptions of disability. Recent changes to Canadian disability policy have seen disability programs hampered by funding cuts and other austerity measures. But this oppression has also given new life to an already vibrant Canadian tradition of disability activism. Until now, research has focused on the legal and policy spheres and overlooked disability activism that expresses itself alongside and outside conventional policy reform, often through a variety of art forms. Here, contributions by disability artists, activists, and academics show how disability art is distinctive as both art and social action. Richly illustrated with photographs and other images, and including an insightful concluding chapter by renowned disability scholar Tanya Titchkoksy, this array of artistic, cultural, and radical approaches to disability politics demonstrates that disability activism is as varied as the populations it represents. As the contributors sketch the shifting contours of disability politics in Canada and show how disability oppression is not isolated from other prejudices, they challenge us to re-examine how we enact social and political change.""--"
087,Modern Germany in transatlantic perspective /,"""Bringing together incisive contributions from an international group of colleagues and former students, Modern Germany in Transatlantic Perspective takes stock of the field of German history as exemplified by the extraordinary scholarly career of Konrad H. Jarausch. Through fascinating reflections on the discipline's theoretical, professional, and methodological dimensions, it explores Jarausch's monumental work as a teacher and a builder of scholarly institutions. In this way, it provides not merely a look back at the last fifty years of German history, but a path forward as new ideas and methods infuse the study of Germany's past.""--Provided by publisher."
087,The muted revolution :,
087,The myth of Persephone in girls' fantasy literature /,
087,Narrative and fantasy in the post-war German novel :,"Narrative and Fantasy in the Post-War German Novel, a study of novels by Uwe Johnson, Max Frisch, Christa Wolf, Jurek Becker, and Gunter Grass, investigates the fictions and fantasies invented by five narrators, examining the purpose which the fictions serve within each text and the means by which each author deliberately draws attention to them. All five authors are shown to be concerned with the kinds of stories which ordinary people tell about themselves and their past lives. While some of the texts demonstrate the positive power of imagination, others point to the dangers of fiction: its tendency to falsify reality and to encourage escapist and violent fantasies. This is the first major study of this distinctive trend in post-war German fiction."
087,A nation fermented :,"""How did beer become one of the central commodities associated with the German nation? How did a little-known provincial production standard - the Reinheitsgebot, or Beer Purity Law - become a pillar of national consumer sentiments? How did the jovial, beer-drinking German become a fixture in the global imagination? While the connection between beer and Germany seems self-evident, A Nation Fermented reveals how it was produced through a strange brew of regional commercial and political pressures. Spanning from the late nineteenth century to the last decades of the twentieth, A Nation Fermented argues that the economic, regulatory, and cultural weight of Bavaria shaped the German nation in profound ways. Drawing on sources from over a dozen archives and repositories, Terrell weaves together subjects ranging from tax law to advertising, public health to European integration, and agriculture to global stereotypes. Offering a history of the Germany that Bavaria made over the twentieth century, A Nation Fermented both eschews sharp temporal divisions and forgoes conventional narratives centered on Prussia, Berlin, or the Rhineland. In so doing, Terrell offers a fresh take on the importance of provincial influences and the role of commodities and commerce in shaping the nation""--"
087,A new companion to the gothic /,
087,A new companion to the gothic /,
087,The new woman Gothic :,
087,"NMR, NQR, EPR, and Mossbauer spectroscopy in inorganic chemistry /",
087,Olympians /,
087,The Oxford handbook of international trade law /,"""This Handbook places international trade law within its broader context, providing comment and critique on contemporary thinking on a range of questions about the discipline of international trade law and its intersection with States and other aspects of the international system.""--BOOK JACKET."
087,The path to the Berlin Wall :,
087,The Penguin book of ghost stories :,
087,The politics of international economic law /,
087,Popular fiction and brain science in the late nineteenth century /,"""In the 1860s and 1870s, leading neurologists used animal experimentation to establish that discrete sections of the brain regulate specific mental and physical functions. These discoveries had immediate medical benefits: David Ferrier's detailed cortical maps, for example, saved lives by helping surgeons locate brain tumors and haemorrhages without first opening up the skull. These experiments both incited controversy and stimulated creative thought, because they challenged the possibility of an extra-corporeal soul. This book examines the cultural impact of neurological experiments on late Victorian Gothic romances by Robert Louis Stevenson, Bram Stoker, H. G. Wells and others. Novels like Dracula and Jekyll and Hyde expressed the deep-seated fears and visionary possibilities suggested by cerebral localization research and offered a corrective to the linearity and objectivity of late Victorian neurology""--"
087,Post-9/11 espionage fiction in the US and Pakistan :,
087,Power in the international investment framework /,"""This book offers a unique analysis of bilateral investment treaties (BITs). By developing a new, power-focused paradigm for understanding the international investment framework, the author illustrates why there was no paradoxical behaviour when developing countries agreed to the BIT regime, and what has spurred their reaction against it now. She also examines how attempts to regulate investment at a multilateral level have failed, and why the rules of the framework are evolving. Inspired by the work of Susan Strange, Gwynn fills a significant lacuna in our understanding of these issues by demonstrating how power determines the actions of all those involved. This holistic reinterpretation of international investment focuses in particular on Latin America, but has wider implications for the negotiation of new treaties, including such controversial provisions as the Transatlantic Trade and Investment Partnership""--Back cover."
087,Preludes to life;,
087,The prospects of international trade regulation :,"""For a long time, the GATT led a life of its own as a self-contained regime. The evolution from tariff to non-tariff barriers brought about increasing overlaps with other regulatory areas. WTO rules increasingly interface with other areas of law and policy, including environmental protection, agricultural policies, labour standards, investment, human rights and regional integration. Against this backdrop, this book examines fragmentation in international trade regulation across a wide array of regulatory fields. To this end, it uses a conceptually coherent theoretical framework which is based on the effort to bring about greater coherence among different policy goals and fields, and thus to embed the multilateral trading system within the broader framework of international economics, law and relations. It will appeal to those interested in a forward-looking discussion of the most pressing issues of the international trade agenda""--"
087,Radical justice :,
087,"Reading groups, libraries and social inclusion :",
087,The regulation of international trade /,
087,Religion in science fiction :,"""This book teaches you not only about the important role writers of science fiction play in leading us to novel insights into religion, but also about the relationship between scientific and religious approaches to the world-and especially the usefulness of cognitive science in explaining the life of the imagination. -- E. Thomas Lawson, Editor, Journal of Cognition and Culture A delightful read that fills a much needed gap in the study of religion's occasionally ambiguous relationship with science fiction. Hrotic takes us on a lovely ride through a wide variety of imagined futures. Highly recommended. -- Douglas E. Cowan, Professor of Religious Studies and Social Development Studies, Renison University College at University of Waterloo, Canada I started reading Religion in Science Fiction with the intention to review it -- and ended up just devouring the book. Hrotic's study is a learned, intelligent, often original, and highly readable contribution to research; in short: unputdownable. -- Susanne Bach, Department for English and American Studies, University Kassel, Germany Religion is a major preoccupation of science fiction, though this has not always been acknowledged. Steve Hrotic has constructed a persuasive narrative about the different ways in which genre SF writers have approached religion, considered primarily as a special type of social system. -- Rowland Wymer, Professor of English, Anglia Ruskin University, Cambridge, UK""--Bloomsbury Publishing."
087,The rhetoric of (re)unification :,
087,Romantic gothic :,"""Traces the Gothic impulses in proto-Romantic and Romantic British, American and European culture, 1740-1830""--Back cover."
087,Rules of national arbitral institutions /,
087,Science and technology in international economic law :,"""This book brings together renowned contributors to explore the status and interaction of, and between science, technology and international economic law. The book reviews the place of science and technology in the development of international economic law with a view to seeking a proper balance between promoting trade and investment liberalization and ensuring decisions are based on a sound scientific process and without hampering technological development. The book features chapters from a range of experts including Tomer Broude, Lukasz Gruszczynski, Jürgen Kurtz, Andrew Mitchell. Part 1 focuses on the science of health risks associated with trade in goods, while Part 2 considers the role of technology in the international trade of services, Part 3 covers issues of science and technology that cut across both the trade and investment regimes and Part 4 discusses scientific and technological aspects of trade-related intellectual property issues. In bringing together the issues of science and technology, international trade law, investment law and intellectual property the book addresses the question of whether and how the trade and investment regimes utilise science and technology, and whether it does so fairly and in the interest of global justice""--"
087,Science fiction :,
087,The science fiction handbook /,
087,The science fiction handbook /,
087,The science fiction mythmakers :,"""This book considers the significance of this confluence through an examination of myths in the writings of H. G. Wells, Arthur C. Clarke, Philip K. Dick and Frank Herbert. Presenting fresh insights into their works, the author brings to light the tendency of science fiction narratives to reaffirm spiritual myths""--"
087,Science fiction rebels :,"Mike Ashley's acclaimed history of science-fiction magazines comes to the 1980s with Science-Fiction Rebels: The Story of the Science Fiction Magazines from 1981 to 1990. This volume charts a significant revolution throughout science fiction, much of which was driven by the alternative press, and by new editors at the leading magazines. The period saw the emergence of the cyberpunk movement, and the drive for, what David Hartwell called, 'The Hard SF Renaissance', which was driven from within Britain. Ashley plots the rise of many new authors in both strands: William Gibson, John Shirley, Bruce Sterling, John Kessel, Pat Cadigan, Rudy Rucker in cyberpunk, and Stephen Baxter, Alistair Reynolds, Peter Hamilton, Neal Asher, Robert Reed, in hard sf. He also shows how the alternative magazines looked to support each other through alliances, which allowed them to share and develop ideas as science-fiction evolved."
087,Scottish Gothic :,
087,Scottish Gothic :,
087,Scraps of the untainted sky :,
125,東大助手物語 /,「きみのあの態度は何だ!」15年間の大学生活、ウィーンへの私費留学…。出口のない生活から私を救い、東大助手に採用してくれた教授の一言から「いじめ」は始まった。「髭を剃ったらどうか?」私を助教授にするため、あれこれ画策してくれる「恩人」から数カ月に及ぶ罵声と執拗な攻撃を受けながら、大学とは、学界とはなんたるかを知るまでを描く壮絶な「アカデミズムの最底辺」体験記。
125,An A-Z of creative teaching in higher education /,"""This is a rich source of innovative approaches to learning and teaching in HE. It addresses some common issues faced by lecturers, and includes case studies and practical suggestions for teaching. The text takes a critical approach to exploring themes from different perspectives and highlights important and recent theory in the field. Chapters cover themes such as creating enabling learning environments, supporting students to learn constructively in large groups, working with international learners, embedding employability skills and developing self-directed (or 'flipped') learning resources. Each section has practical examples from a range of subject disciplines along with links to further reading. This is an essential guide to teaching and learning for new and experienced practitioners in higher education, those seeking professional accreditation and those wanting to improve the experience of students.""--Publisher's website."
125,Academic practice :,
125,Academic working lives :,"Academic Working Lives examines the ways in which lecturers and their roles have developed in the modern academic workplace. The book offers insights into changing occupational roles, institutions and the adaptations around flexible and mobile working in everyday professional life. The editors have drawn together an impressive range of research perspectives and themed topics that cover the key aspects of academic professional identity and relationships, as well as reflecting experiences of learning and development at work in today's academy. The contributors explore lecturers' everyday working experiences in the light of the impact of policy changes, and the modes of academic leadership and management in contemporary higher education. Contributions reflect situations and contexts from across the UK and internationally, in taking account of the changing workforce, evolving pedagogies and new technologies in the working lives of today's educational professionals."
125,Action research in higher education :,
125,Authenticity in and through teaching in higher education :,"""What does it mean to be authentic? Why should it matter whether or not we become more authentic? How might authenticity inform and enhance the social practice of the scholarship of university teaching and, by implication, the learning and development of students? Authenticity in and through Teaching introduces three distinct perspectives on authenticity, the existential, the critical and the communitarian, and shows what moving towards greater authenticity involves for teachers and students when viewed from each of these angles. In developing the notion of 'the scholarship of teaching as an authentic practice', this book draws on several complementary ideas from social philosophy to explore the nature of this practice and the conditions under which it might qualify as 'authentic'. Other concepts guiding the analysis include 'virtue', 'being', 'communicative action', 'power', 'critical reflection' and 'transformation'. Authenticity in and through Teaching also introduces a vision of the scholarship of teaching whose ultimate aim it is to serve the important interests of students. These important interests, it is argued, are the students' own striving and development towards greater authenticity. Both teachers and students are thus implicated in a process of transformative learning, including objective and subjective reframing, redefinition and reconstruction, through critical reflection and critical self-reflection on assumptions. It is argued that, in important ways, this transformative process is intimately bound up with becoming more authentic""--"
125,Becoming a critically reflective teacher /,
125,Blended learning & flipped classrooms :,"Flipped classrooms combined with blended learning strategies and technique allow faculty to combine their own creativity with technological tools that can make all of their wishes for students to take more responsibility for their learning, participate in discussions, and complete their assignments on time come true"
125,The breakfast book /,
125,Die Busstation /,
125,Car crash culture /,
125,Case studies on teaching in higher education /,
125,The Changing experience of employment :,
125,The Chicago handbook for teachers :,
125,The Chinese secret service /,
125,Classroom assessment techniques :,
125,Classroom assessment techniques :,"""Classroom assessment is something all teachers do as part of their responsibility for enhancing student learning and motivation, documenting student performance, and reporting results for accountability purposes. Assessment is a constant cycle of improvement. The goal of assessment, whether for an academic department or a program, is to provide: (a) a clear conceptualization of intended student learning outcomes, (b) a description of how these outcomes are assessed and measured, (c) a description of the results obtained from these measures, and (d) a description of how these results validate current practices or point to changes needed to improve student learning""--"
125,Classroom in conflict :,
125,Classroom research :,
125,College teaching :,
125,College teaching and learning for change :,"Students and faculty come together in this powerful collection to discuss experiences and teaching practices that can change students’ lives. Organized into four parts, these first-person accounts explore the many challenges facing college students, offering advice on how to best serve low-income, first-generation, underrepresented student populations; how to foster political engagement; and how to help students take charge of their lives and education. The stories in College Teaching and Learning for Change provide higher education faculty and student affairs practitioners with an increased understanding of the wide variety of student experiences, and together they constitute a platform for encouraging student success."
125,College teaching and the development of reasoning /,
125,College teaching at its best :,"""This book is a practical guide for professors who are interested in being more effective teachers""--"
125,Computer technology and employment :,
125,Contemplative practices in higher education :,
125,Contested tastes :,
125,The Continuum guide to successful teaching in higher education /,
125,The craft of college teaching :,"""Robert DiYanni and Anton Borst's Classroom Confidential provides a clear, compact guide to the basics of college teaching. Grounded in the authors' classroom experience, their pedagogical coaching at NYU's Center for the Advancement of Teaching, and their examination of the latest learning science research, it explains how to teach in the college classroom from a learner's perspective-what methods, principles, and activities achieve the best learning outcomes. Chapters address major topics from course and syllabus design to discussion-based teaching, critical reading, and assessment, while brief ""interludes"" cover various pedagogical elements and applications-including what to do on the first and last days of class and how to incorporate service and experiential learning into curricula. Throughout, the authors provide practical suggestions and strategies, while explaining the underlying pedagogical principles. They also address recent topics that promise to remain fixtures of the educational landscape, such as teaching with technology and teaching in a global context. They steer a middle course on technology, suggesting ways to maximize its benefits while minimizing its distractions. The book coheres around a philosophy of active learning and student engagement. DiYanni and Borst argue that teaching practices should challenge students to think and learn, requiring them to do things with newly acquired knowledge-create models, conduct experiments, debate issues, and more. The authors enlist reliable scholarly research to demonstrate that active learning, of the kind they advocate, achieves results: students learn more and better, and their learning is deeper and longer lasting. The authors' pedagogy echoes their epistemology, as they demonstrate how learning and teaching are inextricably intertwined, organic rather than mechanical activities""--"
125,Creating learning communities :,
125,Creating significant learning experiences :,"""In this thoroughly updated edition of L. Dee Fink's bestselling classic, he discusses new research on how people learn, active learning, and the effectiveness of his popular model adds more examples from online teaching; and further focuses on the impact of student engagement on student learning. The book explores the changes in higher education nationally and internationally since the publication of the previous edition, includes additional procedures for integrating one's course, and adds strategies for dealing with student resistance to innovative teaching. This edition continues to provide conceptual and procedural tools that are invaluable for all teachers when designing instruction. It shows how to use a taxonomy of significant learning and systematically combine the best research-based practices for learning-centered teaching with a teaching strategy in a way that results in powerful learning experiences for students. Acquiring a deeper understanding of the design process will empower teachers to creatively design courses that will result in significant learning for students""--"
125,Culturally responsive teaching and reflection in higher education :,"Culturally Responsive Teaching and Reflection in Higher Education explores how postsecondary educators can develop their own cultural awareness and provide inclusive learning environments for all students. Discussing best practices from the Cultural Literacy Curriculum Institute at Lesley University, faculty and administrators who are committed to culturally responsive teaching reflect on how to create an inclusive environment and how educators can cultivate the skills, attitudes, and knowledge necessary for implementing culturally responsive curriculum and pedagogy. Rather than a list of ""right answers,"" essays in this important resource integrate discussion and individual reflection to support educators to enhance skills for responding effectively to racial, cultural, and social difference in their personal and professional contexts. This book is as an excellent starting point or further enrichment resource to accompany program or institutional diversity and inclusion efforts."
125,Data mining techniques :,
125,Deconstructing the Talmud :,
125,Delete :,
125,Developing learner-centered teaching :,
125,Developing teaching and learning in higher education /,
125,Developing your teaching :,"Packed with advice, vignettes and case studies, as well as useful tips and checklists for improving teaching, the second edition of Developing Your Teaching is the ideal toolkit to support the development of teaching practice. Providing a blend of ideas, interactive review points and case study examples from university teachers, this accessible handbook for professional practice provides ideas on a range of topics including: learning from student feedback and peer review students as consumers and their expectations building effective partnerships with students and colleagues developing a teaching portfolio choosing effective teaching practices the challenges and benefits of securing an initial teacher qualification A must-read for all those new to teaching in higher education, as well as more experienced lecturers looking to refresh and advance the quality of their teaching, this fully updated new edition is the ideal toolkit to support the development of teaching practice."
125,"Didactics, learning and leadership in higher education :","Didactics, Learning and Leadership in Higher Education presents a new model for understanding development strategies for learning and leadership. It describes a shift in perspectives on teaching practices and develops concepts which facilitate a new discourse, placing learning and teaching strategies on the agenda and ensuring the development of good leadership practices inherent to teaching."
125,Discussion in the college classroom :,"Keep students engaged and actively learning with focused, relevant discussion Second only to lecture as the most widely used instructional strategy, there's no better method than classroom discussion to actively engage students with course material. Most faculty are not aware that there is an extensive body of research on the topic from which instructors can learn to facilitate exceptional classroom discussion. Discussion in the College Classroom is a practical guide which utilizes that research, frames it sociologically, and offers advice, along with a wide variety of strategies, to help you spark a relevant conversation and steer it toward specific learning goals. Applicable across a spectrum of academic disciplines both online and on campus, these ideas will help you overcome the practical challenges and norms that can undermine discussion, and foster a new atmosphere of collaborative learning and critical thinking. Higher education faculty are increasingly expected to be more intentional and reflective in their pedagogical practice, and this guide shows you how to meet those expectations, improve student outcomes, and tackle the perennial problem of lagging engagement."
125,Driving with care :,
125,Educating for creativity within higher education :,"This book provides innovative insights into how creativity can be taught within higher education. Preparing students for employment in a dynamic set of global creative industries requires those students to not only be resilient and entrepreneurial, but also to be locally focused while being globally aware. Therefore it is imperative that they acquire a thorough understanding of creative processes and practice as they try to keep pace with worldwide digital trends. As the creation of media messages is a fundamental aspect of global creative industries, and that numerous concerns practitioners face are based upon a certain understanding of creativity, the authors propose an exploration of what creativity is in terms of research, and then apply it pedagogically. Drawing on extensive empirical research, the authors pose the thought-provoking question of whether creativity can be taught. This volume will be of interest to both students and scholars of creativity and higher education as well as to creatively-based practitioners more widely--back cover."
125,Education is not an app :,"Whilst much has been written about the doors that technology can open for students, less has been said about its impact on teachers and professors. Although technology undoubtedly brings with it huge opportunities within higher education, there is also the fear that it will have a negative effect both on faculty and on teaching standards. Education Is Not an App offers a bold and provocative analysis of the economic context within which educational technology is being implemented, not least the financial problems currently facing higher education institutions around the world. The book emphasizes the issue of control as being a key factor in whether educational technology is used for good purposes or bad purposes, arguing that technology has great potential if placed in caring hands. Whilst it is a guide to the newest developments in education technology, it is also a book for those faculty, technology professionals, and higher education policy-makers who want to understand the economic and pedagogical impact of technology on professors and students. It advocates a path into the future based on faculty autonomy, shared governance, and concentration on the university's traditional role of promoting the common good. Offering the first critical, in-depth assessment of the political economy of education technology, this book will serve as an invaluable guide to concerned faculty, as well as to anyone with an interest in the future of higher education."
125,Employers' labour use strategies :,
125,The Employment consequences of technological change /,
125,Employment growth and structural change.,
125,The employment question & other essays /,
125,Employment relations in the Asia-Pacific region :,
125,"Employment, unemployment, and labor utilization /",
125,"Employment, wages, and income distribution :",
125,Enhancing teaching and learning through assessment /,
125,Enhancing teaching and learning through assessment /,
125,Enhancing teaching practice in higher education /,
125,Essentials of online course design :,
125,Essentials of online course design :,
125,The ethics of teaching /,"Written in a style that speaks directly to today’s teacher, The Ethics of Teaching, Fifth Edition uses realistic case studies of day-to-day ethical dilemmas. The book covers such topics as: punishment and due process • intellectual freedom • equal treatment of students • multiculturalism • religious differences • democracy • teacher burnout • professional conduct • parental rights • child abuse/neglect • sexual harassment."
125,Evaluating teaching and learning :,
125,An evidence-based guide to college and university teaching :,
125,Evidence-based teaching for higher education /,
125,Excellent teaching in a changing academy :,
125,Excellent university teaching /,
125,A feast for the eyes :,
125,"Finger prints, secret service, crime detection /",
125,First day to final grade :,
125,The flipped classroom :,"Teaching and learning within higher education continues to evolve with innovative and new practices such as flipped teaching. This book contributes to the literature by developing a much deeper understanding of the complex phenomenon of flipped classroom approaches within higher education. It also serves as a practical guide to implementing flipped classroom teaching in academic practice across different higher educational institutions and disciplines. Part 1 of this book (Practice) describes the considerations involved in flipped classroom teaching, including the challenges faced in transforming teaching and learning within higher education. Further, it reviews the educational concepts on which the flipped classroom is based, including a selected history of similar innovations in the past. The final sections of Part 1 explore the tools needed for flipping, the design steps, assessment methods and the role of reflective practice within flipped teaching environments. Part 2 of the book (Practices) provides a range of case studies from higher educational institutions in different countries and disciplines to demonstrate the many shapes and sizes of flipped classrooms. Many of the challenges, such as engaging students in their own learning and shifting them from spectators in the learning process to active participants, prove to be universal. ."
125,Flipping the college classroom :,
125,For the love of learning :,
125,Forgetfulness :,"Forgetfulness is a book about modern culture and its profound rejection of the past. It traces the emergence in recent history of the idea that what is important in human life and work is what will happen in the future. Francis O'Gorman shows how forgetting has been embraced as a requirement for modern existence and how our education, as well as life with fast-moving technology, further disconnects us from our pasts. But he also examines the cultural narratives that urge us to resist our collective amnesia. O'Gorman argues that such narratives, in rich but oblique ways, indicate our guilt about modernity's great unmooring from history."
125,Fostering self-efficacy in higher education students /,
125,Future employment and technological change /,
125,Global perspectives on teaching excellence :,"Teaching excellence in higher education needs to be promoted and celebrated. However, a universal definition of excellent teaching remains elusive, and robust evidence about how it affects student learning appears to be lacking. This timely book explores the notion of teaching excellence from the viewpoint of a variety of international authors; guiding the reader to understand the complex terrain in which teaching excellence is foregrounded, and highlighting a number of key issues facing the future of global higher education."
125,Growth and employment in Europe /,
125,A handbook for teachers in universities & colleges :,
125,A handbook for teachers in universities & colleges :,
125,A handbook for teachers in universities & colleges :,
125,A handbook for teachers in universities and colleges :,
125,A handbook for teaching and learning in higher education :,
125,Handbook of college teaching :,
125,Higher education learning outcomes assessment :,"""This book provides higher education teachers, leaders and policymakers with insights from research on assessing students' learning outcomes. The book is founded in research, shaped by policy, and designed to be of enduring relevance to practice. Framed by a cycle of continuous quality improvement, it begins by discussing policy contexts and research concepts. Experts discuss institutional, disciplinary, national and international case studies. Perspectives are advanced for reviewing the relevance and feasibility of assessment initiatives. The book explores what stakeholders have done to convert work on learning outcomes into improvements in education""--"
125,Hong Kong 2003 /,
125,"Hong Kong, Macau & Guangzhou.",
125,Hong Kong: the industrial colony :,
125,How do you hug a cactus? :,"""Have you ever wondered what's going on in your teenager's mind? This engaging book will give you the tools to understand just that to ultimately help you keep the close connection you both need during these tricky years. Following on from her acclaimed book for parents of younger children, Sheila Redfern brings the reflective parenting model to parents of teenagers. Teenagers can be experienced as prickly and hard to get close to - like a cactus - but Dr. Redfern shows us how this stage of your child's life can be more enjoyable and connected than you'd imagined. Rather than focusing on their behaviours, this book emphasizes how we can teach teenagers to manage their feelings and relationships in safe ways. It advocates theories underpinning reflective parenting - mentalizing, attachment, and neuroscience - as essential for building resilience and security in young people, which is crucial through the storm and stress of adolescence. Chapters are filled with everyday, relatable scenarios and practical advice on pressing issues such as self-harm, social media and gaming, risk, and ASD. There is also a chapter devoted to adoptive parents and foster carers. This practical guide aims to help readers become more reflective and available as parents and understand what might be in their teenager's head. It also serves as an essential resource for clinicians working with families""--"
125,How humans learn :,"Even on good days, teaching is a challenging profession. One way to make the job of college instructors easier, however, is to know more about the ways students learn. How Humans Learn aims to do just that by peering behind the curtain and surveying research in fields as diverse as developmental psychology, anthropology, and cognitive neuroscience for insight into the science behind learning.The result is a story that ranges from investigations of the evolutionary record to studies of infants discovering the world for the first time, and from a look into how our brains respond to fear to a reckoning with the importance of gestures and language. Joshua R. Eyler identifies five broad themes running through recent scientific inquiry—curiosity, sociality, emotion, authenticity, and failure—devoting a chapter to each and providing practical takeaways for busy teachers. He also interviews and observes college instructors across the country, placing theoretical insight in dialogue with classroom experience."
125,How to mentor anyone in academia /,"""A practical guide to the art of mentorship in higher education. Mentoring is integral to how academics are formed and what trajectories their careers will take. Yet until recently, no one was trained to do it, and many academics have ingrained assumptions about mentorship that no longer fit the lives, needs, and aspirations of mentees. How to Mentor Anyone in Academia shares proven techniques for the professional development of junior faculty, postdocs, and graduate students in today's rapidly changing academic landscape. Drawing on her experience as a professional coach who has worked closely with hundreds of students and faculty across the humanities, sciences, and social sciences, Maria LaMonaca Wisdom coaches readers in how to create their own signature approach to mentoring. She highlights the importance of honoring the unique backgrounds, values, and goals of mentees, and of self-knowledge and self-reflection for mentors. Through a series of ""coaching moments,"" Wisdom enables readers to reflect on a range of relevant topics, including empathy and active listening, clarifying expectations, balancing firmness with heart, being attentive to power dynamics, time management and setting goals, mentoring for careers beyond the academy, and self-care for both mentors and mentees. Incisive and accessible, How to Mentor Anyone in Academia offers strategies and tools supported by the latest data on effective mentorship, helping mentors and mentees build dynamic relationships, identify what's working and what's not, and map out strategies for continued growth""--"
125,The impact of problem based learning upon beginning teachers' self directed learning orientation /,
125,Improving college teaching :,
125,Improving college teaching :,
125,"Improving university teaching : Twentieth International Conference, presented under the auspices of City University of Hong Kong* and University of Maryland University College, Hong Kong, 10-13 July 1995.",
125,Innovative pedagogical practices for higher education 4.0 :,"""This book presents all the practices and challenges for innovative pedagogies in the era of Education 4.0, and shows how innovative and creative pedagogies and digitalization can mitigate those challenges. It covers all aspects of innovative pedagogies as per the demand of IR 4.0 to fulfill the essential needs of the modern classroom. This book fills the demand for solutions that address the challenges of Education 4.0 and shows how those challenges can be mitigated through innovative pedagogies in terms of students learning in higher education institutions. It is helpful to practicing academicians and specialists, as well as academic institutions, and policymakers""--"
125,Innovative teaching and learning,"The Innovative Teaching and Learning (ITL) is a scholarly journal founded by the BNU-HKBU United International College. This journal aims to promote college teaching and learning through empirical and review studies, as well as teaching practices."
125,Innovative teaching and learning in higher education /,"This latest volume in the Learning in Higher Education series, Innovative Teaching and Learning in Higher Education, brings together examples of teaching and learning innovations, within the domain of higher education. The anthology is diverse in nature and showcases concrete examples of innovative teaching and learning practices in higher education from around the world. The contributions come from all scientific disciplines and in all teaching and learning contexts. The twenty-eight inspiring examples in this volume show considerable diversity in their approaches to teaching and learning practices; at the same time they improve both student engagement and student learning outcomes. All the authors argue that their innovative approach has helped students to learn differently, better, and more. For those involved in higher education, there is a lot to be gained from reading these narrative accounts of innovative teaching and learning."
125,Inspired college teaching :,
125,The Institute for Learning and Teaching in Higher Education :,
125,Interactive lecturing :,
125,The Iranian Talmud :,
125,Jobs and incomes in a globalizing world /,"""Presenting results of new research, the author shows that, contrary to popular perceptions, global income inequality is actually declining, South-North migration is falling, and job opportunities and wages are rising in a significant number of developing countries. Moreover, the author finds no evidence of falling labour standards in integrating economics, nor that globalization can be blamed for the labour market disadvantages of low-skilled labour in industrialized countries."" ""While showing many of the public concerns about globalization to be unfounded, the analysis exposes other serious problems that until now have received scant attention, such as increasing marginalization of the poorest countries heavily dependent on exports of primary commodities, a high and growing level of brain drain from poor to rich countries, the potentially high costs for developing countries of pursuing integration as an objective in itself, and the failure of globalization to stimulate global economic growth."" ""This book points to difficult challenges that the international community must meet if the potential benefits of globalization are to be realized and all nations and people are to share in them.""--BOOK JACKET."
125,Keywords :,"""An irreverent critical lexicon of academic life and culture. This critical glossary--written by a group of Princeton graduate students and faculty--defines fifty-eight terms common to academic life in a style that will prick both egos and consciences. From 'academia' to 'vocation,' 'canon' to 'peer review,' 'discipline' to 'methodology,' the book scrutinizes the often stultifying structures of modern disciplinary life, calls out a slavish devotion to 'knowledge production' as the enemy of thought, and even dissects the notion of 'academic excellence.'""--Amazon."
125,Launching a successful research program at a teaching university /,"This practical guide addresses the challenges for building and maintaining a college research program in an environment that does not focus on supporting research activity and for those with a heavy teaching load. The challenges faced by teacher-researchers and solutions to issues are reviewed. The steps for maximizing research productivity are outlined: time management, obtaining research space and equipment and funding, recruiting and managing human subjects, and overcoming bureaucratic stumbling blocks. Chapters feature opening vignettes, examples, cases, figures, tables, summaries, suggested readings, and research references which provide a scientific grounding"
125,Leading learning and teaching in higher education :,
125,Learner-centered assessment on college campuses :,
125,Learning and teaching in higher education :,
125,Learning development in higher education /,"This book shows how learning development enhances the student experience and promotes active engagement. Written by staff from the UK's largest collaborative Centre for Excellence in Teaching and Learning (CETL), the book includes insights for everyone interested in supporting student retention, progression and success."
125,Learning to teach in higher education /,
125,"Learning, teaching and assessment in higher education :",
125,Managing better schools and colleges :,
125,Mastering the techniques of teaching /,
125,McKeachie's teaching tips :,
125,McKeachie's teaching tips :,
125,Mineralogy and optical mineralogy /,
125,Myself a mandarin.,
125,Non-standard employment in post-industrial labour markets :,"Non-standard employment has grown significantly in most developed economies, varying between countries. Different institutional settings have been deemed accountable for this variation, although inadequate consideration has been given to differences within national labour markets. Through an occupational perspective, this book contends that patterns of non-standard employment are shaped by flexibility in hiring and firing practices and the dispensability of workers' skills. The framework integrates explanations based on labour market regulation, industrial relations and skill supply, filling the gaps in previous scholastic research."
125,Observational before--after studies in road safety :,
125,One for the road :,
125,Optical waveguides /,
125,The other shore /,
125,The other shore /,
125,Outboard boating handbook /,
125,Preparing for college and university teaching :,"""This book is a guide for designing professional development programs for graduate students. The teaching competencies framework presented here can serve as the intended curriculum for such programs. The book will also be an excellent resource for evaluating programs, and will be an excellent resource for academics who study graduate students""--"
125,Principles of effective teaching in the online classroom /,
125,Proceedings of 1985 Faculty Development Workshop.,
125,"Proceedings of Faculty Development Workshop, 1982/83 /",
125,"Proceedings of Faculty Development Workshop, 7th September, 1981 /",
125,Professional development in higher education :,
125,Quality assurance for university teaching /,
125,Queen bees & wannabes :,"Written in a down-to-earth style and packed with examples and tips, this work is an invaluable guide for parents to empower their daughters and themselves."
125,Reconstructing professionalism in university teaching :,
125,Reflective teaching in higher education /,"""Reflective Teaching in Higher Education supports both those at the start of an academic career, whether as part of a structured programme, an individual accreditation route, or a personal interest in teaching, and extended career-long professionalism for all those teaching in the higher education sector. This innovative book offers two levels of support: - Comprehensive and accessible guidance on key issues in higher education teaching practice including strategies for improving learning, teaching and assessment, curriculum design, relationships, communication, and inclusion. - Evidence-informed 'principles' and 'concepts' to encourage a deeper understanding of teaching practices in higher education - based on international research findings about effective learning, teaching and assessment in higher education, including the outcomes of the Teaching and Learning Research Programme (TLRP). A number of international higher education experts were selected to develop this text including: - David Boud (University of Technology, Sydney, Australia) - Kelly Coate (King's Learning Institute, King's College London, UK) - Kerri-Lee Krause (University of Western Sydney, Australia) - Brenda Leibowitz (University of Johannesburg, South Africa) The Reflective Teaching Series is coordinated and edited by Andrew Pollard, former Director of the UK's Teaching and Learning Research Programme (TLRP). This book, companion reader and website draw upon his work and the work of many years of accumulated understanding of generations of practitioners and educationalists""--"
125,Research in university pedagogy :,"This book examines the evolving landscape of university pedagogy, focusing on the integration of didactics into the teaching practices of higher education. Edited by Stéphanie Bridoux, Nicolas Grenier-Boley, and Caroline Leininger-Frézal, it explores the convergence of Anglophone and Francophone pedagogical approaches and the challenges associated with incorporating disciplinary specificity into university teaching. The text is intended for educators and researchers in higher education, providing insights into competence-building practices, professional identity, and the adaptation of teaching methods to contemporary academic environments. It emphasizes the need for specialized training for university teachers and highlights the importance of aligning teaching with disciplinary knowledge."
125,Researchers hooked on teaching :,
125,Retail Work /,
125,Rise and kill first :,"""The Talmud says: ""If someone comes to kill you, rise up and kill him first."" This instinct to take every measure, even the most aggressive, to defend the Jewish people is hardwired into Israel's DNA. From the very beginning of its statehood in 1948, protecting the nation from harm has been the responsibility of its intelligence community and armed services, and there is one weapon in their vast arsenal that they have relied upon to thwart the most serious threats. Targeted assassinations have been used countless times, on enemies large and small, sometimes in response to attacks against the Israeli people and sometimes preemptively. Journalist and military analyst Ronen Bergman offers an inside account of the targeted killing programs: their successes, their failures, and the moral and political price exacted on the men and women who approved and carried out the missions. Bergman has gained the rare cooperation of many current and former members of the Israeli government, including Prime Ministers Shimon Peres, Ehud Barak, Ariel Sharon, and Benjamin Netanyahu, as well as high-level figures in the country's military and intelligence services: the IDF (Israel Defense Forces), the Mossad (the world's most feared intelligence agency), Caesarea (a ""Mossad within the Mossad"" that carries out attacks on the highest-value targets), and the Shin Bet (an internal security service that implemented the largest targeted assassination campaign ever, in order to stop what had once appeared to be unstoppable: suicide terrorism). Bergman traces, from statehood to the present, the gripping events and thorny ethical questions underlying Israel's targeted killing campaign, which has shaped the Israeli nation, the Middle East, and the entire world."" --"
125,Road rage :,
125,Said the prophet of God :,"""Although scholars have long studied how Muslims authenticated and transmitted Muhammad's sayings and practices (hadith), the story of how they interpreted and reinterpreted the meanings of hadith over the past millennium has yet to be told. Joel Blecher takes up this charge, illuminating the rich social and intellectual history of hadith commentary at three critical moments: classical Andalusia, medieval Egypt, and modern India. Weaving together tales of public debates, high court rivalries, and colonial politics with analyses of contemporary field notes and fine-grained arguments adorning the margins of manuscripts, Said the Prophet of God offers new avenues for the study of religion, history, anthropology, and law""--Provided by publisher."
125,Scholarship assessed :,
125,The scholarship of teaching and learning in higher education :,
125,The scholarship of teaching and learning in higher education /,
125,Selected models of developmental education programs in higher education /,
125,Shadow wages and peasant family labor supply :,
125,Shaping your career :,"“Early faculty, please read and add some years onto your life. I wish I had this companion when I began academia. It would have saved me from multiple bouts of heartburn. This text goes over what they do not tell you as a graduate student or post-doc. It echoes great advice given to me by senior colleagues whom I respect and trust, especially in regards to tenure, promotion, grant writing and balancing work with family.”--Aaron Haines Ph.D., Certified Wildlife Biologist, Assistant Professor of Conservation Biology, Millersville University."
125,Short story criticism :,
125,The skillful teacher :,
125,The skillful teacher :,"""Energize your classrooms with these key techniques for college teachingStudents say the best teachers get them excited about learning, stretch their thinking, and keep them actively involved in class. But with increasingly diverse classrooms and constantly changing technology, each semester throws up new challenges for engaging students.Discover how to keep your teaching, and your students, energized with The Skillful Teacher, a practical guide to effective techniques, approaches, and methods for today's college classrooms. Providing insights, reflections, and advice from his four decades of college teaching, Stephen Brookfield now adapts his successful methods to teaching online, working with diverse student populations, and making classrooms truly inclusive. As well as being completely revised, updated, and rewritten, this edition adds six brand new chapters on: Teaching critical thinking Using play and creativity in the classroom Teaching in teams Helping students take responsibility for learning Teaching about racism Exercising teacher power responsibly Readers will delve into what learning feels like from a student's perspective, as well as absorb the wisdom of veteran college faculty with whom the author has worked. Themes from the bestselling previous editions remain, but are revisited and expanded with the perspective of an additional decade in the classroom. This authoritative guide is now even more comprehensive to better serve teachers looking to improve. Whether you are new to the classroom or are looking to rise to new challenges, The Skillful Teacher will provide answers, expand your repertoire of techniques, and invigorate your teaching and your classrooms""--"
125,Soviet labour and the ethic of communism :,
125,Staging the table in Europe 1500-1800 /,"""Staging the Table in Europe represents the first book-length study of sixteenth- and seventeenth-century illustrated handbooks for cooking and dining that provided instruction for nearly every element of the dining experience, from expertly carving meats and fruits to folding napkins into animal forms, performing tableside magic tricks, and creating tablescapes for courtly banquets. Deborah L. Krohn opens a window into a world of culinary spectacle and sheds light on what became a pan-European culture of elaborate performance surrounding the preparation and presentation of food. Krohn shows that the rise of instructional manuals followed the decline of formalized, in-person modes of craft education, such as guilds and familial instruction. More broadly, she demonstrates how these manuals illuminate the material and social worlds of their readers. Beautifully illustrated, Staging the Table in Europe reveals the rich material culture that accompanied lavish banquets and state events as well as everyday dining, enabling readers to imagine the tastes, smells, and sights of Europe's early modern culinary world""--"
125,Structural road accident models :,
125,Student engagement techniques :,"""This book will provide college teachers with specific tips, techniques, and strategies that will help them motivate and engage students. Modeled after the highly successful Classroom Assessment Techniques and Collaborative Learning Techniques, the book describes learning strategies and techniques drawn from corporate training and education literature. The strategies in the book, broken down into step-by-step directions, offer practical advice on how to increase motivation, promote active learning, build community, help students learn holistically, and ensure students are working in their optimal challenge zone. Each technique includes purpose, preparation, procedures, examples, online implementation, variations and extensions, observations and advice, and key resources. While much of the existing literature on student engagement is general and theoretical, this book emphasizes practical techniques and strategies that have been devised by experienced classroom teachers from a wide variety of disciplines and institutions. Concern over student engagement has become central to conversations regarding quality in higher education. Whether it is faculty frustration about facing classrooms filled with apathetic students or college presidents striving for higher scores on national surveys, keeping students involved, motivated, and acutely learning is challenging educators across the country. Yet, while both external and internal forces are putting pressure on faculty to better engage students, advice on how to accomplish this is not easily accessible""--"
125,Student engagement techniques :,
125,Studies on teaching & learning.,
125,Successful beginnings for college teaching :,
125,Super courses :,"""An exploration of some of the most intriguing college teachers' pedagogy, challenging traditional learning environments""--"
455,"Aesthetic practices and politics in media, music, and art :",
455,APA handbook of giftedness and talent /,
455,Apartheid remains /,"""Apartheid Remains explores spatial segregation and racial capitalism in the Indian Ocean city of Durban, South Africa, both preceding and in the wake of apartheid, from the late nineteenth to early twentieth century. Sharad Chari argues that efforts to address the crises of racial capitalism through spatial fixes have produced new contradictions and struggles, and he investigates how state and capital forces harness biopolitical discourse in this circular struggle. Across the book's chapters, a Black Marxist-feminist framework is used to analyze the recursive, racialized state violence of biopolitics, proving a need for ""theory in action"" or the active engagement with communities affected by and protesting their conditions, as demonstrated through a palimpsest of documentary photography, interviews, ethnography, and archival work. Apartheid Remains offers a method and form of 'geography' attentive to the spatial, material and embodied remains of history. Varied struggles led by denizens of South Durban point beyond the anti-apartheid horizon to persistent imaginations of abolition of all forms of racial capitalism and environmental suffering that define our planetary predicament""--"
455,Bioethics and racism :,"This volume aims to explore some of the practices, conflicts, negotiations and struggles at the interplay of bioethics and racism. This requires shedding light on the hegemonic power relationships that condemn some population groups to a condition of subjugation, suffering, and oppression. By unpacking notions that have been taken for granted and dismantling rhetorics that are veiled in discourses and rationales pertaining to race and racism, we highlight possible ways in which bioethics can operate across disciplinary boundaries and strengthen its connection with equity and social justice, which also entails striving for a ""bioethics in action""."
455,Child art in context :,
455,Child art in context :,
455,Child prodigies and exceptional early achievers /,
455,The exploration of space /,
455,The exploration of space /,
455,The feud that sparked the Renaissance :,
455,Florence /,"""This volume examines works of art in a variety of media produced in Florence during the period from 1300 to 1600. Chronologically organized, each chapter examines works of art and architecture within the context of the major political, social, economic, and cultural events of the period. Patterns of patronage, both secular and religious, that accompanied changes in political authority as power shifted from Republican regimes to rule by the Medici family and back are also assessed. The volume follows the movements and trends that were initiated by Florentine artists beginning with Giotto in the fourteenth century; then followed a century later by Masaccio, Donatello, Brunelleschi, and Michelangelo; and finally the achievements of sixteenth-century artists such as Cellini, Bronzino, and Vasari. The book is lavishly illustrated in both black and white and color""--"
455,The future of humanity :,"""Formerly the domain of fiction, moving human civilization to the stars is increasingly becoming a scientific possibility--and a necessity. Whether in the near future due to climate change and the depletion of finite resources, or in the distant future due to catastrophic cosmological events, we must face the reality that humans will one day need to leave planet Earth to survive as a species. World-renowned physicist and futurist Michio Kaku explores in rich, intimate detail the process by which humanity may gradually move away from the planet and develop a sustainable civilization in outer space. He reveals how cutting-edge developments in robotics, nanotechnology, and biotechnology may allow us to terraform and build habitable cities on Mars. He then takes us beyond the solar system to nearby stars, which may soon be reached by nanoships traveling on laser beams at near the speed of light. Finally, he brings us beyond our galaxy, and even beyond our universe, to the possibility of immortality, showing us how humans may someday be able to leave our bodies entirely and laser port to new havens in space. With irrepressible enthusiasm and wonder, Dr. Kaku takes readers on a fascinating journey to a future in which humanity may finally fulfill its long-awaited destiny among the stars""--"
455,How to develop an employee handbook /,
455,Introduction to biophotonics /,
455,Italian syntax :,
455,Italian syntax and universal grammar /,"Guglielmo Cinque is one of the world's leading theoretical syntacticians, and is particularly known for his application of recent theory to the analysis of Italian. This volume brings together ten of Professor Cinque's essays, some of which are published here for the first time, and some of which have not hitherto been easily available. They explore a wide range of aspects of Italian syntax, including the grammar of relative and ""pseudo-relative"" clauses in the complement of perception verbs, impersonal si constructions, and the position and argument structure of adjectives in the noun phrase. The volume considers the implications of Cinque's work on Italian syntax for generative grammar more broadly, and comparers Italian with the syntax of other Romance and also Germanic languages. It will be welcomed by all those working on Italian syntax, and on theoretical syntax more generally."
455,Life on daytime television :,
455,Life on television :,
455,Light and life in the sea /,
455,Movimente :,
455,The next fifty years in space /,
455,The origins of exceptional abilities /,
455,Preparing an organisation manual /,
455,Producing for educational mass media /,
455,Smoke & mirrors :,
455,The Syntax-Prosody Interface :,
455,To be young and gifted /,
455,The visual culture of violence after the French Revolution /,
455,WDR and the Arbeiterfilm :,
455,WDR and the Arbeiterfilm :,
496,達致服務優勢的主要挑戰與策略專題研究報告 /,
496,Acceptability in a planned standard :,
496,Among flowers :,"n this delightful hybrid of a book—part memoir and part travel journal—the bestselling author takes us deep into the mountains of Nepal with a trio of botanist friends in search of native Himalayan plants that will grow in her Vermont garden. Alighting from a plane in the dramatic Annapurna Valley, the ominous signs of Nepal's Maoist guerrillas are all around—an alarming presence that accompanies the travelers throughout their trek. Undaunted, the group sets off into the mountains with Sherpas and bearers, entering an exotic world of spectacular landscapes, vertiginous slopes, isolated villages, herds of yaks, and giant rhododendron, thirty feet tall. The landscape and flora and so much else of what Kincaid finds in the Himalaya—including fruit bats, colorful Buddhist prayer flags, and the hated leeches that plague much of the trip—are new to her, and she approaches it all with an acute sense of wonder and a deft eye for detail. In beautiful, introspective prose, Kincaid intertwines the harrowing Maoist encounters with exciting botanical discoveries, fascinating daily details, and lyrical musings on gardens, nature, home, and family."
496,Argument licensing and agreement /,"The strikingly unrestricted syntactic distribution of nouns in many Bantu languages often leads to proposals that syntactic case does not play an active role in the grammar of Bantu. This book offers a different conclusion that the basis of Zulu that Bantu languages have not only a system of structural case, but also a complex system of morphological case that is comparable to systems found in languages like Icelandic. By comparing the system of argument licensing found in Zulu to those found in more familiar languages, Halpert introduces a number of insights onto the organization of the grammar."
496,Beyond Balkanism :,
496,CEPA商機 :,
496,Comparative syntax of Balkan languages /,"This collection of seven papers studies important aspects of the syntax of Albanian, Bulgarian, Greek, and Romanian from a comparative perspective based on current linguistic frameworks, including the Minimalist Program. Topics addressed include control, raising, and obviation, negation, noun phrase structure, clitic pronouns, and verb movement."
496,Constraints on Pulaar phonology /,
496,"Duka sentence, clause and phrase /",
496,Following whispers :,"Help support Nepal's earthquake recovery! Since 2013, 66% of Following Whispers royalties are invested directly back into Nepal. One of the last written accounts of the lower Annapurna Circuit before it was changed forever by road development. In 2007 Dan Thompson, an Iraq War veteran turned magazine editor, accepted an unexpected invitation from a family friend to visit Nepal. The opportunity to realize a boyhood dream first inspired on the pages of National Geographic Magazine becomes reality when he and his wife Nora arrive in Kathmandu comically over-prepared. Despite his military and travel experience, the out-of-shape traveler finds himself disoriented and dependent on the kindness of complete strangers, including two young men who guide him along the famous Annapurna Circuit. Together, they explore holy temples high in the Himalayas, compete with donkey trains for precious space along the world's deepest ravine, and save a woman from the brink of death. Along the way, they meet emaciated medicine men, colorful grandmas on pilgrimage, and an unfortunate series of frostbitten and aloof western tourists like refugees among the peaks. From laugh-out-loud misadventures with a parasite, to insightful discussions about Nepal's future, Thompson weaves themes of globalization, religion, development aid, and friendship into what is part adventure story, and part coming to terms with post-Iraq War life. In the end, he finds the answers to questions he has been searching for all along while following the beckoning whispers of his heart. Includes over 20 photos, recipes of traditional foods mentioned in the book, maps, and more. Each book purchased helps support sustainable tourism in Nepal. Purchases will be matched to support book sales in Nepal by Nepalese in local shops to raise funds for sustainable tourism and education through a partnership with Tourism Development Endeavors (TUDE). For more info"
496,Fulfulde in the Sudan :,
496,Globalization and language vitality :,
496,A grammatical description of the Engenni language /,
496,Groundwork in generative grammar :,
496,Himalayan pilgrimage :,
496,The imperial school for tribes :,"Founded in the waning years of the Ottoman Empire, the Imperial School for Tribes (Asiret Mektebi) was an initiative by Sultan Abdulhamid II to bring the sons of prominent Arab tribal leaders to Istanbul for a world-class education and transform them into loyal Ottoman future military and governmental leaders.  Utilizing a plethora of new documents recently made available in the Ottoman archives as well as Ottoman newspaper collections in Istanbul and Beirut, this is the first book to shed light on the School for Tribes. It provides a detailed analysis of the origins and families of the over 500 graduates of the school, as well as the recruitment and placement processes developed by the administration. The further careers and allegiances of the graduates are examined, allowing us to better understand relations between Turks and Arabs both during the last years of the Empire as well as in the following decades. The book shows that many graduates who became prominent leaders in their newly formed countries, including Abdulmuhsin al-Sadoun (Prime Minister of Iraq), Omar Mansour and Orhan Kologlu (Prime Ministers of Cyrenaica-Libya), and Ramadan al-Shallash (Lebanon) availed of their Ottoman training and preserved their imperial loyalties even as rifts that occurred between the Republic of Turkey and the Arab states widened."
496,The morphosyntax of complement-head sequences :,"This is the first book on the syntax of the Niger-Congo language family, which includes most of the languages of sub-Saharan Africa. Aboh, who is a native speaker of one of the languages (Gungbe) discussed, analyzes different aspects of the syntax of the ""Kwa"" language group. Aboh also suggests how grammatical pictures for these languages can shed some light on Universal Grammar in general."
496,"Mount Qomolangma, the highest in the world /",
496,Order in Makua syntax /,
496,The phonology and morphology of Kimatuumbi /,
496,Repertoires and choices in African languages /,
496,The Routledge handbook of African linguistics /,"The Handbook of African Linguistics provides a holistic coverage of the key themes, subfields, approaches and practical application to the vast areas subsumable under African linguistics that will serve researchers working across the wide continuum in the field. Established and emerging scholars of African languages who are active and current in their fields are brought together, each making use of data from a linguistic group in Africa to explicate a chosen theme within their area of expertise, and illustrate the practice of the discipline in the continent."
496,"Senoufo phonology, discourse to syllable (a prosodic approach) /",
496,Sivalaya :,
496,A study of the Kanuri language :,"Originally published in 1937, this book is a practical manual of Kanuri which will be of use to both the layman and the linguist. This analysis makes it clear that kanuri is a tone-language and the author urges the reader to observe the tone-system of the language so that the accidence can be fully understood, as grammatical tone sometimes forms an integral part of it. As this is a practical study, a practical orthography has been chosen - i. e one that uses only letters that are absolutely necessary. This system improved Kanuri orthography, as it was based on scientific principles."
496,A survey of the United States ethnic experience.,
496,The syntax and interpretation of the relative clause construction in Swahili :,
496,The syntax of Tuki :,
496,Tense/aspect and the development of auxiliaries in Kru languages /,
496,Theoretical aspects of Bantu tone /,
496,A thesaurus of African languages :,"A Thesaurus of African Languages, a Classified and Annotated Inventory of the Spoken Languages of Africa: With an Appendix on Their Written Representation."
496,Tibetan geography /,
496,Tibetan geography /,
689,In search of gender justice :,"What might gender justice look like in matrilineal Malawi? Ideas about gender and human rights have exerted considerable influence over African policy makers and civil society organisations in recent years, and Malawi is no exception. There, concerted efforts at civic education have made the concepts of human and women's rights widely accessible to the rural poor, albeit in modified form. In this book, Jessica Johnson listens to the voices of ordinary Malawian citizens as they strive to resolve disputes and achieve successful gender and marital relations. Through nuanced ethnographic description of aspirations for gender and marital relationships; extended analysis of dispute resolution processes; and an examination of the ways in which the approaches of chiefs, police officers and magistrates intersect, this study puts relationships between law, custom, rights, and justice under the spotlight."
689,In search of gender justice :,"What might gender justice look like in matrilineal Malawi? Ideas about gender and human rights have exerted considerable influence over African policy makers and civil society organisations in recent years, and Malawi is no exception. There, concerted efforts at civic education have made the concepts of human and women's rights widely accessible to the rural poor, albeit in modified form. In this book, Jessica Johnson listens to the voices of ordinary Malawian citizens as they strive to resolve disputes and achieve successful gender and marital relations. Through nuanced ethnographic description of aspirations for gender and marital relationships; extended analysis of dispute resolution processes; and an examination of the ways in which the approaches of chiefs, police officers and magistrates intersect, this study puts relationships between law, custom, rights, and justice under the spotlight."
699,"Cults, religion, and violence /",
699,Jah kingdom :,"""In Jah kingdom, Bedasse tells the story of how a group of Rastafarians led by Ras Bupe Karudi worked with scholars, activists, and politicians in the 1970s and 1980s to make pilgrimage and repatriation to Africa a possibility. Years of activism resulted in the Tanzanian government granting legal status to returning Rastafarians in 1985, and even giving the movement's adherents land in 1989. In time, friction between migrants and the struggling Tanzanian state would ultimately make repatriation impractical, but the decades of concerted activism and outreach offer a fascinating window into the political and intellectual ferment of the African diaspora during the era of decolonization""--"
699,Life between the tides /,"""Adam Nicolson, the award-winning author of The Making of Poetry and The Seabird's Cry, explores the marine life inhabiting seashore rockpools with a scientist's curiosity and a poet's wonder in this beautifully illustrated book""--"
699,Older people and migration :,
699,Older people and migration :,
890,"Ancient poetry from China, Japan & India /",
890,"Control, consensus or chaos? :",
890,Evolutionary psychiatry :,
890,Genres et mouvements au cine ma /,
890,Les grands realisateurs /,
890,Intoning birds poetry and cultural transformation in Tang & Song China /,"All the bird imageries present in the poetic compositions turned out in the historical period spanning Tang and Song were undergoing a series of modifications, through which they segued from the format generated of primitivism and totemic cult to that characterized by the preponderance of the poetic style of “yong wu” and of relevant rhetorical devices. All the literary works produced in the above specified historical period wear the insignia of cultural fission and re-integration. In the above specified historical period, the ancient image of bird, as a token of some ancient religious faith, was translated into such an image of a very commonplace entity as were usually thought of by the literati. The ancient image of bird which betokened some primitive religious faith went through metamorphoses in the above specified historical period to assume the semblance of a way of living. The bird imageries adopted by Tang or Song range from the image of a deified bird to the entire spectrum of real winged creatures. Thus from the the images of birds, we can see the cultural transformation in the Tang & Song Dynasties, China."
890,Korean children`s favorite stories /,
890,Masterpieces of the Orient /,
890,The question of reception martial arts fiction english translation /,
890,Representing Ireland :,
890,The Roman /,
890,A treasury of Asian literature /,"From the great and ancient cultures of Asia comes this fascinating collection of great prose, drama, poetry and scripture. Translated by scholars well versed in the original languages, the contents range from selections from the holy books of the Confucian, Taoist, Hindu, Buddhist and Islamic religions to a story from The Thousand and One Nights and verses from the Rubaiyat of Omar Khayyam."
890,A treasury of Asian literature /,
890,Uygur Buddhist literature /,"This first volume of the Silk Roads Studies is a reference manual of the published Uygur Buddhist literature. Uygur Buddhist Literature creates a complete inventory of the published Uygur Buddhist texts along with a bibliography of the pertinent scholarlyliterature. The work includes an introduction that outlines the history of the discovery of the Uygur Buddhist Literature and a short history of the Buddhist Uygurs and their translation activities. The survey of the literature itself is divided into six sections: (1) Non-Mahayana Texts, including Sutra, Vinaya, Abhidarma, Biographies of the Buddha (including Jatakas) and Avadana; (2) Mahayana Sutras; (3) Commentaries; (4) Chinese Apocrypha; (5) Tantric Texts (6) Other Buddhist Works. Included under each title of a text is a brief synopsis of the text and an explanation of the Uygur manuscript, including where known: origin of translation, the translator and the place of translation, the place it was found, and any other interesting points. After this brief survey of the manuscript, the signature of the manuscript with references to the editions of the text is provided as well as additional references to the secondary literature. The survey concludes with an index to titles, translators, scribes and sponsors. This manual is an essential tool not only for specialists in the field of Altaic, especially Turcological or Monogolian, Iranological, Sinological or Buddhological Studies, but is also written for a larger public of students interested in Asian religions and cultural history in general. This book provides in a systematic and exhaustive way the most recent information on the places where the documents are kept, a synopsis of the text, editions and secondary literature."
890,The wisdom of China and India /,
890,The wisdom of India =,"The English Works of Lin Yutang collected and published this time lists more than 10 influential original works including A Leaf in the Storm, The Wisdom of Laotse and Lady Wu besides My Country and My People, Moment in Peking, The Art of Living published by our press. It is the first time for such a collection to be published in China and also for some of them to appear in original English. In addition, in order to better introduce and display Lin Yutang and his works, we have collected precious photos from his former residence in Taipei and his memorial hall in Zhangzhou (over 60 from Taipei and 10-odd from Zhangzhou), including his own photos at different stages of life, group photos with relatives and friends, pictures of some manuscripts and initial editions. And we hope you can enjoy them."
890,The wisdom of India =,"The English Works of Lin Yutang collected and published this time lists more than 10 influential original works including A Leaf in the Storm, The Wisdom of Laotse and Lady Wu besides My Country and My People, Moment in Peking, The Art of Living published by our press. It is the first time for such a collection to be published in China and also for some of them to appear in original English. In addition, in order to better introduce and display Lin Yutang and his works, we have collected precious photos from his former residence in Taipei and his memorial hall in Zhangzhou (over 60 from Taipei and 10-odd from Zhangzhou), including his own photos at different stages of life, group photos with relatives and friends, pictures of some manuscripts and initial editions. And we hope you can enjoy them."
925,"""Beamtenprivatisierung"" bei der Deutschen Bahn AG :",
925,The 15th Congress of the Chinese Communist Party :,
925,895 days that changed the world :,"""It is Graeme Mount's belief that developments which changed the world took place when President Ford led the United States. In some of these, he was an instigator; in some, he reacted to events precipitated by others. Making extensive use of the Gerald Ford Presidential Library, both the archives and the museum, Mount examines the very documents produced by President Ford, members of his cabinet, and the White House staff and through that examination offers a window on the world between August 9th, 1974 and January 20th, 1977.""--BOOK JACKET."
925,古代史の窓 /,
925,倭国の謎 :,
925,Acta mythologica apostolorum in arabic :,
925,Adventures and discoveries :,
925,Albert Einstein.,
925,Analytical essays on music by women composers /,
925,Analytical essays on music by women composers.,
925,Antiviral therapy /,
925,Arsenic :,"""This book acts as a compendium of up-to-date knowledge on arsenic as a toxicant, its exposure sources, health risks, and mechanisms""--Provided by publisher."
925,Arsenic in geosphere and human diseases :,
925,"Asa Gray, 1810-1888 /",
925,Autobiography of Joseph Priestley :,
925,The challenges of privatization :,
925,Chang Chih-tung and educational reform in China /,
925,Combinatorial mathematics /,
925,The commanding heights :,"Taking a worldwide perspective, including that of Britain (where the process began under Margaret Thatcher), Europe, the former USSR, China, Latin America and the USA, this is a study of the redefinition of the relationship between state and marketplace. This is the process known as privatization - a term which inadequately expresses the phenomenon's far-reaching changes. The authors set out to show how a revolution in ideas is transforming the world economy and to explain why it is happening, how it can go wrong, and what it will mean for the global economy at the dawn of the 21st century."
925,Crucibles : the lives and achievements of the great chemists /,
925,"Culture, health and development in South Asia :","Recently, mass arsenic poisoning of groundwater has emerged as a disastrous public health concern in Bangladesh. Apart from hundreds of deaths that have already been reported, 85 million people are estimated to be at high risk of developing deadly arsenicosis symptoms. The severity and extent of arsenicosis have obliged the government of Bangladesh to declare it the ""worst national disaster"" the country has ever faced, and further to be deemed a ""state of emergency."" To fight this pervasive public health disaster, the Bangladesh government has collaborated with the international and national NGOs to implement development projects to provide arsenic-free water to rural villagers. Drawing upon ethnographic research in rural Southwestern Bangladesh, this book discusses arsenic contamination and its resultant health impact from a medical anthropological and anthropology of development perspectives. It examines how the actual patients perceive, explain, manage and respond to this catastrophic public health outbreak, and goes on to analyse how such lay perceptions shape health-seeking behaviour of subjects in a medically plural context. To make the issue more holistic, this book further examines mitigation strategies and community participation in these projects."
925,David Rittenhouse.,
925,Doing business in newly privatized markets :,
925,Effects of mineral dusts on cells /,
925,"Eminent chemists of our time,",
925,English naturalists from Neckam to Ray :,
925,Entrepreneurial management and public policy /,
925,Environmental chemistry and toxicology of mercury /,"""Reviewing the major environmental processes of mercury (Hg) transformation and transport during Hg cycling, this book focuses on the recent developments in environmental chemistry of Hg. Each chapter touches on the basic concepts and provides a critical review of the targeted subject, the methodology used for studying it, and future research needs. The book outlines the fundamental concepts and provides a detailed review of critical findings in recent research. It is suitable for anyone interested in environmental sciences""--"
925,Epidemiology and detection of lead toxicity /,
925,The equivalents :,"""An important debut work of narrative nonfiction: the timely, never-before-told story of five brilliant, passionate women who, in the early 1960s, converged at the newly founded Radcliffe Institute for Independent Study, stepping outside the domestic sphere and shaping the course of feminism in ways that still resonate today. In 1960, at the height of an era that expected women to focus solely on raising families, Radcliffe College announced the founding of an Institute for Independent Study, offering fellowships to women with a PhD or ""the equivalent"" in artistic success. Acclaimed writer and Harvard lecturer Maggie Doherty introduces us to five brilliant friends--poets Anne Sexton and Maxine Kumin, painter Barbara Swan, sculptor Mariana Pineda, and writer Tillie Olsen--who came together at the Institute and would go on to make history. Drawing from their notebooks, letters, lecture recordings, journals, and finished works, Doherty weaves from these women's own voices a moving narrative of friendship, ambition, activism, and art. Beautifully written and urgently told, The Equivalents shows us where we've been--and inspires us to go forward""--"
925,Evidence from Basque for a new theory of grammar /,
925,Explorer of the universe : a biography of George Ellery Hale /,
925,"Faraday, Maxwell, and Kelvin.",
925,Franklin and Newton : an inquiry into speculative Newtonian experimental science and Franklin's work in electricity as an example thereof.,
925,Galileo's telescope.,
925,George Washington Carver /,
925,Gerald Ford and the future of the presidency /,
925,Gerald R. Ford's date with destiny :,
925,German science in the age of empire :,
925,Gilbert White /,
925,Henry Walter Bates :,
925,The Herschels and modern astronomy /,
925,In vitro effects of mineral dusts :,
925,"Indonesia, Inc. :",
925,"Jerry Ford, up close :",
925,Life after privatization /,"This book offers a refreshing and original theoretical conceptualization of what happened to state-owned enterprises after they were privatized from the late 1970s onwards. Some privatized firms have become today's European and global giants, 'Alphas', merging with or acquiring other firms, whereas other firms, 'Beta's, have been taken over by Alphas or other sectoral leaders. The book raises questions such as which privatized firms in the airline, automobile, and the electricity sectors in the UK, France, Germany, Italy and Spain are Alphas and Betas today? And why? Building on a variety of themes from both Political Science and Business Studies, it considers a comprehensive set of explanations both internal and external to the firm, to analysis why a firm may become an Alpha or a Beta. The evidence shows that while internal factors are important, the more external, political, factors are necessary and sufficient to explain why a firm becomes an Alpha or a Beta. This includes the impact of liberalization, the roles of states, and the actions of regulators that are lobbied by firms. Based on the evidence, Life After Privatization concludes with a novel inductive theory, which offers a significant step forward for social science scholars' and practitioners' understanding of the 'politics' businesses face in global markets."
925,Lives in science.,
925,Living biographies of great scientists /,
925,A long life's work :,"Despite never graduating from university, Sir Archibald Geikie (1835-1924) forged an exceptionally successful scientific career. In 1855 he was appointed to the Scottish branch of the Geological Survey, and by 1882 was Director General of the Survey. In keeping with his Edinburgh beginnings, most of his career was spent studying igneous rocks. He was a prolific and gifted writer, producing textbooks, popular science books and biographical and historical works, including the influential Founders of Geology (1897), as well as numerous technical publications. The only geologist to hold the post of President of The Royal Society (1908-12), he also served as President of the Geological Society of London and the British Association, and received an array of honorary degrees and medals. This autobiography, published in the year of his death, provides a readable, personal account of the life of one of the great scientific figures of the nineteenth century."
925,Louis Agassiz :,
925,Louis Agassiz :,
925,Making markets in the welfare state :,"""In 1980, Ronald Reagan was elected President of the United States on the promise of radically reforming American government by cutting spending and welfare entitlements and improving conditions for private entrepreneurship. For Reagan, American government was akin to an alligator infested swamp, not only stagnant but dangerous. Thousands of miles away, the Swedish Prime Minister, Olof Palme, in response to a local government's attempt to privatize a childcare center, took a different stance. Palme argued that the introduction of markets would create ""Kentucky Fried Children,"" the market standing for things American and unhealthy, a threat to Swedish children and the Swedish welfare state""--"
925,"Matthew Fontaine Maury, scientist of the sea /",
925,Men of science in America :,
925,Michelson and the speed of light.,
925,Molecular methods for virus detection /,
925,The Mythological Acts of the Apostles /,
925,Natural products as antiviral agents /,
925,Nelson Rockefeller's dilemma :,"""A history of the political career of Nelson Rockefeller, New York Governor (1959-1973) and Vice President under Gerald Ford (1974-1977), that examines his relationship with the Republican Party and the civil rights movement as a racially liberal moderate Republican""--"
925,"Niels Bohr : the man, his science, & the world they changed /",
925,On his own terms :,"The definitive life of one of the most complex and compelling figures of the twentieth century, this biography draws on thousands of newly available documents and interviews, including Rockefeller's own unpublished reminiscences. Grandson of oil magnate John D. Rockefeller, Nelson coveted the White House from childhood. Before he was thirty he had helped his father develop Rockefeller Center and his mother establish the Museum of Modern Art. At 32 he was Franklin Roosevelt's wartime coordinator for Latin America. As New York's four-term governor he set national standards in education, the environment, and urban policy. The charismatic face of liberal Republicanism, Rockefeller championed civil rights and health insurance for all. Three times he sought the presidency--arguably in the wrong party. At the Republican National Convention in San Francisco in 1964, locked in an epic battle with Barry Goldwater, Rockefeller denounced extremist elements in the GOP, a moment that changed the party forever. But he could not wrest the nomination from the Arizona conservative, or from Richard Nixon four years later. In the end, he had to settle for two dispiriting years as vice president under Gerald Ford. Here, historian Richard Norton Smith re-creates Rockefeller's improbable rise to the governor's mansion, his politically disastrous divorce and remarriage, and his often surprising relationships with presidents and political leaders from FDR to Henry Kissinger. From the deadly 1971 prison uprising at Attica and unceasing battles with New York City mayor John Lindsay to his son's unsolved disappearance, the punitive drug laws that bear his name, and the much-gossiped-about circumstances of his death, Nelson Rockefeller's was a life of astonishing color, range, and relevance.--From publisher description."
925,The press and the Ford presidency /,"Journalists offer a daily dose of commentary sizing up the president's successes and failures, profoundly influencing the public's perceptions of presidential performance. This study shows how leading journalists developed their perceptions of Gerald Ford, the criteria they employed in evaluating his presidency, and the nature and impact of their assessments of his leadership. In The Press and the Ford Presidency, political scientist Mark J. Rozell uses a qualitative content analysis to investigate the national press coverage of the Ford administration. He explores the complicated relationship between what presidents say and do and how their words and deeds are portrayed in the elite press, demonstrating not only how press valuations vary over time, but also how certain impressions of a president take hold and resist change, even in light of conflicting evidence. Rozell shows that a president and presidential image-crafters cannot script their own press coverage and expect journalists dutifully to follow the White House plan. Journalists have identifiable expectations of presidential leadership and performance. Indeed, Gerald Ford consistently fell short of these expectations, leading the media and, consequently, the public to resort to humiliating caricature when describing the president and his programs. The Press and the Ford Presidency will be of special value to scholars of the presidency, mass media and politics, political communications, and political leadership. In addition, since the author's research included interviews with numerous members of Ford's White House staff, the book will appeal to scholars interested in oral history and to historians of the Watergate era and the Ford years."
925,Preventing lead poisoning in young children :,
925,Privatisation and corporate performance /,
925,Privatisation and social policy /,"Privatisation and Social Policy follows this format while addressing one of the key issues of recent years, namely the covert but undeniable impact of growing privatisation on the development and implementation of social policy. As the text demonstrates, there is no area of policy which privatisation has not affected, resulting in the gradual transfer of responsibility from the public to the private sphere in areas such as education, housing, health, social security and social services."
925,Privatisation and social policy /,"Social Policy and Privatisation addresses one of the key issues of recent years, namely the covert but undeniable impact of growing privatisation on the development and implementation of social policy. As the text demonstrates, there is no area of policy which privatisation has not affected, resulting in the gradual transfer of responsibility from the public to the private sphere in areas such as education, housing, health, social security and social services."
925,"Privatisierung, Regulierung und Wettbewerbselemente in einem natürlichen Infrastrukturmonopol :",
925,Privatization and public policy /,
925,Privatization in Central and Eastern Europe :,
925,The promise and perils of infrastructure privatization :,
925,"Quest of the curly-tailed horses, an autobiography /",
925,Ramanujan :,
925,Shrinking the state :,
925,"Six naturalists, white, linnaeus, waterton, audubon, fabre, huxley /",
925,Snake Man :,
925,The crime of Galileo /,
925,The quintessence of Irving Langmuir.,
455,The scientific life.,
925,Toxic truth :,"The story of the bitter thirty-year fight to protect children from lead. Clair Patterson, a geochemist, traveled worldwide to measure the composition of rock, ice, and rain. Herbert Needleman, a psychiatrist, measured children's performance in poor urban schools. By the 1960s and 1970s their work revealed that mankind was filling the world with lead, a toxic substance that was doing irreparable harm to children. Patterson and Needleman's discoveries and their willingness to take on the lead industry helped bring about the banning of lead from paint, gasoline, and food packaging, beginning in the late 1970s. Journalist Lydia Denworth also documents the lead industry's well-funded efforts to discredit and silence them. By the 1990s the average American's lead level had dropped 90 percent, an achievement that ranks as one of the great public health success stories of the twentieth century, and redefined how we conceive of disease, contaminants, and public safety.--From publisher description."
925,The watershed :,
925,Whom the Gods love : the story of Evariste Galois.,
925,"Zinc, copper, or magnesium supplementation against cadmium toxicity /",
060,"Antecedents, moderators and examples of representational predicaments at three Hong Kong sites /",
060,The art of membership :,"""The Art of Membership offers 13 ""rules of the road"" for membership engagement, recruitment, and retention that organizations can put to work immediately regardless organization size, culture, type or environment. The Rules are concrete, irrefutable and based on the author's experience and extensive research. The book is filled with a wealth of cases and examples and how-to guides with checklists and worksheets that break down the concepts from goal to strategy to tactics culminating in an actionable to-do list. Includes a template that can be used to create a concrete action.""--"
060,ASAE handbook of professional practices in association management /,
060,Conference planning manual /,
060,Conferences and conventions :,
060,Dunhuang :,
060,The Europa directory of international organizations ...,
060,Manual of administrative practice for trade and professional associations /,
060,Membership essentials :,
060,Nonprofit organizations :,"""In this new edition of his popular textbook, Nonprofit Organizations: Theory, Management, Policy, Helmut K. Anheier has fully updated, revised and expanded his comprehensive introduction to this field. The text takes on an international and comparative dimensions perspective, detailing the background and concepts behind these organizations and examining relevant theories and central issues.Anheier covers the full range of nonprofit organizations--service providers, membership organizations, foundations, community groups--in different fields, such as arts and culture, social services and education. He introduces central terms such as philanthropy, charity, community, social entrepreneurship, social investment, public good and civil society. Acknowledging and explaining how the field spills over from public management, through nonprofit management and public administration. This textbook is systematic in its treatment of theories, management approaches and policy analyses.The previous edition was winner of the Best Book Award at the American Academy of Management in 2006, and this new edition will fit both the North American and European schedules of academic teaching. Nonprofit Organizations: Theory, Management, Policy is an ideal resource for students on both undergraduate and post-graduate courses""--"
060,Organising academic conferences /,
060,Procedure at international conferences :,
060,"The right way to conduct meetings, conferences and discussions /",
060,Robert's rules for dummies /,
060,Robert's rules of order newly revised /,
060,Robert's rules of order newly revised /,
074,Adventures in photography :,
074,After belonging :,
074,Album :,
074,The Arcadian Library :,
074,"Bibliomania, or, Book madness :",
074,Bibliophobia :,
074,Bruce Nauman :,"""This publication marks the acquisition of Bruce Nauman's new, monumental work Contrapposto Studies, I through VII by the Philadelphia Museum of Art and the François Pinault Collection, Venice and Paris""--"
074,Caricature and its role in graphic satire /,
074,Comparative law of security and guarantees /,
074,Design objects and the museum /,"""Design Objects and the Museum brings together leading design historians, curators, educators and archivists to consider the place of contemporary design objects within museums. Contributors draw on a wide range of 20th century and contemporary examples from international museums to consider how design objects have been curated and displayed within and beyond the museum. The book continues contemporary global debates on the ways in which design museums engage and educate their public. Chapters are grouped into three thematic sections addressing The Canon and Design in the Museum; Positioning Design within and Beyond the Museum; and Interpretation and the Challenge of Design, with chapters exploring museological practice and issues, the roles people play in creating meaning, and the challenge contemporary design has in producing interpretation and learning within the museum""--"
074,Destination culture :,
074,Direct stock.,
074,A discerning eye :,
074,Drawings in dialogue :,
074,The enduring illusion :,
074,Escape to prison :,"""The resurrection of former prisons as museums has caught the attention of tourists along with scholars interested in studying dark tourism. Unsurprisingly, due to their grim subject matter, prison museums tend to invert the 'Disney' experience, becoming the antithesis of 'the happiest place on earth.' With a keen eye on punishment and culture, criminologist Michael Welch explores ten prison museums on six continents, examining the complex interplay between culture and punishment. From Alcatraz to Argentina, from South Africa to South Korea, museums constructed on the former locations of surveillance, torture, colonial control, and possibly even rehabilitation each tell a unique tale about the economic, political, religious, and scientific roots of each site's historical relationship to punishment""--Provided by publisher."
074,Exhibiting photography :,
074,Far & near :,"Since its founding in 1886, the Peabody Museum of Archaeology and Ethnology at Harvard University has been collecting, caring for, exhibiting, and researching objects produced by human cultures around the world. This handsomely illustrated, highly portable volume presents a selection of more than 80 objects in honor of the museum's 150th anniversary in 2016-2017. Dating from Paleolithic times to the present and originating from the Arctic Circle to South Pacific, these selections represent but a fraction of the 1.4 million pieces in the museum's collections. They range in character from the sacred to the profane, the utilitarian to the highly decorative, the deeply symbolic to the outrageously whimsical. Chosen by the museum's curators and staff, the works presented in Far & Near provide a tantalizing glimpse into the wonders of the collections of the Peabody Museum and reflect the skilled artistry of human hands and the endless creativity of the human mind.--"
074,Financial collateral :,"This is the first book to analyse and draw together all of the property law and regulatory and contractual issues relevant to financial collateral transactions.Collateralized finance transactions played a major role in the bankruptcy of Lehman Brothers and the near-failure of AIG during the early months of the global financial crisis, and are being increasingly recognised as being integral to the stability of the global financial system. The book provides a detailed legal analysis of the types of transactions which make up collateralised financing transactions and examines them in their commercial context.Recognising that financial collateral transactions are often global in nature the book covers the legal position in the UK, US, and the EU with specific relevance to practice in the Netherlands, Germany and Belgium. There is a chapter on the relevant private international law issues including conflicts of laws and forum.The book opens with an explanation of how financial collateral transactions are construed, including the relevant standard contract forms. The following chapters discuss the major legal issues and practical considerations, as well as a number of specialist concepts such as safe harbours, 'minimum floors' and securities custody. This new work brings together consideration of the European Securities Financing Regulation, the Collateral Directive, and relevant parts of the Bank Recovery and Resolution Directive."
074,George IV /,
074,Guide to visual resources of medieval East-Central Europe /,
074,Hall of fame museums :,
074,House of lost worlds :,"This fascinating book tells the story of how one museum changed ideas about dinosaurs, dynasties, and even the story of life on earth. The Yale Peabody Museum of Natural History, now celebrating its 150th anniversary, has remade the way we see the world. Delving into the museum's storied and colorful past, award-winning author Richard Conniff introduces a cast of bold explorers, roughneck bone hunters, and visionary scientists. Some became famous for wresting Brontosaurus, Triceratops, and other dinosaurs from the earth, others pioneered the introduction of science education in North America, and still others rediscovered the long-buried glory of Machu Picchu. In this lively tale of events, achievements, and scandals from throughout the museum's history, readers will encounter renowned paleontologist O.C. Marsh who engaged in ferocious combat with his ""Bone Wars"" rival Edward Drinker Cope, as well as dozens of other intriguing characters. Nearly 100 color images portray important figures in the Peabody's history and special objects from the museum's 13-million-item collections. For anyone with an interest in exploring, understanding, and protecting the natural world, this book will deliver abundant delights."
074,International bank and other guarantees handbook.,"The 'International bank and other guarantees handbook. Europe' provides an in-depth review of the legal and regulatory requirements applicable to guarantees. Guarantees provide a party (beneficiary) with assurances that the underlying contract (for the delivery of goods or services or financing) will be performed on its original terms or that it will be indemnified in case of failure to do so. The knowledge of guarantees and their functioning under various national jurisdictions are essential for principals, guarantors and beneficiaries, particularly while framing international contracts. This handbook provides a practical overview of the guarantee regimes in twenty-eight European countries, with country-by-country contributions from regional expert practitioners and academics. For easy comparison, each country report follows the same structure, from preliminary discussion on the provisions of a guarantee to its negotiation, drafting and enforcement."
074,The J. Paul Getty Museum handbook of the photographs collection /,
074,Law and economics from an evolutionary perspective /,"Law and economics are interdependent. Using a historical case analysis approach, this book demonstrates how the legal process relates to and is affected by economic circumstances. Glen Atkinson and Stephen P. Paschall examine this co-evolution in the context of the economic development that occurred in the nineteenth and early twentieth centuries as well as the impact of the law on that development. Specifically, the authors explore the development of a national market, the transformation of the corporation, and the conflict between state and federal control over businesses. Their focus on dynamic, integrated systems presents an alternative to mainstream law and economics. The authors apply John R. Commons's approach to three main law and economics issues: the changing relationship between corporations and the state, the application of the Commerce Clause and the Fourteenth Amendment of the US Constitution to state and federal regulation of business, and the relationship of antitrust law to industrialization. They provide a valuable linking of law with changing economic circumstances such as antitrust policy changes and the development of the corporate form. This analytical approach to the practice of law and economics will be of interest to researchers, students, and faculty in law and economics, economic history, constitutional law, economic regulation, public policy, and the sociology of law. Business students and researchers will also find value in this book's presentation of court decisions and exploration of economic development."
074,Legacies :,
074,Legal aspects of the transfer of technology to developing countries /,
074,Making the news :,
074,Marshalling of securities :,
074,Masterpieces of ivory from the Walters Art Gallery /,
074,Michael Kenna :,
074,Museology /,
074,The Napoleonic press :,
074,Nature's memory :,"""In Nature's Memory, zoologist Jack Ashby shares hidden stories behind the world's iconic natural history museums, from enormous mounted whale skeletons to cabinets of impossibly tiny insects. Look closely and all is not as it seems: these museums are not as natural, Ashby shows us, as we might think. Mammals dominate the displays, for example, even though they make up less than 1 percent of species; there are many more male specimens than females; and often a museum's most popular draw - the dinosaur skeletons - are not actually real. Over 99 percent of museum collections are held in immense, unseen storehouses. And it's becoming clear that these institutions have not been as honest about their complex histories as they should be. Yet natural history museums are also the only museums that can save the world - it is just starting to be understood that their vast collections are indispensable resources in the fight against biodiversity loss and climate catastrophe. Weaving together fresh historical research with surprising insights, Nature's Memory is a love letter to the joys, eccentricities and planet-saving potential of the world's best-loved museums.""--"
074,Nature's museums :,
074,Painting with light :,"This is a completely new guide to the Freer|Sackler Gallery collection of nineteenth- and twentieth-century photographs from Asia and the Middle East, which features some remarkable early photography as well as newly acquired works by leading modern and contemporary artists, photographers and film-makers. Highlights include extremely rare photonegative portraits of Cixi (1835–1908), the Qing empress dowager of China, photographed by the son of her senior lady-in-waiting, who may have been the only person ever permitted to photograph her. There is also a series of photos taken by Alice Roosevelt Longworth during the Taft Mission to Asia in 1905."
074,A personal view :,
074,Picture paradise :,
074,The Polaroid book :,"The Polaroid Corporation's photography collection is the greatest portfolio of Polaroid images in the world. Begun by Polaroid founder Edwin Land and photographer Ansel Adams, the collection now includes some 23,000 images by hundreds of photographers throughout the world, including pieces by the likes of David Hockney, Andy Warhol, and Jeanloup Sieff.The Polaroid Book dives into these archives, paying tribute to a medium that continues to defy the digital age. Like an oversized Polaroid film pack, this collection curates works by luminaries and unknowns alike, celebrating the boundless possibilities that develop inside the white borders of the original instant photograph."
074,Reconstructing the Lansdowne collection of classical marbles /,"The Lansdowne Collection once included 100 classical sculptures. It was essentially started by Gavin Hamilton (1723 - 1798), one of the most successful British explorers of the sites of antiquity during the 18th century. His enthusiasm and his acute aesthetic judgement inspired his patrons to assemble the collection for the specially designed gallery in Lansdowne - House. For a long time the famous private collection, created between the late 1760s and the 1820s, formed the heart of the Lansdowne mansi on in London before it was dispersed after 1930. Elizabeth Angelicoussis, expert for Roman sculpture in private British houses, has reunited the works, now scattered across the globe, in two art books. The first one illustrates, for example, the history of the formation of the collection and the gallery. The second volume catalogues and assesses each known sculpture and assigns it a place in current research and within the context of Roman art history ."
074,Remediating the 1820s /,
074,Retail fictions :,
074,Revolutionary news :,
074,"The sacred trusts : Pavilion of the Sacred Relics, Topkapı Palace Museum, Istanbul /",
074,Sculpture in stone :,
074,Secured transactions law reform :,
074,The silver canvas :,
074,Sports museums and halls of fame worldwide /,"""This work offers a comprehensive overview of sports museums and halls of fame worldwide. Over 580 of these facilities in 46 countries are listed, covering some 82 categories of sporting activities. Institutions are organized by sport. In addition to the informative descriptions provided for each, contact information for the various sites is included""--Provided by publisher."
074,The silver canvas :,
074,Sports museums and halls of fame worldwide /,"""This work offers a comprehensive overview of sports museums and halls of fame worldwide. Over 580 of these facilities in 46 countries are listed, covering some 82 categories of sporting activities. Institutions are organized by sport. In addition to the informative descriptions provided for each, contact information for the various sites is included""--Provided by publisher."
074,Symbol and surrogate :,
074,"Treasures of the National Museum of Anthropology, Mexico.",
074,True to the eyes :,"True to the Eyes' presents a selection of more than 200 photographs from the eclectic collection of Howard and Carole Tanenbaum. The book includes an interview with the Toronto-based collectors and essays exploring their deeply personal and socially aware approach to collecting. It highlights a range of photographic practices, from anonymous nineteenth-century daguerreotypes, tintypes, and albums to iconic works by Alfred Stieglitz, Lewis Hine, Brassa."
074,Tudors to Windsors /,"The Collection of the National Portrait Gallery, London, embraces over 500 years of British history, more than 60,000 sitters and explores ideas of social change, power and influence. Arguably as powerful and influential as any individual are the heads of state and empire, whose portraits are among the most popular in the Gallery's Collection. For the exhibition that accompanies this book, the portraits of kings, queens, statesmen and stateswomen featured will go on tour for the first time, providing international audiences with the opportunity to encounter these famous historical and contemporary personalities face to face. The publication traces major events in British history and examines the ways in which royal portraiture has reflected individual sitters' personalities and wider social, cultural and historical change. Works are arranged chronologically in sections, each of which is prefaced by an introductory text and timeline providing context to the period in question. Particularly significant portraits from each period are ac companied by extended captions that provide key information on the sitter and the artist. Tudors to Windsors also considers how each dynasty has been perceived and interpreted subsequently, with reference to popular culture and contemporary sources."
074,Using set-off as security :,
074,Walker Evans & company /,
074,The Wyvern collection :,"This is the definitive catalogue of one of the most important collections of medieval art that exists in private hands, not previously accessible to the public. Comprised of outstanding European sculptures of the medieval period, as well as some Late Antique and Byzantine pieces and related works of the post-medieval era, this stunning volume includes detailed descriptions of many items rarely or never before seen in print."
311,"The ""God of Israel"" in history and tradition /","""In The ""God of Israel"" in History and Tradition, Michael Stahl provides a foundational study of the formulaic title ""God of Israel"" ('Elohe Yisra'el) in the Hebrew Bible. Employing critical theory on social power and identity, and through close literary and historical analysis, Dr. Stahl shows how the epithet ""God of Israel"" evolved to serve different social and political agendas throughout the course of ancient Israel and Judah's histories. Reaching beyond the field of biblical studies, Dr. Stahl's treatment of the historical and ideological significances of the title ""God of Israel"" in the Hebrew Bible offers a fruitful case study into the larger issue of the ways in which religion may shape-and be shaped by-social and political structures""--"
311,1914: the coming of the First World War,
311,96 great interview questions to ask before you hire /,
311,An analysis of William Cronon's Nature's Metropolis :,"""What caused the rise of Chicago, and how did the city's expansion fuel the westward movement of the American frontier -- and influence the type of society that evolved as a result? Nature's Metropolis emerged as a result of William Cronon asking and answering those questions, and the work can usefully be seen as an extended example of the critical thinking skill of problem-solving in action. Cronon navigates a path between the followers of Frederick Jackson Turner, author of the thesis that American character was shaped by the experience of the frontier, and revisionists who sought to suggest that the rugged individualism Turner depicted as a creation of life in the West was little but a fiction. For Cronon, the most productive question to ask was not whether or not men forged in the liberty-loving furnace of the Wild West had the sort of impact on America that Turner posited, but the quite different one of how capitalism and political economy had combined to drive the westward expansion of the US. For Cronon, individualism was scarcely even possible in a capitalist machine in which humans were little more than cogs, and the needs and demands of capital, not capitalists, prevailed. Nature's Metropolis, then, is a work in which the rise of Chicago is explained by generating alternative possibilities, and one that uses a rigorous study of the evidence to decide between competing solutions to the problem. It is also a fine work of interpretation, for a large part of Cronon's argument revolves around his attempt to define exactly what is rural, and what urban, and how the two interact to create a novel economic force.""--Provided by publisher."
311,Basic statistics :,
311,The Cambridge Reinaert fragments (Culemann fragments) /,
311,Chicago 1966 :,
125,The city in a garden :,
311,The coming of the revolution 1763-1775 /,
311,Competing on talent in today's business world :,"It is currently an exciting time for organizations with regard to the recruitment of talent. The business and organizational pressures for finding and hiring the best people could not be greater. Recruitment has not changed as a process a vacancy still needs a suitable hire. However, the landscape, tools, technologies, behaviors and expectations regarding how an organization approaches sourcing and acquiring talent are changing rapidly. This book chronicles one organizations journey as it goes about re-orienting the focus of its talent acquisition capability from the current reactive process to a strategic and proactive program capable of consistently sourcing and recruiting the very best people available. Forward-looking companies are seizing this opportunity to create a true competitive advantage in talent sourcing and acquisition. They are focusing on fine-tuning the fundamentals, while devoting increased time and planning to the more strategic areas of talent acquisition, including workforce planning and strategic sourcing. Their best-in-class approaches elevate recruitment from a transactional, short-term focused activity to a strategic, integrated, long-term approach that optimizes their investments in people. This book articulates both the challenges and the response options that confront organizations as they compete for talent in this fast-changing business climate. The initial sections here provide a macro view on the changing work landscape and how recent trends and developments around technology and innovation are impacting the discipline of Talent Acquisition. The book is designed as a running case study profiling the best practices in recruiting. Drawing on both primary and secondary research, it adapts and learns from the best practices of high-impact business functions, such as a lean supply chain, analytics, process re-engineering, sales and marketing, and discusses the leading academics and practitioners in this regard. As such, this book will elevate awareness and discourse on the topic, and will help concretize a roadmap for organizations looking to revisit and re-invent their talent acquisition philosophies and practices as they compete for talent in todays world."
311,Contagion and war :,"""Contagion and War John Vasquez explains the processes that cause the spread of interstate war by looking at how contagion worked to bring countries into the First World War. Analysing all the key states that declared war, the book is comprised of three parts. Part I lays out six models of contagion: alliances, contiguity, territorial rivalry, opportunity, 'brute force', economic dependence. Part II then analyses in detail the decision making of every state that entered the war from Austria-Hungary in 1914 to the United States and Greece in 1917. Part III has two chapters-- the first considers the neutral countries, and the second concludes the book with an overarching theoretical analysis, including major lessons of the war and new hypotheses about contagion. This book will be of great interest to students and scholars of international relations, conflict studies and international history, especially those interested in the spread of conflict, or the First World War""--"
311,Cradle of violence :,
311,Crisis of empire :,
311,"Decisions for war, 1914-1917 /",
311,The development of a revolutionary mentality :,
311,Dreadnought :,
311,Effective recruitment & selection practices /,
311,Effective recruitment & selection practices /,
311,Effective recruitment and selection practices /,
311,Elementary statistical analysis /,"A beginning text especially designed for those who probably will not go in to statistics professionally but who plan to go into the physical, biological, and social sciences. The material presupposes only one semester of elementary mathematical analysis.Originally published in 1948.The Princeton Legacy Library uses the latest print-on-demand technology to again make available previously out-of-print books from the distinguished backlist of Princeton University Press. These editions preserve the original texts of these important books while presenting them in durable paperback and hardcover editions. The goal of the Princeton Legacy Library is to vastly increase access to the rich scholarly heritage found in the thousands of books published by Princeton University Press since its founding in 1905."
311,"Employee recruitment, selection, and assessment :","Personnel selection is changing. Whilst traditional face-to-face interviews are still common, the range of assessment processes that inform the selection of candidates is increasingly diverse, taking advantage not only of new technologies, but also using new methods and strategies, such as assessment centres and personality testing. This new collection looks at the most important contemporary issues in recruitment, selection and assessment today, highlighting the latest research from the perspective of both recruiter and applicant. The book is written by an international range of prominent scholars in this area, and provides up-to-date analysis of key topic areas, including: *How measurements of intelligence can impact on recruitment policies; * The use and value of personality tests; * An analysis of social interaction in the interview process; * The value and impact of video resumes in recruitment; * How social networks affect how applicants are perceived; * Job analysis and competencies modelling. Part of the Current Issues in Work & Organizational Psychology series, this is an important book that shines a light on the latest theory and practice in employee recruitment. It will interest not only students and researchers of Organizational Psychology, HRM and Business and Management, but will also engage professionals in the field."
311,Employer branding for competitive advantage :,"""This book shows how to build and maintain a distinctive and credible employer brand and develop a set of relevant success metrics to help measure ROI. Starting with the current interest in employer branding, this book looks at the historical roots of brand management and the practical steps to achieve employer brand management success. The book will review the pressures which have generated current interest in employer branding. It goes on to look at the historical roots of brand management and the practical steps necessary to achieve employer brand management success. The book includes the business case, research, positioning, implementation, management and measurement, and case studies of big-named employer brand stories. This book will provide new insight in the field of employer branding and provide directions and tools for organizational brand building. It will be beneficial for research scholars, engineers, practitioners, and management students""--"
311,Employment applications :,
311,Essentials of personnel assessment and selection /,"This book discusses the essentials that managers and other well-educated people should know about the assessment processes so widely used in contemporary society and so widely not understood. It emphasizes that good prediction requires well-formed hypotheses about personal characteristics that may be related to valued behavior at work and the need for developing a theory of the attribute one hypothesizes as a predictor, a thought process too often missing from work on selection procedures. In addition, it explores such topics as team-member selection, situational judgment tests, non-traditional tests, individual assessment, and testing for diversity. The goal is to produce an accessible guide to assessment that covers basic and advanced concepts in a straight-forward, readable style. It provides a review of the most relevant statistical concepts and modern selection practices that will equip the reader with the tools needed to be competent consumers of assessment procedures and practices, and to be well-informed about the kinds of questions to be answered in evaluating them. This book will appeal to instructors of advanced undergraduate and master's level courses on personnel selection and assessment. If supplemented by other readings on selected topics, it would be useful in doctoral seminars. Also, students interested in becoming users of research-based assessment and selection information and techniques will find it useful."
311,Essentials of personnel assessment and selection /,"This second edition provides managers and students the nuts and bolts of assessment processes and selection techniques. With this knowledge, managers learn to make informed personnel decisions based on the results of tests and assessments. The book emphasizes that employee performance predictions require well-formed hypotheses about personal characteristics that may be related to valued behavior at work. It also stresses the need for developing a theory of the attribute one hypothesizes as a predictor-a thought process too often missing from work on selection procedures. Topics such as team-member selection, situational judgment tests, nontraditional tests, individual assessment, and testing for diversity are explored. The book covers both basic and advanced concepts in personnel selection in a straightforward, readable style intended to be used in both undergraduate and graduate courses in Personnel Selection and Assessment."
311,Every goddamn day :,"""Every day is the anniversary of some historical or cultural moment in the great city of Chicago. Whether it's the dedication of the Pablo Picasso sculpture downtown on August 15, or the arrest of Rod Blagojevich at his Ravenswood home on December 9, or a fire that possibly involved a cow on October 8, each day is redolent with the power of the past. Here, acerbic Chicago Sun-Times columnist Neil Steinberg takes us on a tour of the year, illuminating the famous, obscure, tragic, and hilarious elements that make each day in Chicago one to remember""--"
311,The evidence in the case :,
311,Experiencing recruitment and selection /,
311,The fall of the first British Empire :,
311,Finding and hiring talent in a week /,
311,Finding and managing your employees /,
311,A first course in mathematical statistics /,
311,First martyr of liberty :,"First Martyr of Liberty explores how Crispus Attucks's death in the 1770 Boston Massacre led to his achieving mythic significance in African Americans' struggle to incorporate their experiences and heroes into the mainstream of the American historical narrative. While the other victims of the Massacre have been largely ignored, Attucks is widely celebrated as the first to die in the cause of freedom during the era of the American Revolution. He became a symbolic embodiment of black patriotism and citizenship. This book traces Attucks's career through both history and myth to understand how his public memory has been constructed through commemorations and monuments; institutions and organizations bearing his name; juvenile biographies; works of poetry, drama, and visual arts; popular and academic histories; and school textbooks. There will likely never be a definitive biography of Crispus Attucks since so little evidence exists about the man's actual life. While what can and cannot be known about Attucks is addressed here, the focus is on how he has been remembered--variously as either a hero or a villain--and why at times he has been forgotten by different groups and individuals from the eighteenth century to the present day."
311,Fish aquaculture :,
311,Frequency curves and correlation /,
311,Game changers in labour law :,"Game Changers in Labour Law' is pursued in the spirit and with the methods of the late Emeritus Professor Roger Blanpain (1932?2016), a great reformer who continuously searched for key challenges in the world of work and looked as far as possible into the future, engaging in critical reflection and rethinking the design of labour law. While seeking to identify the main game changers, the authors explore new pathways and answers which may help to understand and shape the future of work. This book provides full and integrated insight into labour law and industrial relations"
311,The genesis of the war /,
311,God interrupted :,
311,Gods and myths of Ancient Egypt /,"Robert Armour’s classic text, long cherished by a generation of readers, is now complemented with more than 50 new photographs and line drawings that show the gods and goddesses in their characteristic forms. Armour maintains a strong narrative thread with illuminating commentary in his lively, vigorous retelling of stories from Egyptian mythology, including those of the sun god Ra, the tragic death and rebirth of Osiris with the help of Isis, the near-burlesque of Horus’ battle with the evil Seth, and the ‘’gods of the intellect’’ Thoth and Maat. Now with an updated bibliography and glossary as well as new charts showing the gods at a glance and ancient Egyptian chronology in brief, this book is sure to inform and enchant a new generation of readers."
311,The great adventure :,
311,Guide to interviewing candidates /,
311,Handbook of employee selection /,"This second edition of the Handbook of Employee Selection has been revised and updated throughout to reflect current thinking on the state of science and practice in employee selection. In this volume, a diverse group of recognized scholars inside and outside the United States balance theory, research, and practice, often taking a global perspective. Divided into eight parts, chapters cover issues associated with measurement, such as validity and reliability, as well as practical concerns around the development of appropriate selection procedures and implementation of selection programs. Several chapters discuss the measurement of various constructs commonly used as predictors, and other chapters confront criterion measures that are used in test validation. Additional sections include chapters that focus on ethical and legal concerns and testing for certain types of jobs (e.g., blue collar jobs). The second edition features a new section on technology and employee selection. The Handbook of Employee Selection, Second Edition provides an indispensable reference for scholars, researchers, graduate students, and professionals in industrial and organizational psychology, human resource management, and related fields."
311,Handbook of employee selection /,"The Handbook of Employee Selection provides a comprehensive review of a) contemporary personnel selection instruments, including the technical methodology for their development and evaluation of their effectiveness, b) the organizational systems necessary for the effective and efficient use of personnel selection methods as part of organizations human resource management approach, and c) the societal and organizational factors that provide the context within which personnel selection is nested. The Handbook will include descriptions of specific examples of personnel selection procedures that have had major impact on the development of personnel selection function within organizations, as well as discussions of current and future trends in employee selection around the world."
311,The handbook of strategic recruitment and selection :,
311,Harvard business review on finding & keeping the best people.,
311,High performance hiring /,
311,High velocity hiring :,"The pioneer of High Velocity Hiring reveals his system for filling jobs effectively and instantly-making it your ultimate weapon in winning the war for talent In High-Velocity Hiring, you'll learn about the innovative and actionable program that's changing the way recruiting and hiring is done. The author explains how to stop participating in the old way of hiring (keeping a job open until the right person shows up), and instead, engage in the new way of hiring (cultivating top talent until the right job shows up). You'll learn how a straightforward step-by-step approach, called the Talent Accelerator Process harnesses a flow of top talent, eliminates hiring delays, and maintains a pool of people ready to hire."
311,Hire and keep the best people :,
311,Hire with your head :,
311,Hiring and firing /,"Hiring and firing are difficult to get right . . . and potentially costly to get wrong--both for your career and for the business. Do you really want to take that kind of risk? Business expert Brian Tracy says you don't have to!Hiring and Firing is the indispensable guide you absolutely must have by your side. This handy resource breaks down the simple but powerful strategies you can use to both bring better employees on board and weed the weaker ones out. By learning to implement these techniques that Tracy can testify firsthand to the effectiveness of, readers will be able to: - Write appealing and accurate job descriptions- Find suitable candidates- Ask the right questions- Probe past performance- Listen for the questions that indicate interviewees are qualified and serious- Provide clear direction and regular feedback- De-hire gracefully- And moreAt best, hiring and firing the wrong people wastes crucial company training time and money, while also reflecting poorly upon you. At worst . . . it could literally mean the beginning of the end for the business. Are you willing to take that chance?"
311,Hiring and firing /,"Hiring and firing are difficult to get right . . . and potentially costly to get wrong--both for your career and for the business. Do you really want to take that kind of risk? Business expert Brian Tracy says you don't have to!Hiring and Firing is the indispensable guide you absolutely must have by your side. This handy resource breaks down the simple but powerful strategies you can use to both bring better employees on board and weed the weaker ones out. By learning to implement these techniques that Tracy can testify firsthand to the effectiveness of, readers will be able to: - Write appealing and accurate job descriptions- Find suitable candidates- Ask the right questions- Probe past performance- Listen for the questions that indicate interviewees are qualified and serious- Provide clear direction and regular feedback- De-hire gracefully- And moreAt best, hiring and firing the wrong people wastes crucial company training time and money, while also reflecting poorly upon you. At worst . . . it could literally mean the beginning of the end for the business. Are you willing to take that chance?"
311,Hiring and retaining top IT professionals :,
311,Hiring great people /,
311,Hiring greatness :,"The Unprecedented Tell-All Guide Through the Intricacies of Executive Recruitment The single greatest opportunity that an organization has to improve both performance and culture in one stroke lies in the hiring of a new executive the right executive. The fresh thinking of a skilled leader has the potential to unleash innovation, empower employees, and generate wealth for the company. Similarly, a bad hire may mortally wound the organization and cause ripple effects throughout the entire economy. Hiring Greatness contains valuable insider strategies and tactics previously only known to a handful of America's wealthiest, elite head-hunters to attract, recruit, and retain star executives. Authors David E. Perry and Mark J. Haluska have completed more than 1800 search projects across five continents, maintaining a 99.97% success rate, and negotiating more than $380 million in salaries."
311,The hiring prophecies :,"A ten-year study by milewalk, which included more than ten thousand employees and two hundred companies, surfaced the hidden reasons why employers have difficulty hiring and retaining top talent. A job candidate's often faulty decision-making approach coupled with short-term emotions and other external influencers exacerbate an already-systemic issue regarding how employers evaluate job seekers. Companies will struggle with these challenges until they fully understand and account for the real reasons they have difficulty recruiting the right resources. In The Hiring Prophecies: Psychology behind Recruiting Successful Employees, a milewalk Business Book, learn a proven recruitment methodology that counteracts these ever-present challenges when evaluating job candidates. Once employers understand and implement the methods that address the true predictors of recruiting and retention success, they will be on their way to hiring employees who stay!"
311,Hiring smart for competitive advantage.,
311,Hiring the best and the brightest :,
311,Hiring the best person for every job :,
311,How to hire A-players :,
311,How to hire and develop your next top performer :,
311,How to recruit and select successful salesmen /,
311,How would you move Mount Fuji? :,
311,Human resource selection /,
311,Human resource selection /,
311,Human resource selection /,
311,Human resource selection /,
311,Human resource selection /,
311,Human resource selection /,"Packed with the latest research, court findings, and best practices from the field, Gatewood/Feild/Barrick's HUMAN RESOURCE SELECTION, 8E equips learners and practitioners alike with the tools to develop and implement effective selection programs within today's unique organizations. With an engaging presentation, the book focuses on the most important legal, global and ethical concerns; psychometric measurement concepts; job analysis; predictors of job performance; criteria measures; and much more. It also introduces future and current practitioners to the most popular selection tools-as well as the technical challenges. In addition, detailed discussions explore the role of social media in the selection process."
311,Human resources guidebook :,"Attracting and retaining the best employees is a herculean task, perhaps the most demanding one for today's manager. The Human Resources Guidebook can be a valuable resource for the manager who needs a thorough knowledge of all issues relating to employees. The book describes how to plan for the appropriate staffing and skill levels, as well as how to design jobs and tailor recruiting campaigns to attract the correct types of candidates. There is extensive coverage of employee development, including career development, training programs, and succession planning. It also notes the many types of compensation and benefits, as well as their tax implications, and finishes with coverage of legal issues, including discrimination, related laws, and records management requirements. In essence, the Human Resources Guidebook is the one-stop source for anyone who wants to develop a more effective human resources capability."
311,Institutions and imaginaries /,
311,Intensive fish farming /,
311,The interviewer's handbook :,"The Interviewer's Handbook advises on interview techniques for a variety of workplace situations including recruitment interviews, performance appraisals, attendance and absence management, discipline and grievance management and accident investigation. This book offers essential advice on the use of effective questioning techniques and how to get the most out of an interviewee. It provides in-depth guidance on the role that body language plays and examines the significance of listening techniques. The Interviewer's Handbook also shows how to encourage dialogue and avoid conflict in sensitive situations."
311,An introduction to Bayesian statistical decision processes /,
311,Introduction to statistics.,
311,The invention of God /,"Who invented God? When, why, and where? Thomas Roemer seeks to answer these questions about the deity of the great monotheisms-Yhwh, God, or Allah-by tracing Israelite beliefs and their context from the Bronze Age to the end of the Old Testament period in the third century BCE. That we can address such enigmatic questions at all may come as a surprise. But as Roemer makes clear, a wealth of evidence allows us to piece together a reliable account of the origins and evolution of the god of Israel. Roemer draws on a long tradition of historical, philological, and exegetical work and on recent discoveries in archaeology and epigraphy to locate the origins of Yhwh in the early Iron Age, when he emerged somewhere in Edom or in the northwest of the Arabian peninsula as a god of the wilderness and of storms and war. He became the sole god of Israel and Jerusalem in fits and starts as other gods, including the mother goddess Asherah, were gradually sidelined. But it was not until a major catastrophe-the destruction of Jerusalem and Judah-that Israelites came to worship Yhwh as the one god of all, creator of heaven and earth, who nevertheless proclaimed a special relationship with Judaism. A masterpiece of detective work and exposition by one of the world's leading experts on the Hebrew Bible, The Invention of God casts a clear light on profoundly important questions that are too rarely asked, let alone answered."
311,The job interview :,
311,Job interview corpus :,
311,The lamp of experience :,
311,Letters from Joseon :,
311,Making the cut :,"""Millions of workers today labor in nontraditional situations involving part-time work, temporary agency employment, and skills underutilization or face the precariousness of long-term unemployment. To date, research has largely focused on how these experiences shape workers' well-being, rather than how hiring agents perceive and treat job applicants who have moved through these positions. Shifting the focus from workers to hiring agents, Making the Cut explores how key gatekeepers-HR managers, recruiters, talent acquisition specialists-evaluate workers with nonstandard, mismatched, or precarious employment experience. Factoring in the social groups to which workers belong-such as their race and gender-David Pedulla shows how workers get jobs, how the hiring process unfolds, who makes the cut, and who does not. Drawing on a field experiment examining hiring decisions in four occupational groups and in-depth interviews with hiring agents in the United States, Pedulla documents and unpacks three important discoveries. Hiring professionals extract distinct meanings from different types of employment experiences; the effects of nonstandard, mismatched, and precarious employment histories for workers' job outcomes are not all the same; and the race and gender of workers intersect with their employment histories to shape which workers get called back for jobs. Indeed, hiring professionals use group-based stereotypes to weave divergent narratives or ""stratified stories"" about workers with similar employment experiences. The result is a complex set of inequalities in the labor market. Looking at bias and discrimination, social exclusion in the workplace, and the changing nature of work, Making the Cut probes the hiring process and offers a clearer picture of the underpinnings of getting a job in the new economy""--"
311,Management of lakes and ponds /,
311,Managerial statistics /,
311,Mastering the art of recruiting :,
311,Match :,
311,Men in rebellion :,
311,National income statistics :,
311,The new imperial economy :,
311,One more time :,
311,Organizational entry :,
311,"Origin & progress of The American Rebellion, a Tory view /",
311,The outbreak of the First World War :,
311,The outbreak of the First World War :,
311,The outbreak of the First World War :,
311,An outline of statistics /,
311,The Oxford handbook of personnel assessment and selection /,
311,The Oxford handbook of recruitment /,
311,The perfect crisis :,
311,Personnel selection :,"This is a fully updated edition of Personnel Selection, a seminal text on the psychometric approach to personnel selection by a noted expert in the field. * Focuses on cutting-edge topics including the influence of social networking sites, adverse impact, age differences and stereotypes, distribution of work performance, and the problems of selecting new employees using research based on incumbent employees * Questions established beliefs in the field, especially issues that have been characterized as not a problem, such as differential validity, over-reliance on self-report, and faking good * Contains expanded discussion of research and practice in the US and internationally, while maintaining the definitive coverage of UK and European selection approaches * Provides comprehensive yet accessible information for professionals and students, as well as helpful pedagogical tools (technical and statistical boxes, simplified figures and tables, research agenda boxes, key point summaries, and key references)."
311,Personnel selection :,
311,Personnel selection :,"Popular with students, academics and professionals alike, this is the fourth edition of ""Personnel Selection"". A thoughtful, entertaining and comprehensive text, this edition has been thoroughly revised to focus on the key issues and the latest research in this rapidly developing field. The features of the fourth edition include: The use of the internet in job application, recruitment and assessment; How job analysis is changing to meet changing concepts of the nature of work, leading to an increasing emphasis on broader abilities and dispositions; The big five model in personality: new measures, new reviews of selection research, links to job analysis, the use of broad factors vs. more specific facets; The problem of faking in personality questionnaires: its extent and its impact on selection decisions; The effectiveness of teams (as opposed to individuals) in terms of personality and ability; Adverse impact in selection, especially education, interview, biodata, assessment centres, personality tests, honesty tests. This book is essential reading for students and professionals in occupational psychology and HR who are interested in relating research to the real world practice of personnel selection."
311,Polish immigrants and industrial Chicago :,
311,Pond fisheries /,
311,Practical problems in business statistics /,
311,Precision recruitment skills :,"This book is great for anyone in management who has ever experienced the stress, frustration, and costs associated with poor recruitment decisions. Presented in an easy-to-read, engaging, step-by-step format, Rod Matthews has detailed practical ways to reduce the time and money spent on recruitment, while increasing the likelihood of recruiting the right person the first time. Complete with practical exercises, it contains insightful steps for improving skills around recruitment advertising, interview preparation, interviewing candidates, and what happens after the interview. In this humorous and engaging book, the author offers key insights from his extensive experience in dealing with people at all levels of organizations. It is highly recommended as a must-read manual for anyone whose job involves recruitment."
311,A primer of social statistics /,
311,Professional mail surveys /,
311,The professional recruiter's handbook :,
311,The psychology of personnel selection /,"""This engaging and thought-provoking text introduces the main techniques, theories, research and debates in personnel selection, helping students and practitioners to identify the major predictors of job performance as well as the most suitable methods for assessing them."" ""Tomas Chamorro-Premuzic and Adrian Furnham provide a comprehensive, critical and up-to-date review of the constructs we use in assessing people - intelligence, personality, creativity, leadership and talent - and explore how these help us to predict differences in individuals' performance. Covering selection techniques such as interviews, references, biographical data, judgement tests and academic performance, The Psychology of Personnel Selection provides a lively discussion of both the theory behind the use of such techniques and the evidence for their usefulness and validity.""--BOOK JACKET."
311,Readymade interview questions /,
311,Reasoning with statistics :,
311,Recruiting and retaining people /,
311,Recruiting employees :,
311,Recruiting on the Web :,
311,Recruiting on the Web :,
311,"Recruiting, interviewing, selecting & orienting new employees /",
311,"Recruiting, interviewing, selecting & orienting new employees /",
311,Recruitment advertising as an instrument of employer branding :,"The book offers a linguistic analysis of job advertising as an instrument of employer branding, investigating how the creation of the employer brand and the projection of employee value proposition are realised linguistically in a corpus of online job advertisements. The study is methodologically grounded in the current approaches to discourse analysis and business/organisational communication, as it is broadly understood, with particular emphasis on genre and register analysis, the language of persuasion and evaluation, as well as the language of (organisational) values.The analysis conducted in the book demonstrates that job advertisements constitute a distinct promotional business genre, a member of the system of genres applied in the job search context, increasingly resembling multi-modal marketing-type ads. The rhetorical structure of online recruitment advertisements confirms the initial hypothesis that job ads contribute to the projection and reinforcement of employer brands. The register of recruitment ads clearly harmonises with the employer branding function of the genre: extremely positive, encompassing a wide range of persuasive strategies, as well as lexico-grammatical choices contributing to the creation of employer brands, job advertising may justifiably be classified as a ""paradigm case"" of persuasion. With employer branding being deeply rooted in the values emanating from an organisation, the use of linguistic structures communicating or implying the system of attributes and values declared by the employing organisations is a powerful employer branding strategy, widely reflected in the corpus. Taking into account the interdisciplinary character of the analysis, the book will be of interest not only to linguists and business communication scholars, but also to human resource management and public relations researchers and practitioners."
311,Recruitment and selection :,"The workforce is changing and talent management is more important than ever. Recruitment and Selection: Strategies for Workforce Planning & Assessment unpacks best practices for designing, implementing, and evaluating strategies for hiring the right people. Using a proven job analysis framework, author Carrie A. Picardi uses her academic and industry experience to teach students how to assess candidates in an accurate, legal, and ethical manner. With clarity and relevance, this book truly bridges theory and concept with practice in an engaging manner and will benefit students who need to hit the ground running to successfully manage workforce needs and activities in a myriad professional settings."
311,Recruitment and selection /,
311,Recruitment and selection in Canada /,
311,Red dawn at Lexington :,
311,Revealing Chicago :,
311,The Russian origins of the First World War /,
311,Skills employers need time to measure them? :,
311,The sleepwalkers :,"Drawing on many fresh sources, this account reveals a Europe very different from the familiar picture, putting Serbia and the Balkans at the centre of the story. Starting with the ... assassination of Alexander I of Serbia in 1903, Clark shows how, far from being the place of enviable stability it appears to us, Europe was racked by chronic problems: a multipolar, fractured, multicultural world of clashing ideals, terrorism, militancy and instability, which was, fatefully, saddled with a conspicuously ineffectual set of political leaders. He shows how the rulers of Europe, who prided themselves on their modernity and rationalism, behaved like sleepwalkers, stumbling through crisis after crisis and finally convincing themselves that war was the only answer."
311,Social media recruitment :,"""In order to attract the right people into your organization despite a global shortfall of talented candidates, new methods are now needed to reach future talent. Social media needs to become a vital part of any recruitment strategy. Social Media Recruitment combines practical guidance with case studies and insights from industry thought leaders to provide a full understanding of what social media means for HR and recruitment and how to successfully integrate and use it. It covers the essentials from the beginning to the end of the process, including employer branding, interviewing and onboarding, and how to assess the ROI of the social media recruitment strategy. Ideal for all HR and recruitment professionals, and anyone responsible for talent strategy, this practical guide focuses on devising and implementing a social media recruitment strategy that works for your organization and is aligned with your recruitment objectives""--"
311,Social recruitment in HRM :,"This book was born from the desire to analyze the role of social recruitment in human resources management. The first chapter analyzes theoretical background of social media communication and focuses on the trend to make use of these instruments in SMEs and public and non-profit sectors. The second chapter explores an analysis of social sphere through three perspectives: a) how it has changed the identity of individuals; b) the relationship between social media and aspects of personality; c) the correlation between social media and cultural dimensions. The third chapter, focuses on the advantages and limitations of social recruitment and examines how employer branding can used strategically in order to attract potential candidates. The relationship between social network and recruitment has been analyzed through empirical research on public and non-profit sector and SMEs (using Cranet data) in the fourth chapter. The last chapter analyzes the competitive advantage which social recruitment can generate."
311,Spatial analysis :,
311,The spirit of '76 :,
311,Staffing organizations /,
311,Staffing organizations /,
311,Staffing organizations /,
311,Staffing organizations /,
311,Staffing organizations /,
311,Staffing organizations /,
311,Staffing organizations /,
311,The Star Creek papers /,
311,The statistical method in economics and political science :,"Originally published in 1929. This balanced combination of fieldwork, statistical measurement, and realistic applications shows a synthesis of economics and political science in a conception of an organic relationship between the two sciences that involves functional analysis, institutional interpretation, and a more workmanlike approach to questions of organization such as division of labour and the control of industry. The treatise applies the test of fact through statistical analysis to economic and political theories for the quantitative and institutional approach in solving social and industrial problems. It constructs a framework of concepts, combining both economic and political theory, to systematically produce an original statement in general terms of the principles and methods for statistical fieldwork. The separation into Parts allows selective reading for the methods of statistical measurement; the principles and fallacies of applying these measures to economic and political fields; and the resultant construction of a statistical economics and politics. Basic statistical concepts are described for application, with each method of statistical measurement illustrated with instances relevant to the economic and political theory discussed and a statistical glossary is included."
311,Statistical methods for social scientists :,
311,Statistical methods.,
311,Statistics : an introduction /,
311,Statistics in psychology and education :,
311,Statistics in psychology and education /,
311,Study guide for Ya-lun Chou :,
311,Success for hire :,
311,The talent delusion :,"All organisations have problems, and they nearly always concern people: how to manage them; whom to hire, fire or promote; and how to motivate, develop and retain high potential employees. Psychology, the main science for understanding people, should be a pivotal tool for solving these problems - yet most companies play it by ear, and billions of dollars are wasted on futile interventions to attract and retain the right people for key roles. Bridging the gap between the psychological science of talent and common real-world talent practices, The Talent Delusion aims to educate HR practitioners and leaders on how to measure, predict and manage talent. It will provide readers with data-driven solution to the common problems around employee selection, development and engagement; how to define and evaluate talent; how to detect and inhibit toxic employee behaviours; and how to identify and harness leadership potential."
311,The talent edge :,
311,Talent makers :,"""Hiring continues to be one of the worst aspects of most organizations. Chaos and frustration are the rule, not the exception. An unstructured and unmeasured process lets bias and subjectivity seep in, and companies end up with a mediocre, homogenous workforce. This book provides a complete, end-to-end framework to solving that problem in 30 days. It provides the theory, the tactical playbook, the real-world examples, and the underlying science to explain how you can: assess your hiring practice; measure the maturity of your hiring model; quantify the lifetime value of your employees; structure your hiring practice to remove bias; and handle change management for in overhauling your practice""--"
311,Talent relationship management :,"In times of growing talent shortage, companies have to find new ways to fill their strategic positions from the outside. This book presents useful and competitive solutions for hiring talented and motivated employees. The author presents four concrete fields of action to achieve this and provides the reader with definitions of strategically relevant key and bottleneck functions. The book emphasizes the fact that employers must sell relevant functions just like they would as part of an employer branding strategy. Employers are moving towards active sourcing strategies beyond job ads and headhunting. They must maintain and manage relations with promising talent once they have been identified. Finally, employers must ensure a positive candidate experience. This book serves as a handy reference for HR managers and talent recruiters."
311,Talent without borders :,
396,Children of radium :,
396,Choice and challenge for the American woman.,
396,The feminine mystique /,
396,The feminine mystique /,
396,The glucose revolution :,
396,Lecturing :,
396,Medieval Jews and the Christian past :,"The historical consciousness of medieval Jewry has engendered lively debate in the scholarly world. The focus in this book is on the historical consciousness of the Jews of Spain and southern France in the late Middle Ages, and specifically on their perceptions of Christianity and Christian history and culture. In his detailed analysis of Jews' understanding of the history of the communities they lived among, Ram Ben-Shalom shows that in these southern European lands Jews experienced a relatively open society that was sensitive to and knowledgeable about voices from other cultures, and that this had significant consequences for shaping Jewish historical consciousness. Among the topics that receive special attention are what Jews knew of the significance of Rome, of Jesus and the early days of Christianity, of Church history, and of the history of the Iberian monarchies. Ben-Shalom demonstrates that, despite the negative stereotypes of Jewry prevalent in Christian literature and increasing familiarity with that literature, they were more influenced by their interactions with Christian society at the local level. Consequently, there was no single stereotype that dominated Jewish thought, and frequently little awareness of the two cultures as representing distinct theologies. This book contributes to medieval Jewish intellectual history on many levels, demonstrating that, in Spain and southern France, Jews of the later Middle Ages evinced a genuine interest in history, including the history of non-Jews, and that in some cases they were deeply familiar with Christian and sometimes also classical historiography. In providing a comprehensive survey of the multiple contexts in which historiographical material was embedded and the many uses to which it was put, it enriches our understanding of medieval historiography, polemic, Jewish-Christian relations, and the breadth of interests characterizing Provencal and Spanish Jewi"
396,Therapeutic uses of trace elements /,
396,The trouble with women is men /,
396,Understanding and controlling the microstructure of complex foods /,
396,Woman and man :,
396,Women and the new East /,
396,Women and the new East /,
853,Adventures in speech :,
853,Alberto Moravia /,
853,Andrea da Barberino and the language of chivalry /,
853,"Antisemitism, misogyny, & the logic of cultural difference :",
853,The architecture of imagery in Alberto Moravia's fiction /,
853,The art and science of Stanislaw Lem /,
853,The author in criticism :,"""The Author in Criticism offers a comparative analysis of the reception and circulation of Italo Calvino's works in the United States of America, the United Kingdom and Italy, proposing new views that arise from the analysis of the different phases and faces that characterize Calvino's transnational authorial profile""--"
853,Baudolino /,"""It is April, 1204, and Constantinople, the splendid capital of the Byzantine Empire, is being sacked and burned by the knights of the Fourth Crusade. Amid the carnage and confusion, one Baudolino saves a Byzantine historian and high court official from certain death at the hands of the crusading warriors, and proceeds to tell his own fantastical story. Born a simple peasant in northern Italy, Baudolino has two major gifts - a talent for learning foreign languages and skill in telling lies. One day, when still a boy, he met a foreign commander in the woods, charming him with his quick wit and lively mind. The commander - who proves to be the Emperor Frederick Barbarossa - adopts Baudolino and sends him to the university in Paris, where he makes a number of fearless, adventuring friends."" ""Spurred on by myths and their own reveries, this merry band sets out in search of Prester John, a legendary priest-king who was said to rule over a vast kingdom in the East - a phantasmagorical land of strange creatures with eyes on their shoulders and mouths on their stomachs, of eunuchs, unicorns, and lovely maidens.""--BOOK JACKET."
853,"Blind Argus, or, The fables of the memory /",
853,Boccaccio :,"""Along with Dante and Petrarch, Boccaccio (1313-1375) is one of the ""Three Crowns"" of Italian literature, a trio of writers who shaped the history of humanism, literature, and poetry in Italy, Europe, and beyond. Much as Dante established vernacular Italian in poetry, Boccaccio did the same for prose, most notably in his best-known work, the Decameron, an unforgettable work that takes an unflinching look at human passion, celebrates storytelling and community as a means of survival. This major biography by the esteemed literary scholar Marco Santagata sheds new light on Boccaccio's life-his family, friends, and foes; his aspirations, fears, and frustrations. Santagata shows in this rich portrait how the transformations Italy was undergoing at the time affected Boccaccio at various stages of his life. Most importantly, he shows how the world around him shaped Boccaccio's understanding of what literature could be; what kinds of stories it could or should convey and what kinds of characters it could depict; and, perhaps most importantly, what role literature and art can play in a changing world. This work promises to be the definitive biography of Boccaccio for many years to come""--"
853,Boccaccio and exemplary literature :,"""This is the first monograph to provide a comprehensive interpretation of the Decameron's response to classical and medieval didactic traditions. Olivia Holmes unearths the rich variety of Boccaccio's sources, ranging across Aesopic fables, narrative collections of Islamicate origin, sermon-stories and saints' lives, and compilations of historical anecdotes. Examining the Decameron's sceptical and sexually permissive contents in relation to medieval notions of narrative exemplarity, the study also considers how they intersect with current critical assertions of fiction's power to develop empathy and emotional intelligence. Holmes argues that Boccaccio provides readers with the opportunity to exercise both what the ancients called ""Ethics,"" and our contemporaries call ""Theory of Mind."" This account of a vast tradition of tale collections and its provocative analysis of their workings will appeal to scholars of Italian literature and medieval studies, as well as to readers interested in evolutionary understandings of storytelling""--"
853,Boccaccio's Decameron and the Ciceronian Renaissance /,"""Boccaccio's Decameron and the Ciceronian Renaissance demonstrates that Boccaccio's puzzling masterpiece takes on organic consistency when viewed as an early modern adaptation of a pre-Christian, humanistic vision""--"
853,Boccaccio's heroines :,
853,Brainwashing :,
853,Bread and wine /,
853,The Cambridge Companion To Boccaccio /,"""This book is designed for multiple audiences: those who are coming to Boccaccio for the first time, or who may have only a passing acquaintance with his work, those studying his texts as undergraduate or postgraduate students, and those scholars interested in the production and reception of Boccaccio's works from the medieval to the modern day. Although our Companion is relatively simple in form - a collection of short chapters which each take on key aspects of Boccaccio's life and works - we hope to give a sense of the complex interrelation between his texts, the social and literary contexts which conditioned their composition, and their subsequent reception in the centuries since. Boccaccio was a writer who mastered all the medieval language arts and showed a keen interest in literary theory and the interpretation of texts. Equally at home writing poetry, prose, and letters, he also produced commentaries on classical and vernacular texts, wrote encyclopaedic collections of mythological and historical biographies, and avidly collected classical, patristic, and contemporary writings in his own autograph notebooks""--"
853,The Cambridge companion to Primo Levi /,
853,The Cambridge companion to the Italian novel /,
853,Candido :,
853,Carlo Emilio Gadda :,
853,The complete works of Primo Levi /,
853,The complete works of Primo Levi /,"""In the works for sixteen years, The Complete Works of Primo Levi is the most ambitious literary translation of the twenty-first century. Primo Levi, the Italian-born chemist once described by Philip Roth as that ""quicksilver little woodland creature enlivened by the forest's astute intelligence,"" has largely been considered a heroic figure in the annals of twentieth-century literature for If This Is a Man, his haunting account of Auschwitz. Yet Levi's body of work extends considerably beyond his experience as a survivor. Now, the transformation of Levi from Holocaust memoirist to one of the twentieth century's greatest writers culminates in this magisterial publication of The Complete Works of Primo Levi, which, twenty-eight years after his premature death in Turin, finally collects all of Levi's fourteen books--memoirs, essays, poetry, and fiction--into three slip-cased volumes, along with new translations, one revised by the original translator, and an introduction by Nobel laureate Toni Morrison. The appearance of this historic publication will occasion a major reappraisal of ""one of the most valuable writers of our time"" (Alfred Kazin)"" --"
853,Comrade Don Camillo /,
853,The day of judgment /,
853,Deliver us /,
853,A different sea /,
853,EEG brain signal classification for epileptic seizure disorder detection /,
853,Follow your heart /,
853,Francesco Jovine :,
853,From margins to mainstream :,
853,Great Italian short stories /,
853,The ideology of the Decameron /,
853,In Sicily /,
853,The island of the day before /,
853,The Italian novella :,
853,The keeper of ruins and other inventions /,
853,The lament of the linnet /,
853,Language in Giovanni Verga's early novels /,
853,The leopard /,
853,The life of God (as told by Himself) /,
853,The name of the rose /,
853,Neuropathology of epilepsy /,"""This multi-authored book intends to describe the neuropathological appearances associated with epilepsy in childhood and in adults and is based on personal experience of authors working at institutions in the UK and USA who have a strong commitment with epilepsy. The literature on the subject is reviewed. Special emphasis is given to correlations between physical signs and symptoms, radiological presentation, suitability to various operative procedures and pathological findings. The book will include chapters by physicians, physiologists, radiologists, neurosurgeons, all with special interest in the field of epilepsy. The description of the pathological features will include immunohistochemical data as well as results of morphometric analysis.""--BOOK JACKET."
853,The new Italian novel /,
853,Night's lies /,
853,On friendship and freedom :,"""Ignazio Silone was an important and mid 20th century Italian writer. A communist, he spent much of his time in Switzerland during World War II and was supported by Marcel Fleischmann. A wealthy businessman and supporter of culture. This ms is a translation of their correspondence, translated from French (Silone's letters) and German (Fleischmann's letters)""--"
853,Order from chaos :,
853,Postscript to the Middle Ages :,"More than a quarter century after its publication in English, Umberto Eco’s The Name of the Rose remains a popular novel among medievalists and non-medievalists alike. Its riveting account of a series of murders at a wealthy Italian abbey during the papacy of John XXII, amidst the tensions of the Franciscan Spiritualist controversy, provides an excellent point of entry to the cultural, philosophical, and theological milieu of fourteenth-century Europe. This collection of essays approaches the novel as a primary text in medieval studies courses and seeks to provide ways of integrating it into such courses effectively. Part One of the collection consists of essays addressing the pedagogi­cal advantages and pitfalls of teaching The Name of the Rose in a variety of medieval courses, including literature, cultural studies, history, religious studies, art history, and manuscript studies. Serving as a bridge between the explicitly pedagogical essays that precede it and the critical essays that follow, Part Two explores the relationship between Eco’s novel and Jean-Jacques Annaud’s 1986 film version. The volume concludes with a selection of scholarly essays addressing major medieval historical figures, movements, and cultural phenomena as they pertain to the novel, including fourteenth-century apocalyptic reflections on medieval language and sign theories, and the search for the lost second book of Aristotle’s Poetics. While each essay in the collection stresses its own disciplinary contexts and concerns, they also enrich each other, providing a valuable addition to the relatively small canon of texts on medieval pedagogy."
853,The princess and the dragon /,
853,Puzzling cases of epilepsy /,
853,The quality of light :,
853,The quality of light :,
853,The reprisal :,
853,The road to San Giovanni /,
853,Senso (and other stories) /,
853,Short stories /,
853,Six memos for the next millennium /,"With imagination and wit, Italo Calvino sought to define the virtues of the great literature of the past in order to shape the values of the future. His effervescent last works, left unfinished at his death, were the Charles Eliot Norton lectures, which he was due to deliver at Harvard in 1985-86. These surviving drafts explore the literary concepts closest to his heart: Lightness, Quickness, Multiplicity, Exactitude and Visibility (Constancy was to be the sixth), in serious yet playful essays that reveal his debt to the comic strip and the folktale. This collection, now in a fluent and supple new translation, is a brilliant precis of a great writer whose legacy will endure through the millennium he addressed."
853,Six memos for the next millennium /,
853,Solitudes :,
853,Sparrow /,
853,A Stanislaw Lem reader /,
853,Sweet nothings :,"A taxonomy of sweetness, a rhapsody of artificial flavors, and a multi-faceted theory of pleasure, ""Sweet Nothings"" is made up of one hundred illustrated micro essays organized by candy color, from the red of Pop Rocks to the purple Jelly Bonbon in the Whitman's Sampler. Each entry is a meditation on taste and texture, a memory unlocked. Everyone's favorites--and least favorites--are carefully considered, including Snickers and Trader Joe's Peanut Butter Cups, as well as the beloved Good n' Plenty and Werther's Originals. ""Sweet Nothings"" moves associatively, touching on pop culture, art, culinary history, philosophy, body image, and class-based food moralism. Sarah Perry's pure love of candy weaves together elegiac glimpses of her 90s childhood--and the loss at its center--with stories of love and desire. Surprisingly smart and frequently funny, ""Sweet Nothings"" is a tart and sweet ode to finding small joys where you can."
853,Take-off /,
853,The temple of costly experience /,
853,"The Lincoln and Douglas debates in the senatorial campaign of 1858 in Illinois, between Abraham Lincoln and Stephen Arnold Douglas : containing also Lincoln's address at Cooper Institute /",
853,Umberto Eco and the open text :,
853,The vintage sweets book /,"'The Vintage Sweets Book' takes you on a delicious journey back to your favourite childhood treats, allowing you to rediscover the magic by creating them in your very own kitchen! Angel Adoree provides a mouth-watering selection of retro sweet recipes to make with your friends and family. And don't forget to add the vintage touch: presentation suggestions throughout help you get the maximum impact when you serve up your sweets."
853,Visualizing Boccaccio :,
853,The voice of memory :,"""During the course of more than twenty-five years, Primo Levi gave over two hundred newspaper, journal, radio, and television interviews, speaking with figures as varied as Philip Roth and Germaine Greer. Thirty-six of the most important of these interviews - selected by Marco Belpoliti and Robert Gordon, with many translated into English for the first time - appear in The Voice of Memory."" ""We recognize here the familiar voice of Levi's masterpieces, from Survival in Auschwitz to The Drowned and the Saved. But we also encounter a fuller, more complex picture of the writer who was famously shrouded in his past. We see Levi the Holocaust witness alongside Levi the writer, the chemist, the intellectual, the polemicist, and the atheist and Jew, embracing his Jewish culture as he rejects a faith he could not share."" ""Levi stunningly emerges in a rich, contradictory, and essentially human light - he was a classic figure out of place. As he himself states, ""I am an amphibian, a centaur . . . I live with this paranoiac split."" Perhaps the most important of the Holoaust's survivor-writers, Levi's stature is still further enhanced by the remarkable voices speaking in this remarkable book.""--BOOK JACKET."
853,"The wayward wife, and other stories /",
853,The woman of Rome :,
853,Women and epilepsy /,
899,Aborigines of Victoria :,
899,"Adivasis, migrants and the state in India /","This book looks at the contested relationship between Adivasis or the indigenous peoples, migrants and the state in India. It delves into the nature and dynamics of competition and resource conflicts between the Adivasis and the migrants. Drawing on the ground experiences of the Dandakaranya Project – when Bengali migrants from erstwhile East Pakistan (now Bangladesh) were rehabilitated in eastern and central India – the author traces the connection between resource scarcity and the emergence of Naxalite politics in the region in tandem with the key role played by the state. He critically examines the way in which conflicts between these groups emerged and interacted, were shaped and realised through acts and agencies of various kinds, as well as their socio-economic, cultural and political implications. The book explores the contexts and reasons that have led to the dispossession, deprivation and marginalisation of Adivasis. Through rich empirical data, this book presents an in-depth analysis of a contemporary crisis. It will be useful to scholars and researchers of political studies, South Asian politics, conflict studies, political sociology, cultural studies, sociology and social anthropology."
899,African American music :,"African-American Music provides an introduction to all the richness and diversity of African-American musical styles, focusing on the distinct characteristics and development of each genre and its inherent styles including: spirituals, blues, gospel, ragtime, jazz, pop, and classical music."
899,African American music :,
899,African American religion :,"""African American Religion offers a provocative historical and philosophical treatment of the religious life of African Americans. Glaude argues that the phrase ""African American religion"" is meaningful only insofar as it singles out the distinctive ways religion has been leveraged by African Americans to respond to different racial regimes in the United States. That bold claim frames how he reads the historical record. Slavery, Jim Crow, and current appeals to color blindness serve as a backdrop for his treatment of conjure, African American Christianity and Islam""--"
899,"African American religions, 1500-2000 :","This book provides a narrative historical, postcolonial account of African American religions. It examines the intersection of Black religion and colonialism over several centuries to explain the relationship between empire and democratic freedom. Rather than treating freedom and its others (colonialism, slavery, and racism) as opposites, Sylvester A. Johnson interprets multiple periods of Black religious history to discern how Atlantic empires (particularly that of the United States) simultaneously enabled the emergence of particular forms of religious experience and freedom movements as well as disturbing patterns of violent domination. Johnson explains theories of matter and spirit that shaped early indigenous religious movements in Africa, Black political religion responding to the American racial state, the creation of Liberia, and FBI repression of Black religious movements in the twentieth century. By combining historical methods with theoretical analysis, Johnson explains the seeming contradictions that have shaped Black religions in the modern era."
899,After the ancestors :,"""After the Ancestors The passage from pagan to Christian and tribesman to citizen has been exhaustively documented, but the people who make up that story have mostly been written out of it. This account, set in Nias, Indonesia, captures the human dilemmas attending the world- historical transformation from tribalism to modernity. The author allows the complexity of the issues - the hold of the past on the present, perspectives on life and death, vengeance and morality - to emerge through dramatic encounters. Innovative and personally challenging, this book is about a radically different world and the search for a common humanity that underlies cultural difference. It is also about the process of coming to understand another society and the formation of an anthropologist. Interweaving a gripping narrative of fieldwork with the drama of life in a tribal society in extremis, this book is essential reading for students of anthropology and the general reader alike""--"
899,Ancestry of experience :,
899,Bidasari :,
899,Black clouds over the Isle of Gods and other modern Indonesian short stories /,
899,Boomerang : Australia rediscovered.,
899,The Cambridge companion to Jewish music /,""" ... Presenting a range of fresh perspectives on the field, the chapters explore Jewish liturgy, klezmer, music in Israel, the music of Yiddish theater and cinema, and classical music from the Jewish Enlightenment through to the postmodern era. Additional contributions set Jewish music in context and offer an overview of the broader issues that arise in its study, such as questions of diaspora, ontology, economics, and the history of sound technologies.""--Back cover."
899,The Celtic quest in art and literature :,"Devoted to Celtic culture, a compendium of classic and never-before-published poetry, fables, fairy tales, and lyrics culled from pagan Celtic sources and contemporary Irish bards such as Dylan Thomas is illustrated with more than 120 reproductions."
899,Chinese outbound tourism 2.0 /,"Booming Mainland Chinese outbound travel is one of the most exciting phenomena in the world tourism industry's recent history. Between 1994 and 2013, the number of outbound trips by Mainland Chinese citizens rose 16 fold from 6.1 million to 98.2 million. China is not only the world's fastest growing source market, but now the largest source market in terms of both visitation amount and travel spending. Today's Chinese tourists are more confident, technologically savvy, value conscious, and ready to explore unfamiliar territory. For tourism marketers and researchers who are getting ready to or just celebrated their initial ""west-meets-east"" moments, a new wave of Chinese tourists are showing up at their door and presenting new challenges for marketing and the provision of service. In this book, leading authors from around the world share their most cutting-edge findings and thoughts on the Chinese outbound travel market and these tourists. The book reflects on the paths of Chinese outbound travel development, reports new trends and issues, and provides new insights and recommendations. For practitioners around the world, such as destination policymakers and marketers, travel and tourism service providers, owners, and managers, this book will provide hands-on guidance on understanding tourists from Mainland China. For tourism scholars, educators, and students, this book provides basic yet essential knowledge on Chinese outbound travel market and tourist behavior and points out important future directions. This book would also be excellent supplemental reading for students in international tourism classes."
899,"Christianity, Islam, and nationalism in Indonesia /","Although over eighty percent of the country is Muslim, Indonesia is marked by an extraordinary diversity in language, ancestry, culture, religion and ways of life. This book focuses on the Christian Dani of West Papua, providing a social and ethnographic history of the most important indigenous population in the troubled province. It presents a fascinating overview of the Dani's conversion to Christianity, examining the social, religious and political uses to which they have put their new religion."
899,The class reunion :,
899,Clearing a space :,
899,Contemporary indonesian poetry :,
899,The correspondence of the kings of Ur :,"The Correspondence of the Kings of Ur is a collection of literary letters between the Ur III monarchs and their high officials at the end of the third millennium B.C. The letters cover topics of royal authority and proper governance, defense of frontier regions, and the ultimate disintegration of the empire and represent the largest corpus of Sumerian prose literature we possess. This long-awaited edition, based on extensive collation of almost all extant manuscripts, numbering more than a hundred, includes detailed historical and literary analyses, and copious philological commentary. It entirely supersedes the Michalowski's oft-cited unpublished Yale dissertation of 1976."
899,Cross-border welfare state :,
899,Cultural options and the role of tradition :,
899,Decolonizing African knowledge :,
899,Diverse lives :,"Since the 1940s, the short story has established itself as a very popular literary form in modern Indonesian literature. This volume brings together fifteen Indonesian stories written in the 1980s and early 1990s by writers drawn from different parts of the archipelago. Boasting settings ranging from rural villages to urban slums and dealing with issues affecting the lives of the rich and powerful as well as those of the poor and powerless, the stories in this collection present a variety of characters and themes representative of the diversity of Indonesia itself. Many of the stories are characterized by realism, some are forays into fantasy, but almost all are generated by conflict - literal or figurative - within an individual, between individuals, or between individuals and society."
899,Down by the riverside :,"Down by the Riverside provides an expansive introduction to the development of African American religion and theology. Spanning the time of slavery up to the present, the volume moves beyond Protestant Christianity to address a broad diversity of African American religion from Conjure, Orisa, and Black Judaism to Islam, African American Catholicism, and humanism. This accessible historical overview begins with African religious heritages and traces the transition to various forms of Christianity, as well as the maintenance of African and Islamic traditions in antebellum America. Preeminent contributors include Charles Long, Gayraud Wilmore, Albert Raboteau, Manning Marable, M. Shawn Copeland, Vincent Harding, Mary Sawyer, Toinette Eugene, Anthony Pinn, and C. Eric Lincoln and Lawrence Mamiya. They consider the varieties of religious expression emerging from migration from the rural South to urban areas, African American women's participation in Christian missions, Black religious nationalism, and the development of Black Theology from its nineteenth-century precursors to its formulation by James Cone and later articulations by black feminist and womanist theologians. They also draw on case studies to provide a profile of the Black Christian church today."
899,Feminist readings of Philippine fiction :,"The author detects the coexistence of feminist consciousness and its unconscious repression in short stories by Lilia Pablo Amansec, Edith L. Tiempo, Tita Lacambra-Ayala, Kerima Polotan, and Ines Taccad Cammayo. She also examines the representation of women by four male fictionists - Nick Joaquin, Rony V. Diaz, Gregorio C. Brillantes, and Jose Y. Dalisay, Jr. Except for young Dalisay, all these writers were most productive during the so-called Golden Age of Philippine Fiction in English, an age when feminism was a non-word in literary discourse. An analysis of their stories within the contemporary feminist environment opens them to fresh insights which the traditional male canon would normally overlook. This book thus hopes to develop an awareness of a fascinating activity, namely, reading as a woman, particularly a Filipino woman. But the reader need not be a woman to get the point."
899,Foodways and empathy :,"Through the sharing of food, people feel entitled to inquire into one another's lives and ponder one another's states in relation to their foodways. This in-depth study focuses on the Bosmun of Daiden, a Ramu River people in an under-represented area in the ethnography of Papua New Guinea, uncovering the conceptual convergence of local notions of relatedness, foodways, and empathy. In weaving together discussions about paramount values as passed on through myth, the expression of feelings in daily life, and the bodily experience of social and physical environs, a life-world unfolds in which moral, emotional, and embodied foodways contribute notably to the creation of relationships. Concerned with unique processes of ""making kin,"" the book adds a distinct case to recent debates about relatedness and empathy and sheds new light onto the conventional anthropological themes of food production, sharing, and exchange."
899,Free as they want to be :,"‘Free as they want to be’: Artists Committed to Memory is the companion publication to the FotoFocus biennial exhibition that is scheduled for Fall 2022 and will run at the National Underground Railroad Freedom Center until Spring 2023. This project considers the historic and contemporary role that photography and film have played in remembering legacies of slavery and its aftermath while examining the social lives of Black Americans within various places including the land, at home, in photographic albums, at historic sites, and in public memory.This exhibition acknowledges artists’ constant involvement with efforts to explore the possibilities of freedom and their relationship to it. Their quest to be ‘as free as they want to be’ is envisioned in the subject matter they explore as well as in their persistent drive to innovate aesthetic practices in photographic media. The publication presents some 20 artists working in photography, video, silkscreen, projection, and mixed media installation.Free as they want to be is inspired by the words of James Baldwin and the timely theme of FotoFocus, World Record, as well as events of late that have shaped the world as we know it. The artists selected for this publication are on the frontlines, creating, documenting, and writing. The works they have conceived reflect defining moments in the struggle for racial justice and equality."
899,From class to culture :,
899,Frontier cultures :,
899,Gods and soldiers :,
899,A good provider is one who leaves :,"""When Jason DeParle moved in with Tita Comodas in the Manila slums thirty years ago, he didn't expect to make a lifelong friend. Nor did he expect to spend decades reporting on her family--husband, children, and siblings--as they came to embody the stunning rise of global migration. In A Good Provider Is One Who Leaves, DeParle paints an intimate portrait of an unforgettable family across three generations, as migration reorders economics, politics, and culture across the world. At the heart of the story is Rosalie, Tita's middle child, who escapes poverty by becoming a nurse, and lands jobs in Jeddah, Abu Dhabi and, finally, Texas--joining the record forty-four million immigrants in the United States. Migration touches every aspect of global life. It pumps billions in remittances into poor villages, fuels Western populism, powers Silicon Valley, sustains American health care, and brings one hundred languages to the Des Moines public schools. One in four children in the United States is an immigrant or the child of one. With no issue in American life so polarizing, DeParle expertly weaves between the personal and panoramic perspectives. Reunited with their children after years apart, Rosalie and her husband struggle to be parents, as their children try to find their place in a place they don't know. Ordinary and extraordinary at once, their journey is a twenty-first-century classic, rendered in gripping detail""--"
899,The Harps that once-- :,
899,Health :,"Health explores the vision and knowledges with which Aboriginal people are re-shaping considerations of health and wellbeing today. It offers concepts that are not tied to Western practices, as it delves into Indigenous birthing, end-of-life care and other cultural rituals."
899,"Heartbeat, warble, and the electric powwow :","Despite centuries of suppression and oppression, American Indian music survives today as a profound cultural force. Heartbeat, Warble, and the Electric Powwow celebrates in depth the vibrant soundscape of Native North America, from the ""heartbeat"" of intertribal drums and ""warble"" of Native flutes to contemporary rock, hip-hop, and electronic music. Drawing on more than one hundred interviews with musicians, producers, ethnographers, and record-label owners, author and musician Craig Harris conjures an aural tapestry in which powwow drums and end-blown woodwinds resound alongside operatic and symphonic strains, jazz and reggae, country music, and blues."
899,The heritage of traditional Malay literature :,
899,"Honour, mana, and agency in Polynesian-European conflict /","Focusing on the era of ""first encounters"" in Polynesia, this book provides a fresh look at some of the early contacts between indigenous people and the captains and crew of European ships. The case studies chosen enable comparison of New Zealand Maori-European transactions with similar Pacific ones. The book examines the conflict situations that arose and the reasons for physical violence, highlighting the roles of honour, mana, and agency. Drawing on a range of archival materials, sailor and missionary journals, as well as indigenous narratives, Wilkes applies an analytical method typically used for examining much more recent conflict. She compares different ways of ""seeing"" and ""knowing"" the world and reflects on the reasons for poor decision-making amongst all the social actors involved. The evidence presented in the book strongly suggests that preventing violence - promoting and negotiating peace - happens most effectively when mana and honour are acknowledged between parties."
899,L'image de la femme dans les littératures modernes indonésienne et malaise /,
899,Immigrant and refugee children and families :,"Designed for students of social work, public policy, ethnic studies, community development, and migration studies, Immigrant and Refugee Children and Families provides the best knowledge for culturally responsive practice with immigrant children, adolescents, and families. This textbook summarizes the unique circumstances of Asian/Pacific Islander, Latino, South Asian, African, and Middle Eastern immigrant and refugee populations and the challenges faced by the social service systems, including child welfare, juvenile justice, education, health, and mental health care, that attempt to serve them. Each chapter features key terms, study questions, and resource lists, and the book meets many Council on Social Work Education Educational Policy and Accreditation Standards (EPAS) competencies. The book addresses the policy landscape affecting immigrant and refugee children in the United States, and a final section examines current and future approaches to advocacy."
899,Indigenous literature of Oceania :,
899,Introducing African American religion /,
899,Issues in African American music :,"Issues in African American Music: Power, Gender, Race, Representation is a collection of twenty-one essays by leading scholars, surveying vital themes in the history of African American music. Bringing together the viewpoints of ethnomusicologists, historians, and performers, these essays cover topics including the music industry, women and gender, and music as resistance, and explore the stories of music creators and their communities. Revised and expanded to reflect the latest scholarship, with six all-new essays, this book both complements the previously published volume African American Music: An Introduction and stands on its own. Each chapter features a discography of recommended listening for further study. From the antebellum period to the present, and from classical music to hip hop, this wide-ranging volume provides a nuanced introduction for students and anyone seeking to understand the history, social context, and cultural impact of African American music."
899,Jewish aspects in avant-garde :,
899,Journeys of desire :,
899,The Knight in the panther's skin :,"12th century Georgian poet and thinker Shota Rustaveli, author of the Georgian national epic poem The Knight in the Panthers Skin, is considered by different literary critics and scholars throughout the world as one of the most significant poets in the history of medieval literature. Literary academia abides with various interpretations and readings of The Knight in the Panthers Skin, revealing the complex and unorthodox nature of Rustavelis epic poem which often brings Greek thought to the readers mind (for instance, the works of Homer, Plato and Aristotle). Some scholars argue that, to a certain extent, Rustaveli anticipates European Renaissance. Georgia, the homeland of Rustaveli, being located on the crossroads of Europe and Asia, has historically been the melting pot of Eastern and Western cultures. On one hand, The Knight in the Panthers Skin is replete with Eastern ornaments, while on the other hand, the poem is famous for its Western thought."
899,The literature of ancient Sumer /,
899,The literature of Georgia :,
899,Lost haven /,
899,Making aboriginal men and music in Central Australia /,"This detailed ethnographic study explores the intercultural crafting of contemporary forms of Aboriginal manhood in the world of country, rock and reggae music making in Central Australia. Focusing on four different musical contexts - an Aboriginal recording studio, remote Aboriginal settlements, small non-indigenous towns, and tours beyond the musicians' homeland - the author challenges existing scholarly, political and popular understandings of Australian Aboriginal music, men, and related indigenous matters in terms of radical social, cultural and racial difference. Based on extensive anthropological field research among Aboriginal rock, country and reggae musicians in small towns and remote desert settlements in Central Australia, the book investigates how Aboriginal musicians experience and articulate various aspects of their male and indigenous sense of selves as they make music and engage with indigenous and non-indigenous people, practices, places, and sets of values. Making Aboriginal Men and Music is a highly original, intimate study which advances our understanding of contemporary indigenous and male identity formation within Aboriginal Australian society. Providing new analytical insights for scholars and students in fields such as social and cultural anthropology, cultural studies, popular music, and gender studies, this engaging text makes a significant contribution to the study of indigenous identity formation in remote Australia and beyond."
899,Making sense of public opinion :,"""Americans express contradictory views on immigration and social welfare programs. Claudia Strauss proposes that these views are formed not from standard ideologies or broad values, but from conventional ways of speaking about topics. The wording of a survey question or political message may cue one specific discourse, while a slightly different wording can trigger opposing opinions held by the same speaker. By identifying and describing common vernacular discourses, this book illustrates how discourses construct our opinions on immigration and social welfare. This study draws on interviews with people from various backgrounds to demonstrate how we acquire conventional discourses from our opinion communities. Immigration and Social Programs explains what conventional discourses are, how to study them, and why they are fundamental elements of public opinion and political culture""--"
899,The Malays /,
899,The Malays /,
899,Mesopotamian poetic language :,
899,Models for practice with immigrants and refugees :,"Designed to establish a foundational framework for working with trauma-exposed immigrants and refugees, Models for Practice With Immigrants and Refugees: Collaboration, Cultural Awareness and Integrative Theory by Aimee Hilado and Marta Lundy introduces innovative approaches to address client mental health problems while supporting adjustment to life in a new country. This practice-oriented book emphasizes the relevance of Western approaches while reorienting Western concepts to be more culturally sensitive from a domestic and international perspective. Grounded in critical thinking and strengthened by an ecological systems perspective, the book presents six different models for applying and integrating Western theory and related practice strategies for working with individuals, families, groups, communities, organizations, volunteers, and local workforces."
899,Modern Malay literature /,
899,"Modern Malaysian poetry : winners of Malaysian Literary Award, 1971-1976 /",
899,Modern Malaysian stories /,
899,Music and Irish identity :,"Music and Irish Identity represents the latest stage in a life-long project for Gerry Smyth, focusing here on the ways in which music engages with particular aspects of Irish identity. The nature of popular music and the Irish identity it supposedly articulates have both undergone profound change in recent years: the first as a result of technological and wider industrial changes in the organisation and dissemination of music as seen, for example, with digital platforms such as YouTube, Spotify and iTunes. A second factor has been Ireland’s spectacular fall from economic grace after the demise of the ""Celtic Tiger"", and the ensuing crisis of national identity. Smyth argues that if, as the stereotypical association would have it, the Irish have always been a musical race, then that association needs re-examination in the light of developments in relation to both cultural practice and political identity. This book contributes to that process through a series of related case studies that are both scholarly and accessible. Some of the principal ideas broached in the text include the (re-)establishment of music as a key object of Irish cultural studies; the theoretical limitations of traditional musicology; the development of new methodologies specifically designed to address the demands of Irish music in all its aspects; and the impact of economic austerity on musical negotiations of Irish identity. The book will be of seminal importance to all those interested in popular music, cultural studies and the wider fate of Ireland in the twenty-first century."
899,Narrating indigenous modernities :,"""The Māori of New Zealand, a nation that quietly prides itself on its pioneering egalitarianism, have had to assert their indigenous rights against the demographic, institutional, and cultural dominance of Pākehā and other immigrant minorities - European, Asian, and Polynesian - in a postcolonial society characterized by neocolonial structures of barely acknowledged inequality. While Māori writing reverberates with this struggle, literary identity discourse goes beyond any fallacious dualism of white/brown, colonizer/colonized, or modern/traditional. In a rapidly altering context of globality, such essentialism fails to account for the diverse expressions of Māori identities negotiated across multiple categories of culture, ethnicity, class, and gender. Narrating Indigenous Modernities recognizes the need to place Māori literature within a broader framework that explores the complex relationship between indigenous culture, globalization, and modernity. This study introduces a transcultural methodology for the analysis of contemporary Māori fiction, where articulations of indigeneity acknowledge cross-cultural blending and the transgression of cultural boundaries. Thus, Narrating Indigenous Modernities charts the proposition that Māori writing has acquired a fresh, transcultural quality, giving voice to both new and recuperated forms of indigeneity, tribal community, and Māoritanga (Maoridom) that generate modern indigeneities which defy any essentialist homogenization of cultural difference. Māori literature becomes, at the same time, both witness to globalized processes of radical modernity and medium for the negotiation and articulation of such structural transformations in Māoritanga.""--Publisher's descriptio."
899,The native tribes of South-east Australia /,
899,Necessary fictions :,
899,The Netherlands East Indies at the Tropenmuseum :,
899,No family is an island :,
899,The other Middle East :,"This unique literary collection offers a window on the contemporary Levant, a region comprising most of Lebanon, Syria, Jordan, Palestine, Israel, Cyprus, parts of southern Turkey and northwestern Iraq, and the Sinai Peninsula. Originally written in Arabic, French, Aramaic, Lebanese, Egyptian, and Hebrew, and reflecting an extraordinary diversity of cultures, faiths, traditions, and languages, the selections in this book also convey a wide range of ideas and perspectives, to offer readers a nuanced understanding of the mosaic that is the contemporary Middle East. Franck Salameh, who compiled this anthology over the course of more than two decades, introduces and annotates each selection for the benefit of the uninitiated reader, offering background on the various peoples and politics of the Levant. In these pages, we discover a Middle East in which, as one writer puts it, ""an Armenian and a Turk can still hold hands in the midst of massacres."""
899,Pacifying the hearts of the gods :,
899,Philippine post-colonial studies :,
899,The political economy of ethnic conflict in Sri Lanka :,"""At the point of independence in 1948, Sri Lanka was projected to be a success story in the developing world. However, in July 1983 a violent ethnic conflict which pitted the Sinhalese against the Tamils began, and did not come to an end until 2009. This conflict led to nearly 50,000 combatant deaths and approximately 40,000 civilian deaths, as well as almost 1 million internally-displaced refugees and to the permanent migration abroad of nearly 130,000 civilians. With a focus on Sri Lanka, this book explores the political economy of ethnic conflict, and examines how rival political leaders are able to convince their ethnic group members to follow them into violent conflict. Specifically, it looks at how political leaders can influence and utilize changes in the level of economic liberalization in order to mobilize members of a certain ethnic group, and in the case of Sri Lanka, shows how ethnic mobilization drives can turn violent when minority ethnic groups are economically marginalized by the decisions that the majority ethnic group leaders make in order to stay in power. Taking a political economy approach to the conflict in Sri Lanka, this book is unique in its historical analysis and provides a longitudinal view of the evolution of both Tamil and Sinhalese ethnic drives. As such, this interdisciplinary study will be of interest to policy makers as well as academics in the field of South Asian studies, political science, sociology, development studies, political economy and security studies. Nikolaos Biziouras is an Associate Professor of Political Science at the US Naval Academy. His research forces on the political economy of intra-state conflict""--"
899,Reading & rebellion :,
899,The Riverside anthology of children's literature /,"An anthology of nursery tales and rhymes, nonsense verse, poetry, folklore, mythology epics, fiction, and non-fiction from a variety of sources."
899,The Routledge companion to African American art history /,"""This Companion authoritatively points to the main areas of enquiry within the subject of African American art history. The first section examines how African American art has been constructed over the 70 years of published scholarship. The second section studies how African American art is and has been taught in academia. The third section focuses on how African American art has been reflected in art galleries and museums. The final section opens up understandings of what we mean when we speak of African American art. This book will be of interest to graduate students, researchers and professors and may be used in African American art, visual culture, and culture classes""--"
899,Salina /,
899,Secrets need words :,
899,Silenced voices /,
899,Singapore Malays :,"""The Malay population makes up Singapore's three largest ethnic groups. This book provides an analysis of the debates on religion, politics and citizenship of Malay Muslims in contemporary Singapore. Comprehensively and convincingly argued, the author examines their disadvantaged circumstances in the fields of politics, education, social mobility, and freedom of religious expression.""--Publisher's description."
899,The social security position of irregular migrant workers :,
899,Social work and integration in immigrant communities :,
899,Stories and poems for extremely intelligent children of all ages /,"A collection of stories and poems, arranged in four sections corresponding to the four seasons."
899,A subaltern history of the Indian diaspora in Singapore :,"""Untouchable migrants made up a significant proportion of Indian labour migration into Singapore in the 19th and 20th centuries. During this period, they were subject to forms of caste prejudice that powerfully reinforced their identities as untouchables overseas. Today, however, untouchability has disappeared from the public sphere, replaced by other notions of identity, leaving unanswered questions as to how and when this occurred. This book takes this 'disappearance' as a starting point to examine a history of untouchable migration and identity negotiation amongst Indians who arrived in Singapore between its modern founding as a British colony in the early 1800s through to its independence in 1965. It argues that practices of untouchability evolved in close relation to the growth of translocal solidarities amongst migrants, their responses to life overseas in a plural colony, and the spread of transnational ideologies and movements. Untouchable identity was negotiated in relation to the development of competing Indian and Tamil identity discourses in Singapore during the colonial period, the Japanese occupation of Malaya and the post-war period of decolonisation. Addressing the broader cultural impact of South Asian migration into polyglot societies in Southeast Asia and the negotiation of diasporic consciousness amongst heterogeneous migrant groups, the book also deals with historiographical themes such as the overcoming of subaltern 'silence' in the historical archive and the role of quotidian histories in national history narratives. It is of interest to academics researching Singaporean, South Asian and Southeast Asian history""--Provided by publisher."
899,The last days of an artist /,
899,Three Old Sundanese poems /,
899,Three worlds of relief :,
899,Time expired /,
899,Traces of the Ramayana and Mahabharata in Javanese and Malay Literature /,"Local renderings of the two Indian epics Ramayana and Mahabharata in Malay and Javanese literature have existed since around the ninth and tenth centuries. In the following centuries new versions were created alongside the old ones, and these opened up interesting new directions. They questioned the views of previous versions and laid different accents, in a continuous process of modernization and adaptation, successfully satisfying the curiosity of their audiences for more than a thousand years. Much of this history is still unclear. For a long time, scholarly research made little progress, due to its preoccupation with problems of origin. The present volume, going beyond identifying sources, analyses the socio-literary contexts and ideological foundations of seemingly similar contents and concepts in different periods; it examines the literary functions of borrowing and intertextual referencing, and calls upon the visual arts to illustrate the independent character of the epic tradition in Southeast Asia"
899,Troubling borders :,
899,We are playing relatives :,
899,Welfare work with immigrants and refugees in a social democratic welfare state /,"Welfare Work with Immigrants and Refugees in a Social Democratic Welfare State provides an ambiguous yet disturbing portrait of the inner workings of the Danish welfare state and its implications in a context of globalisation and migration. Through a sociological interview-study with welfare workers, this book describes how processes of othering are undercurrents of welfare work. The processes construct immigrants and refugees as a kind of people who are not only culturally different but also behind, deficient and weak, and thus assigned the potential to benefit from welfare work. These processes are designated to advance a racial welfare dynamic of remedial circularity which keeps the immigrant and refugee on the threshold of modern living and democracy. It is thus depicted how welfare work is intertwined not with a biological framework but with a cultural framework naturalising and ontologising cultural differences. The book examines how welfare work tends to appreciate immigrants and refugees as dislocated people with a cultural lack and how it abides by the dictums of civilising expansions and humanitarian imperialism within the modern state. This book will be useful for every scholar who wants to reconsider and think differently about how the welfare state is going to proceed in a global society. --"
396,Words of paradise :,
899,Writing a new society :,"""Writing a New Society is the first extended study of the novel in Malay and is a groundbreaking study of the relationship between social change and literary practice. The book traces the emergence of the genre from the 1920s and, drawing on 26 of Malaysia's best-known novels, argues that the form was developed as a vehicle for transforming Malay ideas about themselves and their society. Virginia Hooker focuses on the underlying anxiety about racial identity, which underpins much of Malay writing and examines how ethnic identity is constructed and expressed.""--BOOK JACKET."
924,"The ""Bird girl"" :","A biography of Sylvia Shaw Judson Haskins, artist who created the little girl standing in Bonaventure Cemetery in Savannah, Georgia, which was featured on the cover of John Berendt's, Midnight in the Garden of Good and Evil."
924,"""Honey is flowing in all directions"" /",
924,"""I've seen the best of it"" :",
924,"""With the hammer of truth"" :",
924,[Un]built /,
924,A.J. Lumsden :,
924,Abraham Robinson :,
924,An account of the musical performances in Westminster-Abbey /,
924,"Ach, du mein Vaterland :",
924,Advocate for American enterprise :,
924,After Watergate :,
924,"Agostino Agazzari and music at Siena Cathedral, 1597-1641 /","""Agostino Agazzari (c. 1580-c. 1642) has long been recognized as one of the most prominent theorists of the early Baroque. The enduring fame of his 1607 treatise on the basso continuo has, however, overshadowed his equally significant contributions as a composer. And for all his renown, relatively little has been written about his professional career in Siena. This book not only provides the first comprehensive study of his life and sacred works, it also opens a window on musical culture in Siena during the late sixteenth and early seventeenth centuries. Through the use of archival materials, the author documents Agazzari's long association with the Sienese Cathedral and furnishes valuable information on the personnel, repertory, and performance practices there. She argues for a reassessment of the influences that shaped the composer's style and challenges the generally held view that Sienese culture stagnated after the fall of the Republic in 1555. The book contributes significantly to our knowledge of musical life in the Tuscan 'City of the Virgin'.""--BOOK JACKET."
924,Alan Moorehead :,
924,Alan Rawsthorne :,"""This is the first comprehensive study of the life and music of Alan Rawsthorne (1905-71), one of the leading British composers of the twentieth century. Almost every one of his works is discussed, many of them in detail, demonstrating the versatility and range of Rawsthorne's vision, from popular works, such as Street Corner and the piano concertos, to the remarkable power of his lesser-known later works. In particular McCabe draws attention to the astonishing renewal of Rawsthorne's creative energy during his later period, and the immense broadening of his emotional and technical horizons leading to such masterpieces as the Third Symphony and Carmen Vitale. He makes a powerful case for a thorough reassessment of Rawsthorne's oeuvre.""--BOOK JACKET."
924,Alan Rawsthorne /,
924,Alban Berg :,
924,Alban Berg :,
924,Alban Berg /,
924,"Alban Berg, master of the smallest link /",
924,Albert Renger-Patzsch :,
924,"Aldo Rossi, buildings and projects /",
924,Alejandro García Caturla :,
924,Alessandro Algardi /,
924,Alfred Schnittke /,
924,Alfred Schnittke zum 60. Geburtstag :,
924,Alfred Stieglitz :,"""Alfred Stieglitz (1864-1946) is perhaps the most important figure in the history of the visual arts in America. Many experts revere Stieglitz as the greatest photographer ever, and his prints have established world-record prices at auction. But he was also a great discoverer and promoter of photographers and artists in other media, as well as a great publisher, patron, and collector."" ""Through both the excellence of his own work and his militant advocacy, Stieglitz won widespread acceptance of photography as a fine art. He was the publisher and editor in chief of Camera Work, a magnificently produced magazine devoted not only to photography but also to modernist art. At his gallery, ""291,"" he presented the first American exhibitions of Cezanne, Picasso, Matisse, and Brancusi - and he was the first to show the work of Georgia O'Keeffe, whom he would marry in 1924.""--BOOK JACKET."
924,"Alfred Stieglitz talking : notes on some of his conversations, 1925-1931, with a foreword /",
924,All made of tunes :,
924,"Alma Mahler, or, The art of being loved /",
789,Altering course :,
924,Álvaro Siza :,"""Alvaro Siza is one of the world's most respected architects. Since the 1950s he has built and taught extensively, both in Portugal and internationally. Siza's architecture is based on a unity of space and volume. It is vigorous and coherent - each work reveals a unique sensitivity to the rural or urban context to which it belongs without detracting from its functional and stylistic identity. Siza has received critical acclaim for a range of works including: the Boa Nova Tea House and Restaurant, Matoshinhos (1958-63); the Borges & Irmao Bank, Vila do Conde (1978-86); the Bonjour Tristesse Residential Complex, Schlesisches Tor, Berlin (1980-4); the reconstruction of the Chiado district, Lisbon (1988-); the Galician Centre of Contemporary Art, Santiago de Compostela (1988-93) and the Portuguese Pavilion at Expo '98, Lisbon (1995-8)."" ""This monograph is a comprehensive study of Alvaro Siza's work and charts over forty years of buildings and projects, represented by photographs, working drawings and many of Siza's sketches. An introductory essay by Kenneth Frampton examines Siza's prolific practice and its evolution, while writings by Siza are interspersed throughout the book, offering a unique personal perspective on his work and twentieth-century architeture as a whole.""--BOOK JACKET."
924,Alvin Langdon Coburn :,
924,America in the seventies /,
924,America in the seventies /,
924,American chica :,
924,An American lens :,
924,An American life :,
924,American prophet :,
924,American spy :,
924,"An age of mediocrity : memoirs and diaries, 1963-1972 /",
924,"An analysis of cadence formation in the ""Introduction"" of Roger Sessions' cantata, ""When lilacs last in the dooryard bloom'd"" /",
924,Andre Kertesz :,
924,Andrea Palladio :,
924,Ange-Jacques Gabriel /,
924,Ansel Adams and the American landscape :,
924,"Ansel Adams, an autobiography /",
924,Anthony Caro :,
924,Anthony Caro /,
924,Anthony Caro /,
924,Anthony Caro.,
924,Anthony Caro.,
924,Anton Bruckner :,
924,Anton Bruckner im Gedicht :,
924,"Antonio Rizzo, sculptor and architect /",
924,Architecture for the new world :,
924,The architecture of Arthur Erickson /,
924,The architecture of Frank Lloyd Wright /,
924,"Aria forms in the vocal works of J.S. Bach, 1714-1724 /",
924,"Aristarchus of Samos, the ancient Copernicus /",
924,Aristotle and logical theory /,
924,Aristotle's theory of predication /,
924,Arnold Schoenberg letters /,
924,Arnold Schoenberg-- the composer as Jew /,
924,Arnold Schoenberg's journey /,"""Proposing that Arnold Schoenberg (1874-1951) has been more discussed than heard, more tolerated than loved, composer Allen Shawn puts aside ultimate judgments about Schoenberg's place in musical history to explore the composer's fascinating world in a series of linked essays - ""soundings"" - that are more searching than analytical, more suggestive than definitive. In an approach that is unusual for a book of an avowedly introductory character, Arnold Schoenberg's Journey plunges into the details of some of Schoenberg's works while at the same time providing a broad overview of his involvements in music, painting, and the history through which he lived. Emphasizing music as an expressive art of rhythms and tones, Shawn approaches Schoenberg primarily from the listener's point of view, uncovering both the seeds of his radicalism in his early music and the traditional basis of his later work. Although liberally sprinkled with musical examples, the text can be read without them. By turns witty, personal, opinionated and instructive, Arnold Schoenberg's Journey is above all an appreciation of a great musical and artistic imagination in a time unlike any other.""--BOOK JACKET."
924,Arrogance of power :,
924,The art of Frederick Sommer :,
924,The art of Hokusai in book illustration /,
924,Arthur Bliss :,"""Arthur Bliss (1891-1975) was appointed Master of the Queen's Music in 1953 and remained an important and prominent figure in British music throughout his career. This volume of nine essays explores various aspects of Bliss's output, which was wide-ranging.""--BOOK JACKET."
924,Arthur Cayley :,
924,"Arthur Foote, 1853-1937 :",
924,Arthur Honegger /,
924,"Arthur Sullivan, a victorian musician /",
924,As I remember /,
924,August Jaeger :,
924,The autobiography of an idea.,
924,The autobiography of Benvenuto Cellini /,
924,Autobiography of Sir George Biddell Airy /,
924,The Bach letters of Samuel Wesley /,
924,Bach studies from Dublin :,
924,Bach-Quellen in Amerika =,
924,Bag man :,"""The knockdown, drag-out, untold story of the other scandal that rocked Nixon's White House, and reset the rules for crooked presidents to come-with new reporting that expands on Rachel Maddow's Peabody Award-nominated podcast. Is it possible for a sitting vice president to direct a vast criminal enterprise within the halls of the White House? To have one of the most brazen corruption scandals in American history play out while nobody's paying attention? And for that scandal to be all but forgotten decades later? The year was 1973, and Spiro T. Agnew, the former governor of Maryland, was Richard Nixon's second-in-command. Long on firebrand rhetoric and short on political experience, Agnew had carried out a bribery and extortion ring in office for years, when-at the height of Watergate-three young federal prosecutors discovered his crimes and launched a mission to take him down before it was too late, before Nixon's impending downfall elevated Agnew to the presidency. The self-described ""counterpuncher"" vice president did everything he could to bury their investigation: dismissing it as a ""witch hunt,"" riling up his partisan base, making the press the enemy, and, with a crumbling circle of loyalists, scheming to obstruct justice in order to survive. In this blockbuster account, Rachel Maddow and Michael Yarvitz detail the investigation that exposed Agnew's crimes, the attempts at a cover-up-which involved future president George H. W. Bush-and the backroom bargain that forced Agnew's resignation but also spared him years in federal prison. Based on the award-winning hit podcast, Bag Man expands and deepens the story of Spiro Agnew's scandal and its lasting influence on our politics, our media, and our understanding of what it takes to confront a criminal in the White House.""--"
924,Barbara Pentland /,
899,Baroness Elsa :,"""Elsa von Freytag-Loringhoven (1874-1927) is considered by many to be the first American dadaist as well as the mother of dada. An innovator in poetic form and an early creator of junk sculpture, ""the Baroness"" was best known for her sexually charged, often controversial performances. Some thought her merely crazed, others thought her a genius. The editor Margaret Anderson called her ""perhaps the only figure of our generation who deserves the epithet extraordinary."" Yet despite her great notoriety and influence, until recently her story and work have been little known outside the circle of modernist scholars."" ""In Baroness Elsa, Irene Gammel traces the extraordinary life and work of this daring woman, viewing her in the context of female dada and the historical battles fought by women in the early twentieth century. Striding through the streets of Berlin, Munich, New York, and Paris wearing such adornments as a tomato can bra, teaspoon earrings, and black lipstick, the Baroness erased the boundaries between life and art, between the everyday and the outrageous, between the creative and the dangerous. Her art objects were precursors to dada objects of the teens and twenties, her sound and visual poetry were far more daring than those of the male modernists of her time, and her performances prefigured feminist body art and performance art by nearly half a century.""--BOOK JACKET."
924,The Bartonian legacy /,
924,Baseball and the music of Charles Ives :,
924,Basic liquid chromatography /,
924,Batty :,
924,Bax :,
924,Beauty /,"‘People should fall in love with their eyes closed. Just close your eyes. Don’t look.’From Warhol’s romantic relationships to his thoughts on interior design, these candid, highly entertaining musings - on love, sex, beauty, work and space – give an intimate glimpse into the mind of one of the most iconic figures in twentieth-century culture."
924,Becoming a geographer /,
924,Becoming William James /,
924,Beethoven /,
924,Beethoven /,
924,Beethoven and England :,
924,Behind the geometrical method :,
924,"Beiträge aus dem Symposium ""Bachs Köthener Jahre zwischen Kontinuität und Wandel"" am 3. und 4. September 2002 im Rahmen der 19. Köthener Bach-Festtage vom 29. August bis 8. September 2002 /",
924,Benedetto Vinaccesi :,
924,Benjamin Britten :,
924,"Benjamin Britten, 1913-1976 :",
455,Berlioz : the man and his work /,
455,Berlioz /,
455,Berlioz /,
455,Berlioz /,
455,"Berlioz, romantic and classic :",
924,"Bernhard Riemann, 1826-1866 :",
924,Bertrand Russell /,
924,Bertrand Russell on modality and logical relevance /,
924,Beyond the canvas :,
924,Beyond the Dream Syndicate :,
924,Big Russ and me :,
924,"Bill Brandt, behind the camera :",
924,Binchois studies /,"""A man of huge reputation in his own right and an alumnus of one of the most sophisticated courts in the history of western Europe, the fifteenth-century composer Binchois remains for us, at the beginning of the twenty-first century, one of the key musical figures of his age. Yet in spite of the attention afforded him in the past, he remains - perhaps more than ever - an enigma. One of the chief aims of this book, surprisingly the first concerned solely with the composer, is to begin to unravel that enigma by viewing him from a variety of contrasting angles. In so doing it is hoped that this volume will provide a catalyst for further research which will deepen our understanding not only of Binchois himself but also of the cultural environment of which he was part.""--BOOK JACKET."
924,Bitter music :,
924,Bohemian fifths :,
924,Bohuslav Martinů :,
924,"Bonnard, the complete graphic work /",
924,Boulez :,
924,Boulez and the modern concept /,
924,Boxing the kangaroo:,
924,Breaking barriers :,
924,Briefwechsel 1803-1804 (Briefe 1541-1830) /,
924,Brinkley's beat :,
924,Britten /,
924,Britten and Auden in the thirties :,
924,Britten and the Far East :,
924,"Bruce Davidson, portraits.",
924,Bruckner /,
924,Bruno Paul :,
924,Bruno Wank /,
924,Cabanis :,
924,The California architecture of Frank Lloyd Wright /,
924,"Camargo Guarnieri, Brazilian composer :",
924,The Cambridge companion to Berg /,
455,The Cambridge companion to Berlioz /,
924,The Cambridge companion to Galileo /,"""Not only a hero of the scientific revolution, but after his conflict with the church, a hero of science, Galileo is today rivalled in the popular imagination only by Newton and Einstein. But what did Galileo actually do, and what are the sources of the popular image we have of him? This collection of specially-commissioned essays is unparalleled in the depth of its coverage of all facets of Galileo's work. A particular feature of the volume is the treatment of Galileo's relationship with the church. It will be of interest to philosophers, historians of science, cultural historians and those in religious studies. ""--"
924,"Carl Maria von Weber, 1786-1826 /",
924,Carlo Scarpa :,"There is by now a considerable list of books concerning the work of Carlo Scarpa. Among them, this new critical guidebook, written by Sergio Los, one of the leading scholars of Scarpa's work, certainly stands out as the indispensable travelling companion for those setting out to explore the creations of this remarkable Venetian architect. The introductory essay, which provides a critical analysis of the essential features of Scarpa's approach to ""doing"" architecture, is followed by a complete catalogue of the buildings and projects that Scarpa actually built, along with the fundamental information required to understand their history, and to tour them as they now stand, as well as an inventory of Scarpa's unbuilt projects. This book is a supremely useful tool for those who wish to learn, ""live,"" from and about the remarkable artistic endeavors and adventures in building of one of the masters of contemporary architecture."
924,Cartesian logic :,
924,A catalogue of Handel's musical autographs /,"More than 7,500 leaves of Handel's musical autographs survive today, as testimony to a creative career in Germany, Italy, and London that spanned the first half of the eighteenth century. Most of the autographs are now in two major collections: the Royal Music Library collection at the British Library, and the Founder's Collection at the Fitzwilliam Museum, Cambridge. The remainder are dispersed through collections in Britain, Germany, Switzerland, Austria, and the USA. This catalogue presents a survey of the complete corpus of Handel's surviving autographs. Musical works and movements to be found in autograph are identified by reference to standard collected editions and the thematic catalogue of Handel's works (HWV) published in Vols. I-III of the Handel-Handbuch. The catalogue also records information about the paper characteristics (watermarks and stave-rulings) of each autograph leaf. Watermarks have been classified, and each type is illustrated with a full-size diagram. The information given in the catalogue is an essential guide to the study of Handel's autographs, and will be of particular assistance to researchers working from microfilm. The overall view of Handel's manuscript papers also enables dates to be assigned to undated autographs on the basis of their paper characteristics; furthermore, the information on eighteenth-century manuscript paper is relevant to secondary copies of Handel's works, and to the surviving music from other contemporary composers working in Italy and England. While the authors have drawn on the experience of previous Handel scholars, and on paper studies relating to the music of J. S. Bach, Vivaldi, Mozart, and Beethoven, this catalogue is the first systematic survey of a body of autographs of this size and complexity to be published."
924,A catalogue of the works of Ralph Vaughan Williams /,
924,Catalogue raisonné as memoir :,
924,Cavalier Giovanni Battista Buonamente :,
924,Changemakers :,
924,Charles Ives :,
924,The Charles Ives tunebook /,
924,"Charles Ives, ""my father's song"" :",
924,Charles Koechlin (1867-1950) :,
924,Charles S. Peirce's method of methods /,
874,Charles T. Griffes :,
924,Charles Villiers Stanford :,
969,Atlas of fungal pathology /,
969,Feeding globalization :,"Between 1600 and 1800, the promise of fresh food attracted more than seven hundred English, French, and Dutch vessels to Madagascar. Throughout this period, European ships spent months at sea in the Atlantic and Indian Oceans, but until now scholars have not fully examined how crews were fed during these long voyages. Without sustenance from Madagascar, European traders would have struggled to transport silver to Asia and spices back to Europe. Colonies in Mozambique, Mauritius, and at the Cape relied upon frequent imports from Madagascar to feed settlers and slaves. In Feeding Globalization, Jane Hooper draws on challenging and previously untapped sources to analyze Madagascar's role in provisioning European trading networks within and ultimately beyond the Indian Ocean. The sale of food from the island not only shaped trade routes and colonial efforts but also encouraged political centralization and the slave trade in Madagascar. Malagasy people played an essential role in supporting European global commerce, with far-reaching effects on their communities. Feeding Globalization reshapes our understanding of Indian Ocean and global history by insisting historians should pay attention to the role that food played in supporting other exchanges."
969,Female Caligula :,
969,Fundamental medical mycology /,
969,Fungal infection :,
969,Die georgische Sprache /,"At long last, with Professor Fähnrichs Georgische Sprache here is a systematic description of the structure of the Georgian language. The book is divided into two parts, one for Old and the other for Modern Georgian. A separate section treats the main differences between the two. Illustrated by a wealth of examples, an overview is given of characteristic features, the stages of development, phonetics, morphonology, morphology (word formation, formation of grammatical forms), syntax and aspects of the Georgian vocabulary. The introduction presents readers with general information on the language, its history, importance, position among, and relationship with other Caucasian languages, dialects and written traditions."
899,The Knight in the panther's skin :,"12th century Georgian poet and thinker Shota Rustaveli, author of the Georgian national epic poem The Knight in the Panthers Skin, is considered by different literary critics and scholars throughout the world as one of the most significant poets in the history of medieval literature. Literary academia abides with various interpretations and readings of The Knight in the Panthers Skin, revealing the complex and unorthodox nature of Rustavelis epic poem which often brings Greek thought to the readers mind (for instance, the works of Homer, Plato and Aristotle). Some scholars argue that, to a certain extent, Rustaveli anticipates European Renaissance. Georgia, the homeland of Rustaveli, being located on the crossroads of Europe and Asia, has historically been the melting pot of Eastern and Western cultures. On one hand, The Knight in the Panthers Skin is replete with Eastern ornaments, while on the other hand, the poem is famous for its Western thought."
899,The literature of Georgia :,
969,Madagascar :,
969,"Marketing destinations and venues for conferences, conventions and business events /",
969,Mauritius and Seychelles /,
969,Medical mycology :,
969,Medical mycology /,
969,Medical mycology manual /,
969,Molecular detection of human fungal pathogens /,
969,Monsters and revolutionaries :,
969,The syntax of Mauritian Creole /,
969,The syntax of Mauritian Creole /,
