DDC,Title,description
019,Accentuated innovations in cognitive info-communication /,"Considering the emergence of artificial intelligence, virtual and augmented reality, 3D video and television, and holography, it is logical that we should also begin to create applications and businesses driven by these technologies. The 12 chapters of Accentuated Innovations in Cognitive Info-Communication focus on the research and development of state-of-the-art information in Cognitive Info-Communication. This interdisciplinary research area has emerged as a synergy between Info-Communication and Cognitive Sciences. It presents a synthetic, holistic combination of coherent technologies that will become increasingly important in the coming decade. It is a teaching and reference guide for VR, robotics, virtual classrooms and institutions, and medicine at the undergraduate and postgraduate levels. The discussed book is an immersive learning experience for students and teachers worldwide. In addition, it applies to other fields such as healthcare, performing arts, and television."
019,Accounting and human behaviour /,
019,Accounting and human behaviour /,
019,Active media technology :,
019,Advanced introduction to behavioral economics /,"Elgar Advanced Introductions are stimulating and thoughtful introductions to major fields in the social sciences and law, expertly written by the world's leading scholars. Designed to be accessible yet rigorous, they offer concise and lucid surveys of the substantive and policy issues associated with discrete subject areas. Leading researcher John F. Tomer presents an invigorating and concise introduction to behavioral economics that offers essential behavioral theories, perspectives, trends and developments within this ever-evolving discipline. This book covers the key areas of behavioral economics, including Herbert Simon's bounded rationality, Daniel Kahneman and Amos Tversky's psychological economics, behavioral finance, nudging and public policy, behavioral macroeconomics, law and behavioral economics, neuroeconomics and empirical methods of behavioral economics. John F. Tomer also explores how and why behavioral economics emerged and differs from neoclassical economics. This book will be particularly useful for advanced undergraduate students, graduate students, policy makers, and other professionals who participate in economic-related matters."
019,Advances in accounting behavioral research /,
019,Advances in accounting behavioral research /,"Advances in Accounting Behavioral Research promotes research across all areas of accounting, incorporating theory from, and contributing knowledge to, the fields of applied psychology, sociology, management science, ethics and economics.Focusing on research that examines both individual and organizational behavior relative to accounting, the series provides a unique opportunity for the exchange of peer reviewed knowledge across all areas of accounting behavioral research and the development, discussion and expansion of theories from psychology, sociology and related disciplines.Advances in Accounting Behavioral Research encourages research that tests theory, explains theory, and develops theory that can be applied to better understand accounting domains. Accordingly, reviews of established theory and how that theory has and could be used in accounting are also strongly encouraged."
019,Advances in behavioral economics /,
019,Advances in physiological computing /,
019,Advances in the psychology of sports and exercise /,
019,Aldosterone and aldosteronism /,
019,An analysis of Richard H. Thaler and Cass R. Sunstein's Nudge :,"When it was published in 2008, Richard Thaler and Cass Sunstein's Nudge: Improving Decisions about Health, Wealth, and Happiness quickly became one of the most influential books in modern economics and politics. Within a short time, it had inspired whole government departments in the US and UK, and others as far afield as Singapore. One of the keys to Nudge's success is Thaler and Sunstein's ability to create a detailed and persuasive case for their take on economic decision-making. Nudge is not a book packed with original findings or data; instead it is a careful and systematic synthesis of decades of research into behavioral economics. The discipline challenges much conventional economic thought - which works on the basis that, overall, humans make rational decisions - by focusing instead on the `irrational' cognitive biases that affect our decision making. These seemingly in-built biases mean that certain kinds of economic decision-making are predictably irrational. Thaler and Sunstein prove themselves experts at creating persuasive arguments and dealing effectively with counter-arguments. They conclude that if governments understand these cognitive biases, they can 'nudge' us into making better decisions for ourselves. Entertaining as well as smart, Nudge shows the full range of reasoning skills that go into making a persuasive argument."
019,Applied behavioural economics /,
019,Applied cyberpsychology :,
019,Applying psychology to health /,
019,"Artificial intelligence, co-creation and creativity :","""Artificial intelligence has deeply impacted our understanding of creativity and the human ability to generate creative outputs. New applications for creative tasks are rapidly evolving, and new tools are constantly being developed with much greater optimal capabilities. Importantly, the success of implementing such tools for creative tasks is still heavily dependent on human supervision and input. Therefore, it is vital to understand and critically reflect on the nature of co-creative processes between humans and AI. This book addresses such issues and provides insights into how humans can augment their capabilities of generating creative and innovative outputs by successfully co-creating with artificial intelligence. The book is intentionally divided into three main parts, to allow for a comprehensive and holistic perspective on human and AI co-creation for creative tasks. The sections are divided as: PART 1: Principles of AI And Creativity, PART 2: Critical Issues on Artificial Co-Creation and PART 3: Industry Specific Discussions. Consequently, the book provides a holistic insight on the topic, covering various issues and perspectives, and enabling an accessible read to a broad audience. For example, chapters cover examples across different industry sectors, including music, arts, science, and management. Furthermore, the book covers critical questions involving copyrights, ethical concerns, relationship with algorithms, and context-based issues. Only by critically reflecting on the intrinsic issues of AI and learning how to work with it effectively for creative purposes, we will be able to benefit from its full potential to augment human creative abilities in an appropriate manner. This novel, edited collection is an essential read for scholars working on the intersection of AI, creativity, arts, and management""--"
019,The athlete apperception technique :,"""As the field of sport psychology has matured, so a greater appreciation for a diversity of training models, research methodologies and therapeutic approaches opposed to the dominant models of objective testing has developed. The Athlete Apperception Technique sets out a sport-specific projective test for practitioners working in sport and exercise service delivery or counselling work with athletes and coaches. This innovative book includes: a basic primer on projective methods and the psychoanalytic theory behind them; a history of projective, story-telling instruments in clinical psychology; the development of the image set for the AAT; some examples of interpreting AAT image stories; instructions for the administration of the AAT; a scoring guide for the stories produced; and in-depth descriptions of the stimulus properties of each image in the AAT, along with all images presented as full-page illustrations. The AAT will help sport practitioners identify and assess personality features, relationships, anxieties, achievement, motivation, and perfectionism, and augment the recent shift in orientation for service delivery to athletes and provide a more in-depth understanding of athletes' characters. As such, it is useful supplementary reading for students of sport psychology and a novel tool for any practicing sport psychologist"" --"
019,Augmented humanity :,
019,"Becoming a sport, exercise, and performance psychology professional :",
019,The beginnings of behavioral economics :,"The Beginnings of Behavioral Economics: Katona, Simon, and Leibenstein's X-Efficiency Theory explores the mid-20th century roots of behavioral economics, placing the origin of this now-dominant approach to economic theory many years before the groundbreaking 1979 work on prospect theory by Daniel Kahneman and Amos Tversky. It discusses the work of Harvey Leibenstein, Herbert Simon, George Katona, and Frederick Hayek, reintroducing their contributions as founding pillars of the behavioral approach. It concentrates on the work of Leibenstein, reviewing his nuanced introduction of X-efficiency theory. Building from these foundations, the work explores the body of empirical research on market power and firm behavior – XE relationship.This book is a tremendous resource for graduate students and early career researchers in behavioral economics, experimental economics, organizational economics, social and organizational psychology, labor market economics and public policy."
019,Behavioral accounting /,
019,Behavioral economics :,"""In economics, the market has been understood to steer behavior towards a competitive equilibrium in which all economic actors behave optimally, and in which welfare of society is maximized. Yet many economists have also seen shortcomings to this ideal picture of the market in the form of limited information, too few buyers or sellers, adverse selection, moral hazards, and other caveats. What psychologists Daniel Kahneman and Amos Tversky brought to economics in the 1980s, was the idea that imperfections in the market may in addition be caused by fallible human behavior. This resulted in a new branch of economics called behavioral economics and it won Kahneman the Nobel Memorial Prize in Economics in 2002 (Tversky had died in 1996). This book presents a history of behavioral economics. The common rationale of behavioral economics in the 1980s - 2000s was in one version or another that ""Behavioral economics increases the explanatory power of economics by providing it with more realistic psychological foundations"" (Camerer and Loewenstein, 2004, p.3). This definition conceals a complicated relationship between economics and psychology that goes back at least to the eighteenth century. In addition, it suggests that economics and psychology are stable, universal entities. But also the label of behavioral economics itself seems odd. If economics deals with the behavior of individuals in the economy, 'behavioral economics' seems a confusing pleonasm. If on the other hand one argues that economics by definition deals with structures and institutions superseding and independent of theories of human behavior, 'behavioral economics' seems oxymoronic. In any case, it calls for some explanation""--Provided by publisher."
019,Behavioral economics :,"This book sets the agenda to turn behavioral economics, which has long been considered a subordinate discipline, into mainstream economics. Ghisellini and Chang expose the conceptual and empirical inadequacy of conventional economics using illustrations of real world decision-making in a dynamic environment, including evidence from the global financial crisis. With a rigorous yet accessible style, they give a comprehensive overview of behavioral economics and of the current state of play in the field across different schools of thought. Seven major conceptual problems still affecting the development of behavioral economics are identified and the authors propose research avenues to address these issues and allow the discipline to receive its long-awaited recognition.Crucial reading for researchers and students looking for insights into the many unsolved problems of economics."
019,Behavioral economics :,"""The second edition of Behavioral Economics: The Basics summarizes behavioral economics, which uses insights from the social sciences, especially psychology, to explain real-world economic behavior. Behavioral economic insights are routinely used not only to understand the choices people make but also to influence them, whether the aim is to enable citizens to lead healthier and wealthier lives, or to turn browsers into buyers. Revised and updated throughout with fresh current-event examples, Behavioral Economics: The Basics provides a rigorous yet accessible overview of the field that attempts to uncover the psychological processes which mediate all the economic judgements and decisions we make. The book showcases how behavioral economics is rooted in some now-old (philosophical, political, and moral) ideas surrounding economics, and in an important sense is a modern expression of some long-standing criticisms of mainstream economics. It contrasts the neoclassical economic perspective (ECON) with a more realistic perspective (HUMAN - the flesh-and-blood economic agent who is not perfect in all respects but who manages to do the best under limitations and constraints). This is a comprehensive overview of the whole field, covering all the main areas, presented in a rigorous yet accessible form. It should especially appeal to students, those with an interest in applying behavioral economic knowledge in their professional life, and anyone who wants to know how they are being influenced every day of their lives by (usually unseen) behavioral insights."" --"
019,Behavioral economics :,"""This is the first book to provide a rigorous yet accessible overview of behavioral economics, a growing field that attempts to uncover the psychological processes which mediate the economic decisions we make. Acknowledging that people are swayed by biases and emotions, and don't necessarily have access to good memories or perfect numeracy, behavioral economics challenges the assumptions of informed self-interest within mainstream economic theories. Whether used by paternalist governments to shape our behavior or advertisers and marketers to sell more products, its insights are important and far-reaching, and this is the perfect primer for anyone wishing to understand the key principles""--"
019,Behavioral economics :,
019,Behavioral economics /,"There is an underlying assumption in the neoclassical economics that the expected utility function can be used to give explanations to the consumer behavior. However, to many of us, it may be difficult to comprehend just how possible it is to measure our actions and make decisions based on the utility approach that is discussed by economists. In line with the desire to come up with the best strategy and models to offer solutions to the menace, it was universally agreed that there is need to establish a discipline that would incorporate the attributes of psychology, cognitive science and economics. The relevant discipline in this case would be termed ""Behavioral Economics"".The main idea behind the formulation of this book is to help learners in the field of psychology and economics to understand the existing mutual relationship between the two disciplines. Various attributes of human behavior are discussed in this book. For instance mental accounting, as discussed elaborately in the book can be of great impact in getting to know why consumers are generally loss averse. Ideally, most economic choices are made based on individual emotions, a concept that is greatly disposed by the neoclassical economists. The role of emotions in decision making as portrayed in this book cannot be ignored.The application of behavioral economics in the modern world is evident, from marketing, clinical psychology, planning, insurance and banking. In line with the relevance of the discipline, this book tries to explore the various principles of behavioral economics and brings them to light by showing how applicable they are in modern policy making. It is with great appreciation and acknowledgement that the work done by economic proponents such as the Nobel laureate Daniel Kahneman has been very fundamental in making illustrations to most part of the literature coverage in this book."
019,Behavioral economics /,"""Over the last few decades behavioral economics has revolutionized the discipline. It has done so by putting the human back into economics, by recognizing that people sometimes make mistakes, care about others and are generally not as cold and calculating as economists have traditionally assumed. The results have been exciting and fascinating, and have fundamentally changed the way we look at economic behavior. This textbook introduces all the key results and insights of behavioral economics to a student audience. Ideas such as mental accounting, prospect theory, present bias, inequality aversion and learning are explained in detail. These ideas are also applied in diverse settings, such as auctions, stock market crashes, charitable donations and health care, to show why behavioral economics is crucial to understanding the world around us. Consideration is also given to what makes people happy, and how we can potentially nudge people to be happier. This new edition contains expanded and updated coverage of several topics and applications, including fraud and cybercrime, cryptocurrency, public health messaging, and the COVID-19 pandemic. The companion website is also updated with a range of new questions and worked examples. This book remains the ideal introduction to behavioral economics for advanced undergraduate and graduate students""--"
019,Behavioral economics /,
019,Behavioral economics /,
019,Behavioral economics /,
019,Behavioral economics and healthy behaviors :,
019,Behavioral economics and its applications /,
019,Behavioral economics for cost-benefit analysis :,"""Behavioral economists have identified a number of situations in which people appear not to behave according to the neoclassical assumptions underpinning welfare economics and its application to the assessment of the efficiency of proposed public policies through cost-benefit analysis. This book introduces the concept of benefit validity as a criterion for estimating benefits from observed or stated preference studies, and provides practical guidelines to help analysts accommodate behavioral findings. It considers benefit validity in four areas: violations of expected utility theory, unexpectedly large differences between willingness to pay and willingness to accept, non-exponential discounting, and harmful addiction. In addition to its immediate value to practicing policy analysts, it helps behavioral economists identify issues where their research programs can make practical contributions to better policy analysis""--"
019,"Behavioral economics of preferences, choices, and happiness /","This book is a collection of important contributions by Japanese researchers and their coauthors to present current advances in behavioral economics and finance, particularly in relation to decision making and human well-being. The topics covered in this volume include decision making under the conditions of inter-temporal choices, risk, and social relations, happiness, and the neuro-scientific/biological basis of behavior. The book includes works of research, both theoretical and empirical, on time discounting, time preferences, risk aversion, altruism, social status, happiness, addiction, limited attention, and health and financial investments. The authors of the chapters add supplementary discussions to survey more recent advances on related topics or to provide detailed information that were abbreviated in the original publications. The addenda will enable readers to deepen their understanding of decision making and human well-being."
019,Behavioral finance :,"The area of behavioral finance, though relatively young, has matured and spread beyond its initial objectives: to demonstrate the fallibility of the efficient market hypothesis, to shake the belief in the ubiquity of rational decision making, and to convince the finance world of the importance of psychological biases in decision making. The success of the field in meeting its goals, however, has called into question its continued relevance. Behavioral finance is thus currently at a crossroads, and researchers need to decide which way they should turn for the area to continue to thrive and to meaningfully contribute to financial knowledge.This collection of papers deals with rarely-explored topics to point at new directions that behavioral finance should explore to maintain its viability, along with contributions to traditional topics."
019,Behavioral finance :,
019,Behavioral rationality and heterogeneous expectations in complex economic systems /,"""Recognising that the economy is a complex system with boundedly rational interacting agents, the book presents a theory of behavioral rationality and heterogeneous expectations in complex economic systems and confronts the nonlinear dynamic models with empirical stylized facts and laboratory experiments. The complexity modeling paradigm has been strongly advocated since the late 1980s by some economists and by multidisciplinary scientists from various fields, such as physics, computer science and biology. More recently the complexity view has also drawn the attention of policy makers, who are faced with complex phenomena, irregular fluctuations and sudden, unpredictable market transitions. The complexity tools - bifurcations, chaos, multiple equilibria - discussed in this book will help students, researchers and policy makers to build more realistic behavioral models with heterogeneous expectations to describe financial market movements and macro-economic fluctuations, in order to better manage crises in a complex global economy""--"
019,Behavioural economics :,"This book offers a course in behavioural economics at the upper undergraduate and graduate level. Behavioural economics has quickly become popular, both within economics and among policy makers. This book reflects an open-minded approach towards economics, open to insights from other disciplines and new ways of data collection and analysis. It helps economists to build more realistic models of decision making and policy makers to more successfully implement policy. It gives an overview of recent developments in behavioural economics stressing throughout how behavioural economics can be applied in important policy decisions with a special focus on health policy, as well as examples from finance, insurance, and environmental policy and climate change. The book pays particular attention to current open questions, thereby developing students’ critical faculties. This way, the advanced undergraduate and graduate student is provided with a set of tools and insights to understand the current literature, to perform behavioural economics analyses, and to offer well-founded policy advice. Han Bleichrodt is a full professor at Erasmus School of Economics, Rotterdam, The Netherlands. He has published extensively on decision under uncertainty and intertemporal choice with special applications to health in a range of journals. He has taught many courses in behavioural and health economics at the PhD, Master, and undergraduate level both at Erasmus and other institutions. ."
019,Behavioural economics :,"For centuries, economics was dominated by the idea that we are rational individuals who optimise our own 'utility'. Then, in the 1970s, psychologists demonstrated that the reality is a lot messier. We don't really know what our utility is, and we care about people other than ourselves. We are susceptible to external nudges. And far from being perfectly rational we are prone to 'cognitive biases' with complex effects on decision-making, such as forgetting to prepare for retirement. David Orrell explores the findings from psychology and neuroscience that are shaking up economics - and that are being exploited by policy-makers and marketers alike, to shape everything from how we shop for food, to how we tackle societal happiness or climate change. Finally, he asks: is behavioural economics a scientific revolution, or just a scientific form of marketing?"
019,Behavioural economics /,
019,Behavioural economics /,"The rise of behavioural approaches in economics has been one of most significant developments in the study of economic decision-making in recent years. The increasingly acknowledged failings of standard models of choice to explain economic decisions has prompted economists to incorporate into their analysis psychological insights into individual behaviour, such as social cognitive and emotional biases. This book introduces the topic of behavioural economics to a beginning readership, explaining its approach and methodology and assessing its successes and weaknesses. The book begins by tracing the evolution of the field from its origins in Adam Smith's moral sentiments through the work of Herbert Simon to Daniel Kahneman and Richard Thaler today. The book explores how behavioural economics has advanced our understanding of human preferences including notions of fairness, reciprocity and inequality aversion, and the mental processes involved in decision making, which vary with the complexity of the decision and the ability of the decision-maker to process the information. The decision-making of individuals within social and economic groups is explored, including financial practitioners and what this can mean for financial markets. Finally the book looks at the ways in which findings from behavioural economics have been used to alter the decisions people make, such as the nudge approach, and the ethics of such persuasion."
019,Behavioural economics and experiments /,
019,Behavioural economics and finance /,
019,Behavioural economics and finance /,"Behavioural economics and behavioural finance are rapidly expanding fields that are continually growing in prominence. While orthodox economic models are built upon restrictive and simplifying assumptions about rational choice and efficient markets, behavioural economics offers a robust alternative using insights and evidence that rest more easily with our understanding of how real people think, choose and decide. This insightful textbook introduces the key concepts from this rich, interdisciplinary approach to real-world decision-making. This new edition of Behavioural Economics and Finance is a thorough extension of the first edition, including updates to the key chapters on prospect theory; heuristics and bias; time and planning; sociality and identity; bad habits; personality, moods and emotions; behavioural macroeconomics; and well-being and happiness. It also includes a number of new chapters dedicated to the themes of incentives and motivations, behavioural public policy and emotional trading. Using pedagogical features such as chapter summaries and revision questions to enhance reader engagement, this text successfully blends economic theories with cutting-edge multidisciplinary insights. This second edition will be indispensable to anyone interested in how behavioural economics and finance can inform our understanding of consumers’ and businesses’ decisions and choices. It will appeal especially to undergraduate and graduate students but also to academic researchers, public policy-makers and anyone interested in deepening their understanding of how economics, psychology and sociology interact in driving our everyday decision-making."
019,Behavioural macroeconomics :,"Modern macroeconomics has been based on the paradigm of the rational individual capable of understanding the complexity of the world. This has created a very shallow theory of the business cycle in which nothing happens in the macroeconomy unless shocks occur from outside. Behavioural Macroeconomics: Theory and Policy uses a different paradigm. It assumes that individual agents experience cognitive limitations preventing them from having rational expectations. Instead these individuals use simple rules of behaviour.Behavioural Macroeconomics introduces rationality by allowing individuals to learn from their mistakes and to switch to the rules that perform better. It introduces the idea of endogenously generated ""animals spirits"" that drive the business cycle and are in turn influenced by it, and applies this model to shed new light on a number of important issues. It analyses the role of fiscal policy in stabilizing the economy while maintaining debt sustainability; expands the model to include a banking sector and show how banks amplify the booms and busts; and explains how animal spirits help to synchronize the business cycles across countries.The model set out in Behavioural Macroeconomics leads to very different policy implications from the mainstream macroeconomic model. It shows how policymakers have a responsibility to stabilize an otherwise unstable system."
019,Being a sport psychologist /,"""In this approachable and accessible guide, Richard Keegan explores and illustrates the key roles that effective sport psychologists perform. With a wealth of practical advice, real-world examples, engaging anecdotes, and an integrated case study, this is the best possible resource for anyone interested in a career in sport psychology""--"
019,The blessing of waters and Epiphany :,
019,Bounded rationality and behavioural economics /,
019,A brain-focused foundation for economic science :,"This book argues that Lionel Robbins’s construction of the economics field’s organizing cornerstone, scarcity—and all that has been derived from it from economists in Robbins’s time to today—no longer can generate general consent among economists. Since Robbins’ Essay, economists have learned more than Robbins and his cohorts could have imagined about human decision making and about the human brain that is the lynchpin of human decision making. This book argues however that behavioral economists and neuroeconomists, in pointing to numerous ways people fall short of perfectly rational decisions (anomalies, biases, and downright errors), have saved conventional economics from such self-contradictions in what could be viewed as a wayward approach. This book posits that the human brain is the ultimate scarce resource, and that a focus on the brain can bring a new foundation for economics and can save the discipline from hostile criticisms from a variety of non-economists (many psychologists)."
019,A brain-focused foundation for economic science :,"This book argues that Lionel Robbins’s construction of the economics field’s organizing cornerstone, scarcity—and all that has been derived from it from economists in Robbins’s time to today—no longer can generate general consent among economists. Since Robbins’ Essay, economists have learned more than Robbins and his cohorts could have imagined about human decision making and about the human brain that is the lynchpin of human decision making. This book argues however that behavioral economists and neuroeconomists, in pointing to numerous ways people fall short of perfectly rational decisions (anomalies, biases, and downright errors), have saved conventional economics from such self-contradictions in what could be viewed as a wayward approach. This book posits that the human brain is the ultimate scarce resource, and that a focus on the brain can bring a new foundation for economics and can save the discipline from hostile criticisms from a variety of non-economists (many psychologists)."
019,"Brain, mind and Internet :",
019,Breaking the book :,
019,The Cambridge handbook of psychology and economic behaviour /,
019,The Cambridge handbook of psychology and economic behaviour /,"There has recently been an escalated interest in the interface between psychology and economics. The Cambridge Handbook of Psychology and Economic Behaviour is a valuable reference dedicated to improving our understanding of the economic mind and economic behaviour. Employing empirical methods - including laboratory and field experiments, observations, questionnaires and interviews - the Handbook provides comprehensive coverage of theory and method, financial and consumer behaviour, the environment and biological perspectives. This second edition also includes new chapters on topics such as neuroeconomics, unemployment, debt, behavioural public finance, and cutting-edge work on fuzzy trace theory and robots, cyborgs and consumption. With distinguished contributors from a variety of countries and theoretical backgrounds, the Handbook is an important step forward in the improvement of communications between the disciplines of psychology and economics that will appeal to academic researchers and graduates in economic psychology and behavioral economics."
019,Challenging mountain nature :,
019,"CHI 99, human factors in computing systems :",
019,Citizens and politics :,
019,The civic culture :,
019,Co-operative process management :,"Covering analysis, field studies, micro-world studies, training and the creation of computer artefacts under the Co-operative Process Management umbrella."
019,Cognitive and linguistic aspects of geographic space /,
019,The cognitive basis of institutions :,"The Cognitive Basis of Institutions: A Synthesis of Behavioral and Institutional Economics synthesizes modern research in behavioral economics with traditional institutional economics. This work emphasizes that institution and agent are inextricably linked, and that both cognitive and institutional processes coalesce to influence human decision-making. It integrates cognition and institution through the behavioral economics theoretical lens of bounded rationality. Methodologically, it develops game-theoretical, complexity and neuroeconomic solutions to unite study of the two areas. The work concludes by proposing general implications for the economic study of decisions using the cognitive-institutional approach, also providing specific recommendations for public policy."
019,Cognitive behaviour therapy in sport and performance :,"Many sport and performance psychologists worldwide practise cognitive behaviour therapy (CBT) as a therapeutic and applied practice approach. But no textbook currently offers a blueprint to understand and use CBT in sport and performance settings. Cognitive Behaviour Therapy in Sport and Performance: An Applied Practice Guide builds upon a tangible foundation for the practice of CBT and related techniques in sport and performance contexts. This new book presents key points to help students and practitioners bring CBT into the sport and performance context. We focus on the what is' and the how to'. Drawing upon the latest research and a wealth of applied practice experience, this easy-to-use guide takes the reader through each step of the CBT process with case examples, plain instructions, and worksheets to maximise the quality and depth necessary for effective CBT practice. As an applied guide, this book educates undergraduates and postgraduates in sport and performance psychology (and all its variants). This book is an instrumental guidance material for sport and exercise psychology students but also invaluable as a practice guide for performance psychology trainees in applied practice placements and as a refresher primer for established professionals."
019,Cognitive ergonomics and human-computer interaction /,
019,Communicating user experience :,"Communicating User Experience: Applying Local Strategies Research to Digital Media Design examines how Local Strategies Research (LSR) helps investigate user experiences with digital media. This edited collection uses case studies to examine the way we communicate in the digital age whether between individuals and digital interfaces (such those installed in cars), dyads via mobile phones and online interfaces, or members of a group through a video conference. Milburn and her contributors consider the cultural norms that both inform and are used during interaction to provide a useful methodology that shifts design (particularly HCI) research from a focus on emotional, subjective user experiences to the everyday practices involved in interacting with one another in and through digital devices and interfaces. Communicating User Experience will be a valuable resource for designers and scholars of communication and new media."
019,Constructing knowledge art :,"This book is about how people (we refer to them as practitioners) can help guide participants in creating representations of issues or ideas, such as collaborative diagrams, especially in the context of Participatory Design (PD). At its best, such representations can reach a very high level of expressiveness and usefulness, an ideal we refer to as Knowledge Art. Achieving that level requires effective engagement, often aided by facilitators or other practitioners. Most PD research focuses on tools and methods, or on participant experience. The next source of advantage is to better illuminate the role of practitioners--the people working with participants, tools, and methods in service of a project's larger goals. Just like participants, practitioners experience challenges, interactions, and setbacks, and come up with creative ways to address them while maintaining their stance of service to participants and stakeholders. Our research interest is in understanding what moves and choices practitioners make that either help or hinder participants' engagement with representations. We present a theoretical framework that looks at these choices from the experiential perspectives of narrative, aesthetics, ethics, sensemaking and improvisation and apply it to five diverse case studies of actual practice."
019,Consumer neuroscience :,"To get an introduction to the field of consumer neuroscience, the textbook is organized as follows: After the introduction, chapter 2 elucidates major academic cornerstones that led to the emergence of the transdisciplinary field of consumer neuroscience and provides a clear-cut definition of the discipline in the end. Chapter 3 briefly presents basic knowledge about brain physiology and relevant anatomical terms and areas for consumer neuroscience. Chapter 4 provides an overview of recent methods in neuroscience used by consumer researchers. After a brief insight into selected theories and concepts from neuroscience that consumer researchers can benefit from (chapter 5), a variety of preliminary findings is detailed in chapter 6 and structured alongside the traditional marketing-mix elements and brand research. Finally, the chapter concludes with a look at the future of consumer neuroscience research."
019,Contemporary issues in end user computing /,
019,Cooperative multimodal communication :,
019,Courage in the Democratic Polis :,
019,A course in behavioral economics /,
019,A course in behavioral economics /,"A concise and reader-friendly textbook on one of the hottest developments in social and behavioral science today. Covering all core areas of the subject, Erik Angner clearly lays out the theory and explains the intuitions behind it. It is full of examples, exercises, and problems drawn from fields such as economics, management, marketing, political science, and public policy. Among other things, the book shows how to apply principles of behavioral economics to science, business, medicine, and daily life. No advanced mathematics is required. An ideal introduction for students coming to behavioral economics from various fields, at both undergraduate and postgraduate levels. It is equally suitable for general readers who have been captivated by popular-science books on behavioral economics and want to know more."
019,A critical introduction to sport psychology /,
019,Cross-cultural design for IT products and services /,"""With the increase of globalization of business and industry, IT products and services are produced and marketed across geographical cultural boundaries without any consideration of culture. There is a high probability that IT products and services developed in one country may not be effectively used in another country, which may hinder market penetration and sales and use of IT products and services. This book provides comprehensive coverage of the psychological foundations of cross-cultural design. The text presents methodology for assessing similarities, differences, likes, dislikes, and difficulties with different information appliance products and information services""--"
019,Crowdsourcing /,
019,The cultural politics of emotion /,
019,CVE 2000 :,
019,Cybercognition /,"Technology is developing rapidly. It is an essential part of how we live our daily lives―in a mental and physical sense, and in professional and personal environments. Cybercognition explores the ideas of technology addiction, brain training, and much more. This text provides readers with a guide to understanding concepts related to the online world. It answers important questions: What is the impact of digital technology on our learning, memory, attention, problem-solving, and decision making? If we continue to use digital technology on a large scale, can it change the way we think? Can human cognition keep up with technology? Suitable for students on Cyberpsychology and Cognitive Psychology courses at all levels, as well as anyone with an inquiring mind."
019,Cyberpsychology :,
019,Cyberpsychology /,
019,Cyborg subjects :,
019,Designing for behavior change :,"Designers and managers hope their products become essential for users-integrated into their lives like Instagram, Lyft, and others have become. Such deep integration isn't accidental: it's a process of careful design and iterative learning, especially for technology companies. This guide shows you how to apply behavioral science-research that supports many products-to help your users achieve their goals using your product. In this updated edition, Stephen Wendel, head of behavioral science at Morningstar, takes you step-by-step through the process of incorporating behavioral science into product design and development. Product managers, UX and interaction designers, and data analysts will learn a simple and effective approach for identifying target users and behaviors, building the product, and gauging its effectiveness. Learn the three main strategies to help people change behavior Identify behaviors your target audience seeks to change-and obstacles that stand in their way Develop effective designs that are enjoyable to use Measure your product's impact and learn ways to improve it Combine behavioral science with data science to pinpoint problems and test potential solutions."
019,Designing for interaction :,"Building products and services that people interact with is the big challenge of the 21st century. Dan Saffer has done an amazing job synthesizing the chaos into an understandable, ordered reference that is a bookshelf must-have for anyone thinking of creating new designs."" - Jared Spool, CEO of User Interface Engineering Interaction design is all around us. If you've ever wondered why your mobile phone looks pretty but doesn't work well, you've confronted bad interaction design. But if you've ever marveled at the joy of using an iPhone, shared your photos on Flickr, used an ATM machine, recorded a television show on TiVo, or ordered a movie off Netflix, you've encountered good interaction design: products that work as well as they look. Interaction design is the new field that defines how our interactive products behave. Between the technology that powers our devices and the visual and industrial design that creates the products' aesthetics lies the practice that figures out how to make our products useful, usable, and desirable."
019,Designing with blends :,
019,Designing with data :,
019,Digital interfacing :,"This book takes the interface - or rather to interface, a process rather than a discrete object or location - as a concept emblematic of our contemporary embodied relationship with technological artefacts. The fundamental question addressed by this book is: How can we understand what it means to perceive or act upon the world as a body-artefact assemblage? Black works to clarify the role of artefacts of all kinds in human perception and action, then considers the ways in which new digital technologies can expand and transform this capacity to change our mode of engagement with our environment. Throughout, the discussion is grounded in specific technologies - some already familiar and some still in development (e.g. new virtual reality and brain-machine interface technologies, natural user interfaces, etc.). In order to develop a detailed, generalizable theory of how we interface with technology, Black assembles an analytical toolkit from a number of different disciplines, including media theory, ethology, clinical psychology, cultural theory, philosophy, science and technology studies, cultural history, aesthetics and neuroscience."
019,Digital technology and sustainability :,"This book brings together diverse voices from across the field of sustainable human computer interaction (SHCI) to discuss what it means for digital technology to support sustainability and how humans and technology can work together optimally for a more sustainable future. Contemporary digital technologies are hailed by tech companies, governments and academics as leading-edge solutions to the challenges of environmental sustainability; smarter homes, more persuasive technologies, and a robust Internet of Things hold the promise for creating a greener world. Yet, deployments of interactive technologies for such purposes often lead to a paradox: they algorithmically ""optimize"" heating and lighting of houses without regard to the dynamics of daily life in the home; they can collect and display data that allow us to reflect on energy and emissions, yet the same information can cause us to raise our expectations for comfort and convenience; they might allow us to share best practice for sustainable living through social networking and online communities, yet these same systems further our participation in consumerism and contribute to an ever-greater volume of electronic waste.By acknowledging these paradoxes, this book represents a significant critical inquiry into digital technology’s longer-term impact on ideals of sustainability. Written by an interdisciplinary team of contributors this book will be of great interest to students and scholars of human computer interaction and environmental studies."
019,Economic games people play /,
019,Economic life in the real world :,"""This book is an exploration of the psychology of everyday economic life, written by an anthropologist who has carried out long term fieldwork in rural China and Taiwan. It is also an attempt - not the first one, of course - to bring anthropology, psychology and economics into some kind of conversation. On the surface, this shouldn't be too huge a task. Anthropology, psychology and economics are three human science disciplines. They share a good deal in terms of their intellectual origins and their contemporary subject matter. Of particular relevance to this book is their shared interest in moral aspects of economic agency, including the question of whether ours is a fundamentally cooperative or fundamentally selfish species. Much of the time, however, scholars in these academic fields live on very different planets. In fact, anthropologists could be said to pay quite a lot of attention to economists, but this manifests itself in an odd way. They are sharply critical of them while having little understanding of what they actually do in their work and of the Utilitarian tradition that helped to inspire this. Meanwhile, it sometimes feels as if half the economists in the world would like to turn themselves into psychologists - albeit not in a way that every psychologist would credit - while the other half are running in the opposite direction""--"
019,The economic mind :,
019,Economic psychology :,"Economic Psychology is the only up-to-date, English-language textbook that provides a comprehensive overview of theoretical topics in economic psychology and their relevance in applied fields. Written by two leading psychologists, the book looks at how people make decisions on the use of scarce resources, in particular money, from a psychological perspective. Starting with decision making and lay theories as basic building blocks of economic behaviour, the authors go on to explore three major markets where economic behaviour occurs as an interaction between individuals and companies or institutions - consumer markets, labour markets and financial markets - before considering the challenges of collective cooperation and economic prosperity. Featuring numerous applied examples throughout, each chapter also includes an overview, a summary, figures, key terms, student questions and suggestions for further reading. This introduction is an essential resource for advanced undergraduate and postgraduate courses on economic psychology, behavioural economics and social psychology."
019,Economic psychology /,"""This book presents an accessible overview of contemporary economic psychology. The science of economic mental life and behavior is increasingly relevant as people are expected to take more responsibility for their household and personal economic decisions. The text will, in addition to reviewing current knowledge on each topic presented, consider the practical and policy implications for supporting economic decision making""--"
019,The Economic psychology of everyday life /,
019,Economics and psychology :,
019,Economics and psychology /,
019,The economics of fairness /,"A growing literature in economics has studied how fairness considerations shape human behavior. This review analyses the key theoretical and empirical contributions spanning the last four decades, along with influential related work in normative economics. It argues that the fairness motive is essential for understanding human behavior in a wide range of settings, such as markets, bargaining, and redistributive situations. It moves on to a discussion of the large heterogeneity in what people view as fair and the importance people attach to fairness, displaying how a concern for fairness develops in childhood and manifests itself in the brain. This research review will be a valuable tool for those interested in the fascinating field of the economics of fairness."
019,Economics uncut :,
019,The economy of esteem :,
019,Elements of reason :,
019,Embodied consciousness :,"""This volume of essays combines research from neuroscience, consciousness studies, performer training systems, modes of creating a staged narrative, Asian aesthetics, and post-modern theories of performance in an examination of the relationship between consciousness and performance. Written by actors, directors, dancers, historians and theorists, the essays participate in the paradigm shift in the humanities and the arts from the textual to the performative. It is precisely that experience that is at the centre of the shift in the scientific study of consciousness. This collection of essays brings together a representation of this paradigm shift and the increasing body of research emerging at the intersections of consciousness and performance from theories of performance training to explorations on the role of performance in the construction of cultural aesthetics and community consciousness""--"
019,Emerging topics in physical virology /,
019,Emotionally intelligent design :,"""As technology becomes deeply integrated into every aspect of our lives, we've begun to expect more emotionally intelligent interactions. But smartphones don't know if we're having a bad day, and cars couldn't care less about compassion. Technology is developing more IQ, but it still lacks EQ. In this book, Pamela Pavliscak--design researcher and advisor to Fortune 500 companies--explores new research about emotion, new technology that engages emotion, and new emotional design practices. Drawing on her own research and the latest thinking in psychology, neuroscience, and behavioral economics, Pamela shows you how design can help promote emotional well-being.""--Publisher's description."
019,Emotions and affect in human factors and human-computer interaction /,"Emotions and Affect in Human Factors and Human-Computer Interaction is a complete guide for conducting affect-related research and design projects in H/F and HCI domains. Introducing necessary concepts, methods, approaches, and applications, the book highlights how critical emotions and affect are to everyday life and interaction with cognitive artifacts. The text covers the basis of neural mechanisms of affective phenomena, as well as representative approaches to Affective Computing, Kansei Engineering, Hedonomics, and Emotional Design. The methodologies section includes affect induction techniques, measurement techniques, detection and recognition techniques, and regulation models and strategies. The application chapters discuss various H/F and HCI domains: product design, human-robot interaction, behavioral health and game design, and transportation. Engineers and designers can learn and apply psychological theories and mechanisms to account for their affect-related research and can develop their own domain-specific theory. The approach outlined in this handbook works to close the existing gap between the traditional affect research and the emerging field of affective design and affective computing."
019,The end of theory :,""" An in-depth look at how to account for the human complexities at the heart of today's financial system Our economy may have recovered from the Great Recession--but not our economics. In The End of Theory, Richard Bookstaber, one of the world's leading risk managers, discusses why the human condition and the radical uncertainty of our world renders the standard economic model--and the theory behind it--useless for dealing with financial crises. What model should replace it? None. At least not any version we've been using for the past two hundred years. Instead, Bookstaber argues for a new approach called agent-based economics, one that takes as a starting point the fact that we are humans, not the optimizing automatons that standard economics assumes we are. Bookstaber's groundbreaking paradigm promises to do a far better job at preventing crises and managing those that break out. As he explains, our varied memories and imaginations color our economic behavior in unexpected hues. Agent-based modeling embraces these nuances by avoiding the mechanistic, unrealistic structure of our current economic approach. Bookstaber tackles issues such as radical uncertainty, when circumstances take place beyond our anticipation, and emergence, when innocent, everyday interactions combine to create sudden chaos. Starting with the realization that future crises cannot be predicted by the past, he proposes an approach that recognizes the human narrative while addressing market realities. Sweeping aside the historic failure of twentieth-century economics, The End of Theory offers a novel and innovative perspective, along with a more realistic and human framework, to help prevent today's financial system from blowing up again. ""--"
019,Enhancing learning through human computer interaction /,"""This book is a manual for the novice-Human Computer Interaction (HCI) designer. It compares and contrasts online business training programs with e-Learning in the higher education sector and provides a range of positive outcomes for linking information management techniques, which exploit the educational benefits of Web-mediated learning in computer supported collaborative learning""--Provided by publisher."
019,Everyday practices of tourism mobilities :,
019,Excelling in sport psychology :,"Written for graduate students and early professionals who are conducting applied sport psychology work for the first time, Excelling in Sport Psychology is a guide for planning, preparing, and executing this work. Each chapter addresses a critical component of the internship experience, such as selecting a site for an internship, preparing to begin the work, evaluating the completed work, and marketing oneself throughout one's early career. The diverse experiences of the various authors provide a range of viewpoints for trainees to consider and apply to their growth as sport psychology or mental skills professionals. The text is written in a practical manner, with suggestions and questions that will drive this personal and professional growth. Each chapter also includes a personal account from a current student or recent graduate about their experience in that area. This book will appeal to students in academic sport psychology programs seeking additional support and guidance about the internship process, as well as post-graduates who did not have an internship component to their program. Supervisors will benefit from reading the book as it highlights ways to work with trainees. Drawn from the experience of the applied Sport Psychology department at John F. Kennedy University, which has helped students set up internships, have successful experiences, and attain jobs for over 25 years, this book can provide a model for training programs approaching the challenges of fieldwork."
019,Experimental human-computer interaction :,"""Experiments that require the use of human participants are time consuming and costly: it is important to get the process right the first time. Planning and preparation are key to success. This practical book takes the human-computer interaction researcher through the complete experimental process, from identifying a research question to designing and conducting an experiment, and then to analyzing and reporting the results. The advice offered in this book draws on the author's twenty years of experience running experiments. In describing general concepts of experimental design and analysis she refers to numerous worked examples that address the very real practicalities and problems of conducting an experiment, such as managing participants, getting ethical approval, preempting criticism, choosing a statistical method, and dealing with unexpected events""--"
019,Explaining political judgement /,"""What is political judgement? Why do politicians exhibit such contrasting thought styles in making decisions, even when they agree ideologically? What happens when governments with contrasting thought styles have to deal with each other? In this book Perri 6 presents a fresh, rigorous explanatory theory of judgment, its varieties and its consequences, drawing upon Durkheim and Douglas. He argues that policy makers will understand - and misunderstand - their problems and choices in ways that reproduce their own social organisation. This theory is developed by using the Cuban Missile Crisis of 1962 as an extended case study, examining the decision-making of the Kennedy, Castro and Khrushchev regimes. Explaining political judgment is the first comprehensive study to show what a neo-Durkheimian institutional approach can offer to political science and to the social sciences generally""--"
019,The expressivity of grammar :,
019,Faces on the ballot :,"One of the key shifts in contemporary politics is the trend towards greater personalization. Collective actors such as political parties are losing relevance. Citizens are slowly dealigning from these actors, and individual politicians are therefore growing in importance in elections, in government, within parties, and in media reporting of politics. A crucial question concerns how this new pattern could be restructuring politics over the long run - notably, whether the personalization of politics is changing the institutional architecture of contemporary democracies. The authors show that the trend towards personalization is indeed changing core democratic institutions. Studying the evolution of electoral systems in thirty-one European democracies since 1945, they demonstrate that, since the 1990s, there has been a shift towards more personalized electoral systems. Electoral systems in most European countries now allow voters to express preferences for candidates, not just for political parties. And the weight of these voters' preferences in the allocation of seats has been increased in numerous countries."
019,A fast and frugal finance :,"""Demonstrates how well-constructed 'fast and frugal' models can outperform standard models in time and outcome efficiency Focuses on how financial decisions are made in reality, using heuristics, rather than how such decisions should be made Discusses how cognition and the decision-making context interact in producing 'fast and frugal' choices that follow ecological rationality Explores the development of decision-making trees in finance to aid in decision-making""--"
019,Fitness and rehabilitation programs for special populations /,
019,Foucault and the politics of hearing /,
019,The foundations of behavioral economic analysis /,"This is the first definitive introduction to behavioral economics aimed at advanced undergraduate and postgraduate students. Authoritative, cutting edge, yet accessible, it guides the reader through theory and evidence, providing engaging and relevant applications throughout. It is divided into nine parts and 24 chapters: Part I is on behavioral economics of risk, uncertainty, and ambiguity. The evidence against expected utility theory is examined, and the behavioral response is outlined; the best empirically supported theory is prospect theory. Part II considers other-regarding preferences. The evidence from experimental games on human sociality is given, followed by models and applications of inequity aversion, intentions based reciprocity, conditional cooperation, human virtues, and social identity. Part III is on time discounting. It considers the evidence against the exponential discounted utility model and describes several behavioral models such as hyperbolic discounting, attribute based models and the reference time theory. Part IV describes the evidence on classical game theory and considers several models of behavioral game theory, including level-k and cognitive hierarchy models, quantal response equilibrium, and psychological game theory. Part V considers behavioral models of learning that include evolutionary game theory, classical models of learning, experience weighted attraction model, learning direction theory, and stochastic social dynamics. Part VI studies the role of emotions; among other topics it considers projection bias, temptation preferences, happiness economics, and interaction between emotions and cognition. Part VII considers bounded rationality. The three main topics considered are judgment heuristics and biases, mental accounting, and behavioral finance. Part VIII considers behavioral welfare economics; the main topics are soft paternalism, and choice-based measures of welfare."
019,The foundations of behavioral economic analysis /,
019,Foundations of sport and exercise psychology /,"""This book focuses on human behavior in certain types of situations-namely sport and exercise settings. It examines what motivates people, what angers them, and what scares them; how they regulate their thoughts, feelings, and emotions; and how their behaviors can become more effective""--"
019,Foundations of sport and exercise psychology /,
019,Foundations of sport and exercise psychology /,
019,Fun and software :,"Fun and Software offers the untold story of fun as constitutive of the culture and aesthetics of computing. Fun in computing is a mode of thinking, making and experiencing. It invokes and convolutes the question of rationalism and logical reason, addresses the sensibilities and experience of computation and attests to its creative drives. By exploring topics as diverse as the pleasure and pain of the programmer, geek wit, affects of play and coding as a bodily pursuit of the unique in recursive structures, Fun and Software helps construct a different point of entry to the understanding of software as culture. Fun is a form of production that touches on the foundations of formal logic and precise notation as well as rhetoric, exhibiting connections between computing and paradox, politics and aesthetics. From the formation of the discipline of programming as an outgrowth of pure mathematics to its manifestation in contemporary and contradictory forms such as gaming, data analysis and art, fun is a powerful force that continues to shape our life with software as it becomes the key mechanism of contemporary society. Including chapters from leading scholars, programmers and artists, Fun and Software makes a major contribution to the field of software studies and opens the topic of software to some of the most pressing concerns in contemporary theory."
019,Game user experience evaluation /,
019,Games with a Purpose (GWAPS) /,
019,Gender and political psychology /,"This book showcases new work done by gender politics scholars and political psychologists, covering a variety of political psychology topics. These include stereotyping and prejudice, intergroup conflict, social identity, attitude formation, group affinity, group decision-making, anxiety, contextual effects on individual behaviour, and the evolutionary roots of political behaviour. Political psychological insights are applied to address topics of longstanding concern within the field of gender and politics. Among the citizenry, gender differences in political ideology, responses to partisan conflict, Hispanic identity formation, and symbolic racism are explored. Other chapters pose the following questions relating to female candidates: What have been the effects of state parties' gender-inclusive policies? Who is most likely to gender stereotype candidates? Are general attitudes toward women in political office related to vote choice in specific contests? What are the implications of politicized motherhood? Finally, a set of essays engage a variety of themes related to gender, decision-making rules, and authority in small deliberative bodies. This book was originally published as a special issue of Politics, Groups, and Identities."
019,"Global practices and training in applied sport, exercise, and performance psychology :",
019,The grammar of expressivity /,"""This volume provides a detailed account of the syntax of expressive language, that is, utterances that express, rather than describe, the emotions and attitudes of the speaker ... Daniel Gutzmann demonstrates that expressivity has strong syntactic reflexes that interact with the semantic and pragmatic interpretation of these utterances, and argues that expressivity is in fact a syntactic feature on a par with other established features such as tense and gender. Evidence for this claim is drawn from three detailed case studies of expressive adjectives, intensifiers, and vocatives; their puzzling properties are accounted for through a minimalist approach to syntactic features and agreement, which shows that expressivity can partake in agreement operations, trigger movement, and be selected for syntactically. The analysis not only supports the hypothesis of expressive syntax, but also highlights the hidden role that grammar may play in phenomena that are traditionally considered to be solely semantic in nature"" -- Publisher."
019,A guide to computer user support for help desk & support specialists /,
019,A Guide to usability :,
019,Handbook of contemporary behavioral economics :,
019,Handbook of contemporary behavioral economics :,
019,Handbook of contemporary behavioral economics :,
019,Handbook of research on behavioral finance and investment strategies :,"""This book presents an interdisciplinary, comparative, and competitive analysis of the thought processes and planning necessary for individual and corporate economic management""--"
019,Happiness explained :,
019,"Happiness, growth, and the life cycle /",
019,"Happiness, growth, and the life cycle /",
019,Haptic human-computer interaction :,
019,Haptic rendering :,
019,HCI related papers of Interacción 2004 /,
019,Hormonal proteins and peptides.,
019,"Hormones, cells and organisms :",
019,How to win :,"During her two decades as a sport psychologist, Dr Kate Hays has been developing 'The Building Blocks of Success', a framework which has become a transformative programme for forging a winning mentality in both an individual and group setting.The process has the power to transform good teams into great teams, while turning underperforming or misfiring athletes into title-winning forces. Crucially, the process accepts that it is important to win but it is more important to thrive. The priority focus is creating a sustainable culture that allows athletes to succeed, over and over again.In How to Win, Dr Kate Hays will show you how her framework isn't a resource solely reserved for elite Olympians or international football teams. In fact, anyone can find long-term and sustainable success using these methods.Work your way through a series of easy-to-understand psychological exercises and challenges; apply the learned lessons and skills to your environment (whether that be in sport, business, family, or any individual or group endeavour); follow the processes set out in 'The Building Blocks of Success' to create a greater understanding of self and of the people working, playing or striving alongside you.How to Win will help you find your purpose, fulfil your potential, and thrive."
019,Human attention in digital environments /,"""Digital systems, such as phones, computers and PDAs, place continuous demands on our cognitive and perceptual systems. They offer information and interaction opportunities well above our processing abilities, and often interrupt our activity. Appropriate allocation of attention is one of the key factors determining the success of creative activities, learning, collaboration and many other human pursuits. This book presents research related to human attention in digital environments. Original contributions by leading researchers cover the conceptual framework of research aimed at modelling and supporting human attentional processes, the theoretical and software tools currently available, and various application areas. The authors explore the idea that attention has a key role to play in the design of future technology and discuss how such technology may continue supporting human activity in environments where multiple devices compete for people's limited cognitive resources""--"
019,Human behavior :,
019,Human computer interaction :,
019,Human computer interaction using hand gestures /,"Human computer interaction (HCI) plays a vital role in bridging the 'Digital Divide', bringing people closer to consumer electronics control in the 'lounge'. Keyboards and mouse or remotes do alienate old and new generations alike from control interfaces. Hand Gesture Recognition systems bring hope of connecting people with machines in a natural way. This will lead to consumers being able to use their hands naturally to communicate with any electronic equipment in their 'lounge.' This monograph will include the state of the art hand gesture recognition approaches and how they evolved from their inception. The author would also detail his research in this area for the past 8 years and how the future might turn out to be using HCI. This monograph will serve as a valuable guide for researchers (who would endeavour into) in the world of HCI."
019,Human factors in computing systems :,
019,Human-computer interaction :,
019,Human-computer interaction /,
019,The human-computer interaction handbook :,
019,Human-machine reconfigurations :,
019,Human-machine reconfigurations :,
054,50 impressionist paintings you should know /,"Fifty of the most important works from the early nineteenth through the early twentieth centuries are gorgeously reproduced, including the best of Monet, Degas, van Gogh, Renoir, Cezanne, Cassatt, Manet, Seurat, and Pisarro. Each piece is given a brief overview establishing its place in the Impressionist pantheon as well as in its artist's oeuvre. An introductory text explains the Impressionistic style, tracing the movement's development, while an appendix offers biographies of the artists."
054,Accounting and management controls for computer systems /,
054,Advanced information processing applications /,
054,After the Arab spring :,"""When popular revolutions erupted in Tunisia and Egypt, Western pundits were quick to hail the stirrings of an Arab Spring and draw parallels between the resulting upheaval in the Middle East and the fall of the Berlin Wall in 1989. In The Tunisian Tsunami John R. Bradley offers a sober counternarrative to this outlook. It is not liberalism, democracy, and pluralism that will emerge triumphant, he argues, but instead radical Islam. Bradley illustrates how, in a region awash with extremist Wahhabi ideology, intertribal rivalries, and Sunni-Shia divisions, the idea that liberal and progressive trends will prevail is little more than wishful thinking""--"
054,All fall down :,
054,Analyzing the impacts of industry 4.0 in modern business environments /,"""This book address the evolution of the current industrial revolutions, a practical and working definition of the concept Industry 4.0, strategic implications of i4.0 implementation, importance of the process improvement in the quest of industry 4.0, consequences of i4.0 adoption for supply chain management, and the Human Resource aspects""--"
054,Arab spring and peripheries :,"The emerging literature on the so-called ‘Arab Spring’ has largely focused on the evolution of the uprisings in cities and power centres. In order to reach a more diversified and inner understanding of the ‘Arab Spring’, this edited book examines how peripheries have reacted and contributed to the historical dynamics at work in the Middle East and North Africa. It rejects the idea that the ‘Arab Spring’ is a unitary process and shows that it consists of diverse Springs which differed in terms of opportunity structure, strategies of a variance of actors, and outcomes. This book looks at geographical, religious, gender and ethnical peripheries, conceptualizing periphery as a dynamic structure which can expand and contract. It shows that the seeds for changing the face of politics and polities are within peripheries themselves. Focusing on the voices of peripheries can therefore be a powerful tool to ‘de-simplify’ the reading of the Arab Spring and to reshape the paradigmatic schemes through which to look at this part of the world. This book was published as a special issue of Mediterranean Politics."
054,Architecting the digital transformation :,"This research-oriented book presents key contributions on architecting the digital transformation. It includes the following main sections covering 20 chapters: · Digital Transformation · Digital Business · Digital Architecture · Decision Support · Digital Applications Focusing on digital architectures for smart digital products and services, it is a valuable resource for researchers, doctoral students, postgraduates, graduates, undergraduates, academics and practitioners interested in digital transformation."
054,Argo :,
054,Building a North American community :,
054,Business computer systems :,
054,Business data systems :,
054,Business systems /,
054,Business systems design /,
054,Business systems handbook :,
054,Business trends in the digital era :,"This book introduces 10 mega business trends, ranging from big data to the O2O model. By mining and analyzing mountains of data, the author identifies these 10 emerging trends and goes to great lengths to explain and support his views with up-to-date cases. By incorporating the latest developments, this book allows readers to keep abreast of rapidly advancing digital technologies and business models. In this time of mass entrepreneurship and innovation, acquiring deep insights into business trends and grasping opportunities for innovation give readers (business executives in particular) and their companies a competitive advantage and the potential to become the next success story. The Chinese version of the book has become a hit, with some business schools using it as a textbook for their S&T Innovation and Business Trends programs. It also provides business executives with a practical guide for their investment and operation decisions."
054,Citizenship in organisations :,
054,The complete Persepolis /,
054,Computer augmented cases in operations and logistics management /,
054,Computer center operations /,
054,Computer management.,
054,Computer simulation in business /,
054,Computers and information systems in business /,
054,Computers for business :,
054,Computers in the office /,
054,Computing today :,
054,Consultancy report :,
054,Data base in perspective /,
054,Data base management systems in business /,
054,Data processing budgets :,
054,DATATRAN :,
054,Delivery and adoption of cloud computing services in contemporary organizations /,"""This book brings together the best practices for storing massive amounts of data by highlighting ways cloud services can work effectively in production and in real time in various disciplines, such as computer science, consulting, information technology, information and communication sciences, healthcare, and finance""--"
054,Developing computer solutions for your business problems /,
054,Dictionary of the modern politics of Southeast Asia /,"""The past two decades since the end of the Cold War have been years of remarkable change and transformation for Southeast Asia. Long seen as an arena for superpower rivalry, Southeast Asia is increasingly coming into its own by locating itself at the forefront of regional integration initiatives that involve not only the Association of Southeast Asian Nations, but major external powers such as the United States, China, India, Japan, and Australia as well. At the same time, the past two decades has seen the revival of old animosities as well as the emergence of new security challenges confronting the region. Old animosities include unresolved territorial disputes, while new challenges range from regional and global financial crises, terrorism, and pandemics. Significant changes within the ten Southeast Asian countries covered in this book have also transpired that have affected not only the complexion of domestic politics, but have also impacted regional diplomacy as well, such as the creation of potentially the eleventh ""Southeast Asian"" country - Timor Leste. Extensively updated and revised in light of these changes and developments, this fourth edition of Dictionary of the Modern Politics of Southeast Asia contains profiles of each Southeast Asian country. Following this, it provides more than 450 alphabetically arranged individual entries providing detailed accounts and analyses on major episodes and treaties, political parties and institutions, civil society movements, and regional and international organizations""--"
054,Discovering child art :,"This book brings together thirteen distinguished critics and scholars to explore children's art and its profound but rarely documented influence on the evolution of modern art. It shows that children's art and childhood have inspired major works of art, served as central metaphors for artistic spontaneity and honesty, and provided a window into the fundamental human qualities explored by modern artists."
054,District administration :,
054,The dynamics of opposition cooperation in the Arab world :,"Within the democratisation literature, opposition unity is widely seen as an important requisite to successfully pressure authoritarian rulers into liberalising reforms and in bringing about democratic change. Taking up on this theme, this book examines the myriad ways in which opposition groups across the Arab world have sought to coalesce into broader reform coalitions at the local, national and transnational levels to challenge authoritarian incumbents and their policies. Drawing on original case studies from the region, it sheds light on the diverse nature and objectives of these reform coalitions, and explores the challenges opposition groups face in Arab states in uniting behind a common reform agenda and in driving this agenda forward. Be they electoral pacts, local government coalitions, broader opposition alliances or networks of resistance, this book demonstrates that, although widespread, the record of collective opposition activism in the Arab world is mixed, with many reform coalitions lacking the necessary cohesion and mass appeal to effectively mobilise for change."
054,E-Business - Applications and Global Acceptance /,
054,E-Business /,
054,E-business /,
054,e-Business strategies for virtual organizations /,"'e-Business Strategies for Virtual Organizations' enables IT managers and directors to develop and implement IT strategies and infrastructures for new models of doing business based on the Internet. The authors provide a brief introduction to the concepts and strategic issues surrounding information warfare, managing organizational knowledge, and the information economy. The virtual organization is now an important business model for contemporary business organizations and the flexibility and adaptability of the virtual organization make it ideal for survival in today's highly competitive and dynamically changing markets. Modern corporations may utilize some of the features of the virtual organization to develop the ideal organization to a greater or lesser extent depending on individual business circumstances. This book covers the issues involved in planning, realizing and managing such a virtual organization, and the role of information and communication technologies in supporting virtual organizations and virtual organizing is addressed throughout."
054,E-commerce and v-business :,
054,E-commerce strategy :,"Exploring the evolution, the present state and the likely future of e-commerce, this book covers such topics as e-channel adoption, factors affecting e-commerce adoption, strategy design, open source, online research, and peer-to-peer systems."
054,E-leaders /,
054,E-processes /,
399,e-shock 2020 :,"What effect have innovations in digital technology had on the way we communicate and work, and what can we expect from the future? Following on from the hugely successful e-Shock, Michael de Kare Silver analyses the developments in digital technology over the past decade, and how they have changed our lives both at home and in the workplace."
054,The effective computer :,
054,Electronic commerce :,
054,Elements of systems analysis /,
054,Enterprise information portals and knowledge management /,"Is the Enterprise Information Portal (EIP) knowledge management's killer app? Leading expert Joseph M. Firestone, the first author to formulate the idea of the Enterprise Knowledge Portal, breaks new ground and looks to the future with a practical, but comprehensive approach to enterprise portals and their relationship to knowledge management. Providing a clear and novel overview, Firestone tackles a wide range of topics ranging from functional EIP applications, estimating costs and benefits of EIPs, variations in EIP technical architecture, the role of intelligent agents, the nature of knowledge management, portal product/solution segmentation, portal product case studies, to the future of the EIP space. 'Enterprise Information Portals and Knowledge Management' is the book on portals you've been waiting for. It is the only book that thoroughly considers, explores, and analyzes: * The EIP orientation, outlook and evolution * A new methodology for estimating EIP benefits and costs * EIP and Enterprise Knowledge Portals (EKP) architecture * The approaching role of software agents in EIPs and EKPs * The current and future contribution of EIP and EKP solutions to Knowledge Management * The role of XML in portal architecture * A comprehensive, multi-dimensional, and forward-looking segmentation of EIP products accompanied by portal product case studies * Where EIP sector companies are headed and the pathways they will follow to get there"
054,Enterprise information portals and knowledge management /,"Is the Enterprise Information Portal (EIP) knowledge management's killer app? Leading expert Joseph M. Firestone, the first author to formulate the idea of the Enterprise Knowledge Portal, breaks new ground and looks to the future with a practical, but comprehensive approach to enterprise portals and their relationship to knowledge management. Providing a clear and novel overview, Firestone tackles a wide range of topics ranging from functional EIP applications, estimating costs and benefits of EIPs, variations in EIP technical architecture, the role of intelligent agents, the nature of knowledge management, portal product/solution segmentation, portal product case studies, to the future of the EIP space. 'Enterprise Information Portals and Knowledge Management' is the book on portals you've been waiting for. It is the only book that thoroughly considers, explores, and analyzes: * The EIP orientation, outlook and evolution * A new methodology for estimating EIP benefits and costs * EIP and Enterprise Knowledge Portals (EKP) architecture * The approaching role of software agents in EIPs and EKPs * The current and future contribution of EIP and EKP solutions to Knowledge Management * The role of XML in portal architecture * A comprehensive, multi-dimensional, and forward-looking segmentation of EIP products accompanied by portal product case studies * Where EIP sector companies are headed and the pathways they will follow to get there"
054,Every man in this village is a liar :,"A few weeks after the planes crashed into the World Trade Centre on 9/11, LA Times journalist Megan Stack was thrust into Afghanistan and Pakistan, dodging gunmen and prodding warlords for information. She then travelled to other war ravaged countries of the Middle East including Israel and Libya, witnessing and telling the stories of the changing Muslim world. Stack relates her initial wild excitement and her slow disillusionment as the cost of violence outweighs the elusive promise of freedom and democracy. She reports from under bombardment in Lebanon; records the raw pain of suicide bombings in Israel; and one by one, marks the deaths and disappearance of those she interviews."
054,Executive's guide to web services /,
054,Experiencing history through archives :,"Part 2, ""Repair of records"" contributed by Yasodhara Joshi; with reference to India and China."
054,The financial system of India /,
054,Fundamentals of information systems /,"Equipping you with a solid understanding of the core principles of IS and how it is practiced, the brief FUNDAMENTALS OF INFORMATION SYSTEMS, 8E covers the latest developments from the field and their impact on the rapidly changing role of today's IS professional. A concise nine chapters, this streamlined book includes expansive coverage of mobile solutions, energy and environmental concerns, cloud computing, IS careers, virtual communities, global IS work solutions, and social networking. You learn firsthand how information systems can increase profits and reduce costs as you explore new information on e-commerce and enterprise systems, artificial intelligence, virtual reality, green computing, and other issues reshaping the industry. The book also introduces the challenges and risks of computer crimes, hacking, and cyberterrorism. A long-running example illustrates how technology was used in the design, development, and production of this book."
054,Gauguin and the impressionists :,"Masterpieces of nineteenth-century French painting from the Ordrupgaard Collection in Copenhagen are travelling to the Royal Academy of Arts in the spring of 2020. Drawn from the remarkable collection of the Danish insurance magnate and art lover Wilhelm Hansen, these works represent the very best of French Impressionism.0Having already built up an impressive collection of Scandinavian art, at the beginning of the First World War Hansen had ambitious plans to extend his collection to encompass French art. A burst of acquisitions from 1916 to 1918, during which he took advice from the influential Parisian art critic Theodore Duret, saw his collection grow to include works by Manet, Monet, Renoir, Cezanne, Sisley, Courbet, Morisot, Matisse, Pissarro and - forming a particular highlight of the collection - a group of significant paintings by Paul Gauguin.0With stunning reproductions of sixty works, the authors explore the history of the collection and provide detailed analysis of the works themselves.00Exhibition: Royal Academy of Arts, London, UK (29.03-14.06.2020)."
054,Global 1979 :,
054,Guide to global real estate investment trusts /,"The global listed property sector has been characterized by a variety of noteworthy developments over the recent past, the proliferation of real estate investment trust-type structures in countries around the world key among them. Despite an uncertain economic environment, REITs have proven their ability to promote institutional real estate investments in global financial markets."
054,Impressionism :,
054,Impressionism :,"""Impressionist landscapes are not spontaneous atmospheric paintings, but rather a place from which the impressionist artist carried out their experiments. Color doesn't represent light, it is light. Landscape is liberated from all historic and symbolic presumption, making it impressionism's primary genre and encouraging the viewer to use all their senses. The present catalog examines this new reappraisal.""--Back cover of jacket."
019,Impressionism :,"With blockbuster exhibitions, record-breaking auction prices, and packed museums, Impressionism remains close contender for the world’s favorite period of painting. Its favorite subjects― from dappled harbor scenes and summer days to vibrant Parisian salons and gardens―brim with optimism and joie de vivre. The works once dismissed as unfinished or imprecise are now beloved for their atmospheric evocation of time and place, as well as the stylistic flair of rapid brushstrokes upon canvas. The lives and oeuvres of Impressionist pillars Cézanne, Degas, Gauguin, Manet, Monet, Renoir, Rousseau, Seurat, Toulouse-Lautrec, and van Gogh are each explored in-depth in TASCHEN’s Basic Art series. Now, this volume combines all 10 monographs into one for the price of three. What we take for granted today―the relativity of perception depending on the viewer, lighting mood, or location to the object―was then the inspiration for some of the finest paintings in art history. Consider Monet’s 30+ variations of the Rouen Cathedral, Cézanne’s dazzling experimentation with color, Gauguin’s primitivist innovations, or Manet’s scandalous nudes: rarely has a single genre produced so many brilliant artists in such a short time.Since 1985, TASCHEN’s Basic Art series has published some 200 individual volumes, making it the world’s most successful art-book series. Each title contains an extensive text on the artist’s life and work, a detailed biography, and some 100 high-quality color illustrations with explanatory captions. With Ten in One, TASCHEN now presents ten Basic Art monographs in one volume. A must for every art lover!"
054,Impressionism /,
054,Impressionism /,"Celebrations of city streets; tranquil vistas of the countryside and seashore; enchanting images of the leisured classes in domestic interiors or at fashionable Parisian cafes - the work of the Impressionists gives pleasure to art lovers everywhere. But while Impressionism today may appear ""natural"" and effortless, contemporaries were shocked by the loose handling of paint and the practice of painting out-of-doors. In defiance of the conservative official Salon, the Impressionists - led by Edouard Manet, Claude Monet, Pierre-Auguste Renoir and Edgar Degas - sought to capture the immediacy of experience. This comprehensive study brings together the most recent research on Impressionism. James Rubin makes accessible its philosophical, political and social context, from Baudelaire's conception to the painter of modern life, to the influences of photography, the burgeoning art market, and contemporary notions of gender and race. As well as the acknowledged masters, our attention is drawn to lesser-known Impressionists such as Berthe Morisot, Mary Cassat and Gustave Caillebotte. Rubin also examines the work of Paul Cezanne and his relationship to the group. Finally, the book explores the legacy of Impressionism and its enduring appeal."
054,Impressionism /,"Discover how scenes of daily life and delicate dabs of color shocked the art world establishment. In this TASCHEN Basic Art introduction to Impressionism, we explore the artists, subjects, and techniques that first brought the easel out of the studio and shifted artistic attention from history, religion, or portraiture to the evanescent ebb and flow of modern life. As we tour the theaters, bars, and parks of Paris and beyond, we take in the movement's radical innovations in style and subject, from the principle of plein air painting to the rapid, broken brushwork that allowed the Impressionists to emphasize spontaneity, movement, and the changing qualities of light. We take a close look at their unusual new perspectives and their fresh palette of pure, unblended colors, including many vividly bright shades that brought a whole new level of chromatic intensity to the canvas. Along the way, we recognize Impressionism's established greats, such as Edgar Degas, Claude Monet, Berthe Morisot, and Camille Pissarro, as well as many associated artists worthy of closer attention, including Marie Bracquemond, Medardo Rosso, and Fritz von Uhde."
054,Impressionism /,
019,Impressionism /,"It is often forgotten just how provocative Impressionist canvases seemed when they were first exhibited in 1874. The advocates of the new style rejected the established principles of art prevalent at that time in France. This book traces Impressionism's origins to its spread to America and Australia. Ralph Skea shows how Impressionist artists transformed everyday subject matter. Daringly using colour and rapid brushstrokes, the Impressionists worked out of doors, creating paintings that captured the transient effects of light and feeling. Impressionism's initial shock factor gradually gave way to widespread acceptance, but only now can we appreciate how profound its influence has been on modern art."
054,"Impressionist art, 1860-1920 /","It was a dappled and daubed harbor scene that gave Impressionism its name. When Impression, Sunrise by Claude Monet was exhibited in April 1874, critics seized upon the work's title and its loose stylistic rendering of light and motion upon water to deride this new, impressionistic tendency in art. As with many seminal art movements, the critics got their comeuppance. Today, Impressionism is close contender for the world's favorite period of painting. With blockbuster exhibitions, record-breaking auction prices, and packed museums, the works once dismissed as unfinished or imprecise are now beloved for their atmospheric evocation of time and place, as well as the stylistic flair of rapid brushstrokes upon canvas."
054,Information processing management /,
054,Information processing systems for management /,
054,The internet of things and business /,"The internet of things (IoT) has the potential to change how we live and work. It represents the next evolution of the computing revolution and will see the embedding of information and communication technologies within machines at home and in the workplace and across a broad range of industrial processes. The effect will be a radical restructuring of industries and business models driven by massive flows of data providing new insights into how the man-made and natural worlds work. The Internet of Things & Business explores the business models emerging from the IoT and considers the challenges as well as the opportunities they pose to businesses around the world. Via real examples and a range of international case studies, the reader will develop an understanding of how this technology revolution will impact on the business world as well as on broader society."
054,Interpreting the Middle East :,
054,Introduction to data base management in business /,
054,Iran :,"Having been ruled, more or less continuously, by a range of monarchical dynasties for three millennia, the end of the monarchy in Iran was relatively sudden, taking place in two short years. Since then, Iran has gone through tumultuous change, yet is still apparently caught in a cycle of transition. Iran has now created a complex but unique and non-transferrable system of government, but the question to be asked is whether the Islamic republic has lived up to its founding expectations, serving the Iranian people and helping them to realize their aspirations. This book is the first comprehensive analytical study of the forces which have been shaping and changing modern Iran and its relations with the rest of the world. It looks at the roots of the 1979 revolution and the forces unleashed during the modernization process under the Pahlavi monarchy. Applying a range of theoretical approaches to understanding the Islamic republic's neo-authoritarian political system, Anoushiravan Ehteshami reflects on how the country's new elite emerged and how these new political forces have changed Iran, the stresses on its political system, the forces shaping the country's political economy, and the Islamic republic's international relations. Written in a clear and insightful manner, this book provides an unparalleled analysis of the Islamic Republic of Iran as a major regional actor and gives fresh insights into the political workings of the world's only Shia, and revolutionary, Islamic Republic. It will be of great importance to students and scholars of Middle East Politics and International Relations, as well as the policy community whose gaze is never too far from this unique country."
054,Iran since the revolution /,"Since the turn of the century Iran has experienced three major political upheavals in the struggle to democratize her political systems. The last revolution inaugurated an era of unprecedented turmoil and instead of fulfilling its democratic aim, paved the way for an even more despotic theocracy. To put the revolution in a proper perspective, some attempt is made to explain the reasons for Khomeini's success in acquiring first, the symbolic leadership of the anti-Shah revolution, and then, the monopolistic control of power in Iran. How and why the other claimants to power were shunted aside and later brutally repressed is a further theme for discussion. The domestic and external ramifications of the revolution are examined in detail; in particular the rise of the anti-American feeling which culminated in the hostage crisis. In conclusion, an analysis is offered of the instrumentalities of power available to the Islamic Republic, and several scenarios are explored in which Iran's competing forces may converge to determine whether this third revolution will finally succeed in subordinating political authority to popular democratic consent."
054,Iran under Ahmadinejad :,"The election of Mahmoud Ahmadinejad to the presidency of the Islamic Republic of Iran in the summer of 2005 thrust Iran into the international limelight in a way that few would have predicted. Robust, confrontational and given to bombastic rhetoric, Ahmadinejad has drawn condemnation from the West and praise from the Middle Eastern street in almost equal measure. This Paper looks at the details of his political rise and assesses his presidency to date within the context of the dynamics of Iranian politics. Examining the key themes of his presidency, it assesses the effectiveness of his policies and analyzes his populist approach, in particular his use of nationalism and the cult of the Twelfth Imam. The author argues that Ahmadinejad, far from retrenching the conservative values of the early revolution, is very much a product of the social and political changes which have occurred since the end of the Iran-Iraq War; that his populism in both politics and economics, along with the maintenance of a confrontational posture abroad, represents an ad hoc, and somewhat incoherent, attempt to disguise the growing contradictions which afflict the Islamic Republic, and the conservative vision of an unaccountable Islamic autocracy in the face of growing dissatisfaction, especially among key sections of the elite."
054,Iran under the ayatollahs /,"First published in 1985, this is a comprehensive study of the Middle East's most strategic country, set against the background of the Islamic heritage of Iran and the rise and fall of the Pahlavi dynasty. Dilip Hiro describes the various phases through which the Islamic revolution has passed, gives an incisive account of the first Gulf War, and provides an historical survey of Iran's relations with the West, the Soviet bloc, and other countries of the region."
054,The Iran-Iraq war :,"The Iran-Iraq war broke out in September 1980. It brought death and suffering to hundreds of thousands of people on both sides and devastated the economies of both countries. It also increased international tensions by precipitating new alliances and rearrangement of forces in the already turbulent Middle East. The focus of this book is on the historical, economic and political dimensions of the war between Iraq and Iran. It examines many aspects of what proved to be a very complex conflict; including its long history, its present economic and political setting, the different responses to the war by outside parties and its regional and world implications."
054,The Iran-Iraq war /,
054,The Iran-Iraq War /,"""The recent conflicts of the Middle East can be traced directly to the Iran-Iraq War. Rob Johnson provides a sound and clear grasp of the major issues surrounding this war - an essential precursor to understanding the nature of both the Iraqi and Iranian regimes in the 1990s and their regional aspirations, and the ensuing Gulf Wars""--"
054,Islamic revolution :,
054,Khomeinism :,
054,Library movement and library development in Orissa /,
054,The making of an avant-garde :,
054,Making systems work :,
054,Management information systems and the computer /,
054,The management of technological innovation /,
054,Management support systems /,
054,"Management, control and audit of advanced EDP systems.",
054,A manager's complete guide to effective information systems :,
054,The Managerial challenge of new office technology /,
054,Managing the computer /,
054,Managing with micros :,
054,Mapping impressionist painting in transnational contexts /,"""This book offers microhistories related to the transnational circulations of impressionism in the late nineteenth and early twentieth centuries. The contributors rethink the role of ""French"" impressionism in shaping these iterations by placing France within its global and imperialist context and arguing that impressionisms might be framed through the mobility studies' concept of ""constellations of mobility."" Artists engaging with impressionism in France, as in other global contexts, relied on, responded to, appropriated and resisted elements of form and content based on fluid and interconnected political realities and market structures. Written by scholars and curators, the chapters demand reconsideration of impressionism as a historical construct and the meanings assigned to that term. This project frames future discussion in art history, cultural studies, and global studies on the politics of appropriating impressionism""--"
054,Mary I :,"The elder daughter of Henry VIII, Mary I (1553-58) became England's ruler on the unexpected death of her brother Edward VI. Her short reign is one of the great potential turning points in the country's history. As a convinced Catholic and the wife of Philip II, king of Spain and the most powerful of all European monarchs, Mary could have completely changed her country's orbit, making it a province of the Habsburg Empire and obedient again to Rome. These extraordinary possibilities are fully dramatized in John Edward's superb short biography. The real Mary I has almost disappeared under the great mass of Protestant propaganda that buried her reputation during her younger sister, Elizabeth I's reign. But what if she had succeeded?"
054,Mary Tudor :,
054,Monet and the birth of impressionism /,
054,My turn to speak :,
054,Nonprofit internet strategies :,
019,On modern beauty :,"""An analysis of the notion of modern beauty that uses three Impressionist paintings in the collection of the J. Paul Getty Museum, Los Angeles, as the points of departure""--Provided by publisher."
054,On top of the cloud :,"""On Top of the Cloud provides an actionable framework for developing and executing a profitable cloud strategy. The book focuses on nine specific critical areas where success is imperative: (1) Software as a Service (SaaS); (2) Platform as a Service (PaaS); (3) Infrastructure as a Service (IaaS); (4) People (Recruiting, Hiring, Training, Elevating); (5) Process Evolution; (6) Change Management; (7) Governance; (8) Security; (9) Strategic Sourcing. Each of the objectives is thoroughly explained in simple, straightforward language, accompanied by original graphics, charts and illustrations. All of the chapters are fleshed out with real-world stories and revealing anecdotes gathered from the author's exclusive interviews with dozens of colleagues, thought leaders and IT experts from major competitive organizations in markets all over the world""--"
054,Organization and management of a computer center /,
054,Persia and its people /,This volume gives a popular description of Iran and was the result of the author's extensive travelling in the country and close knowledge of its people and customs over a period of 3 years at the turn of the nineteenth century.
054,"Philip of Spain, King of England :",
054,"Political change, democratic transitions and security in Southeast Asia /",
054,Programming real-time computer systems /,
054,Real time systems :,
054,Regional powers in the Middle East :,
054,Regulating sex/work :,
054,The reign of the ayatollahs :,
054,The reign of the ayatollahs :,
054,Saving Israel :,
054,Small computers for business and industry /,
054,Smart things to know about e-business /,
054,Southeast Asia in the new international era /,"From the Publisher: The fifth edition of Southeast Asia in the New International Era highlights the dramatic political events sweeping the region in the first decade of the twenty-first century. Where economic boom and crisis dominated events in the 1990s, political development and instability defines much of the region today. The promise of democracy in Thailand continues to slide amidst the forces of populism, military coup d'etat, constitutional crisis, and the politicization of the judiciary. Political freedom in Indonesia, by contrast, charts new territory as young democratic institutions strengthen. Vietnam's single-party rule delivers ongoing economic promise at the cost of political liberalization while the politics of patronage inhibits Cambodia's overall development. Burma's military regime maintains its grip on power by suppressing political opponents and Malaysia keeps communalism at bay while its long-standing parliamentary majority appears increasingly fragile. In the Philippines, the patterns of personalism, corruption, and elite rule plague democratic political development while Singapore's stable corporatist state stands in contrast to the struggling government of newly formed Timor-Leste. Occurring even as the U.S. War on Terror and China's rise creates new challenges, these changes and others are analyzed in this new fifth edition."
054,Southeast Asia in the new international era /,"""Southeast Asia in the New International Era highlights the dramatic political events sweeping a dynamic region populated by more than 500 million people. Where economic boom and crisis dominated events in the late twentieth century, economic recovery and policy dilemmas define much of the region today. Political cleavage continues to bedevil Thailand's intermittent democratization. Vietnam's single-party rule fosters ever tighter political control as it reacts to lagging economic growth. Surprising many, Burma's once closed polity now shows signs of genuine reform and openness. Elsewhere, patronage politics continues to inhibit development in the Philippines even as it fuels unprecedented growth in Cambodia and Laos. Home to the world's largest Muslim population, Indonesia blazes new ground with young democratic institutions while simmering aspirations for greater democracy in neighboring Malaysia generate mass protest. Representing the greatest contrast in the region is the rich and stable, corporatist state of Singapore versus the economically poor and politically fragile democracy of Timor-Leste. Amidst domestic developments, ASEAN's global profile continues to rise as the region's governments address a growing array of transnational concerns. This newly revised edition examines these developments and many others affecting the region and international political economy""--Provided by publisher."
054,A Southeast Asian community :,
054,The Spanish Atlantic world in the eighteenth century :,"""This volume elucidates Bourbon colonial policy with emphasis on Madrid's efforts to reform and modernize its American holdings. Set in an Atlantic world context, the book highlights the interplay between Spain and America as the Spanish empire struggled for survival amid the fierce international competition that dominated the eighteenth century. The authors use extensive research in the repositories of Spain and America, as well as innovative consultation of the French Foreign Affairs archive, to bring into focus the poorly understood reformist efforts of the early Bourbons, which laid the foundation for the better-known agenda of Charles III. As the book unfolds, the narrative puts flesh on the men and women who, for better or worse, influenced colonial governance. It is the story of power, ambition, and idealism at the highest levels""--"
054,Strategic data-planning methodologies /,
054,Systems management /,
054,Technology applied :,"""The business IT revolution is about to enter a new cycle of activity, as a result of the global pandemic, global supply chain issues and labor shortages. Right now, there is a growing need for a core understanding of business IT. This book is designed to meet the needs of the modern business stakeholder. Stakeholders who want to understand how new, emerging and future information technology (IT) will shape the world of work and commerce. Stakeholders such as business professionals who need to keep on top of the benefits, risks and opportunities that new tech such as AI, blockchain, crypto and cloud computing can and will bring to their products and services. This book is designed specifically with the stakeholder in mind. Stakeholders are those with direct or shared responsibility for business IT projects, products, people and processes. It will suit anyone with a non-IT background who is required, expected or ambitious to participate in IT projects: C-suite leaders, senior executives, project managers, analysts, product owners, and business development executives but will also appeal to anyone curious to know how new information technology (IT) trends and breakthroughs might affect business practice in the near future. The book explores some major areas and threads that stakeholders encounter - computers, data, messaging, projects, risks and tech itself - and examines and starts to demystify the primary channel through which most non-IT business professionals interact with the world of software and technology: the IT project. Additionally, the book will look at the world of crypto, blockchain and distributed ledgers. The evolution of ledger technology that Bitcoin kick-started has only just begun and is a truly significant change in IT. The authors focus on some core use cases for crypto and explain to the interested stakeholder how this might impact the day-to-day world of commerce and industry. The authors will also illustrate how the global COVID pandemic has impacted the need for business stakeholders to assess disruption to business and technology. COVID has hastened change like working from home, hybrid working and remote working. Finally, the book gives a detailed and practical look at new IT trends and breakthroughs and proposes use cases for these in different industries and contexts such as finance, trade, the legal profession, healthcare, voting, travel and so on. IT is one of the business world's strongest pillars and achievements. This book educates the reader on the business-related facts and impacts of IT; its daily application and how the near future will possibly change again beyond all recognition how we view and use IT""--"
054,Unburied memories :,
054,Virtual and networked organizations /,
054,The Wiley Blackwell handbook of the psychology of the Internet at work /,"This authoritative Wiley Blackwell Handbook in Organizational Psychology focuses on individual and organizational applications of Internet-enabled technologies within the workplace. The editors have drawn on their collective experience in collating thematically structured material from leading writers based in the US, Europe, and Asia Pacific."
054,A year in impressionism.,"Featuring 365 great Impressionist paintings, this book offers a beautiful and inspiring way to celebrate art every day of the year. A perfect gift for art lovers or anyone interested in Impressionism, this collection of 365 pictures gathers the best of the genre's masterpieces from around the world. Covering a wide range of artists and countries associated with the movement, the book features double-page spreads with an Impressionist painting on one side and a blank page on the other, offering space for notes and reminders of significant events. The vibrant colors and dynamic brush strokes that characterize Impressionist art come fully to life in these beautifully reproduced pictures. Each day readers will encounter renowned works by Renoir, Gauguin, Degas, Cézanne, Monet, and Seurat as well as paintings by lesser known practitioners such as Lovis Corinth, Childe Hassam, Lesser Ury, Peder Severin Krøyer, and Dame Laura Knight. Perfect for work, home, or studio this beautiful volume will brighten any room and offer inspiration every day."
059,Beginning equity and trusts /,
059,Building a nation-state :,
059,Burmese lives :,"""This volume explores the life stories of ordinary Burmese by drawing on the narratives of individual subjects and using an array of interdisciplinary approaches. The constituted stories highlight the protagonists' survival strategies in everyday life that demonstrate their constant courage and frustration in dealing with numerous social injustices and adversities""--"
059,Catalogue of mainland Chinese magazines and newspapers held by Union Research Institute.,
059,China since Tiananmen :,
059,China watching :,
059,Dear Alice :,
059,Fiduciaries and trust :,"""We begin with two bibliographical observations. First, scholarly interest in trust is no recent phenomenon, but lately there has been a flowering of academic literature studying numerous dimensions of trust from the standpoints of philosophy, economics, sociology and psychology. The depth and richness of this literature is impressive but hardly surprising, given that trust itself is a notoriously complex, elusive, and fact-specific phenomenon. Secondly, scholarly interest in the fiduciary principle that plays such a central role in common law legal systems with a tradition of equity was scarce until the late twentieth century. However, that situation has most definitely changed (for the better), and we now enjoy an abundance of scholarship exploring the fiduciary principle in private law. Moreover, there is a growing body of work exploring ideas of fiduciary government and international law. Scholars are puzzling over fiduciaries and trust as never before. Given this, one might expect to see a flourishing of academic interest in the relation of fiduciaries and trust, especially as it is often assumed or asserted that such a relation exists and that it has descriptive or normative significance for fiduciary law and practice. Yet this is not the case. Systematic analysis of fiduciaries and trust is rare. The aim of this volume is to help fill this gap. Our contributors explore the interactions of fiduciary law and trust, drawing on literatures on trust that have been generated in a variety of disciplines. They do so with an eye to the full scope of extension claimed for the fiduciary principle, from its heartland in private law, to its frontiers in public law and government more broadly. Overall, the volume advances an integrated and wide-ranging understanding of the relation of fiduciaries and trust that illuminates key legal and political problems, and challenges and deepens our understanding of fiduciaries and trust themselves""--"
059,Jeremiah's scribes :,
059,Solitons /,
059,Three Chinas /,
059,Understanding China :,
059,Vorticity and incompressible flow /,
059,Zhu Rongji meets the press /,
059,"Zhu Rongji on the record, 1991-1997 :",
059,"Zhu Rongji on the record, 1991-1997 :",
064,The Accelerating TechnOnomic Medium ('ATOM') :,"The accelerating pace and diffusion of technological change has taken control of an ever-growing fraction of the world economy. This fraction is being assimilated into a different set of economic fundamentals, such as the rapid and exponential price deflation inherent to technology. The effect of this was insignificant until recently, but is now beginning to create conspicuous distortions in many economic metrics, and is just years from being the dominant force across the entire economy. In response to technological deflation, the central banks of the world will have to create new money in perpetuity, increasing the stream at an exponentially rising rate much higher than is currently assumed. This now-permanent need for monetary expansion, if embraced, can fund government spending more directly. This in turn creates a very robust, dynamic, and efficient safety net for citizens, while simultaneously reducing and even eliminating most forms of taxation by 2025. Failure to recognize that technological deflation mandates permanent and ever-rising central bank monetary expansion that can and should gradually become the primary source of government spending will precipitate a major financial crisis starting as soon as 2017. The nature of current worldwide technology is to link various disruptions with each other, consume monetary liquidity to generate deflation, and lower the effective prices of most goods and services over time. Therefore, the entirety of worldwide technology has to be seen as a holistic economic entity, and can be defined as the ""Accelerating TechnOnomic Medium,"" or ""ATOM."""
064,The anatomy and evolution of industries :,
064,ASEAN and the EC :,
064,Beyond capital and labor :,
064,Beyond territory :,"""The main purpose of the book is to discuss new trends in the dynamic geography of innovation and argue that in an era of increasing globalization, two trends seem quite dominant: rigid territorial models of innovation, and localized configurations of innovative activities. The book brings together scholars who are working on these topics. Rather than focusing on established concepts and theories, the book aims to question narrow explanations, rigid territorializations, and simplistic policy frameworks; it provides evidence that innovation, while not exclusively dependent on regional contexts, can be influenced by place-specific attributes. The study of innovation encompasses an increasingly wide and rich field of conceptual and empirical studies and debates, which span across disciplinary boundaries in the social sciences. This book identifies the key debates, new streams of inquiry and progress in research related to the transfer, circulation and generation of knowledge in a spatial perspective. The book is organized into three subheadings: place-specific aspects of specialization and diversity; evolutionary spatio-sectoral dynamics; and bridging the local and the global divide. It is the aggregate of all of these contributions that offers an exclusive insight into the dynamic geographies of knowledge creation, diffusion and innovation, well beyond the traditional territorial approach. This volume contains new empirical and conceptual work by an interdisciplinary group of leading scholars from areas such as economic geography, innovation studies, and political science""--"
064,Brazil :,
064,Bridging islands :,
019,Bubbles and crashes :,
064,Building markets for knowledge resources :,"Peruta examines emerging pervasive models of innovation and how their nature, effects, and origins are characterized. The book starts with the definition of markets for knowledge resources and analyses the integration of market players (e.g. suppliers, customers, competitors, laboratories and research institute) such as the fundamental prerequisite for promoting the development of the new era of open innovation. By focusing on different organizational models and considering both mechanisms pecuniary and non-pecuniary, the book aims to compare the theoretical assumptions and the managerial implications of the emerging open business models with the traditional closed innovation ones. The open business models are characterized essentially by the fact of encouraging innovation as part of the interactive co-creation process outside the boundaries of the firm."
064,Challenging the innovation paradigm /,
064,China as an innovation nation /,"This volume assesses China's transition to innovation-nation status in terms of social conditions, industry characteristics and economic impacts over the past three decades, also providing insights into future developments. Defining innovation as the process that generates a higher quality, lower cost product than was previously available, the introductory chapter conceptualizes the theory of an innovation nation and the lessons from Japan and Untied States. It outlines the key governance, employment and investment institutions that China must build for such transition to occur, and examines China's challenges and strategies to innovate in the era of global production systems. Two succeeding chapters explain the evolving roles of Chinese state in innovation, and the new landscape of venture capital finance. The remaining chapters provide studies of major industries, which contain analyses of the evolving roles of investment by government agencies and business interests in the process. Included in these studies are traditional industries such as mechanical engineering, railroads, and automobiles; rapidly evolving and internationally highly integrated industries such as information-and-communication-technology (ICT); and newly emerging sectors such as wind and solar energy."
064,China's next strategic advantage :,
064,China's path to innovation /,"""Over the past three decades, China has experienced rapid economic growth and a fascinating transformation of its industry. However, much of this success is the result of industrial imitation and China's continuing success now relies heavily on its ability to strengthen its indigenous innovation capability. In this book, Xiaolan Fu investigates how China can develop a strategy of compressed development to emerge as a leading innovative nation. The book draws on quantitative and qualitative research that includes cross-country, cross-province and cross-firm analysis. Large multi-level panel datasets, unique survey databases, and in-depth industry case studies are explored. Different theoretical approaches are also used to examine the motivations, obstacles and consequences of China's innovation with a wider discussion around what other countries can learn from China's experience. This book will appeal to scholars and policy-makers working in fields such as innovation policy, technology management, development and international economics and China studies""--"
064,China's quest for innovation :,
064,China's technological catch-up strategy :,
064,Co-operative innovations in China and the West /,"""The declaration of 2012 as the International Year of Cooperatives by the general assembly of the United Nations highlights co-operative contributions to socio-economic development. Since its inception the co-operative movement included highly diverse co-operatives, with different aims, governance and financial structures. This is exemplified by differences between Western and Chinese cooperative traditions. Important economic and social transformations have led to radical innovations in the governance and capital structures of cooperatives, both in the West and in China, have been observed. Differences may remain but interesting convergences are also apparent. To date, little dialogue has taken place between Chinese and Western cooperatives. This book aims to contribute to our understanding of both those worlds and provides scholars, co-operative leaders and policy makers with relevant and useful information for further development of both Chinese and Western cooperatives. ""--"
064,Commercialising public research :,
064,Competing for the future :,
064,Computers and democracy :,
064,Created in China :,"""Undisputedly, China has become the world's manufacturing powerhouse, accounting for more than two-thirds of the world's output in DVD players, children's toys, and microwave ovens, as well as half of all personal computers, digital cameras and kitchen appliances. However, China is not only a low-cost manufacturing country, it is also in the process of transitioning towards becoming a major source of global innovation, by creating pioneering new business models and policy frameworks alongside the technical inventions the country has become known for. This book documents China's transition by highlighting the key elements, events, underlying trends and drivers that have contributed towards China's relentless progress in the realm of innovation. The book explores the innovation, research and development scene in China, whilst outlining the cultural and historical barriers to innovation and analysing the country's output. Individual entrepreneurs responsible for China's new economy are profiled, along with the research institutes and universities who are building the technological backbone that runs through the country. It concludes with a look at the anticipated trends for the future""--"
064,Crisis and innovation in Asian technology /,
019,The cry of the renegade :,
064,The cultural side of innovation :,"""In most discussions about the knowledge-based economy, innovation is associated or even equated with technology, while culture's influence is ignored. Innovation is however embedded in cultural and social contexts, and neglecting these crucial contexts may impede an innovation's diffusion--and eventual success. This book places culture at the center of discussions on innovation, beginning with a comprehensive introduction to innovation's various forms, including the history, sociology, and economics of innovation. Insights from marketing and psychology are integrated into a complexity theory framework, which are then utilized to evaluate case studies of organizations experiencing repeated innovation successes. The sometimes fraught relationship of firms to creativity is discussed, and a new model for to calculating the creativity of an economy is presented""--"
019,Democratic capitalism at the crossroads :,"""The twentieth century witnessed the triumph of democratic capitalism in the industrialized West, with widespread popular support for both free markets and representative elections. Today, that political consensus appears to be breaking down, disrupted by polarization and income inequality, widespread dissatisfaction with democratic institutions, and insurgent populism. Tracing the history of democratic capitalism over the past two centuries, Carles Boix explains how we got here--and where we could be headed. Boix looks at three defining stages of capitalism, each originating in a distinct time and place with its unique political challenges, structure of production and employment, and relationship with democracy. He begins in nineteenth-century Manchester, where factory owners employed unskilled laborers at low wages, generating rampant inequality and a restrictive electoral franchise. He then moves to Detroit in the early 1900s, where the invention of the modern assembly line shifted labor demand to skilled blue-collar workers. Boix shows how growing wages, declining inequality, and an expanding middle class enabled democratic capitalism to flourish. Today, however, the information revolution that began in Silicon Valley in the 1970s is benefitting the highly educated at the expense of the traditional working class, jobs are going offshore, and inequality has risen sharply, making many wonder whether democracy and capitalism are still compatible""--"
064,Democratizing innovation /,"Innovation is rapidly becoming democratized. Users, aided by improvements in computer and communications technology, increasingly can develop their own new products and services. These innovating users-both individuals and firms-often freely share their innovations with others, creating user-innovation communities and a rich intellectual commons. In Democratizing Innovation, Eric von Hippel looks closely at this emerging system of user-centered innovation. He explains why and when users find it profitable to develop new products and services for themselves, and why it often pays users to reveal their innovations freely for the use of all.The trend toward democratized innovation can be seen in software and information products-most notably in the free and open-source software movement-but also in physical products. Von Hippel's many examples of user innovation in action range from surgical equipment to surfboards to software security features. He shows that product and service development is concentrated among ""lead users,"" who are ahead on marketplace trends and whose innovations are often commercially attractive."
064,Design education for fostering creativity and innovation in China /,"""This book discusses the issues surrounding Chinese policy by analyzing the role design education plays in fostering an innovation-based economy""--"
064,The design-inspired innovation workbook /,
064,The design-inspired innovation workbook /,
064,Digital and sustainable transformations in a Post-COVID world :,"Current social, economic, and environmental challenges presented by the United Nations’ Sustainable Development Goals may be partially attained by digitalization and sustainable practices diffusion. The antecedents, occurrences, and consequences of this process are currently under investigation, but the big challenge is to get a systemic view. This book attempts to bring such a view into focus. Digital and Sustainable Transformations in a Post-COVID World is dedicated to studying the consequences of the global crisis caused by the COVID-19 pandemic and the new needs and practices inherent in developing and disseminating digital and clean technologies. Salvador Estrada is a Professor of Marketing, Business Management, Entrepreneurship, Agribusiness and Regional Development at the University of Guanajuato, Mexico. He is currently president of the Research and Teaching Network on Technological Innovation (RIDIT, 2021-2024) and Executive Coordinator of the digital business and education platform International Entrepreneurship Lab Smart Money (IELSM)."
064,Disrupt! :,"Compiled by Springwise, the global innovation discovery engine, Disrupt! explains and highlights the best, most disruptive and most useful innovation ideas of the 21st Century, and shows which themes underpin their success and which ideas can best be used to drive creativity in your workplace, office or industry. Springwise has a huge online readership (700k page impressions a month, 31k FB followers, 62k Twitter followers and an email database of 160k names) and a reputation as the number one engine for collating and sharing cutting edge business ideas."
064,Disruptive innovation in Chinese and Indian businesses :,
064,Dynamics of entry and market evolution /,
064,The dynamics of knowledge regimes :,
064,Dynamism :,"""In Dynamism Nobel Laureate Edmund Phelps, Raicho Bojilov, Hian Teck Hoon, and Gylfi Zoega argue that the high level of innovation in the West was not a result of scientific discoveries plus entrepreneurship. Rather, modern values-particularly the individualism and self-expression prevailing among the people-fueled the dynamism needed for widespread innovation""--"
064,"E-business, e-government & small and medium-size enterprises :",
064,The Economic impact of knowledge /,
064,The economics of creativity :,
064,The economics of innovation :,"This major textbook provides a comprehensive yet accessible introduction to the economics of innovation, written for students with some basic knowledge of economics. G.M. Peter Swann contends that innovation is one of the most important economic and business phenomena of our time and a topic of great practical and policy interest, with widespread implications for our economy and society. This book engages with the reader to explore some of the key economic issues concerning innovation. Bridging a gap in the literature, this timely textbook addresses critical questions such as: How should different aspects of innovation be described and classified? What are the incentives to innovate? How should firms organize themselves to promote innovation? What are the effects of innovation on the economy? Do governments have a role in supporting and guiding innovation? Introducing the student to a broad range of issues surrounding the economics of innovation, this text will prove invaluable to students on a variety of courses including economics, business and management, innovation, and science and technology studies."
064,The economics of innovation :,"""This book is a collection of original research papers by a number of industrial organization economists active in the field of Research & Development theory and policy. The contributors gathered her cover several relevant topics in this area: namely patent policy, the effects of market structure and the internal organization of the firm on R&D incentives and technical progress, R&D cooperation and technological spillovers, innovation and the entry process. Comprehensive views of the acquired knowledge of these topics are presented together with new insights on these issues, including policy insights wherever appropriate. The book is intended for professional researchers in industrial organization, antitrust officers, plus graduate students (at both Master and PhD level).""--BOOK JACKET."
064,The economics of knowledge generation and distribution :,"""Contemporary capitalistic systems have been undergoing profound transformations determined by the transition towards the so-called knowledge based economy, i.e. a competitive system based on the capabilities firms have to create, use and circulate knowledge. These transformations concern both the characteristics of productive and innovative processes, and the resources used in these activities. This book captures these changes, where traditional R&D investments undertaken internally by firms are increasingly and strategically complemented by external sources of innovation and new knowledge. Collaborations between firms, and between firms and other organizations, as well as the mobility of human capital, are strategic processes in order to share and circulate knowledge and competencies. They are also key determinants in the creation of new knowledge and innovation, and ultimately in growth dynamics. The circulation and distribution of knowledge is now a key input in the production of knowledge. Knowledge and innovation are understood as the result of collective and interactive processes at the system level, and less at the micro level. In other words, new knowledge production is less and less the result of individualistic behaviours of the firms and much more the effect of explicit and pro-active interactions and transactions put in place by local networks of innovators. In this perspective, economic space is much more defined by the quality of the interactions among actors rather than by their mere technological, sectoral or geographical proximity. This book brings together new conceptual and empirical contributions and blends the analysis of the technological and geographical spaces in which innovation and knowledge are produced""--"
064,Economics of research and development /,"Economics of Research and Development is a collection of the major readings in the development of this topic, from its origins in the work of Kenneth Arrow, Robert Solow, and Zvi Griliches to present day concerns with the financing of R&D and measurement of its returns. Topics covered include historical perspectives, market structure and the various ways R&D is conducted, the role of venture capital and government incentives, the measurement of R&D returns including spillovers to other firms or countries and the contribution of R&D to economic growth. The volume serves as an invaluable reference for those who would like to have the seminal papers on R&D collected in a single source."
064,The economics of technological diffusion /,
064,The economics of the latecomers :,
064,The electronic b@zaar :,
064,Emerging patterns of innovation :,"Kodama uses the concept of a techno-paradigm shift to express the radical changes in the way technology has been and continues to be developed, applied, and commercialized over time. In analyzing data gathered over ten years of intensive research and study of Japanese firms, he distinguishes six dimensions along which the shift is occurring: manufacturing, business diversification, R&D competition, product development, innovation pattern, and societal diffusion of technology. He illuminates his discussion of each dimension with a profile of specific technologies and the companies that have advanced them, including consumer electronics (Sony and Toshiba), fiber optic cables (Sumitomo Electric), computers and communications equipment (NEC), machine tools (Fanuc), and automobile parts (Honda, Toyota, and Nissan). The concepts presented in Emerging Patterns of Innovation not only have implications for the competitive strategies of non-Japanese firms and the economic policies of their corresponding nations, but could also help promote important international alliances in technological development at both the business and the national levels. In particular, Kodama describes his vision of option sharing, through which it is possible to resolve the tensions between international cooperation and national autonomy as well as to promote a nonprotectionist, ""plus-sum game"" in technological innovation that would benefit the world as a whole."
064,Endogenous innovations and knowledge spillovers :,"""This book contains a theoretical and empirical analysis of the sources of technological change and economic growth. The first part takes an aggregate view at the growth process. Scale economies and knowledge spillovers are analysed with a broad panel of sectoral data for Germany and the United States."" ""The second part contains a micro analysis of endogenous innovations and knowledge spillovers. The determinants of innovations are analysed and the effects of innovations on productivity and market behaviour are discussed. The models are estimated with a broad panel of firm level data from the ifo firm panel.""--BOOK JACKET."
064,Entrepreneurship in innovation communities :,"Drawing on empirical insights from the field of desktop 3D printing, this book elaborates the concept of innovation communities as a pattern of open and distributed innovation."
064,"Entrepreneurship, innovation and business clusters /",
064,"Environmental policy, technological innovation and patents.",
064,Hammer & silicon :,"""This book presents the story of one specific group of immigrants who were part of the global migration of talent attracted to the U.S. in the later decades of the twentieth century and early part of the twenty-first century after U.S. immigration reform. This talent pool helped fuel U.S. economic growth and world leadership in high technology. Presented in this book are immigrants from the Former Soviet Union who tell their stories of the generally unrecognized role in this era of U.S. technology leadership""--"
064,Hammer & silicon :,"""This book presents the story of one specific group of immigrants who were part of the global migration of talent attracted to the U.S. in the later decades of the twentieth century and early part of the twenty-first century after U.S. immigration reform. This talent pool helped fuel U.S. economic growth and world leadership in high technology. Presented in this book are immigrants from the Former Soviet Union who tell their stories of the generally unrecognized role in this era of U.S. technology leadership""--"
064,FabLab :,
064,Failing to compete :,
064,Finance and technological change :,"After the mid-1970s - when technology revealed itself as the driving force of a process of restructuring and innovation involving most industries in developed countries - economic theory underwent a profound revision in the attempt to explain this process. The present book is an attempt to broaden the economic explanation of technological change, moving from the assumption that development and diffusion of new technologies are closely related to the financial arrangements and institutions which prevail in any given historical period."
064,Free innovation /,
064,The future is faster than you think :,"""From the New York Times bestselling authors of Abundance and Bold comes a practical playbook for technological convergence in our modern era""--"
064,The future of community :,"""The Future of Community addresses the biggest problem in web3 right now: mass adoption of web3 technologies such as NFTs, blockchain, crypto, and the Metaverse by brands and consumers. Shenkarow and Kraski use illustrations, use cases, best practices, and expert interviews on the power of how leveraging web 3 technologies can transform the future of communication and community to delve into topics""--"
064,The future of innovation /,
064,Gaining momentum :,
064,The gifts of Athena :,"""The growth of technological and scientific knowledge in the past two centuries has been the overriding dynamic element in the economic and social history of the world. Its result is now often called the knowledge economy. But what are the historical origins of this revolution and what have been its mechanisms? In The Gifts of Athena, Joel Mokyr constructs an original framework to analyze the concept of ""useful"" knowledge. He argues that the growth explosion in the modern West in the past two centuries was driven not just by the appearance of new technological ideas but also by the improved access to these ideas in society at large - as made possible by social networks comprising universities, publishers, professional sciences, and kindred institutions. Through a wealth of historical evidence set in clear and lively prose, he shows that changes in the intellectual and social environment and the institutional background in which knowledge was generated and disseminated brought about the Industrial Revolution, followed by sustained economic growth and continuing technological change."" ""Mokyr draws a link between intellectual forces such as the European enlightenment and subsequent economic changes of the nineteenth century, and follows their development into the twentieth century. He further explores some of the key implications of the knowledge revolution. Among these is the rise and fall of the ""factory system"" as an organizing principle of modern economic organization. He analyzes the impact of this revolution on information technology and communications as well as on the public's state of health and the structure of households. By examining the social and political roots of resistance to new knowledge, Mokyr also links growth in knowledge to political economy and connects the economic history of technology to the New Institutional Economics. The Gifts of Athena provides crucial insights into a matter of fundamental concern to a range of disciplines including economics, economic history, political economy, the history of technology, and the history of science.""--Jacket."
064,Global and local knowledge :,
064,Global clusters of innovation :,"In the geography of the global economy, there are known 'hot spots' where new technologies germinate at an astounding rate and pools of capital, expertise and talent foster the development of new industries and new ways of doing business. These clusters of innovation are significant drivers of value creation and function as models for economic expansion in both developed and developing countries. This book explores the key attributes of these innovation hubs using case studies from around the world."
064,Global clusters of innovation :,"In the geography of the global economy, there are known ?hot spots? where new technologies germinate at an astounding rate and pools of capital, expertise and talent foster the development of new industries and new ways of doing business. These clusters of innovation are significant drivers of value creation and function as models for economic expansion in both developed and developing countries. This book explores the key attributes of these innovation hubs using case studies from around the world."
064,"The global information technology report, 2004-2005 :",
064,"The global information technology report, 2005-2006 :",
064,Global innovation and economic value /,"This book attempts to capture innovation outcomes. The intent is on a holistic assessment of value creation by innovation - the societal value that it delivers to humanity, the economic value that it has the potential to endow to nations, and the monetary value that it provides to innovating firms. With a range of anecdotal examples and empirical analysis, the book endeavours to answer the question: Have investments in innovation paid off? Big data and analytics underpin the development of the book material. The coverage is truly global, accentuating the economic value created by innovation in the technology and pharmaceutical sectors, the two largest bastions of innovation. In addition, it includes numerous examples of successful innovation in global companies while analyzing its economic/financial impact."
064,Global innovation in emerging economies /,
064,Growth through innovation :,"Capitalism produced entrepreneurs and property rights, the two basic pillars of innovation and growth. As the speed of technology is steadily increasing only radical innovation can be the name of the game. This book discusses technology and innovation trends by looking into historical examples and telling the latest business stories. It opens the discourse about pirates, pioneers, innovators and imitators; proposes the framework of dominant, science-driven and high-tech industry for innovation management and gives insights into intellectual property rights, industrial designs and technical risk management. Finally, it offers 8 important innovation principles for technology driven enterprises that have turned out to have a big effect on the outcome - and in the end on growth."
064,Handbook of innovation indicators and measurement /,
064,Handbook of innovation policy impact /,"Innovation underpins competitiveness, is crucial to addressing societal challenges, and its support has become a major public policy goal. But what really works in innovation policy, and why? This Handbook, compiled by leading experts in the field, is the first comprehensive guide to understanding the logic and effects of innovation policies. The Handbook develops a conceptualisation and typology of innovation policies, presents meta-evaluations for 16 key innovation policy instruments and analyses evidence on policy-mix. For each policy instrument, underlying rationales and examples are presented, along with a critical analysis of the available impact evidence. Providing access to primary sources of impact analysis, the book offers an insightful assessment of innovation policy practice and its evaluation. The Handbook's final chapter draws overall conclusions, reflects on the merits and limits of evaluation and impact analysis in innovation policy and suggests tangible improvements. This Handbook is an indispensable source for researchers, analysts, students and practitioners of innovation policy at all levels, as well as all those interested in policy analysis and evaluation more generally."
064,Handbook on alternative theories of innovation /,
064,Handbook on the economics of the Internet /,"This handbook brings together twenty-six original chapters that discuss theoretical and applied frameworks for the study of the economics of the Internet, encompassing: its unique economics as a global information and communications infrastructure, the effects of the Internet on economic transactions, including social production, advertising, innovation, and intellectual property rights, the economics and management of Internet-based industries, such as search, news, entertainment, culture, and virtual worlds, and the effects of the Internet on the economy at large."
064,How we got here :,
064,In his own words /,
064,Incentives for innovation in China :,
064,Inclusive innovation :,"This book discusses the role of inclusive innovation for development in rural India. It uses the evidence of innovation in the context of skewed or limited livelihood options and multiple knowledge systems to argue that if inclusive innovation is to happen, the actors and the nature of the innovation system need reform. The book presents cases of substantive technological changes and institutional reforms enabling inclusive innovation in rural manufacturing, sustainable agriculture, health services, and the processes of technological learning in traditional informal networks, as well as in formal modern commodity markets. These cases offer lessons to enable learning and change within the state and formal science and technology (S&T) organizations. By focusing on these actors central to development economics and innovation systems framework, the book bridges the widening conceptual gaps between these two parallel knowledge domains, and offers options for action by several actors to enable inclusive innovation systems. The content is thus of value to a wide audience consisting of researchers, policy makers, NGOs and industry observers"
064,Industry 4.0 from the MIS perspective /,"Nowadays, an end-to-end industrial transformation called Industry 4.0 sets new goals for manufacturing and impacts on business outcomes. With some of its characteristic elements such as IoT (Internet of Things), digital twin simulation models, advanced robots, big data analytics, and virtual/augmented reality, Industry 4.0 is «de facto» going further. The book aims to provide relevant theoretical frameworks and the latest empirical research findings in the area of Management Information Systems (MIS) with the scope of Industry 4.0. The strategic role of Industry 4.0 in the distributed business environment and the necessity to protect and properly utilize its key elements at different levels of organizations as well as in society are discussed."
064,Innovation :,
064,Innovation :,"What is innovation? How is innovation used in business? How can we use it to succeed? Innovation, the ways ideas are made valuable, plays an essential role in economic and social development, and is an increasingly topical issue. Over the last 150 years our world has hit an accelerated rate of transformation. From aeroplanes to television and penicillin, and from radios to frozen food and digital money, the fruits of innovation surround us. This Very Short Introduction looks at what innovation is and why it affects us so profoundly. It examines how it occurs, who stimulates it, how it is pursued, and what its outcomes are, both positive and negative. Considering innovation today, and discussing future disruptive technologies such as AI, which have important implications for work and employment, Mark Dodgson and David Gann consider the extent to which our understanding of innovation has developed over the past century and how it might be used to interpret the global economy. ABOUT THE SERIES: The Very Short Introductions series from Oxford University Press contains hundreds of titles in almost every subject area. These pocket-sized books are the perfect way to get ahead in a new subject quickly. Our expert authors combine facts, analysis, perspective, new ideas, and enthusiasm to make interesting and challenging topics highly readable."
064,Innovation :,
064,Innovation and economic crisis :,
064,Innovation and entrepreneurship :,"In this book, Hanadi Mubarak, Ali Husain and Michael promote the concept of innovation incubators from a business-management perspective. The book provides a comprehensive roadmap for the development of new economies based on technology, as well as value added in technology transfer, innovation development and an entrepreneurial climate. Many books on innovation and entrepreneurship take a theoretical approach, presenting a selection of examples that may not reflect reality. However, this compendium of innovation and entrepreneurship case studies is based on the practical experience of executives and managers regarding the undertaking of projects within their industry and company. It is this practical approach, emphasizing enterprise-wide projects as a consequence of the current economic reality that differentiates this book from conventional texts on innovation and entrepreneurship. This investigation uses successful international case studies based on models in developed and developing countries. It argues that innovation incubators must be adopted by Arab countries to support diversification of their economies, the commercialization of new technologies, job creation and foster an entrepreneurial climate. The book presents research and case studies, which provide new insights into practices for undertaking projects that both executive and project managers will find interesting and useful for the advancement of their enterprises, particularly in the area of innovation and entrepreneurship."
064,Innovation and incentives /,
064,Innovation and its enemies :,
064,Innovation and technology :,
064,Innovation and the evolution of industries :,"The disruptive impacts of technological innovation on established industrial structures has been one of the distinguishing features of modern capitalism. In this book, four leading figures in the field of Schumpeterian and evolutionary economic theory draw on decades of research to offer a new, 'history-friendly' perspective on the process of creative destruction. This 'history-friendly' methodology models the complex dynamics of innovation, competition and industrial evolution in a way that combines analytical rigour with an acknowledgement of the chaotic nature of history. The book presents a comprehensive analysis of the determinants and patterns of industrial evolution, and investigates its complex dynamics within three key industries: computers, semiconductors, and pharmaceuticals. It will be of great value to scholars and students of innovation and industrial change, from backgrounds as varied as history, economics and management. Its coverage of new methodological tools is also useful for students who are new to evolutionary economic theory."
019,Innovation commons :,"Innovation is among the most important topics in understanding economic sustained economic growth. Jason Potts argues that the initial stages of innovation require cooperation under uncertainty and draws from insights on the solving of commons problems to shed light on policies and conditions conducive to the creation of new firms and industries. The problems of innovation commons are overcome, Potts shows, when there are governance institutions that incentivize cooperation, thereby facilitating the pooling of distributed information, knowledge, and other inputs. The entrepreneurial discovery of an economic opportunity is thus an emergent institution resulting from the formation of a cooperative group, under conditions of extreme uncertainty, working toward the mutual purpose of opportunity discovery about a nascent technology or new idea. Among the problems commons address are those of the identity; cooperation; consent; monitoring; punishment; and independence. A commons is efficient compared to the creation of alternative economic institutions that involve extensive contracting and networks, private property rights and price signals, or public goods (i.e. firms, markets, and governments). In other words, the origin of innovation is not entrepreneurial action per se, but the creation of a common pool resource from which entrepreneurs can discover opportunities."
064,Innovation from emerging markets :,"""For two centuries since the industrial revolution, technological and other breakthrough innovations occurred in industrialized Europe and North America, and then diffused to other parts of the world. After World War 2, a few other countries, such as Japan and South Korea, joined the exclusive club of cutting-edge innovators. But since 2000, a number of emerging economies have started to produce innovations of their own. In our work on reverse innovation, Vijay Govindarajan and I argued that we may be at the cusp of a new era in which important innovations could emanate from emerging economies and then diffuse to the rest of the world, including, sometimes, to industrialized countries. The initial wave of innovations from emerging economies, such as China and India, was largely based on process innovations, particularly to make products much more affordable, often at costs that were 80-90 percent lower than in the industrialized countries. Other innovations attempted to make products simpler to use and easier to maintain in the harsh and underdeveloped conditions found in most low-income countries. Accomplishing these results did not usually require technological breakthroughs, but it was based on a lot more than the cheap labor in emerging economies. For instance, it also involved new processes and business models that were asset-light and leveraged alliances among multiple partners. Local companies often took the lead in pursuing affordability innovation, because they understood the needs of emerging-market customers better than foreign multinationals, they had a low-cost mindset, and they had no legacy of high-margin products to defend. Foreign multinationals reluctantly joined in this kind of innovation to defend their position in rapidly-growing emerging economies and to guard against future challenges by emerging-market firms in the MNCs' own backyards, i.e. developed-country markets""--"
064,The innovation illusion :,"Conventional wisdom holds that Western economies are on the threshold of fast-and-furious technological development. Fredrik Erixon and Bjorn Weigel refute this idea, bringing together a vast array of data and case studies to tell a very different story. With expertise spanning academia and the business world, Erixon and Weigel illustrate how innovation is being hampered by existing government regulations and corporate practices. Capitalism, they argue, has lost its mojo. Assessing the experiences of global companies, including Nokia, Uber, IBM, and Apple, the authors explore three key themes: declining economic dynamism in Western economies; growing corporate reluctance to contest markets and innovate; and excessive regulation limiting the diffusion of innovation. At a time of low growth, high unemployment, and increasing income inequality, innovation-led growth is more necessary than ever. This book unequivocally details the obstacles hindering our future prosperity."
019,Innovation in Brazil :,
064,Innovation in crisis management /,"""This book deals with how to measure innovation in crisis management drawing on data, case studies and lessons learned from different European countries. The aim of this book is to tackle innovation in crisis management through lessons learned and experiences gained from the implementation of mixed methods through a practitioner driven approach in a large-scale demonstration project (DRIVER+). It explores innovation from the perspective of the end-users by focusing on the needs and problems they are trying to address through a tool (be it an app, a drone, or a training program) and takes a deep dive into what is needed to understand if and to what extent the tool they have in mind can really bring innovation. This book is a toolkit for readers interested in understanding what needs to be in place to measure innovation: it provides the know-how through examples and best practices. The book will be a valuable source of knowledge for scientistis, practitioners, researchers as well as postgraduate students studying safety, crisis management and innovation""--"
019,Innovation in developing countries :,"The main focus of this book is innovation for developing countries: what is the innovation for, what are the current conditions of the innovation, and how to effectively innovate in developing economies. It contains the latest insights and analyses of innovation based on intensive interviews as well as primary and secondary data of manufacturing firms in developing countries, Vietnam and Laos in particular. Innovation requires something new. Integration of deep understanding of innovation and econometric analyses are a ""new combination"" in this book, which contrasts with other, similar books in the field. This new approach may benefit policy makers as well as scholars and firms in poor countries. The main points of the book are summarized as follows: First, for most poor countries ""learning innovation"" is considered the key to economic growth rather than ""leading-edge innovation"", which is a more popular theme in similar books on innovation. Second, an overwhelming majority of innovations currently used in poor countries are developed in advanced countries, so technology transfer and learning from the latter are a fundamental source of innovation in the former. Third, a surprisingly high rate of firms (around 50%) reported that they introduced new or significantly improved products or processes in poor countries, and this high innovation rate is a great benefit to be enhanced by government policies. Fourth, the common factors driving innovation of manufacturing firms in Vietnam and Laos are (1) human capital, (2) social capital, and (3) innovation in the past. Fifth, the impact of innovation on firm performance is found to be mixed in these countries. Sixth, so far almost all studies on innovation have focused on product or process innovation, but additional light is shed here on organizational innovation."
064,Innovation in multinational corporations in the information age :,
064,Innovation policies in Europe and the US :,
064,Innovation policy :,
064,Innovation policy in a knowledge-based economy :,
064,Innovation policy in a knowledge-based economy :,
064,Innovation spaces in Asia :,
064,"Innovation, democracy and efficiency :","Endogenous growth theory has significantly impacted most of the developing and developed countries, shifting priorities of industrial policies towards innovation. In line with this trend, the European Union significantly increased its budgetary allocation for R&D. However, statistical data show a weak correlation between R&D expenditure and the acceleration of economic growth. Regional innovation policies display divergent returns according to different institutional conditions and policy choices."
064,"Innovation, entrepreneurship, and technological change /","This book presents a reader-friendly analysis and synthesis of the key economic and management approaches to innovation, entrepreneurship, and technological change. Link and Siegel provide precise definitions of key concepts, present numerous historical examples to illustrate these concepts, outline a framework for analyzing key topics, compare and contrast different theoretical frameworks, provide a reader-friendly interpretation of quantitative and qualitative findings, and emphasize international comparisons of innovation infrastructure and technology policy."
064,"Innovation, human capabilities, and democracy :",
064,"Innovation, path dependency and policy :",
064,"Innovation, resources and economic growth /",
064,"Innovation, technology and the economy :",
064,Innovative behaviour in space and time /,
064,Innovative China :,
064,Inside real innovation :,
064,Institutional diversity and innovation :,
064,International competitiveness and technological change /,
064,Invention and the rise of technocapitalism /,
064,Investing in innovation :,
064,Israel and China :,
064,Japan's growing technological capability :,
064,Japan's industrial technology development :,"""Japan's technology support system has played a crucial role in developing firms' technological capability and stimulating their innovation. How has it been done, and why is it effective? The research findings presented here show that what has worked best in Japan is inter-firm cooperative learning, which requires the support of public technology institutions to promote cooperation, disseminate technology, and facilitate innovation. Among the many books published about Japanese technology policies and corporate management, this is the first to show definitively that cooperative learning is important in a wide spectrum of firms, whether or not they are keiretsu-affiliated.""--BOOK JACKET."
064,Kellogg on technology & innovation /,
064,Kellogg on technology & innovation /,
064,The late voice :,"Popular music artists, as performers in the public eye, offer a privileged site for the witnessing and analysis of ageing and its mediation. The Late Voice undertakes such an analysis by considering issues of time, memory, innocence and experience in modern Anglophone popular song and the use by singers and songwriters of a 'late voice'. Lateness here refers to five primary issues: chronology (the stage in an artist's career); the vocal act (the ability to convincingly portray experience); afterlife (posthumous careers made possible by recorded sound); retrospection (how voices 'look back' or anticipate looking back); and the writing of age, experience, lateness and loss into song texts. There has been recent growth in research on ageing and the experience of later stages of life, focusing on physical health, lifestyle and psychology, with work in the latter field intersecting with the field of memory studies. The Late Voice seeks to connect age, experience and lateness with particular performers and performance traditions via the identification and analysis of a late voice in singers and songwriters of mid-late twentieth century popular music."
064,Lead markets for environmental innovations /,
064,Long walk to freedom :,"Nelson Mandela is one of the great moral and political leaders of our time: an international hero whose lifelong dedication to the fight against racial oppression in South Africa won him the Nobel Peace Prize and the presidency of his country. Since his triumphant release in 1990 from more than a quarter-century of imprisonment, Mandela has been at the center of the most compelling and inspiring political drama in the world. As president of the African National Congress and head of South Africa's anti-apartheid movement, he was instrumental in moving the nation toward multiracial government and majority rule. He is revered everywhere as a vital force in the fight for human rights and racial equality. The foster son of a Thembu chief, Mandela was raised in the traditional, tribal culture of his ancestors, but at an early age learned the modern, inescapable reality of what came to be called apartheid, one of the most powerful and effective systems of oppression ever conceived. In classically elegant and engrossing prose, he tells of his early years as an impoverished student and law clerk in Johannesburg, of his slow political awakening, and of his pivotal role in the rebirth of a stagnant ANC and the formation of its Youth League in the 1950s. He describes the struggle to reconcile his political activity with his devotion to his family, the anguished breakup of his first marriage, and the painful separations from his children. He brings vividly to life the escalating political warfare in the fifties between the ANC and the government, culminating in his dramatic escapades as an underground leader and the notorious Rivonia Trial of 1964, at which he was sentenced to life imprisonment. Herecounts the surprisingly eventful twenty-seven years in prison and the complex, delicate negotiations that led both to his freedom and to the beginning of the end of apartheid."
064,Low-income consumers as a source of innovation :,"The dissertation shows why innovations are vital to succeed in the low-income market segment, i.e. the four billion people living on less than 8 USD per day. In particular, it explores the role low-income consumers can play in corporate innovation processes. The study tests and expands theoretical findings on user innovations and lead users in the Brazilian low-income context. The findings also aim to enhance the capacity of companies to develop new solutions for the so far untapped low-income market by leveraging the knowledge of their target group."
064,Mad technology :,
064,The maker revolution :,"""This book is a guidebook to the new industrial revolution. Artisans, crafters, DIYers, and inventors around the globe are changing the way we change the world--are you ready to join the movement? This book shows you how to find your place in the revolution. You'll learn how the movement came about, and how Makers are already shifting paradigms and pushing the boundaries of innovation. You'll discover the people, organizations, and technologies that are catalyzing a re-thinking of industry, business, economic development and education, and you'll explore the ways in which specific types of participation could propel the movement toward greater access and inclusivity. You may even discover your own inner Maker, and decide to join the revolution""--"
064,Management of technology and regional development in a global environment :,
064,Managing convergence in innovation :,"Technology in several forms, especially Information Technology (IT), has a strong tendency to converge at varying degrees. This phenomenon of converging innovation is likely to deepen and widen in the future due to intense competition in global markets. Asian manufacturing firms in particular lead the global industrial innovation. Convergent innovation exists as a constant disequilibrium between reference technology and matching technology; innovations of these technologies occur at different degrees to attain an optimal balance. Innovations as a result of convergence are often beneficial, improving welfare and employment. This book sheds light on the little-discussed idea of convergent innovation with examples hailing from Asia. The book also proposes new theories and investigates convergence at the micro level – guaranteed food for thought for academics interested in innovation economics and management."
064,Mapping national innovation ecosystems :,
064,My years as Prime Minister /,
064,New concepts in investment and technology /,"Technology is a dynamic field in itself. It is constantly evolving and new innovations are occurring across the globe. For all readers who're interested in this discipline, the case studies included in this book will serve as an excellent guide to develop a comprehensive understanding of technology and investment. This book will provide interesting topics for research which interested students and researchers can take up."
064,New frontiers in the economics of innovation and new technology :,
064,A new industrial future? :,"A New Industrial Future? examines whether a further industrial revolution is taking place around the world. In this compelling book Birtchnell and Urry examine such a new possible future involving the mass adoption of 3D printing. The locating of 3D printers in homes, offices, stores and workshops would disrupt existing systems and pose novel challenges for incumbents. The book drawing upon expert interviews, scenario workshops and various case studies assesses the potential future of global manufacturing, freight transport, world trade and land use. It offers the first book-length social scientific analysis of the character and impacts of a new system of manufacturing that is in formation. The book will be of interest to urban planners, policy makers, social scientists, futurologists, economists, as well as general readers by offering inquiry on this future upheaval in the means of production."
064,New technologies across the Atlantic :,
064,New technology-based firms in the new millennium /,
064,New wealth :,
064,Non-governmental organisations in international law /,"Even when governments have no democratic basis, they are regarded as the sole representatives of their populations on the international plane and take important decisions on their behalf. It is therefore important that other voices can be heard in international fora alongside governments. NGOs have an increasingly important legal and political role and use several different avenues for their work, such as lodging cases before international courts and other bodies and participating in international meetings and conferences. This book explores these possibilities for the participation of NGOs in international law."
064,North of America :,"""In 1941, influential publishing magnate Henry Luce wrote a stirring essay on American global power, declaring that the world was in the midst of the first great American century. What did a newly outward-looking and hegemonic United States mean for its northern neighbour? From constitutional reform to transit policy, from national security to the arrival of television, Canadians were ever mindful of the American experience. This sharp-eyed volume provides a unique look at postwar Canada, bringing to the fore the opinions and perceptions of a broad range of Canadians--from consumers to diplomats, jazz musicians to urban planners, and a diverse cross-section in between.""--"
064,Oliver Cromwell :,"""The first new biography of Cromwell in several years, this rounded account interweaves his political and military careers, and explores his passionate religiosity. Synthesizing much recent research on Cromwell's early life, Gentles presents to students a fresh view of him as a lay preacher, a soldier, and as lord protector""--Provided by publisher."
064,Oliver Cromwell and his world /,A biography of the Puritan country gentleman who led the rebellion against Charles I in the English Civil War and ruled England as Lord Protector for ten years.
064,Organization and technology in capitalist development /,
064,Organizational innovations and economic growth :,
064,Organizational innovations and economic growth :,
064,Organizational productivity and performance measurements using predictive modeling and analytics /,"""This book takes a critical look at methods for enhancing an organization's operations and day-to-day activities through the effective use of data, focusing on a variety of applications of predictive analytics within organizations of all types""--"
064,Organizing global technology flows :,"""Research on the international transfer of technology in economics and management literature has primarily focused on the role of countries and that of companies, in particular multinational enterprises (MNEs). Similarly, economic and business historians have tended to view international technology transfer as a way for economically ""backward"" countries to acquire new technologies in order to catch up with more developed economies. This volume provides a more in-depth understanding of how the international transfer of technologies is organized and, in particular, challenges the core-periphery model that is still dominant in the extant literature. By looking beyond national systems of innovation, and statistics on foreign trade, patent registration and foreign direct investment, the book sheds more light on the variety of actors involved in the transfer process (including engineers, entrepreneurs, governments, public bodies, firms, etc.) and on how they make use of a broad set of national and international institutions facilitating technology transfer. Put differently, the volume offers a better understanding of the complexity of global technology flows by examining the role and actions of the different actors involved. By bringing together a number of original case studies covering many different countries over the period from the late 19th to the 21st century, the book demonstrates how technology is being transferred through complex processes, involving a variety of actors from several countries using the national and international institutional frameworks""--"
064,Our lives :,
064,The Parthian and early Sasanian empires :,
064,Perpetual innovation :,
064,Perspectives on innovation /,
064,Philip the Fair and Boniface VIII;,
019,"Pioneers, hidden champions, changemakers, and underdogs :","An insider's view of China's under-the-radar, globally competitive innovators. Chinese innovators are making their mark globally. Not only do such giants as Alibaba and Huawei continue to thrive and grow through innovation, thousands of younger Chinese entrepreneurs are poised to enter the global marketplace. In this book, Mark Greeven, George Yip, and Wei Wei offer an insider's view of China's under-the-radar, globally competitive innovators. The authors, all experts on Chinese innovation, distinguish four types of innovators in China: pioneers , large companies that are globally known; hidden champions , midsize enterprises that are market leaders in their niches; underdogs , technology-driven ventures with significant intellectual property; and changemakers , newer firms characterized by digital disruption, exponential growth, and cross-industry innovations. They investigate what kinds of innovations these companies develop (product, process, or business model), their competitive strategies, and key drivers of innovation. They identify six typical ways Chinese entrepreneurs innovate, including swarm innovation (collectively pursuing opportunities) and rapid centralized decision making. Finally, they look at how Chinese innovators are going global, whether building R&D networks internationally or exporting disruptive business models. The book includes many examples of Chinese innovators and innovations, drawn from a range of companies--from pioneers to changemakers--including Alibaba, Haier, Hikvision, Malong Technology, Weihu Solar, Mobike, and Cheetah Mobile. Greeven, Yip, and Wei offer an essential guide to what makes China a heavyweight competitor in the global marketplace.  -- Provided by publisher."
064,"The political economy of science, technology, and innovation /",
064,Politics of technology in Latin America /,
072,2nd International Conference on Physics and Industrial Development: Bridging the Gap :,
072,Accounting & auditing research :,
072,Accounting & auditing research and databases :,
072,Accounting and auditing research :,
072,Accounting methodology and the work of R.J. Chambers /,
072,Accounting research database /,
072,Accounting research database /,"An invaluable tool for the researcher in accounting history, this comprehensive database, structured in an accessible way, analyses over 1,200 articles from four mainstream accounting journals from the UK and USA. Each article (originally published between 1976 and 1985) was analysed in two ways: first, into empirical or conceptual categories and second, into one of twenty topic areas. The journals covered are Journal of Accounting Research, The Accounting Review, Accounting and Business Research and Journal of Business Finance and Accounting."
072,Advanced laboratory practice in electricity and magnetism /,
019,Advanced research methods for applied psychology :,"This is the first comprehensive guide to the range of research methods available to applied psychologists. Ideally suited to students and researchers alike, and covering both quantitative and qualitative techniques, the book takes readers on a journey from research design to final reporting."
072,Advances in accounting behavioral research.,
072,Advertising and public relations research /,
072,Advertising and public relations research /,
072,Africa and the disciplines :,
072,After the fact :,
072,After the fact :,
072,The age of reinterpretation /,
072,Alexander I of Russia :,
072,"Alternative journalism, alternative voices /",
072,American history :,
072,American history and American historians :,
072,American intellectual histories and historians /,
072,"The American past; conflicting interpretations of the great issues,",
072,American studies :,
072,Analysing quantitative data for business and management students /,
072,An analysis of Edward Said's Orientalism /,"""Edward Said';s Orientalism is a masterclass in the art of interpretation wedded to close analysis. Interpretation is characterized by close attention to the meanings of terms, by clarifying, questioning definitions, and positing clear definitions. Combined with one of the main sub-skills of analysis, drawing inferences and finding implicit reasons and assumptions in arguments, interpretation becomes a powerful tool for critical thought. In Orientalism, the theorist, critic and cultural historian Edward Said uses interpretation and analysis to closely examine Western representations of the ""Orient"" and ask what they are really doing, and why. One of his central arguments is that Western representations of the East and Middle East persistently define it as ""other"", setting it up in opposition to the West. Through careful analysis of a range of texts and other materials, Said shows that implicit assumptions about the ""Orient';s"" otherness underlie much Western thought and writing about it. Clarifying consistently the differences between the real-world East and the constructed ideas of the ""Orient"", Said';s interpretative skills power his analysis, and provide the basis for an argument that has proven hugely influential in literary criticism, philosophy, and even politics.""--Provided by publisher."
072,The analysis of international relations /,
072,Analyzing politics :,
072,Analyzing social problems /,
072,Analyzing social settings :,
072,Analyzing social settings :,
072,Anthropological fieldwork :,
072,"Antitrust analysis : problems, text, cases.",
072,"APEC database of transportation technology research, 1995 /",
072,Applied approaches to societal institutions and economics :,"This book gives readers the theoretical and empirical methods to analyze applied economics. They are institutional economics, information economics, environmental economics, international economics, financial economics, industrial organization, public economics, law and economics, and spatial economics. Because the chapters of this book deal with current topics in these categories, they are relevant not only to researchers and graduate students but also to policy makers and entrepreneurs. As there is uncertainty about the global economy, it is necessary to consider optimal, efficient behavior to survive in the confused world. The book is organized in three parts. Part 1 deals with institutional economics, information economics, and related topics, approached through game theory. Part 2 focuses on environmental economics, international economics, and financial economics, through a microeconomic or econometric approach. Finally, Part 3 concentrates on public economics, social security, and related fields, through microeconomics or macroeconomics."
072,Applied network analysis :,
072,Appraising economic theories :,
072,Arguing with historians :,
072,"Asian panorama : essays in Asian history, past and present : a selection of papers presented at the 11th Conference of the International Association of Historians of Asia /",
072,Assessing inequality /,
072,Basic cell culture protocols /,"Now completely revised and updated from the original, much-acclaimed and bestselling first edition, Basic Cell Culture Protocols, Second Edition offers today's most comprehensive collection of easy-to-follow, cutting-edge protocols for the culture of a wide range of animal cells. Its authoritative contributors provide explicit, step-by-step instructions, along with extensive notes and tips that allow both experts and beginners to successfully achieve their desired results. Topics range from basic culture methodology to strategies for culturing previously uncultured cell types and hard-to-culture differentiated cells. Methods are also provided for the analysis of living cells by FACS, video microscopy, and confocal microscopy. Like the first edition, this book should be in every cell culture laboratory and be of use to all who use cell cultures in research."
072,Bayesian methods and ethics in a clinical trial design /,
072,A beginner's guide to economic research and presentation /,Conducting good research is critical to any student today. Writing good research papers is equally important--yet many students have not been given the proper tools to convey cogently the results of their research. This is intended to address and redress this need. This book is literally a step-by-step approach to the writing of an undergraduate or graduate level research paper in the field of economics.
072,Between the lines :,
072,Biosensors for food analysis /,
072,The birth of Christian history :,"When the Gospel writings were first produced, Christian thinking was already cognizant of its relationship to ancient memorial cultures and history-writing traditions. Yet, little has been written about exactly what shaped the development of early Christian literary memory. In this eye-opening new study, Eve-Marie Becker explores the diverse ways in which history was written according to the Hellenistic literary tradition, focusing specifically on the time during which the New Testament writings came into being: from the mid-first century until the early second century CE."
072,The Black press in Britain /,
072,Botany :,
072,British media coverage of the press reform debate :,"This open access book provides a detailed exploration of the British media coverage of the press reform debate that arose from the News of the World phone hacking scandal and the Leveson Inquiry. Gathering data from a content analysis of 870 news articles, Ogbebor shows how journalists cover debates on media policy and illustrates the impact of their coverage on democracy. Through this analysis, the book contributes to knowledge of paradigm repair strategies; public sphere; gatekeeping theory; the concept of journalism as an interpretive community; political economy of the press; as well as the neoliberal and social democratic interpretations of press freedom. Providing insight into factors inhibiting and aiding the role of the news media as a democratic public sphere, it will be a valuable resource for the press, media reform activists, members of the public, and academics in the fields of journalism, politics and law."
072,The British newspaper industry :,
072,The British Press :,
072,The British Press :,
072,The British press since the war /,
072,Business and management research :,
019,Business research :,
072,Business research :,
072,Business research :,
072,Business research :,"""Business Research is a practical guide for all students who need to complete a research project, dissertation or thesis in business, management or related areas. It explains and describes the different aspects and stages of conducting business research simply and clearly, and in a logical sequence."" ""Suitable for use as a course text or for private study, this book is essential for undergraduate and postgraduate students and their supervisors, or indeed anyone involved in conducting research in a business environment.""--Jacket."
072,Business research :,"""Business Research is a groundbreaking book for student researchers who need to conceive, conduct, and complete a new research project for the first time. It concentrates on the business organization and gives invaluable practical advice on going out into the field and conducting interviews, researching problems and learning about organizations. Through its conversational, accessible style and its adoption of a student's perspective, this book will make the process of learning about research enjoyable and the resulting research project outstanding""--"
072,Business research projects /,"Business Research Projects provides a clear guide to planning and undertaking a business research project. It is crammed with checklists, examples and practical guidelines. The book deals with every stage of project work: from inception, reading-up, gathering and analysing data, to presenting and writing your report. The second edition is revised throughout, but the book retains the practical and problem-oriented approach and structure of the first edition. The book provides useful advice for the distinct and specialized needs of the undergraduate, diploma student, MBA and the professional reader, and this is highlighted by a convenient coding system."
072,Business research projects /,
072,Business research reporting /,"Business Research Reporting addresses the essential activities of locating, collecting, evaluating, analyzing, interpreting, and reporting business data. It highlights the value of primary and secondary research to making business decisions and solving business problems. It aims to help business managers, MBA candidates, and upper-level college students boost their research skills and report research with confidence. This book discusses primary data collection, sampling concepts, and the use of measurement and scales in preparing instruments. Also, this book explores statistical and non-statistical analysis of qualitative and quantitative data and data interpretation (findings, conclusions, and recommendations). The author shows how to locate, evaluate, and extract secondary data found on the web and in brick-and-mortar libraries, including optimized searching, evaluating, and recording. Plus, the book demonstrates how to avoid copyright infringement and plagiarism, use online citation software, and cite sources when writing and presenting. Two glossaries-one each for primary and secondary research-round out the content. Business Research Reporting can be your go-to guidebook for years to come. Reading through it in a couple of hours, you can pick up ample information to apply instantly. Then keep it handy and refer to it in your ongoing research activities."
072,Cambridge Handbook of Experimental Political Science /,"""Laboratory experiments, survey experiments, and field experiments occupy a central and growing place in the discipline of political science. The Cambridge Handbook of Experimental Political Science is the first text to provide a comprehensive overview of how experimental research is transforming the field. Some chapters explain and define core concepts in experimental design and analysis. Other chapters provide an intellectual history of the experimental movement. Throughout the book, leading scholars review groundbreaking research and explain, in personal terms, the growing influence of experimental political science. The Cambridge Handbook of Experimental Political Science provides a collection of insights that can be found nowhere else. Its topics are of interest not just to researchers who are conducting experiments today, but also to researchers who think that experiments can help them make new and important discoveries in political science and beyond""--"
072,The Cambridge handbook of social representations /,"""A social representations approach offers an empirical utility for addressing myriad social concerns such as social order, ecological sustainability, national identity, racism, religious communities, the public understanding of science, health and social marketing. The core aspects of social representations theory have been debated over many years and some still remain widely misunderstood. This handbook provides an overview of these core aspects and brings together theoretical strands and developments in the theory, some of which have become pillars in the social sciences in their own right. Academics and students in the social sciences working with concepts and methods such as social identity, discursive psychology, positioning theory, semiotics, attitudes, risk perception and social values will find this an invaluable resource.""--Back cover."
072,The case study companion :,"""The Case Study method of teaching and learning, adopted by business schools and management centres globally, provides an important function in management education, but employing it effectively can often be a challenge. This book provides practical insights, tools and approaches for both case teaching and writing, drawing on perspectives from expert practitioners around the world. This book aims to critically examine different approaches to using case studies in group-based, participant-centred learning environments, exploring good practices for case teaching and learning. It provides guidance for case writers on various approaches to structuring case data, presentational formats, and the use of technology in the construction of different types of cases. It also demonstrates the use of the case method as a tool for assessment, supporting students' own development of cases to showcase good practice in organisations. The final section of this book showcases some of the resources available, providing links and reviews of additional material that can support future case teaching and writing practice, including publication. The Case Study Companion is designed for lecturers using cases within their teaching across all management disciplines, as well as those training for Professional Development and Management Education qualifications. It will also be useful for postgraduate, MBA and Executive Education students wanting to make the most of case studies in their learning and assessments""--"
072,Case study research for business /,
072,CEAL directory.,
072,Changing faces :,
072,Chemical engineering :,
072,Chemometrics and chemoinformatics /,
072,"Choice, expectations, and uncertainty :",
072,Cognition and survey research /,"Introducing the theory and tools of cognitive aspects of survey methodology (CASM) - a movement that has greatly contributed to the evolving field of survey methods research - this collection of monographs explores advances in the use of cognitive psychology and other sciences to improve the quality of data collected in surveys. In 22 articles commissioned specifically for this volume, leading survey researchers, social scientists, and statisticians from around the globe evaluate the advantages of interdisciplinary survey techniques, focusing on the many contributions of the CASM movement and drawing on such disciplines as statistics, cognitive psychology, sociology, behavioral sciences, anthropology, linguistics, and computer sciences. Clearly written and supplemented with extensive references and more than 80 figures and charts, Cognition and Survey Research is an indispensable guide for statisticians and professionals who would like to be at the cutting edge of interdisciplinary survey methods research involving the social, cognitive, computer, or statistical sciences."
072,Collecting qualitative data using digital methods :,"""In Collecting Qualitative Data Using Digital Methods, Rebecca Whiting and Katrina Pritchard provide a concise and accessible guide to a digital data collection method, comprised of tracking and trawling that can be used to collect qualitative data in the fields of business, management and organizational research. With practical guidance and insight into how to use this approach in your own research, this book provides invaluable support to business and management masters students who choose to work with secondary data when completing their dissertations.""--Provided by publisher"
072,Committed observer :,
072,Community bonds in Middletown :,
072,Community data /,"'Community Data' offers arguments and approaches to working with data in support of community goals. This book is built around concrete examples that will challenge what you think of as data storytelling, expand who you think can work with data, and introduce you to new settings where innovative data narratives are being created."
072,Community profiling :,
072,Comparative studies of how people think :,"The psychology of thinking has traditionally been in the business of making comparisons between different groups of people. On the whole, these comparisons have rendered a substantial body of knowledge; but all too often, they have suffered the pitfalls of faulty organizational logic and unfounded or invidious conclusions. In this extraordinarily clear and critical introduction, Michael Cole and Barbara Means out the problems involved in comparing how people think. They show, for example, how variables confounded with the constitution of two groups can lead to the wrong interpretation of group differences. More subtly, they demonstrate how cognitive differences between groups can destroy the equivalence of the tests used to make comparisons. They also discuss the unfortunate way that observed differences between groups have led to prejudicial interpretations in which mental differences are transformed into mental deficits. Cole and Means illustrate all these problems with a rich variety of examples drawn from the research literature in comparative cognition. Because they use real examples. Cole and Means offer much more than the usual banal remedies for improving research design. Instead of merely telling the student to run the right control groups, for example, they show how theory enters into the selection of appropriate controls and how atheoretic comparative work can easily run amok. It is a rare event when seasoned researchers take time to tell the novice how to avoid the problems of previous research. Comparative Studies of How People Think provides just such an event."
072,The comparative study of conscription in the armed forces /,
072,A comparative study of social attitudes of adolescents in Glasgow and in Taipei /,
072,Competition and antitrust law :,"""Drawing on case studies from the US and the European Union, this Very Short Introduction explores the promise and limitations of competitive market dynamics. In examining the laws and the way they are enforced, Ariel Ezrachi considers the delicate relationship between a free market economy and government intervention, and the fascinating forces of competition that shape modern society."" --Publisher description."
072,Competition law in Indonesia /,
072,Competition law in Western Europe and the USA.,
072,Comprehensive laboratory zoology /,
072,Concept research in food product design and development /,
072,Conducting classic grounded theory :,"Part of SAGE′s Mastering Business Research Methods series, conceived and edited by Bill Lee, Mark N. K. Saunders and Vadake K. Narayanan and designed to support students by providing in-depth and practical guidance on using a chosen method of data collection or analysis.Grounded theory (GT) is a popular method of research, allowing for the systematic generation of new theories or areas of enquiry from data that have themselves been systematically obtained. As a highly versatile approach, it can span qualitative, quantitative, and mixed methods.This book is an invaluable guide to using GT effectively in business and management dissertations, and offers practical guidance and insight into how to successfully transcribe and analyse data using the GT approach in your own research project."
072,Conducting research interviews for business and management students /,
019,"Contemporary research in accounting, auditing and finance /","The business world needs to follow developments in the areas of accounting, auditing and finance in order to be able to adapt to globalization, technological advances and changing human needs. This book explores current issues in accounting, auditing and finance from a scientific point of view, and makes various suggestions for their solutions. In this context, the contributions here take into account the latest developments in the field and utilise a wide range of resources. The reader will learn about participation banks, audit risk, financial manipulation, forensic accounting, accounting errors, the effects of blockchain technologies, electronic finances, efficient markets hypothesis, integrated reporting, production costs, Islamic banking, enterprise risk management systems, and TAS16."
072,The contested nation :,
072,Contested views of a common past :,
072,Contracts for the sale of goods :,"This book delivers detailed analysis of the substantive law for the sale of goods in domestic and international transactions, and comparatively analyses three major sources: The UN Convention on Contracts for the Sale of Goods, the UNIDROIT Principles of International Commercial Contracts, and Article Two: Sales of the Uniform Commercial Code."
072,The craft of community study :,
072,The craft of political research /,
072,The craft of political research /,
072,The craft of political research /,"The Craft of Political Research is a non-technical introduction to research design and analysis in political science, emphasizing the choices we make when we design a research project and analyze its results. The book’s approach centers on asking an interesting research question, and then designing inquiry into the question so as to eliminate as many alternative explanations as possible. How do we develop theory, and what constitutes a good research question? How do we develop measures and gather evidence to answer a question? How do we analyze our findings? Students will be introduced to such topics as multidimensional concepts, levels of measurement, validity, reliability, random and non-random measurement error, sampling, case selection, causality, experimental and quasi-experimental design, statistical inference, and regression and correlation analysis. Throughout, the emphasis is on understanding the ""back story"" of analysis ― why do we measure in a particular way, why do we choose one design as against another, why do we conduct our analysis as we do. Emphasizing the internal logic of research methods and the collaborative nature of the research process, the greatest strength of the book is its clarity and the large range of political science examples it provides. It works at a conceptual level, seeking an understanding of the principles that underlie techniques and the reasons that we choose them."
072,Creative research in economics /,"Researchers are expected to produce original findings, yet nobody explains how original contributions are conceived in economics. Recently there have been calls for more creativity in economic research, yet there is no literature that explores creative research apart from collections of biographical essays. This book aims to address that gap, exploring the process of conceiving and generating ideas for interesting and original research contributions in economics (and potentially other social sciences too). Creative Research in Economics serves both a practical and theoretical purpose. Theoretically it presents a unique way of thinking about the nature of problems and questions in economics and the role of social science researchers in society. As such it offers an interesting way to think about the philosophy of science and methodology in economics, and how new ideas emerge in the discipline. Practically it develops techniques for finding interesting and original research contributions (as opposed to conventional data-gathering research)."
072,Crisis in sociology :,
072,Critical economic methodology :,
072,Critique in a neoliberal age /,"""Critique in a Neoliberal Age brings a critique of ideology to main debates within economic sociology, populism studies, the neoliberal university, therapy culture, contemporary intimacies and feminism""--"
072,Cross-cultural analysis :,"Applications from the behavioral and social sciences that use real data-sets demonstrate: * The use of samples from 17 countries to validate the resistance to change scale across these nations; * How to test the cross-national invariance properties of social trust; * The interplay between social structure, religiosity, values, and social attitudes; * A comparison of anti-immigrant attitudes and patterns of religious orientations across European countries. The second edition includes six new chapters and two revised ones presenting exciting developments in the literature of cross-cultural analysis including topics such as approximate measurement invariance, alignment optimization, sensitivity analyses, a mixed-methods approach to test for measurement invariance, and a multilevel structural equation modeling approach to explain noninvariance. This book is intended for researchers, practitioners, and advanced students interested in cross-cultural research. Because the applications span a variety of disciplines, the book will appeal to researchers and students in: psychology, political science, sociology, education, marketing and economics, geography, criminology, psychometrics, epidemiology, and public health, as well as those interested in methodology. It is also appropriate for an advanced methods course in cross-cultural analysis."
072,Cross-cultural analysis :,
072,Cross-cultural survey methods /,
072,Cultural mapping as cultural inquiry /,
072,Cultural methodologies /,
072,The cultural turn in U.S. history :,
072,Data construction in social surveys /,
072,Descriptive analysis in sensory evaluation /,"Sensory evaluation is a scientific discipline used to evoke, measure, analyse and interpret responses to products perceived through the senses of sight, smell, touch, taste and hearing. It is used to reveal insights into the ways in which sensory properties drive consumer acceptance and behaviour, and to design products that best deliver what the consumer wants."
072,The design and understanding of survey questions /,
072,Designing and managing a research project :,
072,Designing and managing a research project :,
072,Designing case studies :,
072,Designing case studies :,
072,Designing research questionnaires for business and management students /,
072,Developmental research methods /,"Developmental Research Methods 3 (5 ratings by Goodreads) Paperback English By (author) Scott A. Miller Share The Fifth Edition of the classic Developmental Research Methods presents an overview of methods to prepare students to carry out, report on, and evaluate research on human development across the lifespan. The book explores every step in the research process, from the initial concept to the final written product, covering conceptual issues of experimental design, as well as the procedural skills necessary to translate design into research."
072,Developmental research methods /,
072,The developmental scientist's companion :,"Written by one of developmental science's foremost methodologists, The Developmental Scientist's Companion provides an engaging and accessible guide to the scientific techniques that have been devised to investigate human development. Adopting an original approach to what can be a dry yet essential topic, Reznick enlivens his coverage of key issues in developmental methodology - measuring psychological phenomena, assessing reliability and validity, experimental design, interviews and surveys, data collection and analysis and interpreting research results - with discussion of his own experiences of those various techniques, gained over a substantial research career. The Companion concludes with practical tips for improving the field and navigating a path to professional success. Reznick's 'behind-the-scenes' view of empirical research and career progression, told with wit, wisdom and insight, is essential reading for students and young researchers launching their careers in developmental science."
072,"Dickens's ""young men"" :",
072,Discretionary time :,"A healthy work-life balance has become increasingly important to people trying to cope with the pressures of contemporary society. This trend highlights the fallacy of assessing well-being in terms of finance alone; how much time we have matters just as much as how much money. The authors of this book have developed a novel way to measure 'discretionary time': time which is free to spend as one pleases. Exploring data from the US, Australia, Germany, France, Sweden and Finland, they show that temporal autonomy varies substantially across different countries and under different living conditions. By calibrating how much control people have over their time, and how much they could have under alternative welfare, gender or household arrangements, this book offers a new perspective for comparative cross-national enquiries into the temporal aspects of human welfare."
019,Dissertation research and writing for built environment students /,"This step-by-step guide is designed to get students through their final year research project. Trusted and developed over three previous editions, the new fourth edition shows you how to select a dissertation topic, write a proposal, conduct a literature review, select the research approach, gather the data, analyse and present the information and ultimately produce a well-written dissertation. The book simplifies dissertation research and writing into a process involving a sequence of learnable activities and divides the process into three parts. Part One covers the necessary groundwork, including: identifying the problem, writing a proposal and reviewing the literature. Part Two covers the research design and includes: approaches and techniques for data collection and constructing and sampling a questionnaire. Part Three covers: measurement of data, analysis of data with SPSS, structuring and writing the whole dissertation, and supervision and assessment. This new edition is packed with updated examples and research samples, making this the ideal resource for students involved in research in built environment subjects such as construction management, construction project management, facilities management, real estate, building surveying, quantity surveying and civil engineering."
072,Doing business research :,
072,Doing criminological research /,"The new edition of this bestselling textbook comes completely revised and updated to take students on a guided tour of criminological research. As a trusted companion, this book brings together a range of experts in the field to provide key perspectives on how to prepare, do and present research. Each chapter comes with a range of learning features and contextualised case studies, giving an in-depth review on conducting research projects."
072,Doing qualitative research in politics :,"This volume offers unique perspectives on how to engage in methods of inquiry in Political Science. Applying the debate in the field over the validity of qualitative methods, the authors illustrate how various methodological approaches are both rigorous and empirically rich. Each of the chapters consists of a particular methodological approach that offers useful insight into pressing political problems important for policy and for theory building. Drawing upon both positivist and interpretive approaches, the chapters illustrate how to engage in qualitative research involving case studies, content analysis and ethnography, each outlining the “doing” part of research. The volume is theoretically, thematically and geographically diverse, important for students and scholars across the field."
072,Doing recent history :,
072,Doing research in business and management :,
072,Doing research in political science /,
072,Doing research in the business world /,"Get 12 months FREE access to an interactive eBook* when you buy the paperback! (Print paperback version only, ISBN 9781473915688) Grounded in actual research and supported by the author's 25 years of experience teaching business and management students, this book is designed especially for students and researchers in business looking to do practical research, and introduces them to the reality of conducting research for the classroom or the boardroom. The reader is guided through each step of the research process including all the tools they need to collect, analyse and present data and are given advice on how to identify, design and complete appropriate projects, enabling them to develop their own research and maximize its impact. Global examples are included throughout from international markets and across the Business and Management discipline. Packed full of learning features and complemented by a free interactive eBook* that includes author video chapter introductions, top tips and skills, real world advice, templates and examples of published research, real world data sets, MCQs, PowerPoint slides, student exercises and journal articles, as well as employability advice and guidance on different types of assessment and dissemination, allowing access on the go and encouraging learning and retention whatever the reading or learning style. Suitable for anyone intending to conduct research in a variety of business contexts such as Management, Marketing, HRM and Organizational Studies."
072,Doing research in the business world /,
072,Ecological and environmental science & technology in China :,
072,Effective legal research /,
072,Eight Eurocentric historians /,
072,Elementary statistics for public administration :,"""Preparing public administration students for practice, this textbook simplifies statistics without compromising analytical and empirical rigor. It includes in-depth instruction of the open statistics software R Commander, including step-by-step screenshots and using applied and theoretical data""--"
072,Empirical economic and financial research :,"The purpose of this book is to establish a connection between the traditional field of empirical economic research and the emerging area of empirical financial research and to build a bridge between theoretical developments in these areas and their application in practice. Accordingly, it covers broad topics in the theory and application of both empirical economic and financial research, including analysis of time series and the business cycle; different forecasting methods; new models for volatility, correlation and of high-frequency financial data and new approaches to panel regression, as well as a number of case studies. Most of the contributions reflect the state-of-art on the respective subject. The book offers a valuable reference work for researchers, university instructors, practitioners, government officials and graduate and post-graduate students, as well as an important resource for advanced seminars in empirical economic and financial research."
072,Empirical political analysis :,
072,Empirical political analysis :,
072,Empirical political analysis :,
072,Empirical political analysis :,
072,Engineering and environmental challenges :,
072,England in the age of the American revolution.,
072,"English newsbooks and Irish rebellion, 1641-1649 /",
072,English newspapers :,
072,Essays in British accounting research /,
072,Essays in modern European historiography /,
072,Essays in modern European historiography. /,
072,Essentials of business research methods /,
072,Essentials of business research methods /,
072,Essentials of business research methods /,
072,The essentials of political analysis /,
072,The essentials of political analysis /,
072,Essentials of political research /,
072,Ethnographic research :,
072,Event studies for financial research :,"Event Studies are overwhelmingly widespread in financial research, providing tools for shedding light on market efficiency, as well as measuring the impact of various occurrences on public firms' security prices. Mastering the Event Study approach is essential for researchers and practitioners alike. Event Studies for Financial Research aims to help readers obtain valuable hands-on experience with Event Study tools and gain technical skills for conducting their own studies. Kliger and Gurevich provide a detailed application of their approach, which consists of: a description of the method; references; guided applications; and elaborated framework for implementing the applications."
085,-But with respect :,
019,12 days that made modern Britain /,"This is the story of modern Britain, focusing on twelve formative days in the history of the United Kingdom over the last five decades. By describing what happened on those days and the subsequent consequences, Andrew Hindmoor paints a suggestive - and to some perhaps provocative - portrait of Britain today.  Everyone will have their own list of the truly formative moments in British history over the last five decades. The twelve days selected for this book are:  - The 28th of September 1976. The day Labour Prime Minister James Callaghan renounced Keynesian economics. - The 4th of May 1979. The day Margaret Thatcher became Britain's first female prime minister. - The 3rd of March 1985. The day the miners' strike ended. - The 20th of September 1988. The day of Margaret Thatcher's 'Bruges speech'. - The 18th of May 1992. The day the television rights for the Premier League were sold to BskyB. - The 22nd of April 1993. The day that young black teenager Stephen Lawrence was murdered by racist thugs. - The 10th April 1998. The day of the Good Friday Agreement in Northern Ireland. - The 11th of September 2001. The day of the Al Qaeda attacks on the United States. - The 5th of December 2005. The day Chris Cramp and Matthew Roche became the first gay couple in the UK to become civil partners under the Civil Partnership Act. - The 13th of September 2007. The day the BBC reported that the Northern Rock bank was in trouble. - The 8th of May 2009. The day The Daily Telegraph began to publish details of MPs' expense claims. - The 1st of February 2017. The day the House of Commons voted to invoke Article 50 of the Treaty on European Union."
085,Against the grain :,
085,Alastair Campbell :,
085,Anonymous speech :,
085,Armageddon averted :,
085,Attlee :,
085,Beyond Britain :,"""This book presents a history of the key ideas that have shaped the evolution of the shared spaces of inquiry in British Cultural Studies and Postcolonial Studies to analyse the continued significance and relevance of both disciplines beyond their British sites of origin""--Provided by publisher."
019,Bioactive molecules in food /,"This reference work provides comprehensive information about the bioactive molecules presented in our daily food and their effect on the physical and mental state of our body. Although the concept of functional food is new, the consumption of selected food to attain a specific effect existed already in ancient civilizations, namely of China and India. Consumers are now more attentive to food quality, safety and health benefits, and the food industry is led to develop processed- and packaged-food, particularly in terms of calories, quality, nutritional value and bioactive molecules. This book covers the entire range of bioactive molecules presented in daily food, such as carbohydrates, proteins, lipids, isoflavonoids, carotenoids, vitamin C, polyphenols, bioactive molecules presented in wine, beer and cider. Concepts like French paradox, Mediterranean diet, healthy diet of eating fruits and vegetables, vegan and vegetarian diet, functional foods are described with suitable case studies. Readers will also discover a very timely compilation of methods for bioactive molecules analysis. Written by highly renowned scientists of the field, this reference work appeals to a wide readership, from graduate students, scholars, researchers in the field of botany, agriculture, pharmacy, biotechnology and food industry to those involved in manufacturing, processing and marketing of value-added food products."
085,Boris Yeltsin :,
085,Britain after empire :,
085,Britain since 1945 :,
085,Britain since 1945 :,
085,Britain today :,
085,The British in interwar Germany :,"The British in Interwar Germany analyses the British presence in Germany from the armistice until the end of the Rhineland occupation in 1930. It looks at British involvement in the Rhineland, Danzig, Upper Silesia, Schleswig and East Prussia and on the inter-Allied Control Commissions (IAMCC), which were supervising German disarmament. Drawing widely on a range of primary sources, David Williamson explores the problems facing British military and civil officials, their attitudes towards the Germans and their relations with their allies - particularly the French. The book also examines the everyday lives of the British soldiers and administrators in Germany and their interaction with the Germans, with particular attention being paid to the city of Cologne and the British colony that developed there. This new edition brings David Williamson's study fully up-to-date and now contains a greater coverage of the relevant social history, as well as maps, illustrations and a useful glossary. The British in Interwar Germany will be of great interest to students and scholars of Weimar Germany and Britain and Europe during the interwar years."
085,The burden of guilt :,
085,The bus :,
085,The cabildo in Peru under the Hapsburgs :,
085,Citizens and subjects :,"Citizens and Subjects is an essay on the nature and condition of democracy in Britain at the end of the twentieth century. It looks at the commonly held view that Britain is a model democracy, exposing it as a dangerous myth that inhibits both radical thought and actual constitutional change. The book looks at the tradition of political and constitutional thought in Britain and at contemporary political reality, revealing a wide gulf between the two. Dr Wright, a respected teacher and academic recently elected a Labour MP, considers Britain's particularly acute form of a general problem of modern government. While the nation thinks of itself as a liberal democracy, its liberalism was in fact in place well before democracy came onto the agenda. From the outset, democracy was seen as a problem by both conservatives and liberals. Constitutional issues have re-emerged on the political agenda in recent years. Dr Wright discusses the means by which we might move towards a pluralistic, open and participatory democracy; he also argues, however, that practical reforms will not be possible unless they are linked to a new tradition of radical constitutional thought."
085,Civil liberties in conflict /,
085,Clement Attlee :,"Throughout the first half of the twentieth century, Winston Churchill's wartime heroics and larger-than-life personality propelled him to the center of the world stage. To most, he remains Great Britain's greatest Prime Minister, his fame and charisma overshadowing those who followed in his footsteps. Yet while he presided over his country's finest hour, he was not its most consequential leader. In this definitive new biography, John Bew reveals how that designation belongs to Clement Attlee, Churchill's successor, who launched a new era of political, economic, and social reform that would forever change Great Britain. Bew's thorough and keen examination of Attlee, the former leader of the Labour Party, illuminates how his progressive beliefs shaped his influential domestic and international policy. Alternatively criticized for being ""too socialist"" or ""not radical enough,"" Attlee's quiet tenacity was intrinsic to the success of his party and highly pertinent to British identity overall. In 1948, he established the National Health Service as part of his ""British New Deal""-a comprehensive, universal system of insurance, welfare, and family allowances to be enjoyed by all British citizens. Attlee also initiated key advancements in international relations by supporting the development of both the United Nations and the North Atlantic Treaty Organization, and by granting independence to India, Burma, and Ceylon. More controversially, he sanctioned the building of Britain's nuclear deterrent in response to the rise of the Soviet Union and the threat of atomic bombs. Clement Attlee: The Man Who Made Modern Britain explores his tenure in the years after the war, as he presided over a radical new government in an age of austerity and imperial decline. Bew mines contemporary memoirs, diaries, and press excerpts to present readers with an illuminating and intimate look into Attlee's life and career."
085,Computers for spectroscopists /,
085,Contemporary Soviet politics :,
085,Contemporary Soviet politics :,
085,Coping with England /,
085,"The courtship novel, 1740-1820 :",
085,Crisis? what crisis? :,
085,Culture and consensus :,
085,Culture in Britain since 1945 /,
085,Daughter of empire :,"Pamela Mountbatten was born at the end of the 1920s into one of Britain's grandest families. The daughter of Lord Louis Mountbatten and his glamorous wife Edwina Ashley, she was brought up by nannies and governesses as she was often parted from her parents as they dutifully carried out their public roles. A solitary child, she learned to occupy her days lost in a book, riding or playing with the family's animals (which included at different times a honey bear, chameleons, a bush baby, two wallabies, a lion, a mongoose and a coati mundi). Her parents' vast social circle included royalty, film stars, senior service officers, politicians and celebrities. Noel Coward invited Pamela to watch him filming; Douglas Fairbanks Jr. dropped in for tea and Churchill would call for 'a word with Dickie'."
085,Dawn & decline :,
085,De-Stalinisation reconsidered :,
085,Democracy in peril : Sri Lanka : a country in crisis : report to the LAWASIA Human Rights Standing Committee /,
085,The diamond queen :,"Published alongside a flagship BBC television series to mark her Diamond Jubilee, this book is an account of The Queen's reign. With the flair for narrative and the meticulous research that readers have come to expect, Andrew Marr turns his attention to the monarch - and to the monarchy, chronicling the Queen's pivotal role at the centre of the state, which is largely hidden from the public gaze, and making a strong case for the institution itself. Arranged thematically, rather than chronologically, Marr dissects the Queen's political relationships, crucially those with her Prime Ministers; he examines her role as Head of the Commonwealth, and her deep commitment to that Commonwealth of nations; he looks at the drastic changes in the media since her accession in 1952 and how the monarchy - and the monarch - have had to change and adapt as a result. Indeed he argues that under her watchful eye, the monarchy has been thoroughly modernized and made as fit for purpose in the twenty-first century as it was when she came to the throne and a ""new Elizabethan age"" was ushered in."
085,Dianaworld :,"""A fascinating new perspective on the life and afterlife of Diana, Princess of Wales, the planet's all-purpose cultural icon. Over the last forty years, the mythology of Princess Diana has turned the woman who was born Diana Spencer into a symbol for almost anything. From a harbinger of Brexit populism, an all-American consumer capitalist, and the savior of the British aristocracy, to a catalyst for #MeToo and in the words of one superfan 'the biggest punk that's come out of England,' Diana connects with a wider array of people than any member of the royal family ever has. We feel so familiar with Diana that it seems crushingly formal to use anything but her first name. In Dianaworld, Edward White guides us through this strange precinct of a global cultural obsession. It's a place of mass delusions, outsized fantasies and quixotic dreams; of druids, psychics, Hollywood stars, obsessive stalkers, radical feminists, and Middle Eastern generals. In a signature, innovative 'exploded biography,' White offers both a portrait of the princess, and group portraits of those who knew her intimately; those who worked with and for her; and the many ordinary people whose connection to Diana reveals her unique and enduring legacy. White draws on a kaleidoscopic array of sources and perspectives never before used in books about Diana or the royal family from interviews with sex workers and professional lookalikes, to the Mass Observation social research project and the Great Diary Project in Britain, and the peculiar work of outsider artists. Diana would have approved of her posthumous title, 'the People's Princess ': the image of a royal with a pauper's soul was exactly how she marketed herself. In Dianaworld, White explores Diana Spencer, the person and the cultural figure by re-creating the world Diana lived in and illuminating her lasting impact on the world she left behind""--"
085,Dissent in the years of Khrushchev :,
085,The Downing Street years /,
085,"Edgar Julius Jung, right-wing enemy of the Nazis :","""By the time of his death, Edgar Julius Jung (1894-1934) was well known in Germany and Europe as one of the foremost ideologues of the political movement that called itself the Conservative Revolution and as a right-wing opponent of the Nazis. He was speechwriter for and confidant of Franz von Papen (first Hitler's predecessor as chancellor, then Hitler's vice-chancellor), which put him at the center of political events right up until the Nazi seizure of power. Considered by Goebbels one of the worst enemies of the Nazis, Jung was assassinated by them in June 1934. The following eleven years of Nazi rule contributed to his neglect by historians, as did distaste, since the war's end and the founding of the Federal Republic on democratic principles, for his strongly anti-democratic stance. Although there have been several studies on Jung's political thought, there has been until now no biography in German or English. Roshan Magub's book therefore fills a serious gap in German historical literature. It shows that Jung's opposition to National Socialism dates from the earliest days and that he had a very close relationship with the Ruhr industry, which supported him financially and enabled him to reach a nationwide audience. Magub uses, for the first time, all the available material from the archives in Munich, Koblenz, Cologne, and Berlin, and the whole of Jung's Nachlass. Her book sheds new light on Jung and demonstrates his importance in Germany's political history.""--Provided by publisher."
085,Elizabeth the Queen :,"From the moment of her ascension to the throne in 1952 at the age of twenty-five, Queen Elizabeth II has been the object of unparalleled scrutiny. But through the fog of glamour and gossip, how well do we really know the world's most famous monarch? Drawing on numerous interviews and never-before-revealed documents, acclaimed biographer Sally Bedell Smith pulls back the curtain to show in intimate detail the public and private lives of Queen Elizabeth II, who has led her country and Commonwealth through the wars and upheavals of the last sixty years with unparalleled composure, intelligence, and grace. In Elizabeth the Queen, we meet the young girl who suddenly becomes ""heiress presumptive"" when her uncle abdicates the throne. We meet the thirteen-year-old Lilibet as she falls in love with a young navy cadet named Philip and becomes determined to marry him, even though her parents prefer wealthier English aristocrats. We see the teenage Lilibet repairing army trucks during World War II and standing with Winston Churchill on the balcony of Buckingham Palace on V-E Day. We see the young Queen struggling to balance the demands of her job with her role as the mother of two young children."
085,Enforcement of human rights in peace & war and the future of humanity /,
085,A failed empire :,"Western interpretations of the Cold War - both realist and neoconservative - have erred by exaggerating either the Kremlin's pragmatism or its aggressiveness, argues Vladislav Zubok. Explaining the interests, aspirations, illusions, fears, and misperceptions of the Kremlin leaders and Soviet elites, Zubok offers a Soviet perspective on the greatest standoff of the 20th century."
085,Faith in fakes :,"Holography, wax museums, the secret meaning of spectator sports, Superman and the intellectual effects of over-tight jeans are just a few of the subjects covered in this collection of witty, entertaining and thought-provoking delights from Umberto Eco, celebrated author of The Name of the Rose."
085,Fifty years on :,
085,Focus on Britain today /,
085,Food materials science and engineering /,"""Food Materials Science and Engineering covers a comprehensive range of topics in relation to food materials, their properties and characterisation techniques, thus offering a new approach to understanding food production and quality control""--"
085,From Weimar to Auschwitz :,
085,"The German College of Politics and the search for wholeness (Germany, China) /","It had contributed much to the advancement of the discipline of political science by systematically studying different aspects of politics. Intellectually, it had inherited several important traditions from the Wilhelmian era and placed them in new perspectives. The Weberian tradition of looking at politics objectively was incorporated as the underlying principle of the College. The advocacy of above-partisanship and the attitude of matter-of-factness in the analysis of political issues aimed at integrating the objective understanding of political reality with the cultivation of creative and dynamic individual will. This comprehensive and objective view of politics would guide the individual to search for a holistic conception of life, with which he might become a truly ""whole"" person no longer atomized by modern technology. This search for wholeness, progressive and pro-modern, could find conterparts in the work of the German Work Union, the New Objectivity movement and the Bauhaus."
085,"German incertitudes, 1914-1945 :",
085,Getting Russia wrong :,
085,Good-bye Heathcliff :,
085,Good-bye Heathcliff :,
085,Goodbye to all that /,
085,Gorbachev :,"""When Mikhail Gorbachev became the leader of the Soviet Union in 1985, the USSR was one of the world's two superpowers. By 1989, his liberal policies of perestroika and glasnost had permanently transformed Soviet Communism. By 1990 he, more than anyone else, had ended the Cold War, and in 1991, after barely escaping from a coup attempt, he unintentionally presided over the collapse of the Soviet Union he had tried to save. In the first comprehensive biography of the final Soviet leader, William Taubman shows how a peasant boy became the Soviet system's gravedigger, how he clambered to the top of a system designed to keep people like him down, how he found common ground with America's arch-conservative president Ronald Reagan, and how he permitted the USSR and its East European empire to break apart without using force to preserve them. Throughout, Taubman portrays the many sides of Gorbachev's unique character that, by Gorbachev's own admission, make him 'difficult to understand.' Was he in fact a truly great leader, or was he brought low in the end by his own shortcomings, as well as by the unyielding forces he faced? Drawing on interviews with Gorbachev himself, transcripts and documents from the Russian archives, and interviews with Kremlin aides and adversaries, as well as foreign leaders, Taubman's intensely personal portrait extends to Gorbachev's remarkable marriage to a woman he deeply loved, and to the family that they raised together. Nuanced and poignant, yet unsparing and honest, this sweeping account has all the amplitude of a great Russian novel.""--Jacket"
085,The Gorbachev phenomenon :,
085,The Gorbachev phenomenon :,
085,Grafters /,
085,A history of modern Britain /,"A History of Modern Britain by Andrew Marr confronts head-on the victory of shopping over politics. It tells the story of how the great political visions of New Jerusalem or a second Elizabethan Age, rival idealisms, came to be defeated by a culture of consumerism, celebrity and self-gratification. In each decade, political leaders think they know what they are doing, but find themselves confounded. Every time, the British people turn out to be stroppier and harder to herd than predicted. Throughout, Britain is a country on the edge - first of invasion, then of bankruptcy, then on the vulnerable front line of the Cold War and later in the forefront of the great opening up of capital and migration now reshaping the world. This history follows all the political and economic stories, but deals too with comedy, cars, the war against homosexuals, Sixties anarchists, oil-men and punks, Margaret Thatcher's wonderful good luck, political lies and the true heroes of British theatre. This edition also includes an extra chapter charting the course from Blair to Brexit."
085,Human rights /,
085,Human rights and development :,
085,Human rights and labour law :,
085,Human rights in a changing world /,
085,Human rights law and personal identity /,"""This book explores how human rights law impacts the formation of personal identity. Drawing from a range of disciplines, Jill Marshall examines how human rights law includes and excludes specific types of identity, which feed into moral norms of human freedom and human dignity and their translation into legal rights. The book takes on a three part structure. Part I traces the definition of identity, and follows the evolution of a right to personal identity and personality within human rights law. It specifically examines the development of a right to personal identity as property, the inter-subjective nature of identity, and the intercession of power and inequality. Part II evaluates past and contemporary attempts to describe the core of personal identity, including theories concerning the soul, the rational mind, and the growing influence of neuroscience and genetics in distinguishing the human. It also explores the inter-relation and conflict between universal principles and culturally specific rights. Part III focuses on issues and case law that can be interpreted as allowing self-determination. Marshall argues that while in an age of individual identity, people are increasingly obliged to live in conformed ways, pushing out identities that do not fit with what is acceptable. Drawing on feminist theory, the book concludes by arguing how human rights law would be better interpreted as a force to enable respect for human dignity and freedom of self-determination. In drawing on socio-legal, philosophical, biological and feminist outlooks, this book is truly interdisciplinary, and will be of great interest and use to scholars and students of human rights law, legal and social theory, and gender studies""--"
019,Hunger in war and peace :,"At the outbreak of the First World War, Great Britain quickly took steps to initiate a naval blockade against Germany. In addition to military goods and other contraband, foodstuffs and fertilizer were also added to the list of forbidden exports to Germany. As the grip of the Blockade strengthened, Germans complained that civilians-particularly women and children-were going hungry because of it. The impact of the blockade on non-combatants was especially fraught during the eight month period of the Armistice when the blockade remained in force. Even though fighting had stopped, German civilians wondered how they would go through another winter of hunger. The issue became internationalised as civic leaders across the country wrote books, pamphlets, and articles about their distress, and begged for someone to step in and relieve German women and children with food aid. Their pleas were answered with an outpouring of generosity from across the world. Some have argued, then and since, that these outcries were based on gross exaggerations based more on political need rather than actual want. This book examines what the actual nutritional statuses of women and children in Germany were during and following the War. Mary Cox uses detailed height and weight data for over 600,000 German children to show the true measure of overall deprivation, and to gauge infant recovery."
085,Inside story :,"Philip Webster covered politics for The Times newspaper for 43 years, including 18 years as its political editor. He has been at the centre of all the big stories of the past four decades - the fall of Labour in 1979, the rise and fall of Margaret Thatcher, the emergence and fall of John Major, the rise and fall of Tony Blair and his wars with Gordon Brown, the aftermath of 9/11, the war in Iraq, the fall of Brown, the rise and rise of David Cameron, and the shock election of Jeremy Corbyn."
085,The Iron Lady :,"Traces the life of Britain's former Prime Minister, from her upbringing in Grantham to her unexpected challenge to Edward Heath for leadership of the Conservative party and her eventual removal from power."
085,A journey :,
085,"Khrushchev and the Soviet leadership, 1957-1964",
085,Khrushchev on Khrushchev :,
085,Khrushchev remembers :,
085,Khrushchev's Russia /,
085,The Kremlin since Stalin /,
085,Krushchev /,"""This concise, approachable introduction to Khrushchev explores the innovative theme of Khrushchev as reformer, arguing that the 'bumbling' nature of those reforms only partly reflected Khrushchev's uncertainty about how to act. Swain provides a cogent account of Khrushchev's political career and of his wider role in Soviet and world politics""--"
085,Laser microanalysis /,
085,The limits of reason :,
085,Literary trials :,"""From the 19th century onwards, famous literary trials have caught the attention of readers, academics and the public at large. Indeed it is striking that more often than not, it was the texts of renowned writers that were dealt with by the courts, as for example Gustave Flaubert's Madame Bovary and Charles Baudelaire's Les Fleurs du Mal in France, James Joyce's Ulysses and Henry Miller's Tropic of Cancer in the US, D.H. Lawrence's Lady Chatterley's Lover in Great-Britain, up to the more recent trials on Klaus Mann's Mephisto and Maxim Biller's novel Esra in Germany.By bringing together international leading experts, Literary Trials represents the first step towards a systematic discussion of literary trials on a global scale. Beginning by first reassessing some of the most famous of these trials, it then analyses less well-known but significant literary trials. Special attention is paid to recent developments in the relationship between literature and judicature, pointing towards an increasing role for libel and defamation in the societal demarcation of what literature is, and is not, allowed to do""--"
085,Literary trials :,"""From the 19th century onwards, famous literary trials have caught the attention of readers, academics and the public at large. Indeed it is striking that more often than not, it was the texts of renowned writers that were dealt with by the courts, as for example Gustave Flaubert's Madame Bovary and Charles Baudelaire's Les Fleurs du Mal in France, James Joyce's Ulysses and Henry Miller's Tropic of Cancer in the US, D.H. Lawrence's Lady Chatterley's Lover in Great-Britain, up to the more recent trials on Klaus Mann's Mephisto and Maxim Biller's novel Esra in Germany.By bringing together international leading experts, Literary Trials represents the first step towards a systematic discussion of literary trials on a global scale. Beginning by first reassessing some of the most famous of these trials, it then analyses less well-known but significant literary trials. Special attention is paid to recent developments in the relationship between literature and judicature, pointing towards an increasing role for libel and defamation in the societal demarcation of what literature is, and is not, allowed to do""--"
085,The long road to freedom :,
085,Making Thatcher's Britain /,"""Margaret Thatcher was one of the most controversial figures of modern times. Her governments inspired hatred and veneration in equal measure and her legacy remains fiercely contested. Yet assessments of the Thatcher era are often divorced from any larger historical perspective. This book draws together leading historians to locate Thatcher and Thatcherism within the political, social, cultural and economic history of modern Britain. It explores the social and economic crises of the 1970s; Britain's relationships with Europe, the Commonwealth and the United States; and the different experiences of Thatcherism in Scotland, Wales and Northern Ireland. The book assesses the impact of the Thatcher era on class and gender and situates Thatcherism within the Cold War, the end of Empire and the rise of an Anglo-American 'New Right'. Drawing on the latest available sources, it opens a wide-ranging debate about the Thatcher era and its place in modern British history""--"
085,Margaret Thatcher :,"Few modern women have had as great a political impact as Margaret Hilda Roberts, the grocer's daughter from Grantham who, as Margaret Thatcher, became Britain's first woman prime minister. The longest serving British premier of the twentieth century, Mrs Thatcher has been the subject of both adulation and vilification. In Margaret Thatcher: A Life and Legacy, the leading historian Sir David Cannadine sets Margaret Thatcher in the context of recent British history. With elegance, wit, and historical insight, Cannadine charts Mrs Thatcher's upbringing and influences, her political career and life after politics, the impact of her policies, and her personal reputation and political legacy. The book also features a glossary of key terms, a chronology, a 'dramatis personae' of significant figures of the period, and a guide to further reading. Written by one of our foremost international historians, it is an essential work for anyone interested in the life and work of a towering-and often controversial- figure in modern British history, as well as students, academics, and researchers in the fields of modern history and politics."
085,Margaret Thatcher :,"Few modern women have had as great a political impact as Margaret Hilda Roberts, the grocer's daughter from Grantham who, as Margaret Thatcher, became Britain's first woman prime minister. The longest serving British premier of the twentieth century, Mrs Thatcher has been the subject of both adulation and vilification. In Margaret Thatcher: A Life and Legacy, the leading historian Sir David Cannadine sets Margaret Thatcher in the context of recent British history. With elegance, wit, and historical insight, Cannadine charts Mrs Thatcher's upbringing and influences, her political career and life after politics, the impact of her policies, and her personal reputation and political legacy. The book also features a glossary of key terms, a chronology, a 'dramatis personae' of significant figures of the period, and a guide to further reading. Written by one of our foremost international historians, it is an essential work for anyone interested in the life and work of a towering-and often controversial- figure in modern British history, as well as students, academics, and researchers in the fields of modern history and politics."
085,Margaret Thatcher :,
085,Margaret Thatcher :,
085,Margaret Thatcher /,"Margaret Thatcher (1925-2013) was the dominant British political leader of our age. No postwar prime minister has equalled the impact she made on modern British history, nor matched her influence on the European and world stages. But, as she becomes a historical figure, how to distinguish myth from reality? The daunting quantity (and variable quality) of literature already available on Thatcher makes it decidedly difficult to discriminate the significant from the tendentious, superficial, and otiose. Moreover, because no comparable British politician has had such profound effects on political and cultural life, valuable evaluations of Thatcher originate from a broad range of scholarly disciplines, as well as from serious sources outside the academy. To make some sense of these widely dispersed materials, Routledge announces the first in a projected new series of Critical Assessments of Key Political Leaders. Edited by Tim Bale (Queen Mary, University of London), the author of a prize-winning history of the Conservative Party, Margaret Thatcher is a four-volume collection. It draws on the best work of modern historians and political scientists, as well as those working in gender and cultural studies. The collection allows users quickly and easily to access both established and cutting-edge assessments of Thatcher's life and work. With a comprehensive introductory essay providing essential background information and relating the various pieces to each other, Margaret Thatcher is destined to be an indispensable resource for research and study."
085,Mass uprisings in the USSR :,
085,Modern optical methods of analysis /,
085,Modern romance and transformations of the novel :,
085,Molecular spectroscopy :,
085,Moments of modernity :,
085,The Moral nation :,
085,Nanobiotechnology for the livestock industry :,"""Nanobiotechnology for the Livestock Industry: Animal Health and Nutrition delivers a multidisciplinary reference of nanobiotechnology applications in various sectors, including farming practices, healthcare and breeding practices, market and economic analysis/benefits, biosafety, regulation, and more. The book explores nanobiotechnology's role in livestock handling, including hygiene maintenance and feed/nutrient delivery. The book also examines nanobiotechnology's role in maintaining nutrient quality in food products, and covers healthcare practices utilizing nanobiotechnology, such as maintaining and monitoring livestock health, diagnosis and treatment of disease, monitoring drug delivery, optimizing breeding patterns, and cryopreservation of sperm and eggs.""--Back cover."
085,"Nazism, 1919-1945 :",
085,Not for turning :,"""Margaret Thatcher is one of the most significant political figures of the twentieth century. With the possible exception of Winston Churchill, no other Prime Minister has had such an impact on modern British history. Like them or not, her radical policies made Britain the country it is today. Without Margaret Thatcher there could have been no New Labour, no Tony Blair and no David Cameron. Now Robin Harris, for many years Mrs. Thatcher's speechwriter, close adviser and the draftsman of both volumes of her autobiography, has written the definitive book about this indomitable woman. He tells the compelling story of her life, from humble beginnings above her father's grocer's shop in Grantham, her early days as one of the first women in Westminster (she became known as ""Thatcher Milk Snatcher"" during her days in the Ministry of Education) and then on to her groundbreaking career as Prime Minister. We follow Thatcher through, hard-fought political battles and experience with her the tribulations of the miners' strike and the Falklands War. We learn of the intrigue behind the scenes at Number Ten. We sense throughout the passionate intellect which fuelled her ambitions and drove her into the highest office in the land, and out again... This international bestseller is an unforgettable portrait of Britain's first woman Prime Minister, written by one of her most trusted advisers, and a fitting tribute to an extraordinary leader""--Provided by publisher."
085,November 1918 :,"The German Revolution of November 1918 is nowadays largely forgotten outside Germany. It is generally regarded as a failure even by those who have heard of it, a missed opportunity which paved the way for the rise of the Nazis and the catastrophe to come. Robert Gerwarth argues here that to view the German Revolution in this way is a serious misjudgment. Not only did it bring down the authoritarian monarchy of the Hohenzollern, it also brought into being the first ever German democracy in an amazingly bloodless way. Focusing on the dramatic events between the last months of the First World War in 1918 and Hitler's Munich Putsch of 1923, Robert Gerwarth illuminates the fundamental and deep-seated ways in which the November Revolution changed Germany. In doing so, he reminds us that, while it is easy with the benefit of hindsight to write off the 1918 Revolution as a 'failure', this failure was not somehow pre-ordained. In 1918, the fate of the German Revolution remained very much an open book."
085,Nuclear spectroscopy and reactions.,
085,Once a jolly bagman :,
085,Our queen :,
085,The path to power /,
085,The people's peace :,
085,The people's peace :,
085,Politics in transition /,
019,The Postwar moment :,
085,Preserving the sixties :,
085,The press clause and digital technology's fourth wave :,"""During the first part of the twenty-first century, bloggers, citizen journalists, social media users, Yelp reviewers, and a myriad of other communicators have found themselves facing defamation, privacy, campaign finance, and other lawsuits as a result of the messages they have communicated. In many ways, these communicators are facing legal questions that are similar to what traditional journalists have faced for centuries regarding their rights to gather and publish information. This book examines how the press clause, a First Amendment freedom with no agreed-upon definition, can be understood in order to help guide the courts and twenty-first-century publishers regarding protecting expression as we move into the fourth wave of networked communication, an era that will be defined by increasingly complex relationships between humans and artificially intelligent communicators. To do so, the book draws upon the discourse theory of communication in democratic society, the legal and foundational history of the press clause, lower-court cases that involve citizen publishers who have claimed protections that have historically been associated with traditional journalism, and established legal and scholarly examinations of artificial intelligence to ultimately construct a framework for how the press clause can be reimagined to protect older and newer generations of publishers""--Provided by the publisher."
085,The prime ministers :,
085,Red Russia after 50 years /,
085,Reminiscences and reflections :,
085,Revolution by reason and other essays by Oswald Mosley /,
085,The Rights of peoples /,
085,The rise of Khrushchev /,
085,Roger Ascham and his sixteenth-century world /,"""The life of Roger Ascham (1515/16 to 1568) coincided with the reigns of four Tudor monarchs, the rise and death of Luther, the Council of Trent and the wholesale division of Christendom. He operated in arenas including Cambridge University, the Court, the Continent and the capital, and his works engaged with the most important intellectual concerns of his age, including humanism, educational reform, religion and politics. In this volume historians, literary specialists and classicists have worked together both to re-evaluate more familiar territory in Ascham's life and work and to illuminate previously untapped sources. Their essays reveal Ascham as a considerably more significant figure than previous scholarship has suggested. Two appendices provide valuable further biographical and bibliographical material""--"
085,Romance and readership in twentieth-century France :,
085,Romance fiction and American culture :,"""Genetically Modified Food helps readers trace the history of GMOs, explore the science behind it, understand why and how we utilize them, and discuss controversies concerning GMOs from an objective viewpoint. The title will engage readers on the topic and help them to weigh the pros and cons as they make their own food decisions.""--Publisher's website."
085,Romancing God :,
085,The romantic novel in England.,
085,The royals /,
085,"Ruminant feeding systems utilizing fibrous agricultural residues, 1987 /",
085,Russia under Khrushchev :,
085,"Russia, the people and the power /",
085,Russia's underground press :,
085,Seven lives from mass observation :,"""What was it like to live in Britain during the second half of the twentieth century? In a successor to his acclaimed Nine Wartime Lives: Mass Observation and the Making of the Modern Self, James Hinton uses autobiographical writing contributed to Mass Observation since 1981 to explore the social and cultural history of late twentieth-century Britain. Prompted by thrice-yearly open-ended questionnaires, Mass Observation's volunteers wrote about their political attitudes, religious beliefs, work, childhoods, education, friendships, marriages, sex lives, mid-life crises, aging -- the whole range of human emotion, feeling, attitudes, and experience. At the core of the book are seven 'biographical essays': intimate portraits of individual lives set in the context of the shift towards the more tolerant and permissive society of the 1960s to the rise of Thatcherite neo-liberalism as the structures of Britain's post-war settlement crumbled from the later 1970s. The mass observers featured in the book, four women and three men, are drawn from across the social spectrum -- wife of a small businessman, teacher, social worker, RAF wife, mechanic, lorry driver, banker: all active and forceful characters with strong opinions and lives crowded with struggle and drama. The honesty and frankness with which they wrote about themselves takes us below the surface of public life to the efforts of 'ordinary', but exceptionally articulate and self-reflective, people to make sense of their lives in rapidly changing times.""--"
085,Sexual fiction /,
085,The shadow of war ;,"""After enduring untold suffering and near total devastation, the Soviet Union emerged from the ashes of World War 2 as a superpower. Even now, the Great Patriotic War constitutes the country's single greatest source of national pride and identity--a defining moment in Russian history no less significant than the Revolution of 1917. Yet just as the overthrow of Tsarist autocracy is fraught with ambiguities, so too is the legacy of World War 2. After liberating itself from Nazi occupation, the Soviet Union established imperial domination over much of East-Central Europe. But a victorious Soviet society was also poor, hungry, and--for all intents and purposes--still enslaved by the communist regime. The shadow of war : the Soviet Union and Russia, 1941 to the present offers a fresh approach to modern Soviet and Russian history. Taking the achievements, ambiguities, and legacies of the Second World War as a point of departure, the book reveals the strains of the Soviet system in the postwar decades as it distanced itself from Stalinist repression and reinvented itself as a form of illiberal modern welfare state. The author shows how tens of millions of people moved from villages to cities to reap the benefits of modern civilization while Soviet society remained divided along strict class, regional, and ethnic lines--divisions that drew into sharp focus with the collapse of the Soviet Union. Utilizing the latest research and a wide range of sources, The shadow of war greatly enhances our understanding of Soviet and Russian history during one of the most complex and fascinating eras of human history""--Provided by publisher."
085,A short history of the Weimar Republic /,"""It is impossible to understand the history of modern Europe without some knowledge of the Weimar Republic. The brief fourteen-year period of democracy between the Treaty of Versailles and the advent of the Third Reich was marked by unstable government, economic crisis and hyperinflation and the rise of extremist political movements. At the same time, however, a vibrant cultural scene flourished. Incorporating original research and a synthesis of the existing historiography, this revised edition will provide students and a general readership with a clear and concise introduction to the history of the first German Republic""--"
019,A short history of the Weimar Republic /,"It is impossible to understand the history of modern Europe without some knowledge of the Weimar Republic. The brief fourteen-year period of democracy between the Treaty of Versailles and the advent of the Third Reich was marked by unstable government, economic crisis and hyperinflation and the rise of extremist political movements. At the same time, however, a vibrant cultural scene flourished, which continues to influence the international art world through the aesthetics of Expressionism and the Bauhaus movement. In the fields of art, literature, theatre, cinema, music and architecture - no"
085,Single molecule spectroscopy and imaging III :,
085,The socialist regimes of East Central Europe :,
085,The Soviet citizen :,
085,Soviet military interventions since 1945 :,
085,Soviet state and society under Nikita Khrushchev /,
085,The Soviet Union /,
085,The Soviet Union after Brezhnev /,
085,The Soviet Union since the fall of Khrushchev /,
085,The Soviet Union since the fall of Khrushchev /,
085,Strategies for reducing drug and chemical residues in food animals :,
085,Suicide of a nation? :,
019,Thatcher and Thatcherism /,
085,The wit of Prince Philip /,
085,The years of challenge : the Commonwealth and the British Empire /,
085,Things can only get better :,
085,Think of England /,
085,"To Moscow, and beyond :",
085,Tony Blair :,
085,The tyranny of relativism :,
085,A war of words :,
085,The way we were :,
085,The Wehrmacht and German rearmament /,
085,Weimar :,
085,Weimar Germany :,
085,Weimar thought :,
085,Will the Soviet Union survive until 1984? /,
093,Ancient libraries /,
093,Ancient libraries /,"""The circulation of books was the motor of classical civilization. But books were both expensive and rare, and so libraries - private and public, royal and civic - played key roles in articulating intellectual life. This collection, written by an international team of scholars, presents a fundamental reassessment of how ancient libraries came into being, how they were organised, and how they were used. Drawing on papyrology and archaeology, and on accounts written by those who read and wrote in them, it presents new research on reading cultures, on book collecting, and on the origins of monumental library buildings. Many of the traditional stories told about ancient libraries are challenged. Few were really enormous, none were designed as a research centre, and occasional conflagrations do not explain the loss of most ancient texts. But the central place of libraries in Greco-Roman culture emerges more clearly than ever.""--back cover."
093,The apostle /,
093,Aristotle's economics :,"Aristotle’s Economics is a thoughtful and comprehensive account of Aristotle's intellectual system. Drawing upon all of his surviving writings, this book deftly illustrates how Aristotle considered economics to be just one of many areas which make up the social and political whole.David Reisman offers an in-depth and accessible analysis of Aristotle’s theories, adeptly comparing them to the work of his contemporaries. Adopting an interdisciplinary approach, this book demonstrates how Aristotle embedded his economics in a wider synthesis that extends from scientific method to ethics, law and the spectrum of constitutions. Aristotle’s economics cannot be separated from his ideas on the good society, the pragmatic state and the sensible guidance of far-sighted intellectuals. Aristotle’s Economics shows that Aristotle put morals before things. His lasting message was that material goods should only be seen as the means to a fruitful and varied life rather than as life’s end and goal.This thought-provoking study will be of interest to students, academics and researchers in economic thought and political economy. Aristotle linked his economics to political and social theory. This book will appeal to readers who believe that the answers to many of our present-day problems lie in the history of ideas and the work of Plato’s most distinguished disciple."
093,The art of terrestrial diagrams in early China /,"""This is the first English-language monograph on the early history of cartography in China. Its chief players are three maps found in tombs that date from the fourth to the second century BCE and together constitute the entire known corpus of ancient Chinese maps (ditu). A millennium separates them from the next available map from 1136 CE. Most scholars study them through the lens of modern, empirical definitions of maps and their use. This book offers an alternative view by drawing on methods not just from cartography but from art history, archaeology, and religion. It argues that, as tomb objects, the maps were designed to be simultaneously functional for the living and the dead-that each map was drawn to serve navigational purposes of guiding the living from one town to another as well as to diagram ritual order, thereby taming the unknown territory of the dead. In contrast with traditional scholarship, The Art of Terrestrial Diagrams in Early China proposes that ditu can ""speak"" through their forms. Departing from dominant theories of representation that forge a narrow path from form to meaning, the book braids together two main strands of argumentation to explore the multifaceted and multifunctional diagrammatic tradition of rendering space in early China""--"
093,The art of the Scythians :,"This volume offers a detailed consideration of the style, technology, and iconographic implications of the art of the Scythians, organized by object typology and chronology, and considered against a broader historical, expressive, and technical background; that of the Scythians' Eurasian sources, of earlier and contemporary West Asian cultures, and of the Hellenic culture which emerged beside that of the Scythians in the northern littoral of the Black Sea."
093,The birth of politics :,"""[An introduction] to the foundations of Western political thought, from the Greeks, who invented democrary, to the Romans, who created a republic and then transformed it into an empire...[Lane] focuses on eight political ideas from the Greco-Roman world that are especially influential today...and describes how the ancient formulations of these ideas often challenge widely held modern assumptions""--From publisher description on book jacket."
093,The Cambridge companion to ancient Greek political thought /,"The Cambridge Companion to Ancient Greek Political Thought provides a guide to understanding the central texts and problems in ancient Greek political thought, from Homer through the Stoics and Epicureans. Composed of essays specially commissioned for this volume and written by leading scholars of classics, political science, and philosophy, the Companion brings these texts to life by analysing what they have to tell us about the problems of political life. Focusing on texts by Homer, Herodotus, Thucydides, Plato, and Aristotle, among others, they examine perennial issues, including rights and virtues, democracy and the rule of law, community formation and maintenance, and the ways in which theorizing of several genres can and cannot assist political practice."
093,The Cambridge companion to ancient rhetoric /,
093,Communities of style :,
093,The concept of man in Early China /,
093,The construction of time in antiquity :,"Time has always held a fascination for human beings, who have attempted to relate to it and to make sense of it, constructing and deconstructing it through its various prisms, since time cannot be experienced in an unmediated way. This book answers the needs of a growing community of scholars and readers who are interested in this interaction. It offers a series of innovative studies by both senior and younger experts on various aspects of the construction of time in antiquity. Some articles in this book contain visual material published for the first time, while other studies update the field with new theories or apply new approaches to relevant sources. Within the study of antiquity, the book covers the disciplines of Classics and Ancient History, Assyriology, Egyptology, Ancient Judaism, and Early Christianity, with thematic contributions on rituals, festivals, astronomy, calendars, medicine, art, and narrative."
093,Cosmic problems :,
093,Creating Celtic animal designs :,"""Many instruction books focus on how to duplicate a given set of designs, but this unique work shows how to create your own. Cari Buziak presents simple, step-by-step directions for incorporating animal forms into Celtic designs""--"
093,The culture of the Roman plebs /,"The common man in the Roman street is beginning at last to attract the attention he deserves from specialists;his active, noisy role in the politics of the late Republic has been restored to him and now the time has come to try to look a bit further inside his head, at his culture, not in the conventionally book-defined sense of what - if anything - he read and wrote, but of the songs he sang, the dances and music he preferred, the shows he saw, the games he played, the scraps of knowledge he picked up, the Greek he learned from the Syrians across the landing, the odds and ends of the history of Rome he had picked up from statues, processions, plays. This is the first attempt to reconstruct what your average Roman talked about in the bar or in the multi-seater latrine. All Latin is translated and all due care is taken of the non-specialist's requirements."
093,Death in the Greek world :,
093,Die staatshaushaltung der Athener /,
093,Early printed books /,
093,East Asia and America :,
093,East Asian ecocriticisms :,
093,From the wistaria bush /,
093,Glass along the Silk Road from 200 BC to AD 1000 :,
093,"Good Italy, bad Italy :",
093,Greek political thought /,
019,The history of the Arthaśāstra :,
093,Individualism in early China :,
093,The Kizilbash-Alevis in Ottoman Anatolia :,
093,Legal reform in English Renaissance literature /,"This book investigates rhetorical and representational practices that were used to monitor English law at the turn of the seventeenth century. The late-Elizabethan and early-Jacobean surge in the policies and enforcement of the reformation of manners has been well-documented. What has gone unnoticed, however, is the degree to which the law itself was the focus of reform for legislators, the judiciary, preachers, and writers alike. While the majority of law and literature studies characterize the law as a force of coercion and subjugation, this book instead treats in greater depth the law's own vulnerability, both to corruption and to correction. In readings of Spenser's 'Faerie Queene', the 'Gesta Grayorum', Donne's 'Satyre V', and Shakespeare's 'Measure for Measure' and 'The Winter's Tale', Strain argues that the terms and techniques of legal reform provided modes of analysis through which legal authorities and literary writers alike imagined and evaluated form and character. Reevaluates canonical writers in light of developments in legal historical research, bringing an interdisciplinary perspective to works. Collects an extensive variety of legal, political, and literary sources to reconstruct the discourse on early modern legal reform, providing an introduction to a topic that is currently underrepresented in early modern legal cultural studiesAnalyses the laws own vulnerability to individual agency."
093,Literature's refuge :,"""For the Translation/Transnation comparative literature series, a monograph that explores the refugee and diasporic literatures that resulted from the 1923 population exchange between Greece and Turkey""--"
093,Novel possibilities :,"In Novel Possibilities Joseph Childers considers the role of the novel, and especially the social-problem novel of the 1840s, in interpreting and shaping the cultures of the early Victorian period. Childers contends that novels such as Benjamin Disraeli`s Coningsby, Elizabeth Gaskell`s Mary Barton, and Charles Kingsley`s Alton Locke were in direct competition with other forms of public discourse for interpretive dominance of their age. Childers examines the interactions between the novel and a set of texts generated by parliamentary and radical politics, the sanitation reform movement, and religion. Reversing the position of earlier studies of this period, he argues that the novel was in fact constitutive of - and often provided the model fortexts as diverse as the political agendas of Robert Peel and T. B. Macaulay or Edwin Chadwick`s enormously important Report on the Sanitary Condition of the Labouring Population of Great Britain, with its seemingly encyclopedic description of the conditions of poverty."
093,On the fringe of commentary :,"This volume contains the papers of the second meeting of the international scholarly network ""The Hermeneutic of Judaism, Christianity and Islam,"" held in Aix-en-Provence (September 25-27, 2008). Drawing on Gerard Genette's theory of the five different types of ""transtextuality"" (Palimpsestes, Paris 1982) - intertextuality, paratextuality, metatextuality, hypertextuality, and architextuality - , the volume discusses the practices of metatextuality as diverse as commentaries, hypomnemata, pesharim, targumim, Talmud, allegoresis, glosses, scholia, catenae, questions-and-responses (erotapocriseis), prophetic extracts, hypotheses, homilies, integumenta and involucra, Keys to Dreams, translations, and transliterations in the ancient Mediterranean and Near Eastern cultures. Presented with an introduction designed to expand and re-contextualize this issue, the eighteen communications discuss common strategies of metatextuality in Greek and Jewish culture as well as its various manifestations in the Septuagint and other Jewish texts, in the literature of the Ancient Near East and Egypt, in the Greco-Roman world, and in the late antique and medieval literature."
093,Painting the Mediterranean Phoenician :,"""This book focuses on the Canaanite-Phoenician economic systems that predominated in and determined Mediterranean history. Phoenician trade networks were sophisticated and elaborate operations that required a highly developed society and institutions in order to spread and be maintained. By tracking the manufacture, use, and shipment routes of Phoenician products, primarily those traded in amphorae and bottles but also fine-ware and their associated assemblages, a new map of Mediterranean connectivity and interrelations emerges, whose routes, operations and cultural affiliation lasted a long time. The Phoenician trade-nets are presented geographically, with special attention paid to the traceable product networks involving wine, salted fish, or perfumed oils""--"
093,Postsecular Benjamin :,
093,Prince of the Ghetto /,
093,Principles of decoration in the Roman world /,"This book explores the manner in which architectural settings and action contexts influenced the perception of decoration in the Roman world. Crucial to the relationship between ancient viewers and media was the concept of decor, a term employed by Vitruvius and other Roman authors to describe the appropriateness of particular decorative elements to the environment in which they were located. The papers in this volume examine a diverse range of decorated spaces, from press rooms to synagogues, through the lens of decor. In doing so, they shed new light on the decorative principles employed across Roman Italy and beyond."
093,Principles of Macroeconomics in New Zealand /,
093,Rabbis as Romans :,
093,Rethinking classical Indo-Roman trade :,
093,The Roman games :,
093,Scribal repertoires in Egypt from the New Kingdom to the early Islamic period /,"Scribal Repertoires in Egypt from the New Kingdom to the Early Islamic Period deals with the possibility of glimpsing pre-modern and early modern Egyptian scribes, the actual people who produced ancient documents, through the ways in which they organized and wrote those documents. While traditional research has focused on identifying a 'pure' or 'original' text behind the actual manuscripts that have come down to us from pre-modern Egypt, the volume looks instead at variation - different ways of saying the same thing - as a rich source for understanding the complex social and cultural environments in which scribes lived and worked, breaking with the traditional conception of variation in scribal texts as 'free' or indicative of 'corruption'. As such, it presents a novel reconceptualization of scribal variation in pre-modern Egypt from the point of view of contemporary historical sociolinguistics, seeing scribes as agents embedded in particular geographical, temporal, and socio-cultural environments. Introducing to Egyptology concepts such as scribal communities, networks, and repertoires, among others, the authors then apply them to a variety of phenomena, including features of lexicon, grammar, orthography, palaeography, layout, and format. After first presenting this conceptual framework, they demonstrate how it has been applied to better-studied pre-modern societies by drawing upon the well-established domain of scribal variation in pre-modern English, before proceeding to a series of case studies applying these concepts to scribal variation spanning thousands of years, from the languages and writing systems of Pharaonic times, to those of Late Antique and Islamic Egypt."
093,Sport and spectacle in the ancient world /,
093,Sport and spectacle in the ancient world /,
093,Theories of truth in Chinese philosophy :,"Theories of Truth in Chinese Philosophy deals with debates surrounding the concept of truth in early Chinese thought, from the earliest periods through to the Han dynasty. Alexus McLeod focuses first on the question of whether there is a concept of truth in early Chinese thought, giving a critical overview of the positions of contemporary scholars on this issue, outlining their arguments and considering objections and possible problems and alternatives. McLeod then goes on to consider a number of possible theories of truth in early Chinese philosophy, giving an overview of what he takes to be the main contenders for truth concepts in the early material, and surrounding concepts and positions.In addition, the author considers how these theories of truth might be relevant in contemporary debates surrounding truth, as well as in the context of theories of truth in the history of philosophy, both in Western and Indian thought."
093,Trade in the ancient Sahara and beyond /,"Saharan trade has been much debated in modern times, but the main focus of interest remains the medieval and early modern periods, for which more abundant written sources survive. The pre-Islamic origins of Trans-Saharan trade have been hotly contested over the years, mainly due to a lack of evidence. Many of the key commodities of trade are largely invisible archaeologically, being either of high value like gold and ivory, or organic like slaves and textiles or consumable commodities like salt. However, new research on the Libyan people known as the Garamantes and on their trading partners in the Sudan and Mediterranean Africa requires us to revise our views substantially. In this volume experts re-assess the evidence for a range of goods, including beads, textiles, metalwork and glass, and use it to paint a much more dynamic picture, demonstrating that the pre-Islamic Sahara was a more connected region than previously thought."
093,"Trade, commerce, and the state in the Roman world /","This volume presents eighteen papers by leading Roman historians and archaeologists discussing trade in the Roman Empire during the period c.100 BC to AD 350. It focuses especially on the role of the Roman state in shaping the institutional framework for trade within and outside the empire, in taxing that trade, and in intervening in the markets to ensure the supply of particular commodities, especially for the city of Rome and for the army."
093,Tropical lands :,
093,Tying the threads of Eurasia :,
093,Women writing about money :,
093,Writing and materiality in ancient China :,""" Writing and Materiality in an Early Chinese Kingdom is an interdisciplinary study of the different kinds of writing (manuscripts made of silk, bamboo, and wood, as well as inscriptions in different media) discovered in three southern Chinese tombs dating to the first half of the second century B.C.E (early Han dynasty) at a site called Mawangdui. Studying these texts as things-artifacts to be manufactured, used, stored, displayed, performed, viewed, owned, and eventually buried-Luke Waring explores the different roles writing played in the lives and afterlives of three Chinese nobles, and those connected to them, including groups that are underrepresented in early sources such as women and non-elites. Intervening in debates surrounding the extent of literacy in Early China and the functions manuscripts played in ancient burials, Waring shows that during this period writing was not used simply to record or communicate important information, but also to complement and reinforce broader notions of material display, ritual performance, and cultural prestige, and that written texts were part of the elite visual and material cultures of their time. A detailed case study that draws on sources and scholarship from other parts of the ""ancient world,"" the book also makes use of approaches and methodologies developed in a range of overlapping disciplines, including literature and philology, history and archaeology, religion, art history, and material culture studies.""-- Provided by publisher."
019,Writing and society in ancient Cyprus /,"From its first adoption of writing at the beginning of the Late Bronze Age, ancient Cyprus was home to distinctive scripts and writing habits, often setting it apart from other areas of the Mediterranean and Near East. This well-illustrated volume is the first to explore the development and importance of Cypriot writing over a period of more than 1,500 years in the second and first millennia BC. Five themed chapters deal with issues ranging from the acquisition of literacy and the adaptation of new writing systems to the visibility of writing and its role in the marking of identities. The agency of Cypriots in shaping the island's literate landscape is given prominence, and an extended consideration of the social context of writing leads to new insights on Cypriot scripts and their users. Cyprus provides a stimulating case to demonstrate the importance of contextualised approaches to the development of writing systems."
019,Writing and society in ancient Cyprus /,"From its first adoption of writing at the beginning of the Late Bronze Age, ancient Cyprus was home to distinctive scripts and writing habits, often setting it apart from other areas of the Mediterranean and Near East. This well-illustrated volume is the first to explore the development and importance of Cypriot writing over a period of more than 1,500 years in the second and first millennia BC. Five themed chapters deal with issues ranging from the acquisition of literacy and the adaptation of new writing systems to the visibility of writing and its role in the marking of identities. The agency of Cypriots in shaping the island's literate landscape is given prominence, and an extended consideration of the social context of writing leads to new insights on Cypriot scripts and their users. Cyprus provides a stimulating case to demonstrate the importance of contextualised approaches to the development of writing systems."
093,Written on bamboo & silk :,
399,Applications of pattern recognition /,
399,Calibration and orientation of cameras in computer vision /,
399,Celiac disease :,
399,Computer and robot vision /,
399,Computer vision :,
399,Computer vision for visual effects /,"""Modern blockbuster movies seamlessly introduce impossible characters and action into real-world settings using digital visual effects. These effects are made possible by research from the field of computer vision, the study of how to automatically understand images. Computer Vision for Visual Effects will educate students, engineers and researchers about the fundamental computer vision principles and state-of-the-art algorithms used to create cutting-edge visual effects for movies and television. The author describes classical computer vision algorithms used on a regular basis in Hollywood (such as blue screen matting, structure from motion, optical flow and feature tracking) and exciting recent developments that form the basis for future effects (such as natural image matting, multi-image compositing, image retargeting and view synthesis). He also discusses the technologies behind motion capture and three-dimensional data acquisition. More than 200 original images demonstrating principles, algorithms and results, along with in-depth interviews with Hollywood visual effects artists, tie the mathematical concepts to real-world filmmaking""--"
399,Covering the curriculum with stories :,
399,Digital speech processing :,
399,"Digital speech processing, synthesis, and recognition /",
399,Drama education and second language learning /,
399,Handbook of pattern recognition and image processing /,
399,Handbook of vitamins /,
399,How drama activates learning :,"How Drama Activates Learning: Contemporary Research and Practice draws together leaders in drama education and applied theatre from across the globe, including authors from Europe, North America and Australasia. It explores how learning can be activated when drama pedagogies and philosophies are applied across diverse contexts and for varied purposes. The areas explored include: · history · literacy, oracy and listening · health and human relationships education · science · democracy, social justice and global citizenship education · bullying and conflict management · criticality · digital technologies · additional language learning Drawing on a range of theoretical perspectives, the contributors present case studies of drama and applied theatre work in school and community settings, providing rich descriptions of practice accompanied by detailed analysis underpinned by the theoretical perspectives of key thinkers from both within and beyond the field of drama."
399,Introductory computer vision and image processing /,
019,Island of the lost :,"The true story of two similar shipwreck tragedies off Auckland Island in 1864 that have drastically different outcomes. Award-winning maritime historian Druett tells a gripping cautionary tale about leadership, endurance, human ingenuity, and the tenuous line between order and chaos."
399,Life cycle nutrition :,
399,Macroeconomics /,
399,Macroeconomics /,
399,The materiality of diplomacy in the Hellenistic-Roman Mediterranean :,"""This volume is a survey of one of the most interesting practices of ancient diplomacy: the gift or exchange of symbolic objects, a custom that may be as old as mankind and that can be traced with certainty back to the emergence of the first written societies. After assessing this background, the volume focuses on the Hellenistic-Roman period (from the end of the 4th century BC to the end of the 1st century BC), a historical period that was transcendental due to the intensity of contacts between human groups, cities and states. The book brings together international specialists who approach the subject from different chronological, geographical and thematic perspectives. It addresses a number of cross-cutting themes, including the relationship between gifts, loot and bribery, the anxiety in receiving or refusing presents, and the spaces of diplomatic interaction. Offering an innovating approach to the study of ancient diplomacy, based on cultural conditioning factors and subjective perceptions of the gift, it opens up new insights into the study of antiquity and the history of diplomacy."" -- Back cover."
399,The medieval church :,
399,Metabolic syndrome :,
399,Metabolism of trace metals in man /,
019,Multimodal behavior analysis in the wild :,"Multimodal Behavioral Analysis in the Wild: Advances and Challenges presents the state-of- the-art in behavioral signal processing using different data modalities, with a special focus on identifying the strengths and limitations of current technologies. The book focuses on audio and video modalities, while also emphasizing emerging modalities, such as accelerometer or proximity data. It covers tasks at different levels of complexity, from low level (speaker detection, sensorimotor links, source separation), through middle level (conversational group detection, addresser and addressee identification), and high level (personality and emotion recognition), providing insights on how to exploit inter-level and intra-level links. This is a valuable resource on the state-of-the- art and future research challenges of multi-modal behavioral analysis in the wild. It is suitable for researchers and graduate students in the fields of computer vision, audio processing, pattern recognition, machine learning and social signal processing."
399,Nutritional biochemistry of the vitamins /,
399,Nutritional intervention in metabolic syndrome /,
399,Nutritional toxicology /,
399,Nutritional toxicology.,
399,Optical character recognition /,
399,Pattern recognition and image preprocessing /,
399,Planning process drama :,
399,The porphyrias:,
399,Protein-calorie malnutrition.,
399,"Rendering, visualization and rasterization hardware /",
399,"The single woman, modernity, and literary culture :","This book situates the single woman within the evolving landscape of modernity, examining how she negotiated rural and urban worlds, explored domestic and bohemian roles, and traversed public and private spheres. In the modern era, the single woman was both celebrated and derided for refusing to conform to societal expectations regarding femininity and sexuality. The different versions of single women presented in cultural narratives of this period—including the old maid, odd woman, New Woman, spinster, and flapper—were all sexually suspicious. The single woman, however, was really an amorphous figure who defied straightforward categorization. Emma Sterry explores depictions of such single women in transatlantic women’s fiction of the 1920s to 1940s. Including a diverse selection of renowned and forgotten writers, such as Djuna Barnes, Rosamond Lehmann, Ngaio Marsh, and Eliot Bliss, this book argues that the single woman embodies the tensions between tradition and progress in both middlebrow and modernist literary culture."
399,Speech analysis /,
399,Teaching teachers with theater! :,"""Teaching, Education, Theater, Performance, Compassion, Engagement, Comfort, Practice, Activity, Communication, Classroom, Student"" --"
399,Tocotrienols :,
399,The ultimate ACE diet :,
399,Vision chips :,
399,Vitamin A in health and disease /,
399,Vitamin A in health and disease /,
827,18 brand astras :,
827,The 1970s :,"""The 1970s looks at an iconic decade when the cultural left and economic right came to the fore in American society and the world at large. While many have seen the 1970s as simply a period of failures epitomized by Watergate, inflation, the oil crisis, global unrest, and disillusionment with military efforts in Vietnam, Thomas Borstelmann creates a new framework for understanding the period and its legacy. He demonstrates how the 1970s increased social inclusiveness and, at the same time, encouraged commitments to the free market and wariness of government. As a result, American culture and much of the rest of the world became more--and less--equal.""--Book jacket flap."
827,24 brand mantras :,
827,60-minute brand strategist :,
827,9 brand shaastras :,
827,Advanced brand management :,
827,Advanced brand management :,
827,Advances in Chinese brand management /,"This book includes a fascinating range of up-to-date articles on China from the Journal of Brand Management that marshal research and scholarship undertaken by Chinese, British, European and American scholars. The development and management of brands in China has emerged as an area of considerable and growing interest among branding scholars and practitioners owing to the rise and significance of brands within China. Providing an overview of the development and management of brands in China, Advances in Chinese Brand Management also contains case studies of centuries old and greatly loved Chinese Corporate heritage brands, luxury brands, prominent cultural brands and foreign brands in China."
827,Advances in corporate branding /,"This prestigious edited collection of articles from the Journal of Brand Management discusses the impact of research on our understanding of corporate brand characteristics and corporate brand management to date. A wide range of topics are covered, including franchise brand management, co-creation of corporate brands, alliance brands, the role of internal branding in the delivery of employee brand promise, and the expansion into new approaches. Advances in Corporate Branding is essential reading for those undertaking a PhD programme or by upper level students looking for rigorous academic material on the subject and for scholars and discerning practitioners, acting as 'advanced introductions'."
827,Advances in national brand and private label marketing :,"This book presents the latest research and recent studies in the field of national brand and private label marketing. It covers a wide range of topics, including retailing, marketing, general business, psychology, economics and statistics. It addresses diverse areas of application, such as brand naming and packaging decisions, price elasticity, positioning, branding, consumer motivation, online communities, economic crisis, strategies in growth and mature private labels. The contributions are organized according to the following themes: consumer behaviour, strategic decisions, branding, market trends and theoretical research. The book presents a collection of original, rigorous and relevant contributions from the 2015 National Brands and Private Label Marketing conference in Barcelona."
827,An anthology of eighteenth-century satire :,
827,The art of successful brand collaborations :,"""Brand collaborations are widely considered the art of the perfect match. This book is a guide to understanding the complex process of brand collaborations and explains the key factors of success to build this specific form of a partnership between businesses. The Art of Successful Brand Collaborations gives tangible examples of partnerships between various kinds of internationally renowned artists, celebrities, brands and companies such as Coca-Cola, Louis Vuitton, Puma, David Beckham, Pharrell Williams. In this vivid study, the academic and practitioner author team outline deep knowledge about the advantages and economic benefits of this marketing tool. This includes improvement of the brand image, development of the brand on new markets, attracting new customers within different target groups and obtainment of new market shares. Filled with interviews from practitioners and vital academic and professional insights, this book is an essential guide for brand managers, professors and students to better understand and implement the process of successful brand collaboration""--"
827,Asia branding :,"This core adoptable textbook provides a comprehensive treatment of branding in Asia, focusing on a wide range of key Asian countries including China, India, Japan, South Korea and members of ASEAN. This edited collection includes a unique blend of theory, research and practice across both consumer and corporate branding and discusses the topics of brand communication, brand relationships, social media branding, brand reputation, place brands, university branding and brand innovation. Looking at the relationship between companies, brands and consumers, this book highlights the need for a variety of strategic responses to meet the needs of different Asian consumers."
827,Asia's star brands /,
827,Asian brand strategy :,
827,Asymmetric quality tier competition :,
827,Authenticity :,"""This book shows you how to align your advertising and marketing efforts with the purpose of your company's brand""--"
827,B,"B's keywords are brand, balance, and perspective. It receives no advertising profits or financial support from the brands it introduces. B is published in Korean and English and released both at home in Korea and overseas. From brand managers to people who want to learn about brand marketing and management—B is for everyone who plans to start a business or has interest in brands. B dedicates each issue to the story of one specific brand, which is one of the well-balanced brands that JOH. discovers from around the world based on four standards: beauty, practicality, price, and philosophy. And each issue is packed with B’s unique insights and in-depth analysis. B will continue to search brands that it pursues to introduce cover-to-cover, such as Swiss recycled bag manufacturer Freitag and Japanese camping gear maker Snow Peak."
827,B2B brand management /,
827,Basics of branding :,
827,Be brands :,
827,Be brands :,
827,Best practice cases in branding :,
827,The better mousetrap :,
827,"Big brands, big trouble :",
827,Brain tattoos :,
827,Brand /,
827,Brand admiration :,"""Brand Admiration provides an integrated perspective on how to make strategic and tactical branding decisions""--"
827,Brand against the machine :,"""Ditch traditional corporate branding to create a powerful, recognizable brand. Brand Against the Machine offers proven and actionable steps for companies and entrepreneurs to increase their brand visibility and credibility, and to create an indispensable brand that consumers can relate to, thus becoming life-long customers. Discover the aspirational currency that makes your brand one that people want to be or want to be friends with. Learn how to be real with your audience and make strategic associations to establish credibility. Brand Against the Machine will help you stand out, get noticed, and be remembered. Brand Against the Machine is the blueprint for how to market your brand to attract better clients and stand out from the clutter that is traditional corporate branding and marketing. Instant Positioning Method: How to instantly stand out from the crowd and position yourself as a resource, not just another service provider The 20/60/20 Rule: Why it's important to take a stand and why it's okay to have haters--because it creates a stronger bond with those who love you. Ditch your traditional corporate branding and marketing, and exchange it for something memorable. Your customers will thank you for it""--"
827,Brand alliances as information about unobservable product quality /,
827,Brand America :,"Portrays how the most powerful nation brand in history grew to greatness, how close it has come to throwing it all away, and what might still be done to salvage it.--From publisher description."
827,Brand America :,
827,Brand America :,
827,Brand and talent /,"""Many books talk about brand, still more about talent, yet leading organizations are realising their identity as a service/product provider is virtually inseparable from their identity as a place that attracts, motivates and benefits from thriving talent. In Brand and Talent, author Kevin Keohane looks at how organisations can better communicate with people before, during and after their association with the enterprise. He presents a ""joined up"" approach that encompasses the needs of brand, marketing, human resources, corporate communications, internal communications and IT. He integrates academic and commercial evidence, as well as practical advice and includes case studies and interviews""--"
827,Brand and talent /,"""Many books talk about brand, still more about talent, yet leading organizations are realising their identity as a service/product provider is virtually inseparable from their identity as a place that attracts, motivates and benefits from thriving talent. In Brand and Talent, author Kevin Keohane looks at how organisations can better communicate with people before, during and after their association with the enterprise. He presents a ""joined up"" approach that encompasses the needs of brand, marketing, human resources, corporate communications, internal communications and IT. He integrates academic and commercial evidence, as well as practical advice and includes case studies and interviews""--"
827,Brand asset management :,
827,Brand asset management :,
827,Brand Avatar :,
827,Brand babble :,
827,Brand beauty unleashed :,"""This book presents an in-depth, careful study of our understanding of the concept of beauty in everyday objects and its impact on markets and brands. Moving beyond artistic notions of beauty, it demonstrates how beauty is an asset that can be leveraged in the marketplace. Traditionally, beauty has been examined in relation to its influence on painting, sculpture, literature, music, and architecture. However, its value and power in the marketplace is understudied. Alvarez del Blanco provides a systematic analysis of beauty in commonplace objects and brands, drawing on cutting-edge research at the intersection of marketing and neuroscience. Through examining the neuroscientific evidence for how the brain processes beauty, the author articulates the implications this may have on marketing and brand management. He also offers a glimpse of how beauty may evolve, and its marketing implications for firm strategy in the coming decades. Written by a recognised authority in marketing and brand strategy, Brand Beauty Unleashed gives students with an interest in marketing, consumer behaviour, branding, and neuromarketing an exciting new perspective on this intangible asset""--"
827,Brand Bible :,
827,Brand breakout :,
827,The brand bubble :,"Using a five-stage model, The Brand Bubble reveals how today's successful brands--and tomorrow's--have an insatiable appetite for creativity and change. These brands offer consumers a palpable sense of movement and direction thanks to a powerful ""energized differentiation."" Gerzema reveals how brands with energized differentiation achieve better financial performance than traditional brands have. Plus, Gerzema helps readers develop energized differentiation in their own brands, creating consumer-centric and sustainable organizations. --from publisher description"
827,The brand bubble :,
827,Brand busters :,
827,The brand challenge :,"""The Brand Challenge provides a comprehensive and topical examination of the application of branding across a variety of categories such as luxury goods, media, football clubs and cities; it proves essential reading for anyone involved in branding decisions or wanting to know more about the branding process. Edited by leading brand analyst Kartikeya Kompella, The Brand Challenge explains the nuances of building brands in different industries with a chapter devoted to each to give the reader the most up-to-date understanding of how to apply brand theory. It contains original contributions from many of the world's leading brand experts who lift the veil on brand building in their specific category. The book encourages readers to apply practices from one category to another to foster innovation in brands and successful brand building. Contributing Authors: Al Ries (focus), Tony Allen (identity), Peter Fisk (innovation), Allen Adamson (brand), Professor Jean-No Kapferer (luxury), Jesko Perrey (retail), Thomas Meyer (retail), Simon Glynn (B2B), Michael D'Esopo (B2B), Professor Walter McDowell (TV), Mike Symes (finance), Jocelyne Daw (non-profit), Professor Joseph Hancock (fashion), Professor John O'Neill (hospitality), Jeremy Hildreth (city), JT Singh (city), Howard Breindel (technology), Sue Bridgewater (football)""--"
827,Brand constructs :,
827,Brand design for kids /,
827,Brand desire :,"Brand Desire : How to Create Consumer Involvement and Inspiration 4 (4 ratings by Goodreads) Hardback English By (author) Nicholas Ind , By (author) Oriol Iglesias Share Desire is big business. If companies can create true desirability for their brands, customers will not only express preference and loyalty, they also show a willingness to act as brand champions, participate in online communities, co-create innovative ideas, and show the sort of commitment that is normally associated with fervent employees. However, desire doesn't just happen. Brands need to nurture it by offering both security and surprise. This isn't just about marketing, but rather a reflection of an organization-wide culture and perspective. Using international case studies, Brand Desire explains how companies can engage customers emotionally and create value for them. Managers can successfully build and maintain brand desire through specific strategies and tools, such as: * promoting a principles-driven organization that is grounded in its heritage and distinctive competences; * creating a supportive culture that encourages the active participation of people in brand development; * providing an opportunity for people to communicate more with each other and to encourage socialization through communities and events; and * offering outstanding experiences: being consistent in delivery, from first communications through to after-sales service and support. In a crowded sales environment, brand desire can elevate any product or service so that it stands out from the crowd - and stays there. Brand Desire demonstrates how desirable brands are about desirable experiences, and shows what companies can do to maximize those experiences for their customers."
827,Brand desire :,"Brand Desire : How to Create Consumer Involvement and Inspiration 4 (4 ratings by Goodreads) Hardback English By (author) Nicholas Ind , By (author) Oriol Iglesias Share Desire is big business. If companies can create true desirability for their brands, customers will not only express preference and loyalty, they also show a willingness to act as brand champions, participate in online communities, co-create innovative ideas, and show the sort of commitment that is normally associated with fervent employees. However, desire doesn't just happen. Brands need to nurture it by offering both security and surprise. This isn't just about marketing, but rather a reflection of an organization-wide culture and perspective. Using international case studies, Brand Desire explains how companies can engage customers emotionally and create value for them. Managers can successfully build and maintain brand desire through specific strategies and tools, such as: * promoting a principles-driven organization that is grounded in its heritage and distinctive competences; * creating a supportive culture that encourages the active participation of people in brand development; * providing an opportunity for people to communicate more with each other and to encourage socialization through communities and events; and * offering outstanding experiences: being consistent in delivery, from first communications through to after-sales service and support. In a crowded sales environment, brand desire can elevate any product or service so that it stands out from the crowd - and stays there. Brand Desire demonstrates how desirable brands are about desirable experiences, and shows what companies can do to maximize those experiences for their customers."
827,Brand driven :,
827,Brand esSense :,
827,Brand extension and order of entry /,
827,Brand failures :,
827,Brand famous :,"""Make your business a house-hold nameHave you ever noticed how there are so many people, so many brands, so many products and so many business ideas all trying to be famous? Well, the fact is branding is everything. To get your service, product or personal brand standing out from the crowd, you will need an effective branding strategy. And that's what Brand Famous helps you achieve. Written by Linzi Boyd, a savvy entrepreneurial branding guru whose glamorous PR agency helped brands and personas such as Pringle, Rita Ora, Selfridges and Superdry hit the big time, this book outlines a winning formula for success, from idea to execution, along with hidden branding secrets, practical tips and real life examples. Discover what branding tactics will actually make your business or product a desirable, recognisable brand Learn how to maximize 'new school' branding approaches for today's consumer world Gain insights on common mistakes to avoid when building your brand Get insights from some of Linzi's recent PR campaigns from top fashion and music brands Learn the five-step process required to achieve stand out status ""--"
827,The brand gap :,"THE BRAND GAP is the first book to present a unified theory of brand-building. Whereas most books on branding are weighted toward either a strategic or creative approach, this book shows how both ways of thinking can unite to produce a “charismatic brand”—a brand that customers feel is essential to their lives."
827,The brand gym :,
019,Brand hate :,"""This book focuses on the concept of ""brand hate"" and consumer negativity in today's digital markets. It explores the emotional detachment consumers generate against valued brands and how negative experiences affect their and other consumers' loyalty. It is almost impossible not to run into hateful language about companies and their brands in today's digital consumption spaces. Consumer hostility and hate is not hidden and silent anymore but is now openly shared on many online anti-brand websites, consumer social networking sites, and complaint and review boards. The book defines consumer brand hate and discusses its dimensions, antecedents, and consequences as well as the semiotics and legality of such brand hate activities based on current brand dilution arguments. It describes the situations which lead to anti-branding and how consumers choose to express their dissatisfaction with a company on individual and social levels. This newly updated edition discusses recent research findings from brand hate literature with new cases and extended managerial analysis. Thus, the book provides strategic perspectives on how to handle such situations to achieve better functioning markets for scholars and practitioners in marketing, psychology, and consumer behavior""--Publisher's description."
827,The brand innovation manifesto :,
827,Brand journalism /,
827,Brand leadership /,"A dozen management fads have come and gone in the past decade, but brand equity, first explored by David Aaker in the late 1980s, has exploded in importance. Recognized by Brandweek as ""the dean of the brand-equity movement,"" Aaker now prepares managers for the next level of the brand revolution -- brand leadership. For the first time, Aaker and coauthor Erich Joachimsthaler describe how the emerging paradigm of strategic brand leadership is replacing the classic, tactically oriented brand management system pioneered by Procter & Gamble. This fundamental shift involves nothing less than a revolution in organizational structure, systems, and culture -- as the authors demonstrate with hundreds of case studies from companies such as Polo Ralph Lauren, Virgin Airlines, Adidas, GE, Marriott, IBM, McDonald's, Maggi, and Swatch. This immensely readable book provides the brand management team with the capability to: Create and elaborate brand identities (what should the brand stand for) Use the brand relationship spectrum, a powerful tool to harness subbrands and endorsed brands to form brand architectures that create clarity, synergy and leveraged assets Identify the customer ""sweet spot"" and the driving idea that will move brand-building efforts beyond advertising to break out of the clutter Use the Internet and sponsorship to make brands resources work more effectively Address the four imperatives of global brand management Like David Aaker's two previous bestselling books, Brand Leadership will be essential reading for line executives and brand managers in market-driven firms worldwide."
827,Brand love is not enough ;,"""How would you feel about a bank that handles all of your financial needs efficiently, but made you feel like a dummy? In a relationship between two people, what the other person thinks of you (or what you believe they think of you) exerts great influence on the quality of your relationship. The same is true for brands. In this trailblazing book, Blackston extends his theory on consumer brand relationships introduced in the 90s. He introduces a new construct, called ""brands' attitude"", which goes beyond the familiar concept of brand love. Brands' attitude describes more fully the two-way street that exists between consumers and brands and fills a crucial gap in traditional branding literature in explaining consumers' brand purchasing and usage behavior. Drawing on real consumer data supported with plenty of industry-based examples and cases, Brand Love is not Enough should be on the shelf on any serious marketer or student of branding""--"
827,Brand management :,"This book is not available as a print inspection copy. To download an e-version click here or for more information contact your local sales representative. Presenting the basics of brand management, the book provides both a theoretical and practical guide to brands, placing emphasis on the theory that the consumer is a co-creator in a brand's identity. In a world in which social media and inclusive digital platforms have increased customer engagement, the role of brands and branding has changed. The line between the producer and the consumer has become blurred; consumers are no longer the recipients of brand identity, but the co-creators, playing a significant role in shaping new products and systems. To help students better understand the basics of brand management, and the co-creation theory, the book includes a collection of geographically diverse case studies, including: Burger King, Lego, Lynx, Maserati, HSBC and Vegemite."
827,Brand management :,"""Brand Management: Mastering Research, Theory and Practice is a valuable resource for those looking to understand how a brand can be conceptualized and thus managed in all its complexity. Going beyond the ""quick fixes"" of branding, it offers a comprehensive overview of brand management theories from the last 35 years. A highly regarded textbook, this fully updated third edition brings fresh perspectives on the latest research in, and analysis of, the various approaches to brand management. More than 1,000 academic sources have been carefully divided into a taxonomy with eight schools of thought - offering depth, breadth and precision to one of the most elusive management disciplines of our time. Perfectly marrying theory with practice, this comprehensive text is particularly useful for advanced undergraduate and postgraduate students of brand management, strategy and marketing""--"
827,Brand management :,
827,Brand management :,
827,Brand management /,
827,Brand management 101 :,
827,Brand management in emerging markets :,"""This book provides valuable and insightful research as well as empirical studies that allow audiences to develop, implement, and maintain branding strategies""--"
827,Brand management strategies :,"As global economies grow and the cost of doing business increases, the brand is the pre-eminent business asset needed for success in global business development. Brand Management Strategies: Luxury and Mass Markets presents the brand experience on a market continuum from mass market to luxury, using diverse examples from Burberry to BMW, Coca-Cola to Chanel, and Starbucks to Starwood. Underpinned by the author's many years of practical experience as both a professor and brand consultant, this book details the proven steps necessary to develop, build, and sustain a successful brand strategy and business. Features - Filled with current examples from fashion brands such as Burberry, Coach, Banana Republic, and Target and non-fashion brands including Apple, Samsung, Hyundai, Porsche, Ritz Carlton Hotels and more - Brandstorming: Successes and Failures depict real world case studies of successful-and not so successful-branding strategies - Experiential learning tools include learning objectives, bolded key terms, and end of chapter Conversations discussion questions and Challenges projects and activities STUDIO Resources - Study smarter with self-quizzes featuring scored results and personalized study tips - Review concepts with flashcards of terms and definitions Teaching Resources - Instructor's Guide provides suggestions for planning the course and using the text in the classroom, supplemental assignments, and lecture notes - Test Bank includes sample test questions for each chapter - PowerPoint(R) presentations include full color images from the book and provide a framework for lecture and discussion PLEASE NOTE: Purchasing or renting this ISBN does not include access to the STUDIO resources that accompany this text."
827,Brand manners :,
827,Brand manners :,
827,Brand meaning :,
827,Brand media strategy :,
827,Brand media strategy :,"""From YouTube to Facebook to the iPhone, today's media landscape offers more tools and platforms for the savvy marketer than ever before. And with this rapidly evolving technology come powerful ways to track what's working, what's not, and how to get the maximum impact for your brand in a shrinking economy. Media and brand expert Antony Young explores how today's most innovative marketers are integrating the latest media tools into a comprehensive strategy to grow their brands and are getting unprecedented results. He explores: * the future of advertising in traditional media and how to judge the investment's value in today's results-driven marketing world * how to get the maximum impact out of digital media, including online searches, social media, and mobile phones * the importance of employing non-traditional media vehicles, such as marketing PR, branded entertainment, and product placement. This is a must read for every marketer to help increase their brand's exposure while staying on budget""--Provided by publisher."
827,Brand new justice :,
827,Brand new world :,
827,Brand positioning :,"""Brand Positioning is an English translation of an exceptionally well-renowned Dutch textbook, which provides a practical approach to analysing, defining and developing a brand's positioning and strategy. Divided into three key parts, the book works step-by-step through the creation of an effective marketing strategy, combining an academic approach with the strategic and operational guidelines, tools and techniques required. Unlike other textbooks, it has a unique focus on the relationship between branding, marketing and communications, exploring brand values, brand identity, brand image, and analysing how these can be transformed into a successful positioning strategy, using international case studies, examples and practical exercises. This textbook will be core reading for advanced undergraduate and postgraduate students of marketing strategy, branding, marketing communications and consumer behaviour. It will also be of great value to marketing and communications professionals looking to develop and maintain their company's brand. Online resources to aid leaning include an instructor's manual, test bank with case material and multiple-choice questions, and PowerPoint slides""--"
827,Brand psychology :,"""Why do we trust some brands more than others? How important is integrity for a brand's survival? How can brand confidence be rebuilt during a crisis? Using both new and classic insights from social psychology, cognitive psychology and neuroscience, Brand Psychology reveals the hidden processes behind why certain brands command our loyalty, trust and - most importantly - disposable income. Reputation management authority Jonathan Gabay takes readers on a tour of the corporate, political, and personal brands whose understanding of consumer psychology has either built or broken them. Suitable for marketing, branding and PR professionals, reputation management specialists and students, Brand Psychology takes examples from e-cigarette legislation, the iPhone 5S's fingerprint ID technology, Barclays' branded bikes and the London 2012 Olympics, Miley Cyrus and the UK National Health Service's big data to reveal how to build a meaningful brand that resonates with the public""--"
827,Brand relations management :,
827,Brand revolution :,
827,Brand rewired :,
827,Brand royalty :,
827,Brand sense :,
827,Brand society :,"""Think Coca-Cola. Think iPod. Think Nike. Think Google. Each of these names represents a successful product or service but, more importantly, they are all successful brands. Most attempts to explain the role of brands focus on brands either as management tools (managerial perspective) or as symptoms of consumerism (sociological perspective). In Brand Society, Martin Kornberger combines these perspectives to show how brands have the power to transform both the organizations that develop them and the lifestyles of the individuals who consume them. This holistic approach shows how brands function as a medium between producers and consumers in a way that is rapidly transforming our economy and society. Using an array of practical case studies from a diverse set of organizations, this book provides a fascinating account of the way in which brands influence the lives of individuals and the organizations they work in""--Provided by publisher."
827,Brand storming :,
827,Brand storming :,
827,Brand storytelling :,"""Despite understanding essential storytelling techniques, brands continue to explain how their product or service can help the customer, rather than showcasing how the customer's life has changed as a result of them. Brand Storytelling gets back to the heart of brand loyalty, consumer behaviour and engagement as a business strategy: using storytelling to trigger the emotions that humans are driven by. It provides a step by step guide to assess, dismantle and rebuild a brand story, shifting the brand from a 'hero' to 'sidekick' mentality, and positioning the customer as a key influencer to motivate the audience."" -- amazon.com"
827,The brand strategy canvas :,"Launching a startup is now easier than ever before. Building a lasting brand, however, remains a mystery for even the savviest of founders. An impactful, recognizable brand is perhaps a company's most valuable intellectual property. And any strong brand starts with a strategy. The Brand Strategy Canvas has arrived to coach you beyond buzzword-laden tips and tricks, and instead offers you thorough, practical techniques to jump-start your strategy creation process. Author Patrick Woods distills fundamental questions to guide your strategy into a revolutionary single-page tool known as the titular Brand Strategy Canvas. The book takes you through each of the simple yet thought-provoking questions of the tool to develop your strategy, including considering audience insight, assessing benefits, creating a positioning statement, and identifying key messages. You will explore real-world case studies along the way and build a message map that ensures your organization drives home a consistent, clear, and authentic message to your target audience. No matter where you are in the business creation process, The Brand Strategy Canvas is the tool you need to build a brand from scratch that you can enthusiastically and effectively implement in real time. This book provides value to team members in companies of all sizes and stages, and is fit for any level of professional wanting to kickstart their entrepreneurial goals. A brand created today must be built for all of tomorrow's possibilities, and The Brand Strategy Canvas is the book you will want by your side. What You Will Learn Examine the key differences between strategy and execution Understand how you can avoid brand debt Craft meaningful messages with the Features>Benefits Continuum Develop a positioning statement that differentiates from the competition and inspires your marketing Discover your distinctive brand personality and how it impacts your marketing Equip your team with guidance and inspiration to ensure consistent and inspiring voice and personality throughout all your messaging Who This Book I s For This book is for startup founders who are looking for tools to help them build a brand their team can actually implement. This book will also resonate with and provide value to team members in tech companies of all sizes and stages."
827,Brand strategy in three steps :,"""This book breaks this process into three steps focused on brand identity, setting intentions and implementing the resulting strategy. To consistently appeal to consumers, a brand needs to implement a strong strategy that delivers a memorable experience. There are two other essential stages of this process, and the companies who skip over these risk seeming out of touch and inauthentic. In Brand Strategy in Three Steps, branding coach Jay Mandel takes readers through an innovative and efficient three-step approach to brand strategy centered on identity, intention and implementation. Brand Strategy in Three Steps highlights the importance of communicating value to consumers through meaningful interactions. Jay Mandel walks readers through the best branding strategies for new companies and established ones looking to revamp their approach, providing thoughtful exercises to help readers map a living brand document. The book helps readers through the three essential steps of brand strategy: identifying their core values as a company, determining how this relates to the product or service and tying these together when rolling out the strategy. Readers will gain the practical insight necessary to launch a successful, purposeful brand strategy and go-to-market plan""--"
827,Brand stretch :,
827,Brand stretch :,
827,Brand the change /,"Brand the Change unpacks the brand building process in practical steps. Whether you are building an innovative new product, creating a service for good, spreading a new idea, or positioning yourself as a leader in your field, thinking like a brand strategist will help you to create a clear, compelling offer, develop unique brand experiences and ultimately attract and convert the right audiences. The book offers the tools and exercises to build your own brand and offers a rich array of tips from trademarking to digital marketing, and inspires with case studies of successful change-making brands. The content has been developed based on years of experience in building brands, conversations with dozens of changemakers, understanding their branding challenges and required knowlege and skills, and extensive content testing with hundreds of workshop participants. It contains 23 tools and exercises, 14 case studies from change-making organisations across the world and 7 guest essays from experts."
827,Brand thinking and other noble pursuits /,"""This engaging and highly informative book presents twenty interviews with the world's leading designers, anthropologists and innovators in the field of branding. In a series of illuminating, spirited conversations with preeminent global brand designer Debbie Millman, these influential figures share their take on how and why humans have branded the world around us, and the ideas, inventions, and insight inherent in this process""--"
827,Brand touchpoints /,"Brand touchpoints are used to reinforce the basic premise of branding, which is to distinguish brands from their competitors and remain memorable, ultimately keeping customers resolute in their allegiance. Information related through brand touchpoints increases brand familiarity, contributes to a brand s value, improves attitudes towards a brand, and in general is essential to maintain an ongoing relationship with consumers. Given the role of brand touchpoints, a look at contemporary issues is warranted. Brand Touchpoints is a collection of chapters by academics, practitioners and designers on the current evolution of brand communication. The book looks at existing issues in the marketplace and ways to influence the branding process. First, the changing role of brand touchpoints is reviewed in terms of the move from physical assets such as stores, trucks, and outdoor billboards to digital applications. A foundational sense of how consumers develop inferences surrounding brand touchpoints is then explored. Following this, prescriptive models for building brands to enhance the effectiveness of brand touchpoints are proposed. Then the ability of tangible touchpoints such as product design, packaging, and other tangible aspects of the brand to inform macro branding is reviewed. A case is made for more research on multisensory aspects of a brand. Chapters in the final section of the book explore brand touchpoints as it influences microtrends of prosocial consumers, children and ardent sports fans. To conclude, novel linkages in brand literature that set up an agenda for future research as it relates to consumer culture is discussed. The diverse set of chapters in this book offer a well-timed, in-depth summary of the various academic literature and industry phenomenon. Chapters are contributed by leading academic and industry experts."
827,Brand valued :,"""New techniques to refresh and recharge your brands. How do you establish and maintain a strong long-term relationship between your brand and your consumers? Successful brand managers know that it is all about trust and keeping the consumers engaged.The success of recent ""green"" campaigns as a means of connecting with, satisfying, and attracting new consumers is just the tip of the iceberg. As the international playing field continues to be leveled, in order to sustain and expand their success, brand owners must interact with their customers more than ever before, forging new and stronger links, and increasing their stock of social capital.At last, there is a book that addresses the growing significance of social capital in the business world. Brand Valued explores how as the strength, depth, and quality of interactions between a brand and its customers improve, increased opportunities to demonstrate trustworthiness arise. This in turn creates a self-fulfilling cycle, wherein trust begets social capital, which begets more trust--and even shared thinking--not to mention better sales. Brand Valued will receive the full support of Havas, the fifth largest global communication and marketing services group in the world. In easy to understand terms, and using concrete examples, Brand Valued provides: The tools necessary to stimulate dialogue--and new ways of thinking--between a brand and its intended audience; Methods for extending brand messaging to wider audiences; Ideas on how to make brands the engines of social capital, getting rid of unsustainable practices to foster more sustainable patterns of consumer behaviour; Suggestions for the development of a new brand strategy that reduces costs through innovative and lasting solutions to problems; Unpublished data on the role of consumer trust in new products based on research carried out by the Havas Group across over 150 brands in nine different markets; A wiki component to the book in an accompanying website. Designed to forge stronger channels of dialogue and communication with customers and consumers, the book is a must-read for anyone committed to keeping their brand relevant in the twenty-first century""--"
827,Brand vision :,
827,Brand vs. wild :,
827,Brand warfare :,
827,Brand warriors China :,
827,Brand warriors China :,
827,The brand who cried wolf :,
827,The brand who cried wolf :,
827,"Brand, meet story :",
827,BrandDigital :,
827,Branded entertainment :,"Our media options have increased and evolved more in the last decade then over the last century. This evolution affects all aspects of our lives and, more specifically, has forever altered how consumers interact with the brands vying for their attention on all types of media outlets. In today's world, a brand cannot just preserve the status quo but must be positioned correctly within a tumultuous world of options for both advertisers and consumers. One of the big questions for a brand manager is whether to place the brand inside content that's created exclusively with the brand in mind? This is the idea behind Branded Entertainment (BE). It is not product placement but a concept where brands and solid, entertaining content become truly intertwined.This book provides a thorough and practical understanding of the BE business including when it makes sense and when it doesn't. It explains the roles and thought process of all parties involved in a potential deal: the brands, the networks, the content producers, and the ad/marketing agencies. Branded Entertainment outlines the many different scenarios that could surface in these arrangements depending on who leads a deal and who accepts production costs. It summarizes the do's and don'ts of this business and gives the reader a checklist of things to keep in mind when at the deal table."
827,Branded nation :,"How is it that a Big Mac is merely lunch in America and a symbol of cultural imperialism in France? Why did the September 11 terrorists choose United and American over any other airlines? Because they are branded, looming as larger-than-life symbols of America. Branding, to hear James Twitchell tell it, is nothing more than commercial storytelling - and it's become so ubiquitous that even institutions we thought were above branding have succumbed. And according to Twitchell, that's probably just fine. BRANDED NATION lays bare an American society where megachurches resemble shopping malls, where a university lives or dies on the talents of its image-makers, and where museums have turned to motorcycle exhibits and fashion shows to bolster revenue. Full of provocative anecdotes and penetrating analyses, Twitchell's parsing of the age of 'McCulture' is a triumph of great verve, sharp wit and, most striking of all, infectious optimism."
827,Branding :,"In this 'Very Short Introduction' Robert Jones discusses the rising omnipresence of brands, and analyses how they work their magic. He considers the incredible potency of brands as a commercial, social, and cultural force, and looks at the many different kinds of brands that exist - from products, services, and artistic properties, to companies, charities, sports clubs, and political parties. Defining what we mean by the word 'brand', he explores both the positive and negative aspects of brands. Finally Jones considers the business of branding, and asks whether the idea of brands and branding is starting to decline, or whether it has a long future ahead."
827,Branding :,
827,Branding :,"In this book Johnson strips everyday brands down to their basic components, with case studies that enable us to understand why we select one product or service over another and allow us to comprehend how seemingly subtle influences can affect key life decisions. The first part of the book shows how the birth of a brand begins not with finding a solution but rather with identifying the correct question the missing gap in the market to which an answer is needed. Johnson proceeds to unveil hidden elements involved in creating a successful brand from the strapline that gives the brand a narrative and a purpose to clever uses of typography that unite design and language. This book explores every step of the development process required to create the simplest and most immediately compelling brands."
827,Branding and labeling in the digital and artificial intelligence era /,"""This book presents current research in the area of branding and labeling. It covers a wide range of topics including brands, labels, marketing, econometrics, psychology, finance, health, economics, sociology, information, culture, heritage, retailing, etc. It addresses various areas of research such as consumer behavior in online advertising, franchising, mobile money markets, hospitality industries, packaging transparencies. The present book contributions use quantitative and qualitative methods such as experiments, case studies, questionnaires, mixed and empirical and conceptual approaches. The contributions are respectively presented in accordance with the following themes: consumer behavior and decisions, labelling strategy, brand market trends, branding local brands and theoretical research avenues""--"
827,Branding and product design :,
827,Branding and product design :,
827,Branding and sustainable competitive advantage :,"""This book explores the processes involved in managing brands for long-term sustainable competitive advantage, helping readers better understand the importance of consumers' perceptions in brand management""--Provided by publisher."
827,Branding as communication /,"Once only a sign, technologies have helped to transform brands into symbols that we constantly encounter in our natural and mediated environments. Moreover, the branding of culture marks a commercialization of society. Almost everywhere we look, a brand name or logo appears. By combining a scholarly approach with case studies and examples, this text bridges the worlds of communication and business by providing a single vocabulary in which to discuss branding. It brings these ideas together into a coherent framework to enable discussions on the topic to occur in a variety of disciplines. A number of perspectives are also provided, including brands as signs and symbols, brand personality, history, communication, cognitive factors, loyalty, personal branding, community, and social issues. 0Providing a comprehensive overview of the branding process? from the creation of brands to analysis of their messages - readers will begin to understand the communicative impact of branding."
827,Branding Chinese mega-cities :,
827,Branding diversity :,"""Branding Diversity considers how brands both reflect and affect contemporary discussions of cultural diversity. Advancing an innovative, critical perspective on advertising, the book challenges the latent assumption that advertisers are inherently conservative, reluctant to represent anything other than popularly agreeable scripts and narratives. On the contrary, advertising is now replete with progressive messaging. Through Budweiser, Gillette, Vogue and Patagonia, Susie Khamis demonstrates that such forays into the political realm are not just shrewd appraisals of popular causes, but also inevitable outcomes of contemporary media and politics. This book will be of interest to scholars in advertising studies, marketing communications and media studies""--"
827,Branding for dummies /,
827,Branding in a competitive marketplace /,
827,Branding in Asia :,
827,"Branding the nation, the place, the product /",
827,Branding to differ :,
827,Branding with brains :,
827,Branding your business :,
827,The Brandpromise :,
827,Brands :,"""Branding has emerged as a cornerstone of marketing practice and corporate strategy. In this book, Jonathan Schroeder brings together a curated selection of the most influential and thought-provoking papers on brands and branding from Consumption Markets and Culture, accompanied by new contributions from leading brand scholars Giana Eckhardt, John F. Sherry, Jr., Sidney Levy and Morris Holbrook. Organised into four perspectives - cultural, corporate, consumer, critical - these papers are chosen to highlight the complexities of contemporary branding through leading consumer brands such as Disney, eBay, Guinness, McDonalds, Nike, and Starbucks. They address key topics such as celebrity branding, corporate branding, place branding, and retail branding and critique the complexities of contemporary brands to provide a rich trove of interdisciplinary research insights into the function of brands as ethical, ideological and political objects. This thought-provoking collection will be of interest to all scholars of marketing, consumer behaviour, anthropology and sociology, and anyone interested in the powerful roles brands play in consumer's lives and cultural discourse""--"
019,Brands :,"""Branding has emerged as a cornerstone of marketing practice and corporate strategy. In this book, Jonathan Schroeder brings together a curated selection of the most influential and thought-provoking papers on brands and branding from Consumption Markets and Culture, accompanied by new contributions from leading brand scholars Giana Eckhardt, John F. Sherry, Jr., Sidney Levy and Morris Holbrook. Organised into four perspectives - cultural, corporate, consumer, critical - these papers are chosen to highlight the complexities of contemporary branding through leading consumer brands such as Disney, eBay, Guinness, McDonalds, Nike, and Starbucks. They address key topics such as celebrity branding, corporate branding, place branding, and retail branding and critique the complexities of contemporary brands to provide a rich trove of interdisciplinary research insights into the function of brands as ethical, ideological and political objects. This thought-provoking collection will be of interest to all scholars of marketing, consumer behaviour, anthropology and sociology, and anyone interested in the powerful roles brands play in consumer's lives and cultural discourse""--"
827,Brands /,
827,Brands /,
827,Brands and branding /,"A fun and humorous introductory book, written in Stephen Brown′s entertaining and highly distinctive style, that introduces curious readers to the key components of brands and helps them to begin to make sense of them - what they are, what they do, why and how - using plenty of examples and references drawn from a wide range brands such as Amazon, Apple, Google, Gucci, Nike, Nintendo, Starbucks, Swatch and The Worst Hotel in the World."
827,Brands and branding geographies /,
019,Brands and cultural analysis /,"This book, written in an accessible style with numerous illustrations and with drawings by the author, discusses what brands are and the role brands play in American society and consumer cultures, in general. The book uses a cultural studies approach and draws upon concepts and theories from semiotics, psychoanalytic theory, sociological theory, discourse theory, and other related fields. It also quotes from a number of important thinkers whose ideas offer insights into various aspects of brands. Brands has chapters on topics such as what brands are, their role in society, brands and the psyche, brands and history, language and brands, the marketing of brands, brands and logos, the branded self, San Francisco and Japan as brands, brand sacrality, multi-modal discourse analysis and brands, and competition among brands."
827,Brands on a mission :,"""This book explains how brands can embrace a mission around social purpose. The mission typically involves five elements: consumer behaviour change, collaborating with external partners, advocacy, winning support within the corporation, and measurement. Results depend on doing not just the 'Brand Say', but also the 'Brand Do'. Otherwise these efforts are little more than 'purpose-washing' that won't fool customers or employees for long. Readers will be exposed to an operational purpose framework to guide their steps as they attempt to embed purpose in their growth strategies. The book explains the five elements in detail, including practical exercises and checklists. The book also contains six case studies from major global brands. Some of the brands have direct connection to social purpose, such as Lifebuoy soap's promotion of handwashing for hygiene, Durex condom's promotion of safer sex, and Discovery Insurance's digitally-enabled health incentives. Other connections are more indirect, even counterintuitive. Dove personal care products are promoting better body self-image for girls, while Carling Black Label lager discourages gender-based violence. The book also examines the challenges of processed foods in overcoming the public health problems they helped to create and in meeting the world's future nutritional needs. Brands on a Mission is an ideal guide, translating theory into practice for marketers looking to make a difference beyond profit and loss - many are already embracing social purpose, but there's still a lot for everyone to learn. And for NGO's and non-profit organisations wishing to partner with brands, it reveals the truth about the commercial imperative and the requirement to fit in a business model that generates profits over the medium to long term. T This book helps to give clarity on the important contribution brands can bring to the public sector, especially their readiness to treat people as active participants, not passive beneficiaries""--"
827,Brands that rock /,
827,Brandstorm :,
827,The breakaway brand :,
093,The brink of all we hate :,
827,"British satire and the politics of style, 1789-1832 /",
827,Building a brand for the emerging middle-class in China.,
827,Building a storybrand :,"Explains how businesses can better connect with their customers through the use of a simplified brand message, one that fosters ease of understanding on websites, in brochures, and on social media."
827,Building Better Brands :,
827,Building brands in Asia :,
827,Building consumer-brand relationship in luxury brand management /,"""This book focuses on the conception and marketing of luxury as an experience and explores more integrative and comprehensive approaches to modeling and understanding the consumer-brand relationship with luxury brands and their sustainability in a global and multicultural world""--"
827,Building distinctive brand assets /,"This book is for anyone with a brand. It is a book about future-proofing your brand's identity. It will help you set up a long-term strategy to build Distinctive Assets, and tell you what you need to do to protect them. Do you want to get better at branding? You'll learn which strategies and actions work, as well as which ones don't, to help you take advantage of opportunities and avoid minefields. Building Distinctive Brand Assets is for anyone with a brand logo, font or colour scheme, and is essential reading for those who have wondered if (or have been told) it's time for a change. Readers will learn how to set up a long-term strategy to build a strong brand identity, and how to make use of knowledge, metrics and management systems in order to build and protect a brand's Distinctive Assets. Building Distinctive Brand Assets is divided into three sections that capture the processes involved in brand asset creation, implementation and ongoing management. The first section is focuses on strategy, and covers how Distinctive Assets are created and their role in a broader brand equity building. The second section covers measurement approaches, and how to use and interpret key metrics. The third section delves into the strengths and weaknesses of different types of assets and introduces the idea of a Distinctive Asset palette. This section also outlines how to set up a Distinctive Asset management system to provide an early warning system to identify potential threats before they evolve into major issues."
827,Building the brand-driven business :,
827,Building the brand-driven business :,"""In Building the Brand-Driven Business, authors Scott M. Davis and Michael Dunn - two of the nation's foremost experts on brands - map out a strategy that can help an entire organization manage and live (not just think about) its brand. They show how to develop brand-building programs that are the most cost efficient, effective, and credible. And just as vital, they reveal how to create a brand-driven culture within an organization so that building the brand becomes everyone's job."" ""Building the Brand-Driven Business shows how to recognize all of the touchpoints that affect the brand and how to take control of those touchpoints whether at pre-purchase, during the purchase, or post-purchase."" ""Filled with illustrative examples and case studies from many of the world's leading-brand companies, such as Eastman Kodak, Bell South, General Electric, Xerox and VISA. Building the Brand-Driven Business clearly demonstrates how to bring a brand to life and increase the bottom line.""--BOOK JACKET."
827,The business of brands /,
827,The business of brands /,
837,Accounting and finance for the international hospitality industry /,"Top experts specializing in hospitality management have contributed articles to this new collection which explains recent developments in accounting and finance. The material is drawn from a combination of fieldwork and practical experience. The managerial emphasis means that the content is fully relevant internationally and not constrained by the legal framework of different countries. Accounting and Finance provides an overview of: *analysis and evaluation of performance *planning methods and techniques *financial information and control *financial management. It also shows how operational analysis can be used as a management tool to improve performance. Techniques for predicting the financial success or failure of hotels are suggested. Research into hotel companies in the US and Europe demonstrates key performance indicators used by hotel managers and financial executives. Other contributors explore the interface between accounting and marketing and human resource management and there is thorough coverage of financial strategy formulation. Readers will also find helpful the section on statistics in the analysis and prediction of cost behaviour in hotels. Contributors: Raymond Schmidgall (Michigan State University, USA); Debra J. Adams (Bournemouth University, UK); Professor Elisa S. Moncarz (Florida International University, USA); Richard N. Kron (Kron Hospitality Consulting, USA); Angela Maher (Oxford Brookes University, UK); Peter J. Harris (Oxford Brookes University, UK); Geoff S. Parkinson (BDO Stoy Hayward Chartered Accountants, UK); Paul Fitz-John (Bournemouth University, UK); Paul Collier (University of Exeter, UK); Professor Alan Gregory (University of Glasgow, UK); Tracy A. Jones (Cheltenham and Gloucester College of Higher Education, UK); Jacqueline Brander Brown (The Manchester Metropolitan University, UK); Nina J. Downie (Oxford Brookes University, UK): Catherine L. Burgess (Oxford Brookes University, UK); Ian C. Graham (Holiday Inn Worldwide,"
837,Accounting essentials for hospitality managers /,"""For non-accountant hospitality managers, accounting and financial management is often perceived as an inaccessible part of the business. Yet having a grasp of accounting basics is a key part of management. Using an 'easy-to-read' style, this book provides a comprehensive overview of the most relevant accounting techniques and information for hospitality managers. It demonstrates how to organise and analyse accounting data to help make informed decisions with confidence. With its highly practical approach, this new 4th Edition: Quickly develops the reader's ability to adeptly use and interpret accounting information to enhance organisational decision making and control. Demonstrates how an appropriate analysis of financial reports can drive your business strategy forward from a well-informed base. Presents new accounting problems in the context of a range of countries and currencies throughout. Develops mastery of the key accounting concepts through financial decision making cases that take a hospitality manager's perspective on a range of issues. Includes accounting problems at the end of each chapter to be used to test knowledge and apply understanding to real life situations. Offers extensive web support for instructors and students that includes PowerPoint slides, solutions to end of chapter problems, test bank and additional exercises. The book is written in an accessible and engaging style and structured logically with useful features throughout to aid students' learning and understanding. It is a key resource for all future hospitality managers""--"
837,Accounting in the hotel and catering industry /,
019,Hospitality finance and accounting :,"""Hospitality Finance and Accounting provides a uniquely concise, accessible and comprehensive introduction to hospitality, finance and accounting from a managerial perspective. By avoiding unnecessary jargon and focusing on the essentials, this book offers a crucial breakdown of this often overly-complex subject area. The concise chapters cover the essential concepts, ideas and formulas to be mastered within the hospitality industry including income statements, balance sheets, pricing, budgeting, as well as fundamental issues such as rooms pricing, portion control, portion cost, yield standards and breakeven analysis. Each chapter is split into two sections; theory and practice, giving students practical insight into the everyday realities of the hospitality industry through case studies which show how theories are applied to a range of relevant scenarios. This will be an essential introductory yet practical resource for all Hospitality students and future managers within the industry""--"
837,Hospitality management accounting /,
837,Hotel /,
837,Hotel /,
844,Apologie de Raimond Sebond /,
844,The Belgian essays /,
844,Chardin and Rembrandt /,This work contains Marcel Proust's writings on art told through an art tour of the Louvre.
844,Committed writings /,"This new collection contains some of Camus' most brilliant political writing as he reflects on moral responsibility and the role of the artist in the world. Letters to a German Friend, written and published underground during the Nazi occupation of France, was born out of Camus' experience in the Resistance and explores what it truly means to love your country. Reflections on the Guillotine, his impassioned polemic against the death penalty, became a touchstone for the movement to abolish capital punishment, while in his Nobel speeches Camus argues that the artist must engage with dangerous times. Together these powerful pieces express Camus' mistrust of rigid ideologies, and his commitment to human solidarity."
844,The complete Essays /,
844,Days of reading /,"In these inspiring essays about why we read, Proust explores all the pleasures and trials that we take from books, as well as explaining the beauty of Ruskin and his work, and the joys of losing yourself in literature as a child. Throughout history, some books have changed the world. They have transformed the way we see ourselves – and each other. They have inspired debate, dissent, war and revolution. They have enlightened, outraged, provoked and comforted. They have enriched lives – and destroyed them. Now Penguin brings you the works of the great thinkers, pioneers, radicals and visionaries whose ideas shook civilization and helped make us who we are."
844,Diary of an unknown /,
844,Essais :,
844,Essais /,
844,Essaying Montaigne :,
844,The essays :,
844,Essays of Michel de Montaigne /,
844,The essential writings of Jean-Jacques Rousseau /,
844,The esthetic of Jean Cocteau /,
844,From the perspective of the self :,
844,How we weep and laugh at the same thing /,"'No one characteristic clasps us purely and universally in its embrace.' A selection of charming essays from a master of the genre exploring the contradictions inherent to human thought, words and actions."
844,In defence of Raymond Sebond /,
844,Maxims /,
844,Michel de Montaigne :,
844,Migrant brothers :,"As migrants embark on perilous journeys across oceans and deserts in pursuit of sanctuary and improved living conditions, what is the responsibility of those safely ensconced in the nations they seek to enter? Moved by repeated tragedies among immigrants attempting to enter eastern and southern Europe, Patrick Chamoiseau assails the hypocrisy and detachment that allow these events to happen. Migrant Brothers is an urgent declaration of our essential interconnectedness that asserts the necessity to understand one another as part of one human community, regardless of national origin."
844,Modernities and other writings /,
844,Montaigne :,"""One of the most important writers and thinkers of the Renaissance, Michel de Montaigne (1533-92) helped invent a literary genre that seemed more modern than anything that had come before. But did he do it, as he suggests in his Essays, by retreating to his chateau, turning his back on the world, and stoically detaching himself from his violent times? In this definitive biography, Philippe Desan, one of the world's leading authorities on Montaigne, overturns this longstanding myth by showing that Montaigne was constantly concerned with realizing his political ambitions--and that the literary and philosophical character of the Essays largely depends on them. The most comprehensive and authoritative biography of Montaigne yet written, this sweeping narrative offers a fascinating new picture of his life and work. As Desan shows, Montaigne always considered himself a political figure and he conceived of each edition of the Essays as an indispensable prerequisite to the next stage of his public career. He lived through eight civil wars, successfully lobbied to be raised to the nobility, and served as mayor of Bordeaux, special ambassador, and negotiator between Henry III and Henry of Navarre. It was only toward the very end of Montaigne's life, after his political failure, that he took refuge in literature. But, even then, it was his political experience that enabled him to find the right tone for his genre. In this indispensable biography, we discover a new Montaigne--caught up in the events of his time, making no separation between private and public life, and guided by strategy first in his words and silences. Neither candid nor transparent, but also not yielding to the cynicism of his age, this Montaigne lends a new depth to the Montaigne of literary legend""--"
844,Montaigne :,"""One of the most important writers and thinkers of the Renaissance, Michel de Montaigne (1533-92) helped invent a literary genre that seemed more modern than anything that had come before. But did he do it, as he suggests in his Essays, by retreating to his chateau, turning his back on the world, and stoically detaching himself from his violent times? In this definitive biography, Philippe Desan, one of the world's leading authorities on Montaigne, overturns this longstanding myth by showing that Montaigne was constantly concerned with realizing his political ambitions--and that the literary and philosophical character of the Essays largely depends on them. The most comprehensive and authoritative biography of Montaigne yet written, this sweeping narrative offers a fascinating new picture of his life and work. As Desan shows, Montaigne always considered himself a political figure and he conceived of each edition of the Essays as an indispensable prerequisite to the next stage of his public career. He lived through eight civil wars, successfully lobbied to be raised to the nobility, and served as mayor of Bordeaux, special ambassador, and negotiator between Henry III and Henry of Navarre. It was only toward the very end of Montaigne's life, after his political failure, that he took refuge in literature. But, even then, it was his political experience that enabled him to find the right tone for his genre. In this indispensable biography, we discover a new Montaigne--caught up in the events of his time, making no separation between private and public life, and guided by strategy first in his words and silences. Neither candid nor transparent, but also not yielding to the cynicism of his age, this Montaigne lends a new depth to the Montaigne of literary legend""--"
844,Montaigne :,"""We know Montaigne today as the author of a single, extraordinary book: the Essays. It is a book like no other. People have considered it an autobiography, a philosophical treatise, and even a Renaissance self-help manual on how to live, but it is none of these. To be sure, it offers profound meditations on social and ethical questions, and it presents one of the most candid self-portraits ever written-a portrait rich in insight about sanity and peace of mind""--"
844,Montaigne :,
844,Montaigne /,
844,Montaigne and brief narrative form :,
844,Montaigne and feminism /,"Insdorf challenges the notion of Montaigne as an anti-feminist by exploring both the feminist and anti-feminist concepts apparent in Montaigne's work. By doing so, she does not aim to characterise him as a feminist, but rather to expose the duality of his complex intellect. The first part of the book explicates possible societal and historical influences on Montaigne's views of women, including the role of women in France during the Middles Ages, the Renaissance, and Antiquity. In the second part of the book, Insdorf provides examples of Montaigne's relationships with women as well as an analysis of his concept of womanhood found in his Essais."
844,Montaigne and the quality of mercy :,
844,Montaigne in motion /,
844,Montaigne's English journey :,
844,Montaigne's politics :,
844,Montaigne's unruly brood :,
844,Personal writings /,"Albert Camus was born in a 'world of poverty and sunshine' in Algeria, which would infuse all of his work. This new collection brings together three volumes of Camus' most intimate autobiographical writings for the first time. The Wrong Side and the Right Side, his first book, describes his family and his early years in a working-class neighbourhood. Nuptials rejoices in the sensuality of sun, landscape and sea, while Summer ranges over the cities of Algiers and Oran, nature and identity. Lyrical and emotional, these pieces enrich our understanding of Camus and his love of life."
844,Photoelectric photometry of variable stars :,
844,Practising reform in Montaigne's Essais /,
844,Pretexts reflections on literature and morality /,
844,"Resistance, rebellion, and death /","In the speech he gave upon accepting the Nobel Prize for Literature in 1957, Albert Camus said that a writer ""cannot serve today those who make history; he must serve those who are subject to it."" And in these twenty-three political essays, he demonstrates his commitment to history's victims, from the fallen maquis of the French Resistance to the casualties of the Cold War. Resistance, Rebellion and Death displays Camus' rigorous moral intelligence addressing issues that range from colonial warfare in Algeria to the social cancer of capital punishment. But this stirring book is above all a reflection on the problem of freedom, and, as such, belongs in the same tradition as the works that gave Camus his reputation as the conscience of our century: The Stranger, The Rebel, and The Myth of Sisyphus."
844,The school of Montaigne in early modern Europe /,"This major two-volume study offers an interdisciplinary analysis of Montaigne's Essais and their fortunes in early modern Europe and the modern western university. Volume One focuses on contexts from within Montaigne's own milieu and on the ways in which his book made him a patron-author or instant classic in the eyes of his editor Marie de Gournay and his promoter Justus Lipsius. Volume Two focuses on the reader/writers across Europe who used the Essais to make their own works, from corrected editions and translations in print, to life-writing and personal records in manuscript."
844,The sea close by /,"Part of the Penguin Classics campaign celebrating 100 years of Albert Camus, 'A Sea Close By' reveals the writer as a sensual witness of landscapes, the sea and sailing. It is a light, summery day-dream. Accompanying 'The Sea Close By' is the essay 'Summer in Algiers', a lovesong to his Mediterranean childhood."
844,Selected essays : the Charles Cotton-W. Hazlitt translation /,
844,Species of spaces and other pieces /,
844,Supernova /,"""A brief introduction to the physics of supernovae--explosions of dying stars that yield heavy chemical elements and spark the birth of new stars--and to past, present, and future research directions""--"
844,Voltaire essays and another /,
844,We defy augury /,"We Defy Augury finds the reader among familiar faces. In these pages we encounter Eve, the indomitable mother; Jacques Derrida, the faithful friend; children, neighbors; and always the literary forebears: Montaigne, Diderot, Proust, and, in one moving passage, Erich Maria Remarque. We Defy Augury moves easily from Cixous's Algerian childhood, to Bacharach in the Rhineland, to, eerily, the Windows on the World restaurant atop the World Trade Center, in the year 2000. In one of the most astonishing passages in this tour-de-force performance of the art of digression, Cixous proclaims: ""My books are free in their movements and in their choice of routes [...] They are the product of many makers, dreamed, dictated, cobbled together."" This unique experience, which could only have come from the pen of Cixous, is now available in English, and readers are sure to delight in this latest work by one of France's most celebrated writer-philosophers."
844,We defy augury /,"We Defy Augury finds the reader among familiar faces. In these pages we encounter Eve, the indomitable mother; Jacques Derrida, the faithful friend; children, neighbors; and always the literary forebears: Montaigne, Diderot, Proust, and, in one moving passage, Erich Maria Remarque. We Defy Augury moves easily from Cixous's Algerian childhood, to Bacharach in the Rhineland, to, eerily, the Windows on the World restaurant atop the World Trade Center, in the year 2000. In one of the most astonishing passages in this tour-de-force performance of the art of digression, Cixous proclaims: ""My books are free in their movements and in their choice of routes [...] They are the product of many makers, dreamed, dictated, cobbled together."" This unique experience, which could only have come from the pen of Cixous, is now available in English, and readers are sure to delight in this latest work by one of France's most celebrated writer-philosophers."
886,The letters of Psellos :,"The Letters of Psellos' is the first detailed study of the correspondence of Michael Psellos, a leading Byzantine intellectual, politician, and writer of the eleventh century. Psellos' corpus of over 500 letters represents a historical source of great significance for the study of society and culture of the time: literary masterpieces in and of themselves, yet often complex and difficult to understand in their entirety, they not only rebound with subtlety and humour, but also offer invaluable information on myriad subjects ranging from the political culture of Byzantium and its civil administration to social codes, religious beliefs, and popular culture.--Provided by the publisher."
886,,
886,Workers Unite! :,"""Major political and economic shifts have marked the turn into the 21st century: the collapse of the Soviet bloc; the rise to prominence of ecological issues; social changes generated by globalization; and, most recently, one of the worst world financial crises ever. These developments compel us to examine the capitalist system with a critical eye and to reflect on the need for alternatives. The 150th anniversary of the birth of the International Workingmen's Association (IWA) (1864-2014) offers an important opportunity to compare present mainstream paradigms and the political platform developed by the IWA in order to better address our contemporary [crisis?] and theorize solutions. This sourcebook introduces and contextualizes the most valuable notes and proceedings from these legendary meetings, and includes letters and commentary surrounding the events themselves, many appearing for the first time in English. The carefully compiled materials reach beyond Marx's writings through the history of the IWA to include the cooperative movement, trade union reformism, collectivism, and anarchism. In his introductions to these texts, acclaimed scholar Marcello Musto provides accessible critical evaluations and explanations. The text also highlights how certain themes--self-emancipation of the working class versus communist vanguardism and the taking of political power to achieve social ends versus oppressive Soviet-style state control--find sharp discontinuity between Marx's thought as a political leader of the IWA and the tradition of Soviet Marxism. Carefully selected and painstakingly translated, this volume is an invaluable resource for all those interested in the foundations of modern political and labor history""--"
886,Workers Unite! :,"""Major political and economic shifts have marked the turn into the 21st century: the collapse of the Soviet bloc; the rise to prominence of ecological issues; social changes generated by globalization; and, most recently, one of the worst world financial crises ever. These developments compel us to examine the capitalist system with a critical eye and to reflect on the need for alternatives. The 150th anniversary of the birth of the International Workingmen's Association (IWA) (1864-2014) offers an important opportunity to compare present mainstream paradigms and the political platform developed by the IWA in order to better address our contemporary [crisis?] and theorize solutions. This sourcebook introduces and contextualizes the most valuable notes and proceedings from these legendary meetings, and includes letters and commentary surrounding the events themselves, many appearing for the first time in English. The carefully compiled materials reach beyond Marx's writings through the history of the IWA to include the cooperative movement, trade union reformism, collectivism, and anarchism. In his introductions to these texts, acclaimed scholar Marcello Musto provides accessible critical evaluations and explanations. The text also highlights how certain themes--self-emancipation of the working class versus communist vanguardism and the taking of political power to achieve social ends versus oppressive Soviet-style state control--find sharp discontinuity between Marx's thought as a political leader of the IWA and the tradition of Soviet Marxism. Carefully selected and painstakingly translated, this volume is an invaluable resource for all those interested in the foundations of modern political and labor history""--"
898,続人間詩話 /,
898,Autobiography of a schizophrenic girl :,
898,The best minds :,
898,"Brain evolution, language and psychopathology in schizophrenia /","""This book provides a comprehensive review of new developments in the study of language processing and related neural networks in schizophrenia by addressing the complex link between psychopathology, language and evolution at different levels of analysis. Psychopathological symptoms in schizophrenia are mainly characterized by thought and language disorders, which are strictly intertwined. In particular, language is the distinctive dimension of human beings and is ontologically related to brain development. Although normal at the levels of segmental phonology and morphological organization, the speech of patients suffering from schizophrenia is often characterized by flattened intonation and word-finding difficulties. Furthermore, research suggests that the superior temporal gyrus and specific prefrontal areas which support language in humans are altered in people with schizophrenia. Brambilla and Marini bring together international contributors to explore the link between brain evolution and the psychopathological features of schizophrenia, with a focus on language and its neural underpinnings. Divided into three sections the book covers: - brain evolution and language phylogenesis - brain abnormalities in schizophrenia - psychopathology and schizophrenia. This theoretical approach will appeal to professionals including clinical psychologists, cognitive neuroscientists, neuropsychiatrists, neuropsychologists, neurolinguists, and researchers considering the links between brain evolution, language and psychopathology in schizophrenia""--"
898,The center cannot hold :,"A much-praised memoir of living and surviving mental illness as well as ""a stereotype-shattering look at a tenacious woman whose brain is her best friend and her worst enemy"" (Time). Elyn R. Saks is an esteemed professor, lawyer, and psychiatrist and is the Orrin B. Evans Professor of Law, Psychology, Psychiatry, and the Behavioral Sciences at the University of Southern California Law School, yet she has suffered from schizophrenia for most of her life, and still has ongoing major episodes of the illness."
019,The collected schizophrenias :,"""Schizophrenia is not a single unifying diagnosis, and Esmé Weijun Wang writes not just to her fellow members of the 'collected schizophrenias' but to those who wish to understand it as well. Opening with the journey toward her diagnosis of schizoaffective disorder, Wang discusses the medical community's own disagreement about labels and procedures for diagnosing those with mental illness, and then follows an arc that examines the manifestations of schizophrenia in her life. In essays that range from using fashion to present as high-functioning to the depths of a rare form of psychosis, and from the failures of the higher education system and the dangers of institutionalization to the complexity of compounding factors such as PTSD and Lyme disease, Wang's analytical eye, honed as a former lab researcher at Stanford, allows her to balance research with personal narrative""--"
898,"Families helping families, living with schizophrenia :",
898,Hidden Valley Road :,"""Don and Mimi Galvin seemed to be living the American dream. After World War II, Don's work with the Air Force brought them to Colorado, where their twelve children perfectly spanned the baby boom: the oldest born in 1945, the youngest in 1965. In those years, there was an established script for a family like the Galvins--aspiration, hard work, upward mobility, domestic harmony--and they worked hard to play their parts. But behind the scenes was a different story: psychological breakdown, sudden shocking violence, hidden abuse. By the mid-1970s, six of the ten Galvin boys, one after the other, were diagnosed as schizophrenic. How could all this happen to one family? What took place inside the house on Hidden Valley Road was so extraordinary that the Galvins became one of the first families to be studied by the National Institutes of Mental Health. Their story offers a shadow history of the science of schizophrenia, from the era of institutionalization, lobotomy, and the schizophrenogenic mother, to the search for genetic markers for the disease, always amidst profound disagreements about the nature of the illness itself. And unbeknownst to the Galvins, samples of their DNA informed decades of genetic research that continues today, offering paths to treatment, prediction, and even eradication of the disease for future generations. With clarity and compassion, bestselling and award-winning author Robert Kolker uncovers one family's unforgettable legacy of suffering, love and hope""--"
898,Hidden Valley Road :,"""Don and Mimi Galvin seemed to be living the American dream. After World War II, Don's work with the Air Force brought them to Colorado, where their twelve children perfectly spanned the baby boom: the oldest born in 1945, the youngest in 1965. In those years, there was an established script for a family like the Galvins--aspiration, hard work, upward mobility, domestic harmony--and they worked hard to play their parts. But behind the scenes was a different story: psychological breakdown, sudden shocking violence, hidden abuse. By the mid-1970s, six of the ten Galvin boys, one after the other, were diagnosed as schizophrenic. How could all this happen to one family? What took place inside the house on Hidden Valley Road was so extraordinary that the Galvins became one of the first families to be studied by the National Institutes of Mental Health. Their story offers a shadow history of the science of schizophrenia, from the era of institutionalization, lobotomy, and the schizophrenogenic mother, to the search for genetic markers for the disease, always amidst profound disagreements about the nature of the illness itself. And unbeknownst to the Galvins, samples of their DNA informed decades of genetic research that continues today, offering paths to treatment, prediction, and even eradication of the disease for future generations. With clarity and compassion, bestselling and award-winning author Robert Kolker uncovers one family's unforgettable legacy of suffering, love and hope""--"
898,Language and schizophrenia :,
898,Living with schizophrenia /,
898,The madness of fear :,"What are the real disease entities in psychiatry? This is a question that has bedeviled the study of the mind for more than a century yet it is low on the research agenda of psychiatry. Basic science issues such as neuroimaging, neurochemistry, and genetics carry the day instead. There is nothing wrong with basic science research, but before studying the role of brain circuits or cerebral chemistry, shouldn't we be able to specify how the various diseases present clinically?"
898,Models of madness :,"""This second edition of Models of Madness challenges those who hold to simplistic, pessimistic and often damaging theories and treatments of madness. In particular it challenges beliefs that madness can be explained without reference to social causes and challenges the excessive preoccupation with chemical imbalances and genetic predispositions as causes of human misery, including the conditions that are given the name 'schizophrenia'. This edition updates the now extensive body of research showing that hallucinations, delusions etc. are best understood as reactions to adverse life events and that psychological and social approaches to helping are more effective and far safer than psychiatric drugs and electroshock treatment. A new final chapter discusses why such a damaging ideology has come to dominate mental health and, most importantly, how to change that."" --"
898,A National plan for schizophrenia research :,
898,Psychotherapy of schizophrenia /,
898,Ritual encounters :,
898,Schizophrenia :,
898,Schizophrenia :,
898,Schizophrenia and the family :,
898,Schizophrenia at home :,
898,Schizophrenia at home /,
898,Social cognition and interaction training (SCIT) :,
898,Social cognition in schizophrenia :,
898,Surviving schizophrenia :,
898,Treatment response and resistance in schizophrenia /,
898,Urban imaginaries in native Amazonia :,"""Urban life has long intrigued native Amazonians, who regard cities as the locus of both extraordinary power and danger. Cities -both modern and ancient- have thus become models for the representation of extreme alterity under the guise of extraordinary, other-than-human worlds. The Urban Imaginaries in Native Amazonia: Tales of Alterity, Power, and Defiance seeks to analyze how these ambiguous urban imaginaries -complex representations that function as cognitive tools- express a singular view of the cosmos and cosmopolitical relations, how they inform and shape forest-city tensions and interactions, and what were the historical processes through which they came into existence. Above all, it seeks to underscore how these urban imaginaries constitute a means through which native Amazonians convey their concerns not only about the nature of power and alterity, but also of domination and defiance. Through the systematic analysis of these urban imaginaries as represented in myths, cosmological discourse, and narratives of personal experiences, the volume seeks to understand the reasons for their widespread diffusion, as well as their influence in present-day rural-urban migration and processes of urbanization. The volume consists of three parts, and eight chapters""--"
898,When the sun bursts :,"""Many schizophrenics experience their condition as one of radical incarceration, mind-altering medications, isolation, and dehumanization. At a time when the treatment of choice is anti-psychotic medication, world-renowned psychoanalyst Christopher Bollas shows that schizophrenics can be helped by much more humane treatments, and explains that they have a chance to survive and even reverse the process if they have someone to talk with them regularly and for a sustained period soon after they show signs of imminent breakdown. In this sensitive and evocative narrative, Bollas draws on his personal experiences working with schizophrenics since the 1960s. He offers his interpretation of how schizophrenia develops, typically in the teen years, as an adaptation during the difficult transition to adulthood.""--"
898,When the sun bursts :,"""Many schizophrenics experience their condition as one of radical incarceration, mind-altering medications, isolation, and dehumanization. At a time when the treatment of choice is anti-psychotic medication, world-renowned psychoanalyst Christopher Bollas shows that schizophrenics can be helped by much more humane treatments, and explains that they have a chance to survive and even reverse the process if they have someone to talk with them regularly and for a sustained period soon after they show signs of imminent breakdown. In this sensitive and evocative narrative, Bollas draws on his personal experiences working with schizophrenics since the 1960s. He offers his interpretation of how schizophrenia develops, typically in the teen years, as an adaptation during the difficult transition to adulthood.""--"
