DDC,Title,description
000,Ku Chieh-kang and China`s new history;,
000,Ku Chieh-kang and China`s new history;,
036,Analyzing narrative :,"""The socially minded linguistic study of storytelling in everyday life has been rapidly expanding. This book provides a critical engagement with this dynamic field of narrative studies, addressing long-standing questions such as definitions of narrative and views of narrative structure but also more recent preoccupations such as narrative discourse and identities, narrative language, power and ideologies. It also offers an overview of a wide range of methodologies, analytical modes and perspectives on narrative from conversation analysis to critical discourse analysis, to linguistic anthropology and ethnography of communication. The discussion engages with studies of narrative in multiple situational and cultural settings, from informal-intimate to institutional. It also demonstrates how recent trends in narrative analysis, such as small stories research, positioning analysis and sociocultural orientations, have contributed to a new paradigm that approaches narratives not simply as texts, but rather as complex communicative practices intimately linked with the production of social life""--"
036,Applied narrative psychology /,"""Narrative psychology is at the heart of what it is to be human : we are storytellers. This book employs narrative to enable practitioners to deal more effectively with their clients by providing a series of techniques to improve response and practice""--"
036,Crafting stories for virtual reality /,"We are witnessing a revolution in storytelling. Publications all over the world are increasingly using immersive storytelling―virtual reality, augmented reality and mixed reality―to tell compelling stories. The aim of this book is to distill the lessons learned thus far into a useful guide for reporters, filmmakers and writers interested in telling stories in this emerging medium. Examining ground-breaking work across industries, this text explains, in practical terms, how storytellers can create their own powerful immersive experiences as new media and platforms emerge."
036,Curated fiction :,"""Curated Fiction presents a new theory and methodology for developing, drafting and refining creative writing. At the intersection of literary studies and creative writing, this book develops a new theory for analysing how novelists use narrative point-of-view to direct readers' trust. The book defines the parameters and practice of one possible approach to the creative development of a work of long-form fiction. The value underpinning this approach will be drawn from the theories that inform it, such as Irene Kacandes's work on Talk Fiction, Bakhtinian concepts of polyphony and Gerald Prince's concept of the Disnarrated. In offering critical analyses of existing literary works, such as Waterland and As I Lay Dying Curated Fiction will afford examination of theory in practice, in differing literary forms and contexts before making practical connections with the craft of writing through the analysis of an original short story, 'Foxes'""--"
036,Digital storytelling :,
036,Double ten :,
036,"Double ten, Captain O'Banion's story of the Chinese revolution = 雙十 /",
036,Edward II :,"The reign of Edward II was a succession of disasters. Unkingly, inept in war, and in thrall to favourites, he preferred digging ditches and rowing boats to the tedium of government. His infatuation with a young Gascon nobleman, Piers Gaveston, alienated even the most natural supporters of the crown. Hoping to lay the ghost of his soldierly father, Edward I, he invaded Scotland and suffered catastrophic defeat at the Battle of Bannockburn. After twenty ruinous years, betrayed and abandoned by most of his nobles and by his wife and her lover, Edward was imprisoned in Berkeley Castle and murdered - the first English king since the Norman Conquest to be deposed."
036,Engagements with narrative /,"""Balancing key foundational topics with new developments and trends, Engagements with Narrative offers an accessible introduction to narratology. As new narrative forms and media emerge, the study of narrative and the ways people communicate through imagination, empathy, and storytelling is especially relevant for students of literature today. Janine Utell presents the foundational texts, key concepts, and big ideas that form narrative theory and practical criticism, engaging readers in the study of stories by telling the story of a field and its development. Distinct features designed to initiate dialogue and debate include: - Coverage of philosophical and historical contexts surrounding the study of narrative - An introduction to essential thinkers along with the tools to both use and interrogate their work - A survey of the most up-to-date currents, including mind theory and postmodern ethics, to stimulate conversations about how we read fiction, life writing, film, and digital media from a variety of perspectives. - A selection of narrative texts, chosen to demonstrate critical practice and spark further reading and research - ""Engagement"" sections to encourage students to engage with narrative theory and practice through interviews with scholars This guide teaches the key concepts of narrative--time, space, character, perspective, setting--while facilitating conversations among different approaches and media, and opening paths to new inquiry. Engagements with Narrative is ideal for readers needing an introduction to the field, as well as for those seeking insight into both its historical developments and new directions""--"
036,Form-function relations in narrative development :,"This book provides insights into the development toward narrative competence, and illustrates multifaceted patterns in the developing capacity to create globally coherent narrative texts. The methodology draws from both a psycholinguistic approach to narrative development, systemic functional linguistics, and writing pedagogy theory. This book extends previous studies on narrative writing development since it provides a multifaceted window into the progression of narrative development, from elementary school through secondary school and university to life as a professional journalist and writer. It also shows how narrative writing development is related to the cognitive, emotional/psychological and social development of the individual."
036,Handbook of narrative analysis /,"""Handbook of Narrative Analysis is the go-to book for understanding and interpreting narrative. Luc Herman and Bart Vervaeck have revised and extended the first edition by describing and applying the last fifteen years of cutting-edge scholarship in the field of narrative theory""--"
036,Impeachment :,
036,Impeachment of a President :,
036,The language of life and death :,
036,The language of stories :,"""The relationship between language and literature is a contentious issue. On the one hand, it may simply be described as a relationship between raw material and a finished product - language provides the basis on which creative and unique works of literature emerge. On the other hand, once we look at meaning, the dividing lines begin to fade - it is difficult to define a sharp boundary separating the meaning of literary works and the meaning of other texts. One way of downplaying the obvious links is to claim that fiction engages knowledge much broader and culturally specific than every-day use of language does. But that would be an exaggeration. One could not follow an ordinary discussion of, say, climate change if one did not have any prior knowledge of the issue""--"
036,"Music, health, and wellbeing /",
036,The Namib Desert :,"When you hear the word ""desert,"" what do you think of? If you imagine more than just endless sand, heat, and emptiness, Jurgen Wettke's The Namib Desert is the perfect photo book for you. With an excellent eye for unusual structures and colors, Wettke invigorates our imagination and shows us that the desert is a place of unexpected variety. There are only a few landscapes on earth like Namibia where shapes and colors change so rapidly while giving such an immediate feel for how our world originally came to be. Jurgen Wettke has masterfully captured this ambivalence on film and preserved once-in-a-lifetime moments of ephemeral beauty."
036,Narrative /,
036,Narrative theory :,"""Kent Puckett's Narrative Theory provides anaccount of a methodology increasingly central to literary studies, film studies, history, psychology and beyond. In addition to introducing readers to some of the field's major figures and their ideas, Puckett situates critical and philosophical approaches towards narrative within a longer intellectual history. The book reveals one of narrative theory's founding claims - that narratives need to be understood in terms of a formal relation between story and discourse, between what they narrate and how they narrate it - both as a necessary methodological distinction and as a problem characteristic of modern thought. Puckett thus shows that narrative theory is not only a powerful descriptive system but also a complex and sometimes ironic form of critique. Narrative Theory offers readers an introduction to the field's key figures, methods, and ideas and also reveals that field as unexpectedly central to the history of ideas""--"
036,"Narrative, interrupted :",
036,Narrativity in action :,This monograph highlights the significance of narrative tools for the analysis of language behaviour in various social situations and considers narrativity as a natural human way of making sense. Through narration we develop unique modes of comprehending reality and dealing with its complicated structure. The analysis elaborates narrating as a dialogical experience and highlights its important role in coaching and in personalised education. Additionally it throws light on the modern city narrative as a literary genre. Lastly the authors develop the aspects of narrativity in the act of conversion in evangelical churches as an instance of identity enactment explaining the modern trends in preaching in charismatic evangelical churches.
036,New narratives :,
036,El pequeño Larousse ilustrado 2006.,
036,Presidential impeachment :,
036,Queen Isabella :,"Conspiracy, treason, perjury, and forgery, along with political assassination, and several deadly sins ... [the author of this book] exhibits a breathtaking grasp of the physical and cultural context of Queen Eleanor's life."
036,"Stories, meaning, and experience :",
036,The Bert Konowitz vocal improvisation method : a complete course of study that develops vocal improvisation skills in both jazz and rock styles.,
036,Tradition and transformation :,
036,Translating and interpreting specific fields :,"The volume contains pioneering studies by experts in translating and interpreting specific fields. The book makes a notable contribution to this uncharted area of Translation and Interpreting Studies. This collection presents a theoretical perspective and the practical aspects in translation and interpreting of the specific fields of Engineering, Health, Humanities, Service, Social and Behavioural Sciences. It provides guidance for the methodology applicable to translating and interpreting specific fields on the whole as well as clues for the training of translation and interpreting."
036,Transmedia change :,"""This book examines and illustrates the use of design principles, design thinking, and other empathy research techniques in university and public settings, to plan and ethically target socially-concerned transmedia stories and evaluate their success through user experience testing methods. All media industries continue to adjust to a dispersed, diverse, and dilettante mediascape where reaching a large global audience may be easy but communicating with a decisive and engaged public is more difficult. This challenge is arguably toughest for communicators who work to engage a public with reality rather than escape. The chapters in this volume outline the pedagogy and practice of design, empathy research methods for story development, transmedia logics for socially-concerned stories, development of community engagement and the embrace of collective narrative, art and science research collaboration, the role of mixed and virtual reality in prosocial communication, ethical audience targeting, and user experience testing for storytelling campaigns. Each broad topic includes case examples and full case studies of each stage in production. Offering a detailed exploration of a fast-emerging area, this book will be of great relevance to researchers and university teachers of socially-concerned transmedia storytelling in fields such as journalism, documentary filmmaking, education, and activism""--"
036,Transmedia change :,"""This book examines and illustrates the use of design principles, design thinking, and other empathy research techniques in university and public settings, to plan and ethically target socially-concerned transmedia stories and evaluate their success through user experience testing methods. All media industries continue to adjust to a dispersed, diverse, and dilettante mediascape where reaching a large global audience may be easy but communicating with a decisive and engaged public is more difficult. This challenge is arguably toughest for communicators who work to engage a public with reality rather than escape. The chapters in this volume outline the pedagogy and practice of design, empathy research methods for story development, transmedia logics for socially-concerned stories, development of community engagement and the embrace of collective narrative, art and science research collaboration, the role of mixed and virtual reality in prosocial communication, ethical audience targeting, and user experience testing for storytelling campaigns. Each broad topic includes case examples and full case studies of each stage in production. Offering a detailed exploration of a fast-emerging area, this book will be of great relevance to researchers and university teachers of socially-concerned transmedia storytelling in fields such as journalism, documentary filmmaking, education, and activism""--"
039,Aboriginal art /,"In this book, Howard Morphy, one of the foremost authorities in this field, survey the great variety of Aboriginal art to reveal what it means to its makers and users and what it can tell us about the societies that produce it."
039,Aboriginal art /,
039,Among others :,"""This expansive collection of essays on nearly 200 works in the collection of the Museum of Modern Art is the first substantial exploration of MoMA's uneven historical relationship with black artists, black audiences and the broader subject of racial blackness. By addressing these subjects through the consideration of works produced either by black artists or in response to race-related subjects, 'Among Others' confronts two kinds of truth: one plainly factual and informative, the other moral. It is equal parts historical investigation and truth-telling about the Museum's role in the history of the cultural politics of race. The richly illustrated volume begins with two historical essays. The first, by Darby English and Charlotte Barat, traces the history of MoMA's encounters with racial blackness since its founding--from an early commitment to African art and solo exhibitions devoted to the work of artists such as William Edmondson and Jacob Lawrence in the 1930s and 1940s, to its activities during the Civil Rights Movement, to the controversial Primitivism show of 1984 and beyond. The second essay, by Mabel O. Wilson, scrutinizes the Museum's record in collecting the work of black architects and designers. Following these essays are nearly 200 plates, each accompanied by an essay by one of the over 100 authors who hail from a range of fields.""--Publisher's description."
039,"An analysis of Zora Neale Hurston's ""Characteristics of Negro expression"" /","The racial prejudices of 1930s America were many, and included a common presumption that African American art was unoriginal – merely poorly copying white culture. African-American novelist, anthropologist and essayist Zora Neale Hurston crushingly evaluated such assumptions in her 1934 essay ‘Characteristics of Negro Expression.’ While Hurston’s approach and premises seem in many ways dated to modern readers, the essay still shows an incisive mind carefully evaluating arguments and cutting them down to size. African-American art of the time did not – Hurston influentially argued – play by the same rules as white art, so it could not meaningfully be discussed by ‘white’ notions of aesthetic value."
039,Ancient Jewish art and archaeology in the diaspora /,"Jewish Diaspora in Hellenistic, Roman and Byzantine periods from first to the eighth centuries C.E. is the subject of this work. The author thoroughly investigates origin, symbolism and significance of the mainly synagogal and funerary art forms in the Diaspora. Ancient Jewish Art and Archaeology in the Diaspora is the companion volume to the successful Ancient Jewish Art and Archeaeology in the Land of Israel (1988) by the same author. The geographical area covered includes Syria, Asia Minor, North Africa and Mediterranean Europe. The first section examines the characteristic features of Diaspora Art synagogue architecture and art (including the Torah shrine and mosaic pavements). Another section deals with burial and funerary practices. Of special importance are the sections on the Biblical scenes, designs and iconography of the Dura Europos synagogue, and the Jewish symbols such as the Menorah, ritual objects, the Ark, the conch and the Torah Scrolls."
039,Art and Judaism in the Greco-Roman world :,
039,Art in Zion :,"Art in Zion deals with the link between art and national ideology and specifically between the artistic activity that emerged in Jewish Palestine in the first decades of the twentieth century and the Zionist movement. In order to examine the development of national art in Jewish Palestine, the book focuses on direct and indirect expressions of Zionist ideology in the artistic activity in the yishuv (the Jewish community in Palestine). In particular, the book explores two major phases in the early development of Jewish art in Palestine: the activity of the Bezalel School of Art and Crafts, and the emergence during the 1920s of a group of artists known as the Modernists."
039,Art of Native America :,
039,Celtic art /,"Written by the world expert on Celtic art, this book offers a carefully chosen sequence of 250 masterpieces ranging from the fifth century BC to the eighth century AD. The great variety and full range of Celtic artistic production is represented - from stone sculptures, terracotta vases and iron swords to amber necklaces, golden torques, bronze fibulas and illuminated manuscripts.--"
039,Celtic art in Europe :,
039,Charles Edenshaw /,
039,Charles White :,"""This is a revelatory reassessment of one of the most influential American artists of the 20th century: Charles White (1918-1979) is best known for bold, large-scale paintings and drawings of African Americans, meticulously executed works that depict human relationships and socioeconomic struggles with a remarkable sensitivity. This comprehensive study offers a much-needed reexamination of the artist's career and legacy. With handsome reproductions of White's finest paintings, drawings, and prints, the volume introduces his work to contemporary audiences, reclaims his place in the art-historical narrative, and stresses the continuing relevance of his insistent dedication to producing positive social change through art. Tracing White's career from his emergence in Chicago to his mature practice as an artist, activist, and educator in New York and Los Angeles, leading experts provide insights into White's creative process, his work as a photographer, his political activism and interest in history, the relationship between his art and his teaching, and the importance of feminism in his work. A preface by Kerry James Marshall addresses White's significance as a mentor to an entire generation of practitioners and underlines the importance of this largely overlooked artist""--"
039,Developments in Latin American political economy :,
039,Dreaming the land :,"""The artworks of Aboriginal Australian peoples are a profoundly important repository of knowledge and reflect a deep connection to Country. This visually rich survey explores the evolution of the contemporary Aboriginal art movement in remote areas of Australia across twenty-nine art centres in five states from the Kimberley through to Arnhem Land and beyond. Featuring profiles of 100 artists, this unparalleled work provides valuable insight into Knowledges and Traditions, while highlighting the achievements of each unique artist - all recognised as among the most distinguished painters from remote Australia. Author Marie Geissler's opening essay traces the progression from rock art through to the launch of the Western desert movement, which began at Papunya in the early 1970s and led to the widespread uptake of contemporary painting by Aboriginal artists. Esteemed writers Margot Neale and Djon Mundine offer erudite contributions distilling the complexity of the art movement and its impact. Dreaming the Land is an authoritative reference that offers readers around the world a valuable introduction to Aboriginal culture and the stories that underpin the paintings."" -- Back cover."
039,Employment strategy : comparing Japanese and British retail companies in Hong Kong /,
039,Everywhen :,
039,A force for change :,"The Julius Rosenwald Fund has been largely ignored in the literature of both art history and African American studies, despite its unique focus, intensity, and commitment. Spertus Museum in Chicago has organized an exhibition, guest curated by Daniel Schulman, that presents and explores the work of funded artists as well as the history of the Fund. Through it, and this accompanying collection of essays, illustrations, and color plates, we see the Fund's groundbreaking initiative to address issues relating to the unequal treatment of blacks in American life. The book constitutes a veritable who's who of African American artists and intellectuals of the first half of the twentieth century, as well as a roll call of modern contributors who represent the leading scholars in their fields, including Peter M. Ascoli, grandson and biographer of Julius Rosenwald, and Kinshasha Holman Conwill, deputy director of the National Museum of African American Art and Culture. With far-reaching influence even today, the Julius Rosenwald Fund stands alongside the Rockefeller and Carnegie funds as a major force in American cultural history. This book takes an illuminating look at an innovative fund and the opportunities it brought to African American artists."
039,Here now :,"""Here, Now : Indigenous Arts of North America at the Denver Art Museum features two hundred of the museum's most notable Indigenous artworks. It reinterprets the collection and reveals new insights in the historic and contemporary work of Indigenous artists. Additional contributions by Indigenous authors reflect on the collection and current issues""--"
039,Imagining jewish art :,
039,Jewish identity in American art :,"""""Jewish Identity in American Art"" is about the first Jewish American generation of artists who are both comfortable as assimilated Americans and who also respect and revere their religious heritage""--"
039,The land carries our ancestors :,"""The Land Carries Our Ancestors: Contemporary Art by Native Americans brings together works by many of today's most boldly innovative Native American artists. Jaune Quick-to-See Smith (Confederated Salish and Kootenai Nation), one of the leading artists and curators of her generation, carefully selected some fifty works across a diversity of practices--including weaving, beadwork, sculpture, painting, printmaking, drawing, photography, and performance--that share the common thread of the land. By featuring the work of both well-known and emerging artists, this book shares new perspectives on these visionary and provocative artists while offering a timely celebration of contemporary Indigenous art in the United States. A poem by Joy Harjo (Muskogee [Creek] Nation) introduces the section of essays by Jaune Quick-to-See Smith, heather ahtone (Choctaw/Chickasaw Nation), and Shana Bushyhead Condill (Eastern Band of Cherokee Indians). A statement by each artist complements the selected artwork, and the biographies are illustrated with landscape photos provided by the artists""--"
039,Libraries before Alexandria :,"The creation of the Library of Alexandria is widely regarded as one of the great achievements in the history of humankind - a giant endeavour to amass all known literature and scholarly texts in one central location, so as to preserve it and make it available for the public. In turn, this event has been viewed as a historical turning point that separates the ancient world from classical antiquity. Standard works on the library continue to present the idea behind the institution as novel and, at least implicitly, as a product of Greek thought. 0Yet, although the scale of the collection in Alexandria seems to have been unprecedented, the notion of creating central repositories of knowledge, while perhaps new to Greek tradition, was age-old in the Near East where the building was erected. Here the existence of libraries can be traced back another two millennia, from the twenty-seventh century BCE to the third century CE, and so the creation of the Library in Alexandria was not so much the beginning of an intellectual adventure as the impressive culmination of a very long tradition.0This volume presents the first comprehensive study of these ancient libraries across the 'Cradle of Civilization' and traces their institutional and scholarly roots back to the early cities and states and the advent of writing itself. Leading specialists in the intellectual history of each individual period and region covered in the volume present and discuss the enormous textual and archaeological material available on the early collections, offering a uniquely readable account intended for a broad audience of the libraries in Egypt and Western Asia as centres of knowledge prior to the famous Library of Alexandria."
039,Maya art and architecture /,
039,Mounting frustration :,"In Mounting Frustration Susan E. Cahan uncovers the moment when the civil rights movement reached New York City's elite art galleries. Focusing on three controversial exhibitions that integrated African American culture and art, Cahan shows how the art world's racial politics is far more complicated than overcoming past exclusions."
039,Native North American art /,"This exciting investigation explores the indigenous arts of the US and Canada from the early pre-contact period to the present day, stressing the conceptual and iconographic continuities over five centuries and across an immensely diverse range of regions. The richness of Native American art is emphasized through discussions of basketry, wood and rock carvings, dance masks, and beadwork, alongside the contemporary vitality of paintings and installations by modern artists such as Robert Davidson, Emmi Whitehorse, and Alex Janvier. Authors Berlo and Philips fully incorporate substantive new research and scholarship, and examine such issues as gender, representation, the colonial encounter, and contemporary arts. By encompassing both the sacred and secular, political and domestic, the ceremonial and commercial, Native North American Art shows the importance of the visual arts in maintaining the integrity of spiritual, social, political, and economic systems within Native North American societies."
039,Northwest Coast Indian art :,
039,Revelations :,"Historically patronised or promoted with such reductive terms as folk, naive, and outsider, the works of many African-American artists born during the Jim Crow era of 0institutionalised racism - most of whom are self taught - have, until recently, been relegated to the margins of American culture. These artists are now gaining the recognition they rightfully deserve, having addressed some of the most profound and persistent issues in American society, including race, class, gender and spirituality. Featuring more than sixty artworks and a series of insightful essays, this volume captures the impact of the historical legacy of the African diaspora and the ways it has expanded and enriched the history of American art."
039,Tradition today :,"Using the rich collection of the Art Gallery of New South Wales, this book provides an important introduction to indigenous art in Australia through the work of 86 artists across the continent, from remote areas to urban centres. With a foreword by Michael Brand and an introduction by Hetti Perkins, the expanded and revised edition of this popular book includes nine new artists Tony Albert, Jakayu Biljabu, Mirdidingkingathi Juwarnda Sally Gabori, Julie Gough, Ivy Pareroultja, Esme Timbery, Wingu Tingima, Harry Tjutjuna and Barrupu Yunupingu and new works by Richard Bell, Destiny Deacon, Makinti Napanangka and Uta Uta Tjangala. Using the rich collection of the Art Gallery of New South Wales, this book provides an important introduction to Indigenous art in Australia through the work of 86 artists across the continent, from remote areas to urban centres."
039,Translating the female self across cultures :,"This book examines contemporary autobiographical narratives and their Italian and French translations. The comparative analyses of the texts are underpinned by the latest developments in translation studies that place emphasis on identity construction in translation and the role of translation in moulding various types of identity. They focus on how the writers' textual personae make sense of their sexual, artistic and postcolonial identities in relation to the mother and how the mother-daughter relationship survives translation into the Italian and French social, political and cultural contexts. The book shows how each target text activates different cultural literary, linguistic and rhetorical frames of reference which cast light on the facets of the protagonists' quest for identity: the cult of the Madonna, humour and irony, gender and class, mimesis and storytelling, spatial representation and geographical sense of self"
039,Traveling with Cortés and Pizarro :,"A Pre-Columbian art lover and noted curator journey into a fine art collection, describing the rich cultural context and artistic merits of each work. Along with 150 full-colour glossy illustrations of the terracotta, earthenware, stone, silver and copper objects, the acclaimed author, explorer and filmmaker Hugh Thomson gives a detailed, exciting narrative, based upon extensive research, of the role art played in the conquest of Mexico by Hernan Cortes and of Peru by Francisco Pizarro. It is rare that a collector takes such a personal, descriptive part in publishing his treasure trove, but in this lavishly illustrated book, Stuart Handler describes why he gathered Pre-Columbian art, what attracted him to the individual pieces, and, from his forty-five years of building art collections in various media and genres, what artistic attributes make these objects outstanding works of art."
039,Traveling with Cortés and Pizarro :,"A Pre-Columbian art lover and noted curator journey into a fine art collection, describing the rich cultural context and artistic merits of each work. Along with 150 full-colour glossy illustrations of the terracotta, earthenware, stone, silver and copper objects, the acclaimed author, explorer and filmmaker Hugh Thomson gives a detailed, exciting narrative, based upon extensive research, of the role art played in the conquest of Mexico by Hernan Cortes and of Peru by Francisco Pizarro. It is rare that a collector takes such a personal, descriptive part in publishing his treasure trove, but in this lavishly illustrated book, Stuart Handler describes why he gathered Pre-Columbian art, what attracted him to the individual pieces, and, from his forty-five years of building art collections in various media and genres, what artistic attributes make these objects outstanding works of art."
050,新論 =,
050,Great War modernisms and The new age magazine /,
050,Guidelines for producing statistics on asset ownership from a gender perspective.,"This publication provides national statistical agencies with guidance on collecting, processing, analysing and disseminating individual-level data on asset ownership (including dwellings, land and financial assets) for the production of gender statistics related to three objectives: 1) measuring the gender asset gap, or the differential prevalence of women’s and men’s asset ownership; 2) measuring the gender wealth gap, or the share of total wealth held by women; and 3) in households where more than one member is interviewed, understanding how asset ownership and wealth are distributed, by sex, within households. The publication introduces the concepts, definitions and data requirements for measuring asset ownership and control from a gender perspective and provides guidance on planning, organizing and implementing a household survey, or appending a module on asset ownership to a nationally-representative household survey. It also presents a set of indicators for monitoring women’s and men’s ownership and control of physical and financial assets at global and national levels, and it explains how data analysis can be employed to answer policy-relevant questions on asset ownership."
050,The handbook of magazine studies /,"""The past two decades have witnessed increased scholarly interest in new media and social media, which encompass some of the aspects of the magazine format--especially in creating and maintaining interpretive communities. Yet, despite the hope that the impact of the web and digital technologies would inspire new trajectories in magazine research, few magazine studies are being published in academic journals or presented at academic conferences. The handbook will address the need for more theoretically grounded magazine research that is also socially and historically contextualized. It will begin to formulate the field of magazine studies, which has been and will be of interest to scholars from the fields of journalism, communication, critical and cultural studies, literary studies, sociology, history, business, and education""--"
050,JSTOR :,
050,"Little magazine, world form /",
050,Liu Shao-ch i and the Chinese cultural revolution : the politics of mass criticism /,
050,Mao and the Chinese revolution.,
050,Mao Tse-tung :,
050,The morning deluge;,
050,The Oxford critical and cultural history of modernist magazines /,"A study of the role of 'little magazines' and their contribution to the making of artistic modernism. A major scholarly achievement of immense value to teachers, researchers and students interested in the material culture of the first half of the 20th century and the relation of the arts to social modernity"
050,The Oxford critical and cultural history of modernist magazines.,
050,Researching the nineteenth-century periodical press :,"Providing a critical introduction and case studies that illustrate cutting-edge approaches to periodical research, this volume provides an overview of recent developments in the field. The twelve chapters model diverse approaches and methodologies for research on nineteenth-century periodicals. Each case study is contextualized within one of the following broad areas of research: single periodicals, individual journalists, gender issues, periodical networks, genre, the relationship between periodicals, transnational/transatlantic connections, technologies of printing and illustration, links within a single periodical, topical subjects, science and periodicals, and imperialism and periodicals. Each author incorporates first-person accounts of how they conducted their research that provide specific examples of how they gained access to primary sources and the methods they used to analyze the materials"
050,The Routledge handbook of magazine research :,"""Scholarly engagement with the magazine form has, in the last two decades, produced a substantial amount of valuable research. Authored by the leading academic authorities in the study of magazine journalism, the chapters in this new handbook not only create an architecture to organize and archive the developing field of magazine research, but also explicitly suggest possible new avenues of future investigation. Each chapter surveys the last 20 years of scholarship in its subject area, identifying the major research themes, theoretical developments and interpretive breakthroughs. Exploration of the digital challenges and opportunities which currently face the magazine world are woven throughout, offering readers both a deeper understanding of the magazine form, as well as the sociocultural realities it both mirrors and influences""--"
050,The Routledge handbook of magazine research :,"""Scholarly engagement with the magazine form has, in the last two decades, produced a substantial amount of valuable research. Authored by the leading academic authorities in the study of magazine journalism, the chapters in this new handbook not only create an architecture to organize and archive the developing field of magazine research, but also explicitly suggest possible new avenues of future investigation. Each chapter surveys the last 20 years of scholarship in its subject area, identifying the major research themes, theoretical developments and interpretive breakthroughs. Exploration of the digital challenges and opportunities which currently face the magazine world are woven throughout, offering readers both a deeper understanding of the magazine form, as well as the sociocultural realities it both mirrors and influences""--"
050,The Routledge handbook of magazine research :,"""Scholarly engagement with the magazine form has, in the last two decades, produced a substantial amount of valuable research. Authored by the leading academic authorities in the study of magazine journalism, the chapters in this new handbook not only create an architecture to organize and archive the developing field of magazine research, but also explicitly suggest possible new avenues of future investigation. Each chapter surveys the last 20 years of scholarship in its subject area, identifying the major research themes, theoretical developments and interpretive breakthroughs. Exploration of the digital challenges and opportunities which currently face the magazine world are woven throughout, offering readers both a deeper understanding of the magazine form, as well as the sociocultural realities it both mirrors and influences""--"
062,An analysis of Christopher Hill's The world turned upside down :,"""Few works of history have succeeded so completely in forcing their readers to take a fresh look at the evidence as Christopher Hill's The World Turned Upside Down--and that achievement is rooted firmly in Hill's exceptional problem-solving skills. Traditional interpretations of the English Civil War concentrated heavily on a top-down analysis of the doings of king and parliament. Hill looked at 'history from below,'; focusing instead on the ways in which the people of Britain saw the society they lived in and nurtured hopes for a better future. Failing to understand these factors--and the impact they had on the origins and outcomes of the wars of the 1640s--means failing to understand the historical period. In this sense, Hill's influential work is a great example of the problem-solving skills of asking productive questions and generating alternative possibilities. It forced a generation of historians to re-evaluate the things they thought they knew about a key pivot point in British history--and went on to influence the generations that came after them.""--Provided by publisher."
062,The antiquary :,"John Aubrey (1626-1697), antiquary, natural philosopher, and virtuoso, is best-remembered today for his 'Brief Lives', biographies of his contemporaries filled with luminous detail which have been mined for anecdotes by generations of scholars. However, Aubrey was much more than merely the hand behind an invaluable source of biographical material; he was also the author of thousands of pages of manuscript notebooks covering everything from the origins of Stonehenge to the evolution of folklore. Kelsey Jackson Williams explores these manuscripts in full for the first time and in doing so illuminates the intricacies of Aubrey's investigations into Britain's past. 'The Antiquary' is both a major new study of an important early modern writer and a significant intervention in the developing historiography of antiquarianism. It discusses the key aspects of Aubrey's work in a series of linked chapters on archaeology, architecture, biography, folklore, and philology, concluding with a revisionist interpretation of Aubrey's antiquarian writings. While covering a wide variety of scholarly territory, it remains rooted in the common thread of Aubrey's own intellectual development and the continual interaction between his texts as he studied, discovered, revised, and rewrote them across four decades. Its conclusions not only substantially reshape our understanding of Aubrey and his works, but also provide new understandings of the methodologies, ambitions, and achievements of antiquarianism across early modern Europe."
062,The art of summary /,
062,"The causes of the English Revolution, 1529-1642 /","Contains an analysis of the causes of the English Revolution, synthesizing the research of a whole generation of scholars."
062,"Charles I and the aristocracy, 1625-1642 /",
062,Charles I and the people of England /,
062,Charles I and the people of England /,"Prize-winning historian David Cressy mines the widest range of archival and printed sources, including ballads, sermons, speeches, letters, diaries, petitions, proclamations, and the proceedings of secular and ecclesiastical courts, to explore the aspirations and expectations not only of the king and his followers, but also the unruly energies of many of his subjects, showing how royal authority was constituted, in peace and in war -- and how it began to fall apart.A blend of micro-historical analysis and constitutional theory, parish politics and ecclesiology, military, cultural, and social history, Charles I and the People of England is the first major attempt to connect the political, constitutional, and religious history of this crucial period in English history with the experience and aspirations of the rest of the population. From the king and his ministers to the everyday dealings and opinions of parishioners, petitioners, and taxpayers, David Cressy re-creates the broadest possible panorama of early Stuart England, as it slipped from complacency to revolution."
062,Charles I's killers in America :,"When the British monarchy was restored in 1660, King Charles II was faced with the conundrum of what to with those who had been involved in the execution of his father eleven years earlier. Facing a grisly fate at the gallows, some of the men who had signed Charles I's death warrant fled to America. 'Charles I's Killers in America' traces the gripping story of two of these men - Edward Whalley and William Goffe - and their lives in America, from their welcome in New England until their deaths there. With fascinating insights into the governance of the American colonies in the seventeenth century, and how a network of colonists protected the regicides, Matthew Jenkinson overturns the enduring theory that Charles II unrelentingly sought revenge for the murder of his father. 'Charles I's Killers in America' also illuminates the regicides' afterlives, with conclusions that have far-reaching implications for our understanding of Anglo-American political and cultural relations. Novels, histories, poems, plays, paintings, and illustrations featuring the fugitives were created against the backdrop of America's revolutionary strides towards independence and its forging of a distinctive national identity. The history of the 'king-killers' was distorted and embellished as they were presented as folk heroes and early champions of liberty, protected by proto-revolutionaries fighting against English tyranny. Jenkinson rewrites this once-ubiquitous and misleading historical orthodoxy, to reveal a far more subtle and compelling picture of the regicides on the run."
062,"The civil wars in Britain and Ireland, 1638-1651 /",
062,Colour additives for foods and beverages /,"Food colour additives have been the focus of much research in the last few years, and there is increasing consumer demand for natural and safer synthetic colours. This book reviews the natural and synthetic colours available, their properties and applications, as well as regulatory, sensory and analytical issues. Part one covers the development and safety of food colour additives. Part two covers properties and methods of analysis, and part three focuses on specific food product applications and future trends."
062,The complete works of Gerrard Winstanley /,
062,The counsellor`s workbook :,
062,"CROMWELL'S ARMY : A HISTORY OF THE ENGLISH SOLDIER DURING THE CIVIL WARS, THE COMMONWEALTH AND THE PROTECTORATE, BEING THE FORD LECTURES DELIVERED IN THE UNIVERSITY OF OXFORD, 1900-1 /",
062,Culture and ideology under the Seleukids :,"The volume offers a timely (re-)appraisal of Seleukid cultural dynamics. While the engagement of Seleukid kings with local populations and the issue of Hellenization? are still debated, a movement away from the Greco-centric approach to the study of the sources has gained pace. Increasingly textual sources are read alongside archaeological and numismatic evidence, and relevant near-eastern records are consulted.Our study of Seleukid kingship adheres to two game-changing principles: 1. We are not interested in judging the Seleukids as strong? or weak? whether in their interactions with other Hellenistic kingdoms or with the populations they ruled. 2. While appreciating the value of the social imaginaries approach (Stavrianopoulou, 2013), we argue that the use of ethnic identity in antiquity remains problematic.Through a pluralistic approach, in line with the complex cultural considerations that informed Seleukid royal agendas, we examine the concept of kingship and its gender aspects; tensions between centre and periphery; the level of acculturation? intended and achieved under the Seleukids; the Seleukid-Ptolemaic interrelations. As rulers of a multi-cultural empire, the Seleukids were deeply aware of cultural politics."
062,The English Civil War :,
062,The English civil wars :,"The political upheaval of the mid-17th century has no parallel in English history. Other events have changed the occupancy and the powers of the throne, but the conflict of 1640 to 1660 was more dramatic: the monarchy and the House of Lords were abolished, to be replaced by a republic and military rule. In this wonderfully readable account, Patrick Little explores the events of this period and their origins — the war between King and Parliament, the execution of Charles I, Cromwell's rule and the Restoration — while aiming to reveal something more elusive: the motivations of contemporaries on both sides and the concerns of later generations."
062,Food colorants :,
062,Food colours /,
062,The French revolution of 1830 /,
062,Give me that online religion /,
062,Henrietta Maria /,
062,The history of the Rebellion :,"Clarendon's massive History has since its first publication in 1702-4 dominated our images of the English Civil War. Written by a man who for over a quarter of a century was one of the closest advisers to Charles I and Charles II, it contains a remarkably frank account of the inadequacies of royalist policy-making as well as an astute analysis of the principles and practice of government. Clarendon chronicles in absorbing detail the factions and intrigues, the rise of Cromwell and the death of Charles I, the bloody battles and the eventual Restoration of the monarchy in 1660 after the Interregnum. He brings to life the key players in a series of brilliant character portraits, and his account is admired as much for its literary quality as its historical value. This new selection conveys a strong sense of the narrative, and contains passages from Clarendon's autobiography, The Life, including the important description of the intellectual coterie at Great Tew in the 1630s. ABOUT THE SERIES: For over 100 years Oxford World's Classics has made available the widest range of literature from around the globe. Each affordable volume reflects Oxford's commitment to scholarship, providing the most accurate text plus a wealth of other valuable features, including expert introductions by leading authorities, helpful notes to clarify the text, up-to-date bibliographies for further study, and much more."
062,Illustrated handbook of flavors & food colorants technology /,
062,The image of the King :,
062,International human resource management and international labour law :,
062,King Charles I /,
062,The land of the elephant kings :,
062,The Levellers in the English Revolution /,
062,Managing outsourcing to develop business : goal interdependence for sharing effective business practices in China /,
062,Manuscript circulation and the invention of politics in early Stuart England /,"""In the decades before the Civil War, English readers confronted an extensive and influential pamphlet literature. This literature addressed contemporary events in scathingly critical terms, was produced in enormous quantities and was devoured by the curious. Despite widespread contemporary interest and an enormous number of surviving copies, this literature has remained almost entirely unknown to scholars because it was circulated in handwriting rather than printed with movable type. Drawing from book history, the sociology of knowledge and the history of political thought, Noah Millstone provides the first systematic account of the production, circulation and reception of these manuscript pamphlets. By placing them in the context of social change, state formation, and the emergence of 'politic' expertise, Millstone uses the pamphlets to resolve one of the central problems of early Stuart history: how and why did the men and women of early seventeenth-century England come to see their world as political?""--"
062,Memoirs of the life of Colonel Hutchinson /,
062,"The new model army in England, Ireland, and Scotland, 1645-1653 /",
062,The origins of the English Civil War /,
062,The Origins of the English Civil War /,
062,The outbreak of the English Civil War /,
062,People and parliament :,
062,Prince Charles and the Spanish marriage: 1617-1623 :,
062,Reprobates :,"In the followup to his ""vivid, ardent, and engaging"" John Donne: The Reformed Soul (New York Review of Books), John Stubbs finds his next subject in the turbulent period of the English Civil War. With a centuries-old conflict between the monarchy and Parliament threatening to explode, a group of poets known as Cavaliers emerged to defend the king against the Protestant reformers and, in doing so, defined an artistic movement exemplified by lines such as Robert Herrick's ""Gather ye rosebuds while ye may."" Often imagined as elegant gentlemen, chivalrous and dandified, they were just as likely to be found in the form of the degenerate Sir John Suckling or the syphilitic William Davenant. Biographer Stubbs sheds light on this groundbreaking group of men, on their world and their journeys through it, in peace and war, from the Blackfriars Playhouse to the battlefields of King Charles's kingdoms."
062,Signs and wonders in Britain's age of revolution :,"""Signs and Wonders in Britain's Age of Revolution is an original collection of primary sources from the era encompassing the political, religious, and social tumult of the English Civil War. With a focus on Britain in the seventeenth century and covering topics such as astrology, scurrilous pamphlet wars, witch-hunts and trials, and the execution of King Charles I, Signs and Wonders in Britain's Age of Revolution is essential reading for all students of early modern Britain""--"
062,Some intellectual consequences of the English Revolution /,
062,Theological librarians and the Internet :,
062,Visualizing taste :,"Visualizing Taste explores transformations in what Americans conceived as a ""natural color"" of food between the 1870s and 1970s. It analyzes the role of business in creating the modern world of the senses by focusing on the origins and development of the use of visual appeals, particularly color, as a key driver of demand in the food industry in the United States. By examining the development of color controlling technology, government regulation, and consumer expectations, Ai Hisano demonstrates that scientists, farmers, food processors, dye manufacturers, government officials, and intermediate suppliers co-created a ""natural"" color for food that was, in fact, a hybrid of nature and technology. Color management thus became a central and permanent part of food manufacturing and marketing strategies.--"
062,White king :,"Less than forty years after the golden age of Elizabeth I, England was at war with itself. The bloody, devastating civil wars set family against family, friend against friend. At the head of this disintegrating kingdom was Charles I. His rule would change the face of the monarchy for ever. Charles I's reign is one of the most dramatic in history, yet Charles the man remains elusive. Too often he is recalled as weak and stupid, his wife, Henrietta Maria, as spoilt and silly: the cause of his ruin. In this portrait -- informed by newly disclosed manuscripts, including letters between the king and his queen -- Leanda de Lisle uncovers a Charles I who was principled and brave, but also fatally blinkered. He is revealed as a complex man who pays the price for bringing radical change; Henrietta Maria as a warrior queen and political player as impressive as any Tudor. Here too are the cousins who befriended and betrayed them: the peacocking Henry Holland, whose brother engineered the king's fall; and the magnetic `last Boleyn girl', Lucy Carlisle."
062,White king :,"Less than forty years after the golden age of Elizabeth I, England was at war with itself. The bloody, devastating civil wars set family against family, friend against friend. At the head of this disintegrating kingdom was Charles I. His rule would change the face of the monarchy for ever. Charles I's reign is one of the most dramatic in history, yet Charles the man remains elusive. Too often he is recalled as weak and stupid, his wife, Henrietta Maria, as spoilt and silly: the cause of his ruin. In this portrait -- informed by newly disclosed manuscripts, including letters between the king and his queen -- Leanda de Lisle uncovers a Charles I who was principled and brave, but also fatally blinkered. He is revealed as a complex man who pays the price for bringing radical change; Henrietta Maria as a warrior queen and political player as impressive as any Tudor. Here too are the cousins who befriended and betrayed them: the peacocking Henry Holland, whose brother engineered the king's fall; and the magnetic `last Boleyn girl', Lucy Carlisle."
063,A textbook of Aromatic plants /,
063,Auditors and accountants :,
063,Catherine the Great :,"Catherine the Great's letters present a vivid picture of Russia in a momentous age. They also offer a unique account of her personal development and intimate life, her strategic acumen as a diplomat and military commander, and her political skills at the Russian court and in handling foreign monarchs. Born a German princess, Catherine married into the Russian royal family and came to the throne after a coup. As absolute ruler for 34 years she presided over the expansion of the Russian empire, legislated actively to reform the country in keeping with the principles of the Enlightenment, actively promoted the arts and sciences, and in her correspondence engaged with the most renowned minds in Europe, among them Diderot and Voltaire. Her letters are her literary masterpiece, written to a wide circle of associates and friends, not least her most celebrated lover and ally, Potemkin. Combining her wit, charm, and quick eye for detail, they entertain and tell the griping story of a self-made woman and legendary ruler. This edition of the letters offers a taste of Catherine's entire writing career, with biographies of Catherine's addressees, a thorough overview of her reign and an analysis of Catherine's literary skill as a letter-writer. Organized chronologically and thematically into six periods, each section also features an introduction to the domestic, personal and foreign policy contexts out of which her letters emerge."
063,The Commonwealth.,
000,Cubism /,
063,Development of information systems for agriculture :,
063,Disaffection and everyday life in interregnum England /,"How did ordinary English men and women respond to the transformations that accompanied the regicide, the creation of a republic, and the rise of the Cromwellian Protectorate? This book uncovers grassroots responses to the tangible consequences of revolution, delving into everyday practices, social interactions, and power struggles as they intersected with the macro-politics of regime change. Tussles at local alehouses, encounters with excise collectors in the high street, and contests over authority at the marketplace reveal how national politics were felt across the most ordinary of activities. Using a series of case studies from counties, boroughs, and the London metropolis, Boswell argues that factional discourses and shifting power relations complicated social interaction. Localized disaffection was broadcast in newsbooks, pamphlets, and broadsides, shaping political rhetoric that refashioned grassroots grievances to promote royalist desires. By uniting disparate people who were alienated by the policies of interregnum regimes, this literature helped to create the spectre of a unified, royalist commons that materialized in the months leading up to Charles II's Restoration. Such agitation - from disaffected mutters to ritualistic violence against officials - informed the broad political culture that shaped debates over governance during one of the most volatile decades in British history."
063,"The English Republic, 1649-1660 /",
063,Ethical issues concerning the experience of representational predicaments at work /,
063,The Internet bubble :,
063,La Monarchie de Juillet /,
063,"Learning, teaching, and researching on the Internet :",
063,Letters to Sir William Temple /,
063,The Lyon uprising of 1834 : :,
063,Moys classification and thesaurus for legal materials /,
063,My traitor's heart :,
063,Navigating the financial blogosphere :,
063,Open source intelligence in a networked world /,
063,"The political thought of the English Free state, 1649-1653 /","""The English Revolution has always held pride of place in histories of Anglophone political thought. The political writings of the Levellers and John Milton, Thomas Hobbes, and James Harrington, to name only the most obvious, were all shaped by, indeed in many ways the products of, the upheavals of the mid seventeenth century. It is simply impossible to understand their political ideas without the context of the English Revolution. Historians have pored over every aspect of political thought from the first controversies leading up to the civil wars in the early 1640s to the final debates on the eve of the Restoration in 1659-60, and yet there is one period amid these revolutionary decades which has captured scant scholarly attention. This is the period of the free state from early 1649, when Charles I was executed and the free state established, to the spring of 1653, when Oliver Cromwell and the army dissolved the Rump and eventually established the protectorate. This scholarly neglect is even more startling given the fact that the trial and execution of Charles I and the founding of the free state arguably marked the culmination of the entire period. Historians have of course examined the political ideas underlying these events and the whole republican era, but, although they often disagree with one another on many points of detail, they agree on one salient general point. Practically all of them, though in varying degrees, play down, or even belittle, the importance of the political thought of the republican period""--"
063,The Prentice Hall directory of online social studies resources /,
063,Revolution and mass democracy :,
063,"The Russo-Turkish War, 1768-1774 :","""The Russo-Turkish War was one of the most decisive conflicts of the 18th century. In this book, Brian Davies offers a thorough survey of the war and explains why it was crucial to the political triumph of Catherine the Great, the southward expansion of the Russian Empire, and the rollback of Ottoman power from southeastern Europe. The war completed the incorporation of Ukraine into the Russian Empire, ended the independence of the great Cossack hosts, removed once and for all the military threat from the Crimean Khanate, began the partitions of Poland, and encouraged Catherine II to plan projects to complete the 'liberation' of the lower Danubian and Balkan Slavs and Greeks. The war legitimated and secured the power of Catherine II, finally made the Pontic steppe safe for agricultural colonization, and won ports enabling Russia to control the Black Sea and become a leading grain exporter. Traditionally historians (Sorel, for example) have treated this war as the beginning of the 'Eastern Question,' the question of how the European powers should manage the decline of the Ottoman Empire. A thorough grasp of the Russo-Turkish War is essential to understanding the complexity and volatility of diplomacy in 18th-century Europe. This book will be an invaluable resource for all scholars and students on European military history and the history of Eastern Europe""--From publisher's website."
063,Social studies resources on the internet :,
063,"Using Internet primary sources to teach critical thinking skills in government, economics, and contemporary world issues /","""Teachers of political science, social studies, and economics, as well as school library media specialists will find this resource invaluable for incorporating the Internet into their classroom lessons. Over 150 primary source web sites contain important documents, such as constitutions, treaties, speeches, court cases, statistics, and other official information. Paired with these web sites are questions and activities designed to encourage critical thinking skills. Completing the activities for the lessons in this book will allow students to evaluate the source of information, the content presented, and its usefulness in the context of their assignments.""--BOOK JACKET."
063,"Using Internet primary sources to teach critical thinking skills in government, economics, and contemporary world issues /","""Teachers of political science, social studies, and economics, as well as school library media specialists will find this resource invaluable for incorporating the Internet into their classroom lessons. Over 150 primary source web sites contain important documents, such as constitutions, treaties, speeches, court cases, statistics, and other official information. Paired with these web sites are questions and activities designed to encourage critical thinking skills. Completing the activities for the lessons in this book will allow students to evaluate the source of information, the content presented, and its usefulness in the context of their assignments.""--BOOK JACKET."
065,Abstract art in the late twentieth century /,"These essays on abstract painting by eleven of its most incisive critics trace the development of such critical issues as hard-edge painting, deductive and serial structure, monochrome abstraction, the psychological analogy, regionalism, and the ""death of painting"" in Postmodernism. The introduction and commentary by Frances Colpitt situates the essays historically and examines their philosophical sources and influences, from formalism and phenomenology to structuralism and poststructuralism. What emerges is a coherent and optimistic picture of abstract painting--the definitive contribution of modern art."
065,Abstract expressionism /,
065,Bloomberg by Bloomberg /,"The remarkable story of how Michael Bloomberg created a media empire ""Lots of entrepreneurs make money. Lots of entrepreneurs who make money write books. Few of those books make you glad they did. This one does."" -The New York Times Book Review ""A classic tale of a nimble, customer-focused, entrepreneurial David outsmarting bureaucratic, ossified, corporate Goliaths."" -Business Week ""Entertaining, engaging, and informative, Bloomberg by Bloomberg is packed with great advice about how to start a lean, hungry company-and how to keep it that way."" -Bryan Burrough, coauthor, Barbarians at the Gate Brash, aggressive, and supremely self-confident, Michael Bloomberg, the visionary leader of the world's fastest-growing media empire, has been hailed as the new standard for what it takes to win in the Information Age. Dismissed from Salomon Brothers in 1981, Bloomberg immediately took his money and acerbic personality and started Bloomberg L.P. Bolstered by a $30 million investment from Merrill Lynch, the company and the man have been sprinting ahead of the pack ever since. Only twenty years after founding, he's at the top of his industry. And on June 5, 2001, he added mayoral candidate for New York City to his list of accomplishments and aspirations. If elected, powerhouse Michael Bloomberg will bring his own brand of leadership-and personal style-to the city that never sleeps."
065,Branch line empires :,"The Pennsylvania and the New York Central railroads helped to develop Central Pennsylvania as the largest source of bituminous coal for the nation. By the late 19th century, the two lines were among America's largest businesses and would soon become legendary archrivals. The PRR first arrived in the 1860s. Within a few years, it was sourcing as much as four million tons of coal annually from Centre County and the Moshannon Valley and would continue do so for a quarter-century. The New York Central, through its Beech Creek Railroad affiliate, invaded the region in the 1880s, first seeking a dependable, long-term source of coal to fuel its locomotives but soon aggressively attempting to break its rival's lock on transporting the area's immense wealth of mineral and forest products. Beginning around 1900, the two companies transitioned from an era of growth and competition to a time when each tacitly recognized the other's domain and sought to achieve maximum operating efficiencies by adopting new technology such as air brakes, automatic couplers, all-steel cars, and diesel locomotives. Over the next few decades, each line began to face common problems in the form of competition from other forms of transportation and government regulation; in 1968 the two businesses merged. Branch Line Empires offers a thorough and captivating analysis of how a changing world turned competition into cooperation between two railroad industry titans."
065,Brazil on the rise :,
065,Business persons :,
065,The Cambridge companion to Nelson Mandela /,"""Nelson Mandela is one of the most revered figures of our time. He committed himself to a compelling political cause, suffered a long prison sentence, and led his violent and divided country to a peaceful democratic transition. His legacy, however, is not uncontested: his decision to embark on an armed struggle in the 1960s, his solitary talks with apartheid officials in the 1980s, and the economic policies adopted during his presidency still spark intense debate. The essays in this Companion, written by experts in history, anthropology, jurisprudence, cinema, literature, and visual studies, address these and other issues. They examine how Mandela became the icon he is today and consider the meanings and uses of his internationally recognizable image. Their overarching concerns include Mandela's relation to ""tradition"" and ""modernity,"" the impact of his most famous public performances, the oscillation between Africanist and non-racial positions in South Africa, and the politics of gender and national sentiment. The volume concludes with a meditation on Mandela's legacy in the twenty-first century and a detailed guide to further reading"""
065,Civil obedience :,"Since the fall of General Augusto Pinochet's dictatorship (1973-1990), Chilean society has shied away from the taboo subject of civilian complicity, preferring to pursue convictions of military perpetrators. But the torture, murders, deportations, and disappearances of tens of thousands of people in Chile were not carried out by the military alone; it required a vast civilian network of support. Some actively participated in the regime's massive violations of human rights for personal gain or from a sense of patriotic duty. Others supported Pinochet's neoliberal economic program while ignoring the crimes of that era. Michael J. Lazzara boldly argues that today's Chile is a product of both complicity and complacency. Combining historical analysis with deft literary, political, and cultural critique, he scrutinizes the post-Pinochet rationalizations made by politicians, artists, intellectuals, bystanders, former revolutionaries-turned-neoliberals, and common citizens. He looks beyond victims and perpetrators to unveil the ambiguous, ethically vexed realms of memory and experience that authoritarian regimes inevitably generate."
065,Comparative company law :,
065,Country of my skull :,"Ever since Nelson Mandela dramatically walked out of prison in 1990 after twenty-seven years behind bars, South Africa has been undergoing a radical transformation. In one of the most miraculous events of the century, the oppressive system of apartheid was dismantled. Repressive laws mandating separation of the races were thrown out. The country, which had been carved into a crazy quilt that reserved the most prosperous areas for whites and the most desolate and backward for blacks, was reunited. The dreaded and dangerous security force, which for years had systematically tortured, spied upon, and harassed people of color and their white supporters, was dismantled. But how could this country--one of spectacular beauty and promise--come to terms with its ugly past? How could its people, whom the oppressive white government had pitted against one another, live side by side as friends and neighbors?To begin the healing process, Nelson Mandela created the Truth and Reconciliation Commission, headed by the renowned cleric Archbishop Desmond Tutu. Established in 1995, the commission faced the awesome task of hearing the testimony of the victims of apartheid as well as the oppressors. Amnesty was granted to those who offered a full confession of any crimes associated with apartheid. Since the commission began its work, it has been the central player in a drama that has riveted the country. In this book, Antjie Krog, a South African journalist and poet who has covered the work of the commission, recounts the drama, the horrors, the wrenching personal stories of the victims and their families. Through the testimonies of victims of abuse and violence, from the appearance of Winnie Mandela to former South African president P. W. Botha's extraordinary courthouse press conference, this award-winning poet leads us on an amazing journey.Country of My Skull captures the complexity of the Truth Commission's work. The narrative is often traumatic, vivid, and provocative. Krog's powerful prose lures the reader actively and inventively through a mosaic of insights, impressions, and secret themes. This compelling tale is Antjie Krog's profound literary account of the mending of a country that was in colossal need of change."
065,Dazzled by color,"""The love of color was always at the center of Reinhard Ernst's activities as a collector over the past thirty years. This fascination can be seen impressively in 160 works by 134 artists from Europe, Japan, and the United States who were born between 1880 and 1977. A particular area of focus lies on the works of Hubert Berke and Helen Frankenthaler, Japanese artists from the Gutai group, and the continuation of the accents of art informel in contemporary art. This lavishly illustrated publication arouses curiosity regarding the presentation of the collection in the museum building in Wiesbaden designed by the Japanese star architect Fumihiko Maki, which is planned for 2021. With artworks by: Franz Ackermann, Willi Baumeister, Katharina Grosse, Robert Motherwell, Jackson Pollock, Emil Schumacher, Kazuo Shiraga, Pierre Soulages, Frank Stella, Atsuko Tanaka, Antoni Tàpies, Emilio Vedova, Inoue Yuichi and many more.""--from the Publisher"
065,Disconnected :,
065,E-learning and virtual science centers /,"""The book provides an overview of the state-of-the-art developments in the new and emerging field of science education, called virtual science centers""--Provided by publisher."
065,Enterprise and social rights /,
065,Fundamentals of permanent establishments /,
065,The great telecoms swindle :,
065,How to find information in science and technology /,
065,In den letzten Zügen :,
065,The information revolution :,
065,Inside Mathforum.org :,"The internet has dramatically transformed social space and time for many people in many different contexts. This dramatic warping of the social fabric has happened slowly over time as digital technologies have evolved and internet speeds have increased. While we are all aware of these changes, the impact is often little understood. There are few monographs about social groups made possible by the internet, and even fewer about educational communities made possible through digital technologies. 'Inside Mathforum.org' details the ways that digital media are used to enhance the practices that teachers and students of mathematics engage in. The book also shows how different kinds of mathematical conversations and interactions become possible through the digital media. Unlike many other educational uses of digital media, the Math Forum's community has provided online resources and sustained support for teachers and students, and it leads the way in showing the power of digital media for education."
065,The Internet for molecular biologists :,
065,The law and governance of decentralised business models :,"""This book draws together themes in business model developments in relation to business networks and platforms, decentralized business models (DBMs), sometimes referred to as the 'sharing' economy', to systematically analyse the challenges to corporate and organizational law, and governance. DBMS include business networks, the global supply chain, public-private partnerships, the platform economy and blockchain-based enterprises. The law of organizational forms and governance has been slow in responding to changes and reliance has been placed on innovations in contract law to support the business model developments. The authors argue that the law of organisations and governance can respond to changes in the phenomenon of decentralised business models driven by transformative technology and new socio-economic dynamics. They argue that principles underlying the law of organisations and governance, such as corporate governance, are crucial to constituting, facilitating and enabling reciprocality, mutuality, governance and redress in relation to these business models, whose creation of wealth neither fully subscribes to a firm or market system, is neither hierarchical or totally decentralized, and incorporates socio-economic elements that are often enmeshed with incentives and relations. Of interest to academics, policy-makers and legal practitioners, this book offers proposals for new thinking in the law of organization and governance to advance the possibilities of a new socio-economic future""--"
065,Managing railway operations & maintenance :,
065,Managing railway operations & maintenance :,
065,Mandela :,Nelson Mandela stands out as one of the most admired political figures of the twentieth century. It was his leadership and moral courage above all that helped to deliver a peaceful end to apartheid in South Africa after years of racial division and violence and to establish a fledgling democracy there.
065,The nonprofit sector in Italy /,
065,Online searching :,
065,Painting abstraction :,
065,Painting abstraction :,
065,Parallel Gospels :,
000,Paths to the absolute :,"From Mondrian's bold geometric forms to Kandinsky's use of symbols to Pollock's ""dripped paintings,"" the richly diverse movement of abstract painting challenges anyone trying to make sense of either individual works or the phenomenon as a whole. Applying his insights as an art historian and a painter, John Golding offers a unique approach to understanding the evolution of abstractionism by looking at the personal artistic development of seven of its greatest practitioners. He re-creates the journey undertaken by each painter in his move from representational art to the abstract—a journey that in most cases began with cubism but led variously to symbolism, futurism, surrealism, theosophy, anthropology, Jungian analysis, and beyond. For each artist, spiritual quest and artistic experimentation became inseparable. And despite their different techniques and philosophies, these artists shared one goal: to break a path to a new, ultimate pictorial truth.The book first explores the works and concerns of three pioneering European abstract painters—Mondrian, Malevich, Kandinsky—and then those of their American successors—Pollock, Newman, Rothko, and Still. Golding shows how each painter sought to see the world and communicate his vision in the purest or most expressive form possible. For example, Mondrian found his way into abstraction through a spiritual response to the landscape of his native Holland, Malevich through his apprehension of the human body, Kandinsky through a blend of religious mysticism and symbolism. Line and color became the focus for many of their creative endeavors. In the 1940s and 50s, the Americans raised the level of pictorial innovation, beginning most notably with Pollock and his Jung-inspired concept of action.Golding makes a powerful case that at its best and most profound, abstract painting is heavily imbued with meaning and content. Through a blend of biography, art analysis, and cultural history, Paths to the Absolute offers remarkable insights into how a sense of purpose is achieved in painting, and how abstractionism engaged with the intellectual currents of its time."
065,A research agenda for organizational law /,"""Elgar Research Agendas outline the future of research in a given area. Leading scholars are given the space to explore their subject in provocative ways, and map out the potential directions of travel. They are relevant but also visionary. Taking stock of the quiet revolution that has taken place in the field of organizational law over the last few decades, this erudite Research Agenda presents a critical overview of the current state of organizational law and explores the increasingly flexible structures and capabilities of modern organizations. Explaining and evaluating new possibilities in modern organizational law, the book demonstrates that legal organizations are much more generative than widely recognized, with the capacity to enable new configurations that combine several legal transactional techniques. Chapters consider the implications of this flexibility for monitoring, regulation, and reform, examine the effects of modern transactional creativity on the rest of the legal system, suggest how organizational statutes might be harmonized, introduce non-traditional uses of modern organizations like LLCs, and propose novel ways to regulate organizations. The book ultimately highlights that the formlessness and adaptability of modern legal organizations is the foundation for a significant body of future research on the evolving role of legal entities. This path-breaking Research Agenda will prove invaluable to academics and students of company law, partnership law, and agency law, as well as transactional lawyers and analysts of organizations in other fields. Its extensive critical analysis will benefit all those who use, study, and regulate modern legal organizations""--"
000,Science discoveries on the Net :,
065,Scientific information systems in Japan /,
065,"The Syntheses of sulphones, sulpoxides and cyclic sulphides /",
065,Teaching improv in your jazz ensemble :,
065,Understanding contemporary Brazil /,
065,Using Internet primary sources to teach critical thinking skills in the sciences /,This reference provides science teachers and school library media specialists with over 150 Web sites containing primary source documents in all areas of the sciences.
065,Using online scientific & engineering databases /,
065,When a flower is reborn :,
065,When a flower is reborn :,
073,"""Svoboda"";",
073,1764 :,
073,27 masters of politics :,
073,"A history of American biography, 1800-1935 /",
073,After the Revolution :,
073,The age of elegance :,
073,AIMprint :,
073,American characters :,"""This book brings together 160 famous American figures from Pocahontas to Louis Armstrong, providing visual and verbal portraits that illuminate their place in American life. The portraiture - painting, sculpture, photograph, or drawing - is paired with literary images taken from eyewitness accounts, memoirs, poems, letters, and biographies, and with lively and informative commentary by the editors, R. W. B. and Nancy Lewis. The whole is a rich addition to American cultural history.""--BOOK JACKET."
073,Anatomy and physiology for nurses /,
073,Aspects of doctoral research at the Maryvale International Catholic Institute /,"Established at Old Oscott in Birmingham, England, in 1980, the Maryvale Institute provides a variety of part-time and distance learning courses to the lay faithful, consecrated religious and ministers of the Roman Catholic Church. Maryvale's doctoral research programme in Catholic Studies is conducted in collaboration with, and accredited by, Liverpool Hope University. Successful students receive an award of a Doctor of Philosophy (PhD) degree from the University.This book is concerned with the outcomes of that doctoral research programme. It provides an overview of the breadth of work by its students in the UK, USA and Africa and their contribution to new knowledge in the area of Catholic studies."
073,Autobiographies by Americans of color 1980-1994 :,
073,The Bakuninists at work :,
073,Before Wallis :,"Wallis Simpson is known as the woman who stole the king's heart and rocked the monarchy - but she was not Edward VIII's first or only love. This book is about the women he adored before Wallis dominated his life. There was Rosemary Leveson-Gower, the girl he wanted to marry and who would have been the perfect match for a future king; and the Prince's long-term mistress, Freda Dudley Ward, who exerted a pull almost equal to Wallis over her lover, but abided by the rules of the game and never expected to marry him. Then there was Thelma Furness, his twice-married American lover, who enjoyed a domestic life with him, but realised it could not last forever and demanded nothing more than to be his mistress - and fatefully introduced him to Wallis. In each love affair, Edward behaved like a cross between a little boy lost and a spoilt child craving affection, resorting to emotional blackmail to keep his lovers with him. Each of the three women in this book could have changed the course of history. By examining their lives and impact on the heir to the throne, we question whether he ever really wanted to be king."
073,Billy Wilder on assignment :,"""Before Billy Wilder (1906-2002) left Europe for the United States in 1934 and became a filmmaker, he worked as a newspaper reporter, first in Vienna and then in Weimar Berlin. This book, edited and introduced by Noah Isenberg and translated by Shelley Frisch, collects about 65 articles Wilder published in Austrian and German newspapers in the 1920s. The collection includes reported pieces on urban life, from a first-person account of Wilder's stint as a taxi dancer to an article about street sweepers; profiles of writers, movie stars and poker players; and dispatches from the international film scene, from reviews to interviews with such figures as Charlie Chaplin and Erich von Stroheim. Isenberg provides an introduction that gives biographical details and places the writings in context, emphasizing their historical moment and their connections to Wilder's later career""--"
073,A brief history of the future of libraries :,
073,"Britain and the world, 1789-1901.",
073,The British navy in the Baltic /,
073,"British society and the French wars, 1793-1815 /",
073,"Byron's ""corbeau blanc"" :",
073,Capital courthouse and city hall :,
073,Catharine Macaulay and Mercy Otis Warren :,
073,Celebrity media effects :,
073,CHARLES TOWNSHEND /,
073,Charleston Conference proceedings 2001 /,
073,Charleston Conference proceedings 2004 /,
073,City politics /,
073,Community leaders of America.,
073,Concise dictionary of American biography.,
073,Crimea in war and transformation /,"""'Crimea in War and Transformation' describes the civilian experience of the Crimean War. War ruined lives, destroyed landscapes, devastated agriculture, and decimated industry. Less than a month into the year-long Allied siege of Sevastopol, a subsistence crisis exposed the folly of Russia's scorched earth tactics and weaknesses in military supply chains. Hungry soldiers and desperate officials scapegoated Crimea's native Muslim population, accusing them of hoarding food and collaborating with the enemy. Before humanitarian impulses prevailed, officials initiated a deadly population transfer. Unable to eke out survival in a hostile and war torn land, nearly 200,000 Crimean Tatars left their homeland. Drawing from a wide body of material, including hitherto untapped archives in Russia, Ukraine, and Crimea, this is the first book to examine the toll of war on Crimean civilians and landscapes from mobilization through recovery. It analyzes origins of Russia's 20th century military-civilian policy, and provides under-explored context for Russia's post-war social reforms. Kozelsky analyzes issues all-too-relevant across the globe today: ethnic cleansing, mass migration, refugees of war, environmental ruin and revivals of religious nationalism""--"
073,The Crimean War and its afterlife :,"""Cecil Woodham-Smith was an unlikely historian. Even after writing two bestselling books, the acclaimed popular author remained surprised by her own success. The daughter of a prominent Anglo-Irish military family, Mrs. Woodham-Smith was a well-dressed housewife and erstwhile romance writer turned purveyor of Victorian history. Inspired by a dinner party conversation, she burst onto the scene in 1950 with a successful biography of Florence Nightingale. No one-hit wonder, she followed up three years later with The Reason Why, an account of the Charge of the Light Brigade, the tragic culmination of the Battle of Balaklava. The bestseller solidified Woodham-Smith's standing as a historian of national renown. Widely reviewed and broadly acclaimed, The Reason Why became required reading across a broad swath of British society. It was even named the Daily Mail's Book of the Month Selection in November 1953. The through line linking these two works by Woodham-Smith is the mid-nineteenth century's Crimean War, fought between 1853 and 1856, primarily on a Black Sea peninsula now occupied by the Russian Federation. This conflict of recondite and complex causes is best known in Britain for the mismanagement by the Army's hidebound leadership and for the innovations of the moment's resourceful new luminaries. The Army's blunder is exemplified in the Charge of the Light Brigade, a near-suicidal maneuver involving more than 600 cavalry soldiers. The occasion came to characterize a British affection for disaster and even failure, particularly when met with unflinching duty. The leading light of the War, on the other hand, was Florence Nightingale. Called ""The Lady with the Lamp,"" Nightingale offered a fearless response to deaths by wartime illness, her can-do spirit coated in an angelic veneer. As she wrote about the Victorian past, Mrs. Woodham-Smith played her part in lodging a tragic blunder and a beloved heroine at the heart of national myth and national understanding. Together, Florence Nightingale and The Charge of the Light Brigade represent the antinomies of the Crimean War. They also capture two poles of British, and particularly English, self-conception. I imagined, when I began researching the Crimean conflict some years ago, that Mrs. Woodham-Smith would appear as a footnote in my study, her texts providing a well-regarded foundation in their archival research and lucid prose. But as I dove into military archives, I found myself pulled between letters sent from survivors in the wake of the Charge and plans for auctions of its regalia one hundred years on. And when I surveyed medical papers, my perusals of nineteenth-century newspapers lionizing Nightingale opened up into discoveries of transcripts for BBC radio shows produced a century later. My experience researching other aspects and other protagonists was very much the same. Database searches and archival meanderings had me shuttling between the Crimean War and its legacies, from the nineteenth century, through the twentieth century, and even to our present day. Time and again, my research revealed, countless Britons have found themselves absorbed by the mid-nineteenth century's War. As I came to apprehend this dynamic, Mrs. Woodham-Smith moved from footnote to text and from background to foreground""--"
073,The Decembrist Pavel Pestel :,
073,Defining John Bull :,"""As is demonstrated in this book, caricature was one medium that played a vital role in the redefinition of what it meant to be British. During the reign of George III, the public's increasing interest in political controversies meant that satirists turned their attention to the individuals and issues involved. Since this long reign was marked by political crises, both foreign and domestic, caricaturists responded with an outpouring of work that led the era to be called the 'golden age' of caricature. Thus, many and varied prints, produced in response to public demands and sensitive to public attitudes, provide more than simply a record of what interested Britons during the late Georgian era.""--BOOK JACKET."
073,Democracy in urban America :,
073,Edmund Burke :,
073,"England and the French Revolution, 1789-1797 /",
073,England since Waterloo.,
073,Faithful handmaid :,
073,Financing and managing State and local government /,
073,First person past :,
073,George III and the historians /,
073,George III and the satirists from Hogarth to Byron /,
073,Governing urban America /,
073,The history of American art education :,
073,Hitch-22 :,"Over the course of his 60 years, Christopher Hitchens has been a citizen of both the United States and the United Kingdom. He has been both a socialist opposed to the war in Vietnam and a supporter of the U.S. war against Islamic extremism in Iraq. He has been both a foreign correspondent in some of the world's most dangerous places and a legendary bon vivant with an unquenchable thirst for alcohol and literature. He is a fervent atheist, raised as a Christian, by a mother whose Jewish heritage was not revealed to him until her suicide. In other words, Christopher Hitchens contains multitudes. He sees all sides of an argument. And he believes the personal is political. This is the story of his life, lived large."
073,Hope dies last :,
073,The human tradition in America since 1945 /,
073,If I only knew then-- :,
073,Information 2000 :,
073,The intellectual life of Edmund Burke :,
073,The Jewish press in the Third Reich /,
073,The Jewish press in the Third Reich /,
073,King George III and the politicians :,
073,The language of Nazi genocide :,
073,Learning in and through art :,"A completely revised edition providing a practical, straightforward guide to the theory and practice of discipline-based art education, explaining how DBAE draws content from the disciplines of art-making, art criticism, art history and aesthetics."
073,Liberty and terror in England :,
073,Libraries and the Enlightenment /,"""Traces the historical foundations of modern American libraries to the European Enlightenment, showing how the ideas on which library institutions are based go back to the ideas and institutions of that revolutionary time""--Provided by publisher."
073,Library use of e-books.,
073,Lord North /,
000,A manual for survival :,
073,Memoirs of the reign of King George the Third /,
073,Military men of feeling :,"The Crimean War was pivotal in shaping British attitudes to military masculinity. A range of media enabled unprecedented public engagement with the progress and infamous 'blunders' of the conflict. Soldiers and civilians reflected on appropriate behaviour across ranks, forms of heroism, the physical suffering of the troops, administrative management and the need for army reform. The book considers how the military man of feeling contributes to the rethinking of gender roles, class and military hierarchy in the mid-nineteenth century, and how this figure was used in campaigns for reform. The gentle soldier could also do more bellicose social and political work, disarming anti-war critiques and helping people to feel better about war. This book looks at the difficult mixed politics of this figure. It considers questions, debated in the nineteenth century and which remain urgent today, about the relationship between feeling and action, and the ethics of an emotional response to war. It makes a case for the importance of emotional and tactile military history, bringing the Victorian military man of feeling into contemporary debates about liberal warriors and soldiers as social workers."
073,Modern textbook of personal and communal health for nurses :,
073,Municipal government and administration in America /,
073,News in times of conflict :,"""News in Times of Conflict traces the development and spread of the newspaper and the development of the printing industry in Germany in the first half of the seventeenth century. Based on an inspection of all printed newspapers of this period, the book offers an overview over the regional and thematic reporting and the development of journalistic styles and ethics. It offers an examination of the coverage of two major events: the death of the Swedish king Gustavus Adolphus, and the execution of King Charles I of England. These case studies provide the opportunity for a comparison with the newspaper markets in France, England and the Low Countries, and with the provision of news through manuscript newsletters""--"
073,The Norton book of American autobiography /,
073,Obituaries :,
000,"On empire, liberty, and reform :",
073,One L :,
073,A passion for freedom :,
073,A passion for learning :,
073,Perdita :,"This thoroughly engaging and richly researched book presents a compelling portrait of Mary Robinson–darling of the London stage, mistress to the most powerful men in England, feminist thinker, and bestselling author, described by Samuel Taylor Coleridge as “a woman of undoubted genius.”One of the most flamboyant free spirits of the late eighteenth century, Mary Robinson led a life that was marked by reversals of fortune. After being abandoned by her merchant father, who left England to establish a fishery among the Canadian Eskimos, Mary was married, at age fifteen, to Thomas Robinson. His dissipation landed the couple and their baby in debtors’ prison, where Mary wrote her first book of poetry, gaining her the patronage of Georgiana, Duchess of Devonshire.On her release, Mary rose to become one of the London theater’s most alluring actresses, famously playing Perdita in The Winter’s Tale for a rapt audience that included the Prince of Wales, who fell madly in love with her. Never one to pass up an opportunity, she later used his ardent and numerous love letters as blackmail. After being struck down by paralysis, apparently following a miscarriage, she remade herself yet again, this time as a popular writer who was also admired by the leading intellectuals of the day.Filled with triumph and despair, and then triumph again, the amazing, multifaceted life of “Perdita” is marvelously captured in this stunning biography."
073,The press during the Hungarian Revolution of 1848-1849 /,
073,Press planning :,
073,The prince of pleasure and his Regency :,
073,Public persons /,"This set of brief pieces examines the relation of power to knowledge. Lippmann paid little homage to the innate wisdom of the people. While he had no wish to disenfranchise citizens, he believed elites drove the engines of power. His point was that liberty and democracy require government that will, when necessary, ""swim against the tides of private feelings."" Because the public is too divided, poorly informed, and too self-regarding, authority has to be delegated, perhaps to ""intelligence bureaus,"" or at least to those who are wiser than the many that have the power to decide vexing questions on their own merits."
073,Public persons /,
073,"Pulpits, politics, and public order in England, 1760-1832 /",
073,The quiet evolution :,
073,Radical culture :,
073,Reading Berlin 1900 /,
073,Reptile journalism :,
073,Revitalizing the older suburb /,
073,Royal mourning and Regency culture :,
073,Science at the aquarium /,Examines the technology used at an aquarium.
073,The shame of the cities /,
073,A short history of the Crimean War /,"The Crimean War (1853-1856) was the first modern war. A vicious struggle between imperial Russia and an alliance of the British, French and Ottoman Empires, it was the first conflict to be reported first-hand in newspapers, painted by official war artists, recorded by telegraph and photographed by camera. In her new short history, Trudi Tate discusses the ways in which this novel representation itself became part of the modern war machine. She tells forgotten stories about the war experience of individual soldiers and civilians, including journalists, nurses, doctors, war tourists and other witnesses. At the same time, the war was a retrograde one, fought with the mentality, and some of the equipment, of Napoleonic times. Tate argues that the Crimean War was both modern and old-fashioned, looking backwards and forwards, and generating optimism and despair among those who lived through it. She explores this paradox while giving full coverage to the bloody battles (Alma, Balaklava, Inkerman), the siege of Sebastopol, the much-derided strategies of the commanders, conditions in the field and the cultural impact of the anti-Russian alliance."
073,Sociable Places :,"""Ranging across literature, theater, history, and the visual arts, this collection of essays by leading scholars in the field explores the range of places where British Romantic-period sociability transpired. The book considers how sociability was shaped by place, by the rooms, buildings, landscapes and seascapes where people gathered to converse, to eat and drink, to work and to find entertainment. At the same time, it is clear that sociability shaped place, both in the deliberate construction and configuration of venues for people to gather, and in the way such gatherings transformed how place was experienced and understood. The essays highlight literary and aesthetic experience but also range through popular entertainment and ordinary forms of labor and leisure""--"
073,"Society and the State, 1750-1950 :",
073,That sunny dome :,
073,The Townshend Moment :,"""Patrick Griffin chronicles the attempts of brothers Charles and George Townshend to control the forces of history in the heady days after Britain's mythic victory over France in the mid-eighteenth century, and the historic and unintended consequences of their efforts. As British chancellor of the exchequer in 1767, Charles Townshend instituted fiscal policy that served as a catalyst for American rebellion against the Crown, while his brother George's actions at the same moment as lord lieutenant of Ireland politicized the kingdom, leading to Irish legislative independence. This fascinating study is the first to consider as a linked history the influence of two all-but-forgotten brothers, both of whom rose to national prominence in the same year. Griffin vividly reconstructs the many worlds the Townshends moved through and explores how their shared conception of an empire that could harness the wealth of America to the manpower of Ireland initiated an age of revolution.""-- Dust jacket."
073,Twelve men /,
073,Views from the other shore :,
073,William Pitt the Younger /,
073,Wonderful adventures of Mrs. Seacole in many lands /,
073,The worst person in the world :,
073,Writing lives :,
073,The writings and speeches of Edmund Burke /,"This fourth volume in the Writings and Speeches of Edmund Burke series is also the last of the three Party and Parliament volumes, which follow Edmund Burke through from the opening of a newly elected Parliament which assembled on 31 October 1780 to his retirement from the Commons in 1794. This volume addresses Burke's views on the authority of Parliament over the British provinces in India, and his concerns about the implications of the French Revolution for British politics. He also expresses his views on issues that had always greatly interested him, such as the reform of criminal law, the confinement of debtors, and the abolition of what he regarded as outmoded economic regulations. The texts for the items, which have appeared in previous editions of Burke's Works, have been reconstructed, largely by the use of manuscripts, and many of the shorter speeches appear here in print for the first time."
073,The writings and speeches of Edmund Burke /,
073,The years of endurance :,
073,"Years of victory, 1802-1812.",
079,5 successful Asian community newspapers /,
079,Al Jazeera and the global media landscape :,
079,And well tied down :,
079,Antibody as a tool :,
079,Artificial immune systems and their applications /,
079,Autoantibodies :,
079,Basic immunology :,
079,The beginner`s guide to winning the Nobel prize :,
079,Biological relevance of immune suppression :,
079,Boosting your immunity for dummies /,
079,"Brave, mad & memorable :",
079,Cankao Xiaoxi :,
000,Cellular peptidases in immune functions and diseases 2 /,
079,Centuries of silence :,
079,Changing the performance :,
079,China in revolution :,
079,China's unruly journalists :,
079,Clearance of dying cells in healthy and diseased immune systems /,
079,Clinical histocompatibility testing /,
079,Clinical immunobiology.,
079,Clinical immunology and serology :,
079,Contemporary BRICS journalism :,"""The book presents a range of insider perspectives on national media organisations, markets and media culture, offering a valuable insight into the nature of journalism in these influential, emerging economies. Contributors to this volume have conducted in-depth interviews with more than 700 journalists, from mainstream and online media, between 2012 and 2015. They present and analyse their findings here, revealing how BRICS journalism is envisioned, experienced, and practised in the 21st Century. Compelling evidence reveals the impact of digital culture on modern reporting and the dynamic between new media technology and traditional journalistic practice. Insightful comparisons are made, highlighting the similarities and differences between BRICS countries in, for example, community journalism, technological developments in the newsroom and the reporting of protest movements. The book will be in demand at universities for students, teachers, and researchers at journalism schools and also for advanced international courses and programs in intercultural and international communication, political and social sciences, and international relations"" --"
079,"Cultural critcism in the Netherlands, 1933-1940 :","""In Cultural Criticism in the Netherlands, 1933-40, Jacob Boas offers a broad selection of the newspaper columns of legendary Dutch cultural critic Menno ter Braak. Ter Braak's columns are noteworthy not only for their distinctive treatment of disparate cultural components ranging from literature to the social sciences, but also for the light they throw on the extent to which politics intruded on the cultural sphere in the years prior to the outbreak of war. Ter Braak set a standard for literary criticism of surpassing quality. Moreover, a staunch advocate of democracy, the critic joined the battle against fascism, urging fellow intellectuals to rise to the occasion. The 'conscience of Dutch letters' killed himself on the eve of the German occupation, May 1940""--"
079,The cytokine handbook /,
079,Cytokine knockouts /,
079,Cytokine therapies :,
079,Cytokines in health and disease /,
079,Designing antibodies /,
079,Development news in Indonesian dailies /,
079,Development of journalism /,
079,Development of journalism /,
079,Development of T cell immunity /,"T cells belong to a group of white blood cells called lymphocytes and play a large role in the immune response. An increased understanding of T cell immunity will provide new insights into the aetiology of human autoimmune disease such as diabetes. This volume reviews the latest developments and discusses the evolution of T cell immunity, thymic requirements, and how to prevent T cell-dependent autoimmunity. * Discusses new discoveries, approaches, and ideas in T cell immunity * Contributions from leading scholars and industry experts * Reference guide fo."
079,"Diaoyu Dao, an inherent territory of China /",
079,Dying to live :,
079,Ecoimmunology /,
079,"Economic sciences, 1996-2000 /",
000,"Economic sciences, 1996-2000 /",
079,Elevating design :,
079,Essential clinical immunology /,
079,European identity :,
079,Exploring immunology :,
079,Flesh and bones of immunology /,
079,Fluorescein hapten :,
079,Found in translation :,"""Published in conjunction with the exhibition Found in Translation: Design in California and Mexico, 1915-1985, September 17, 2017-April 1, 2018""--Colophon."
079,Fundamental immunology /,
079,Fundamentals of journalism /,
079,The gendered newsroom :,
079,Global perspectives on journalism in Nepal :,"""With more than one thousand newspapers, eleven hundred local radios, two hundred television channels, two thousand online news portals, and over eighty colleges providing media education and training, news media and media education are vibrant fields in Nepal. This book provides a comprehensive overview of Nepal's news media, including empirical studies, critical reviews, and theoretical and philosophical analyses focusing on journalism and contemporary media practices in the country, using local analyses and global perspectives. Laying foundations of academic research and discourse, it explores key issues about the state of media and journalism practices of Nepal and situates them against the professional standards of global journalism and journalism education. The book covers all news media, including traditional (newspaper, radio, television) and digital platforms""--"
079,Guam's trial of the century :,
079,The Guardian :,
079,The Guardian :,
079,Guidebook to cytokines and their receptors /,
079,Handbook of Immunochemistry /,
079,History of journalism /,
079,History of journalism /,
079,A history of journalism and communication in China /,"""From a modern perspective, journalism is highly relevant to modern society, along with the emergence of mass printing system and professionalisation. This book, however, expands the meaning of journalism and views it as a social process. It will not only explore the roots and development of Chinese journalism and communication, but also demonstrate how Chinese journalism and communication interact and struggle with social culture and politics. Arranged in chronological order mainly, this book examines the initial development of Chinese journalism in ancient times in chapter 1, which from then manifested strong political attributes. After the Opium War in 1840, missionaries and businessmen from the West started to set up newspapers and periodicals in China, which brought about the birth of China's modern journalism industry. Then China's private newspapers and political party's press are studied, which are closely linked with political revolutions and have a far-reaching impact on modern Chinese society. What happened to Chinese journalism and communication after the founding of People's Republic of China in 1949? This book reviews the newspaper reforms, and studies the great negative impacts brought by ""Cultural Revolution"". Noteworthy news phenomena after the reform and opening-up are also covered. This book will appeal to scholars and students in journalism, communication and Chinese studies. Readers interested in Chinese society and modern Chinese history will also be attracted by it""--"
079,A history of journalism in China /,
079,How the immune system works /,
079,How the immune system works /,
079,Immune modulating agents /,
079,Immune reactions :,
079,The immune system :,"The immune system is central to human health and the focus of much medical research. Growing understanding of the immune system, and especially the creation of immune memory (long lasting protection), which can be harnessed in the design of vaccines, have been major breakthroughs in medicine. In this Very Short Introduction, Paul Klenerman describes the immune system, and how it works in health and disease. In particular he focuses on the human immune system, considering how it evolved, the basic rules that govern its behaviour, and the major health threats where it is important. The immune system comprises a series of organs, cells and chemical messengers which work together as a team to provide defence against infection. Klenerman discusses these components, the critical signals that trigger them and how they exert their protective effects, including so-called ""innate"" immune responses, which react very fast to infection, and ""adaptive"" immune responses, which have huge diversity and a capacity to recognise and defend against a massive array of micro-organisms. Klenerman also considers what happens when our immune systems fail to be activated effectively, leading to serious infections, problems with inherited diseases, and also HIV/AIDS. At the opposite extreme, as Klenerman shows, an over-exaggerated immune response leads to inflammatory diseases such as Multiple Sclerosis and Rheumatoid Arthritis, as well as allergy and asthma. Finally he looks at the ""Immune system v2.o"" - how immune therapies and vaccines can be advanced to protect us against the major diseases of the 21st century. ABOUT THE SERIES: The Very Short Introductions series from Oxford University Press contains hundreds of titles in almost every subject area. These pocket-sized books are the perfect way to get ahead in a new subject quickly."
079,Immunity :,"Strengthen your immunity for good. In this groundbreaking book, expert immunologist Dr Jenna Macciochi unravels the new science around immunity and decodes exactly what it takes to be well in the modern day. Offering simple, clear and educated advice, and debunking popular myths along the way, Immunity explores the secrets of people who never seem to get ill, why autoimmune disease is more prevalent than ever and how germs are actually good for us. Covering nutrition, exercise, sleep and even mental health, this fascinating book shows us the importance of cultivating long-term health and how to do it."
079,Immunization :,
079,Immunogenetics /,
079,Immunogenetics /,
079,Immunoglobulins in health and disease /,
079,Immunologic aspects of anesthetic and surgical practice /,
079,Immunologic defects in laboratory animals /,
079,Immunology :,
079,Immunology :,
079,Immunology /,
079,Immunology /,
079,Immunology /,
079,Immunology =,
079,Immunology at a glance /,
079,Immunology in clinic practice /,
079,Immunotoxicity testing :,
079,Impact of globalization on the local press in China :,
079,The Indian media :,
079,Infection and immunity /,
079,Interferon 1982.,
079,Interferons :,
079,Interleukin-5 and its receptor system :,
079,Investigative journalism in the Arab world :,
079,Island kingdom strikes back :,
079,Janeway`s immunobiology /,
079,Journalism and communication in China and the West :,"This book sheds new light on the study of journalism and communication, considering why and how journalism is studied in the 21st century. It notably offers both an international and interdisciplinary comparison of journalism and communication, examining the history of Chinese and Western journalism and addressing the similarities and differences between them. Focusing on the education and training of future journalists, it also provides a comprehensive study of news coverage systems in China and in Western countries, including the processing of news sources, attitudes towards news communication and comparative communication scholarship. Researchers of media and journalism will find this a key read, as well as practicing journalists and students of journalism."
079,Journalism and democracy in Asia /,
079,Journalism Asia.,
079,Journalism Asia.,
079,Journalism Asia.,
079,Journalism Asia.,
079,Journalism in India :,
079,Journalism in Iran :,
079,Language in the news :,
079,Latin American adventures in literary journalism /,"Latin American Adventures in Literary Journalism explores the central role of narrative journalism in the formation of national identities in Latin America, and the concomitant role the genre had in the consolidation of the idea of Latin America as a supra-national entity. This work discusses the impact that the form had in the creation of an original Latin American literature during six historical moments. Beginning in the 1840s and ending in the 1970s, Calvi connects the evolution of literary journalism with the consolidation of Latin America's literary sphere, the professional practice of journalism, the development of the modern mass media, and the establishment of nation-states in the region."
079,Lecture notes on immunology /,
079,The limits of the self :,
079,The limits of the self :,"What counts as an individual in the living world? What does it mean for a living thing to remain the same through time, while constantly changing? These questions are the province of immunology, one of the most dynamic fields in biology. Immunology answers these questions with its theory of ""self"" and ""nonself"" which has dominated the field since the 1940s. Thomas Pradeu argues that this theory is inadequate, because immune responses to self constituents and immune tolerance of foreign entities are the rule, not the exception. Instead Pradeu advances an alternative theory, the continuity theory, which offers a new way to answer the question of what triggers an immune response. It also echoes the recent realization that all organisms, and not only higher vertebrates, have an immune system."
079,Lucknow daily :,"""Anthropological study of journalists and their work in a north Indian city ..."""
079,Manual of clinical immunology /,
079,Mekim nius :,
079,Metaphor and entertainment :,
079,Metro newspaper journalists in China :,
079,Modern journalism :,
079,Modern journalism /,
079,The Modulation of immunity /,
079,Molecular aspects of innate and adaptive immunity /,
079,Molecular cloning and analysis of lymphokines /,
079,Monoclonal antibodies and T cell products /,
079,Narrating the crisis :,
079,Nation as grand narrative :,
000,Negotiating India in the nineteenth century media /,
079,Negotiating India in the nineteenth century media /,
079,Neural modulation of immunity :,
079,The new Arab journalist :,
079,New Zealand contract and commercial legislation.,
079,News at work :,
079,News from the Capital;,
079,The News in focus :,
079,Newsworkers :,"""Comparing a range of European countries, this study looks at how journalistic work has been affected by the changes to journalism institutions""--"
079,Newsworkers :,"""Comparing a range of European countries, this study looks at how journalistic work has been affected by the changes to journalism institutions""--"
079,The Nobel factor :,
079,"Nutrition, immunity, and infection /","Both nutrition deficiency and overnutrition can have a significant effect on the risk of infection. Nutrition, Immunity, and Infection focuses on the influence of diet on the immune system and how altering one’s diet helps prevent and treat infections and chronic diseases. This book reviews basic immunology and discusses changes in immune function throughout the life course. It features comprehensive chapters on obesity and the role of immune cells in adipose tissue; undernutrition and malnutrition; infant immune maturation; pre- and probiotics; mechanisms of immune regulation by various vitamins and minerals; nutrition and the aging immune system; nutrition interactions with environmental stress; and immunity in the global health arena. Nutrition, Immunity, and Infection describes the various roles of nutrients and other food constituents on immune function, host defense, and resistance to infection. It describes the impact of infection on nutritional status through a translational approach. Chapters bring together molecular, cellular, and experimental studies alongside human trials so that readers can assess both the evidence for the effects of the food component being discussed and the mechanisms underlying those effects. The impact of specific conditions including obesity, anorexia nervosa, and HIV infection is also considered. Chapter authors are experts in nutrition, immunity, and infection from all around the globe, including Europe, Australia, Brazil, India, and the United States. This book is a valuable resource for nutrition scientists, food scientists, dietitians, health practitioners, and students interested in nutrition and immunity."
079,The origins of health and disease /,"""Some phenomena in medicine and psychology remain unexplained by current theory. Chronic fatigue syndrome, repetitive strain injury and irritable bowel syndrome, for example, are all diseases or syndromes that cannot be explained in terms of a physiological abnormality. In this intriguing book, Michael Hyland proposes that there is a currently unrecognised type of illness which he calls 'dysregulatory disease'. Hyland shows how such diseases develop and how the communication and art of medicine, good nursing care, complementary medicine and psychotherapy can all act to reduce the dysregulation that leads to dysregulatory disease. The Origins of Health and Disease develops a novel theory for understanding health and disease, demonstrates how this theory is supported by existing data and how it explains currently unexplained phenomena. Hyland also shows how his theory leads to new testable predictions that, in turn, will lead to further scientific advancement and development""--Provided by publisher."
079,Political influence of the media in developing countries /,"""This book analyzes the use and structure of media in political forums in developing nations by featuring research on the effects of the media on news consumption and the professional and ethical difficulties journalists and editors face in the dissemination of political messages"""
000,Politics and the press in Thailand :,"This is the first book in the English language to examine the tangled web of relationships linking newspaper owners, editors and reporters, with leading politicians and power-holders. Duncan McCargo has been granted unique access to the editorial meetings of Thailand's leading newspapers, and drawing on this, the book uncovers the contradictions and dichotomies which underlie political coverage in the Thai press."
079,Press and politics in Africa /,
079,Press and working class consciousness in developing societies :,
079,The Press Council :,"Study of the working of the Press Council of India; includes verdicts, acts, regulations, etc."
079,The press in Ghana :,
079,The press in India :,
079,The press in South Africa /,
079,"The press in Tamil Nadu and the struggle for freedom, 1917-1937 /",
079,The press under siege /,
079,"Press, power, and culture in imperial Brazil /",
079,Principles of cellular and molecular immunology /,
079,Principles of immunological diagnosis in medicine /,
079,Principles of immunopharmacology /,
079,Print and the Urdu public :,"""In early twentieth century British India, prior to the arrival of digital medias and after the rise of nationalist political movements, a small-town paper from the margins became a key node for an Urdu journalism conversation with particular influence in the United Provinces and Punjab. Understanding this newspaper's rise shows how a print public characterized by bottom-up as well as top-down approaches influenced the evolution of a new type of Urdu public in 20th century South Asia. Addressing a gap in scholarship on Urdu media in the early 20th century, during the period where it underwent some of its most critical transformations, this book contributes a discursive and material analysis of a previously unexamined Urdu newspaper Madinah, augmenting its analysis with evidence from contemporary Urdu, English and Hindi papers, government records, private diaries, private library holdings, ethnographic interviews with families who owned and ran the newspaper, and training materials for newspaper printers. Madinah identified the Urdu newspaper conversation both explicitly and implicitly with Muslim identity, a commitment that became difficult to manage as the pro-Congress paper sought simultaneously to counter calls for Pakistan, to criticize Congress' treatment of Muslims, and to emphasize Urdu's necessary connection to Muslim identity. Since Madinah delineated the boundaries of a Muslim, public conversation in a way that emphasized rootedness to local politics and small urban spaces like Bijnor, this study demonstrates the necessity of considering spatial and temporal orientation in studies of the public in South Asia""--"
079,Professional journalism /,
079,Professional journalism /,
079,Psychoneuroimmunology :,
079,Psychoneuroimmunology /,
079,Public opinion about Indigenous issues in Australia : local talk and journalistic practice /,
079,Quality building award 2002 =,
079,Regulatory T cells /,
079,Reporting in an African country :,
079,Roitt's essential immunology /,"""A new, 12th edition of the definitive Immunology textbook, now fully up-to-date on the latest knowledge and concepts about the workings of the immune system. Essential Immunology is a perfect course textbook to support a series of lectures, or themes, on Immunology: pedagogy has been strengthened throughout, and the text is now fully supported by a suite of online resources as well as a FREE enhanced Wiley Desktop Edition""--Provided by publisher."
093,Ancient libraries /,
093,Ancient libraries /,"""The circulation of books was the motor of classical civilization. But books were both expensive and rare, and so libraries - private and public, royal and civic - played key roles in articulating intellectual life. This collection, written by an international team of scholars, presents a fundamental reassessment of how ancient libraries came into being, how they were organised, and how they were used. Drawing on papyrology and archaeology, and on accounts written by those who read and wrote in them, it presents new research on reading cultures, on book collecting, and on the origins of monumental library buildings. Many of the traditional stories told about ancient libraries are challenged. Few were really enormous, none were designed as a research centre, and occasional conflagrations do not explain the loss of most ancient texts. But the central place of libraries in Greco-Roman culture emerges more clearly than ever.""--back cover."
093,The apostle /,
093,Aristotle's economics :,"Aristotle’s Economics is a thoughtful and comprehensive account of Aristotle's intellectual system. Drawing upon all of his surviving writings, this book deftly illustrates how Aristotle considered economics to be just one of many areas which make up the social and political whole.David Reisman offers an in-depth and accessible analysis of Aristotle’s theories, adeptly comparing them to the work of his contemporaries. Adopting an interdisciplinary approach, this book demonstrates how Aristotle embedded his economics in a wider synthesis that extends from scientific method to ethics, law and the spectrum of constitutions. Aristotle’s economics cannot be separated from his ideas on the good society, the pragmatic state and the sensible guidance of far-sighted intellectuals. Aristotle’s Economics shows that Aristotle put morals before things. His lasting message was that material goods should only be seen as the means to a fruitful and varied life rather than as life’s end and goal.This thought-provoking study will be of interest to students, academics and researchers in economic thought and political economy. Aristotle linked his economics to political and social theory. This book will appeal to readers who believe that the answers to many of our present-day problems lie in the history of ideas and the work of Plato’s most distinguished disciple."
093,The art of terrestrial diagrams in early China /,"""This is the first English-language monograph on the early history of cartography in China. Its chief players are three maps found in tombs that date from the fourth to the second century BCE and together constitute the entire known corpus of ancient Chinese maps (ditu). A millennium separates them from the next available map from 1136 CE. Most scholars study them through the lens of modern, empirical definitions of maps and their use. This book offers an alternative view by drawing on methods not just from cartography but from art history, archaeology, and religion. It argues that, as tomb objects, the maps were designed to be simultaneously functional for the living and the dead-that each map was drawn to serve navigational purposes of guiding the living from one town to another as well as to diagram ritual order, thereby taming the unknown territory of the dead. In contrast with traditional scholarship, The Art of Terrestrial Diagrams in Early China proposes that ditu can ""speak"" through their forms. Departing from dominant theories of representation that forge a narrow path from form to meaning, the book braids together two main strands of argumentation to explore the multifaceted and multifunctional diagrammatic tradition of rendering space in early China""--"
093,The art of the Scythians :,"This volume offers a detailed consideration of the style, technology, and iconographic implications of the art of the Scythians, organized by object typology and chronology, and considered against a broader historical, expressive, and technical background; that of the Scythians' Eurasian sources, of earlier and contemporary West Asian cultures, and of the Hellenic culture which emerged beside that of the Scythians in the northern littoral of the Black Sea."
093,The birth of politics :,"""[An introduction] to the foundations of Western political thought, from the Greeks, who invented democrary, to the Romans, who created a republic and then transformed it into an empire...[Lane] focuses on eight political ideas from the Greco-Roman world that are especially influential today...and describes how the ancient formulations of these ideas often challenge widely held modern assumptions""--From publisher description on book jacket."
093,The Cambridge companion to ancient Greek political thought /,"The Cambridge Companion to Ancient Greek Political Thought provides a guide to understanding the central texts and problems in ancient Greek political thought, from Homer through the Stoics and Epicureans. Composed of essays specially commissioned for this volume and written by leading scholars of classics, political science, and philosophy, the Companion brings these texts to life by analysing what they have to tell us about the problems of political life. Focusing on texts by Homer, Herodotus, Thucydides, Plato, and Aristotle, among others, they examine perennial issues, including rights and virtues, democracy and the rule of law, community formation and maintenance, and the ways in which theorizing of several genres can and cannot assist political practice."
093,The Cambridge companion to ancient rhetoric /,
093,Communities of style :,
093,The concept of man in Early China /,
093,The construction of time in antiquity :,"Time has always held a fascination for human beings, who have attempted to relate to it and to make sense of it, constructing and deconstructing it through its various prisms, since time cannot be experienced in an unmediated way. This book answers the needs of a growing community of scholars and readers who are interested in this interaction. It offers a series of innovative studies by both senior and younger experts on various aspects of the construction of time in antiquity. Some articles in this book contain visual material published for the first time, while other studies update the field with new theories or apply new approaches to relevant sources. Within the study of antiquity, the book covers the disciplines of Classics and Ancient History, Assyriology, Egyptology, Ancient Judaism, and Early Christianity, with thematic contributions on rituals, festivals, astronomy, calendars, medicine, art, and narrative."
093,Cosmic problems :,
093,Creating Celtic animal designs :,"""Many instruction books focus on how to duplicate a given set of designs, but this unique work shows how to create your own. Cari Buziak presents simple, step-by-step directions for incorporating animal forms into Celtic designs""--"
093,The culture of the Roman plebs /,"The common man in the Roman street is beginning at last to attract the attention he deserves from specialists;his active, noisy role in the politics of the late Republic has been restored to him and now the time has come to try to look a bit further inside his head, at his culture, not in the conventionally book-defined sense of what - if anything - he read and wrote, but of the songs he sang, the dances and music he preferred, the shows he saw, the games he played, the scraps of knowledge he picked up, the Greek he learned from the Syrians across the landing, the odds and ends of the history of Rome he had picked up from statues, processions, plays. This is the first attempt to reconstruct what your average Roman talked about in the bar or in the multi-seater latrine. All Latin is translated and all due care is taken of the non-specialist's requirements."
093,Death in the Greek world :,
093,Die staatshaushaltung der Athener /,
093,Early printed books /,
000,East Asia and America :,
093,East Asian ecocriticisms :,
093,From the wistaria bush /,
093,Glass along the Silk Road from 200 BC to AD 1000 :,
093,"Good Italy, bad Italy :",
093,Greek political thought /,
093,The history of the Arthaśāstra :,
093,Individualism in early China :,
093,The Kizilbash-Alevis in Ottoman Anatolia :,
093,Legal reform in English Renaissance literature /,"This book investigates rhetorical and representational practices that were used to monitor English law at the turn of the seventeenth century. The late-Elizabethan and early-Jacobean surge in the policies and enforcement of the reformation of manners has been well-documented. What has gone unnoticed, however, is the degree to which the law itself was the focus of reform for legislators, the judiciary, preachers, and writers alike. While the majority of law and literature studies characterize the law as a force of coercion and subjugation, this book instead treats in greater depth the law's own vulnerability, both to corruption and to correction. In readings of Spenser's 'Faerie Queene', the 'Gesta Grayorum', Donne's 'Satyre V', and Shakespeare's 'Measure for Measure' and 'The Winter's Tale', Strain argues that the terms and techniques of legal reform provided modes of analysis through which legal authorities and literary writers alike imagined and evaluated form and character. Reevaluates canonical writers in light of developments in legal historical research, bringing an interdisciplinary perspective to works. Collects an extensive variety of legal, political, and literary sources to reconstruct the discourse on early modern legal reform, providing an introduction to a topic that is currently underrepresented in early modern legal cultural studiesAnalyses the laws own vulnerability to individual agency."
093,Literature's refuge :,"""For the Translation/Transnation comparative literature series, a monograph that explores the refugee and diasporic literatures that resulted from the 1923 population exchange between Greece and Turkey""--"
093,Novel possibilities :,"In Novel Possibilities Joseph Childers considers the role of the novel, and especially the social-problem novel of the 1840s, in interpreting and shaping the cultures of the early Victorian period. Childers contends that novels such as Benjamin Disraeli`s Coningsby, Elizabeth Gaskell`s Mary Barton, and Charles Kingsley`s Alton Locke were in direct competition with other forms of public discourse for interpretive dominance of their age. Childers examines the interactions between the novel and a set of texts generated by parliamentary and radical politics, the sanitation reform movement, and religion. Reversing the position of earlier studies of this period, he argues that the novel was in fact constitutive of - and often provided the model fortexts as diverse as the political agendas of Robert Peel and T. B. Macaulay or Edwin Chadwick`s enormously important Report on the Sanitary Condition of the Labouring Population of Great Britain, with its seemingly encyclopedic description of the conditions of poverty."
093,On the fringe of commentary :,"This volume contains the papers of the second meeting of the international scholarly network ""The Hermeneutic of Judaism, Christianity and Islam,"" held in Aix-en-Provence (September 25-27, 2008). Drawing on Gerard Genette's theory of the five different types of ""transtextuality"" (Palimpsestes, Paris 1982) - intertextuality, paratextuality, metatextuality, hypertextuality, and architextuality - , the volume discusses the practices of metatextuality as diverse as commentaries, hypomnemata, pesharim, targumim, Talmud, allegoresis, glosses, scholia, catenae, questions-and-responses (erotapocriseis), prophetic extracts, hypotheses, homilies, integumenta and involucra, Keys to Dreams, translations, and transliterations in the ancient Mediterranean and Near Eastern cultures. Presented with an introduction designed to expand and re-contextualize this issue, the eighteen communications discuss common strategies of metatextuality in Greek and Jewish culture as well as its various manifestations in the Septuagint and other Jewish texts, in the literature of the Ancient Near East and Egypt, in the Greco-Roman world, and in the late antique and medieval literature."
093,Painting the Mediterranean Phoenician :,"""This book focuses on the Canaanite-Phoenician economic systems that predominated in and determined Mediterranean history. Phoenician trade networks were sophisticated and elaborate operations that required a highly developed society and institutions in order to spread and be maintained. By tracking the manufacture, use, and shipment routes of Phoenician products, primarily those traded in amphorae and bottles but also fine-ware and their associated assemblages, a new map of Mediterranean connectivity and interrelations emerges, whose routes, operations and cultural affiliation lasted a long time. The Phoenician trade-nets are presented geographically, with special attention paid to the traceable product networks involving wine, salted fish, or perfumed oils""--"
093,Postsecular Benjamin :,
093,Prince of the Ghetto /,
093,Principles of decoration in the Roman world /,"This book explores the manner in which architectural settings and action contexts influenced the perception of decoration in the Roman world. Crucial to the relationship between ancient viewers and media was the concept of decor, a term employed by Vitruvius and other Roman authors to describe the appropriateness of particular decorative elements to the environment in which they were located. The papers in this volume examine a diverse range of decorated spaces, from press rooms to synagogues, through the lens of decor. In doing so, they shed new light on the decorative principles employed across Roman Italy and beyond."
093,Principles of Macroeconomics in New Zealand /,
093,Rabbis as Romans :,
093,Rethinking classical Indo-Roman trade :,
093,The Roman games :,
093,Scribal repertoires in Egypt from the New Kingdom to the early Islamic period /,"Scribal Repertoires in Egypt from the New Kingdom to the Early Islamic Period deals with the possibility of glimpsing pre-modern and early modern Egyptian scribes, the actual people who produced ancient documents, through the ways in which they organized and wrote those documents. While traditional research has focused on identifying a 'pure' or 'original' text behind the actual manuscripts that have come down to us from pre-modern Egypt, the volume looks instead at variation - different ways of saying the same thing - as a rich source for understanding the complex social and cultural environments in which scribes lived and worked, breaking with the traditional conception of variation in scribal texts as 'free' or indicative of 'corruption'. As such, it presents a novel reconceptualization of scribal variation in pre-modern Egypt from the point of view of contemporary historical sociolinguistics, seeing scribes as agents embedded in particular geographical, temporal, and socio-cultural environments. Introducing to Egyptology concepts such as scribal communities, networks, and repertoires, among others, the authors then apply them to a variety of phenomena, including features of lexicon, grammar, orthography, palaeography, layout, and format. After first presenting this conceptual framework, they demonstrate how it has been applied to better-studied pre-modern societies by drawing upon the well-established domain of scribal variation in pre-modern English, before proceeding to a series of case studies applying these concepts to scribal variation spanning thousands of years, from the languages and writing systems of Pharaonic times, to those of Late Antique and Islamic Egypt."
093,Sport and spectacle in the ancient world /,
093,Sport and spectacle in the ancient world /,
093,Theories of truth in Chinese philosophy :,"Theories of Truth in Chinese Philosophy deals with debates surrounding the concept of truth in early Chinese thought, from the earliest periods through to the Han dynasty. Alexus McLeod focuses first on the question of whether there is a concept of truth in early Chinese thought, giving a critical overview of the positions of contemporary scholars on this issue, outlining their arguments and considering objections and possible problems and alternatives. McLeod then goes on to consider a number of possible theories of truth in early Chinese philosophy, giving an overview of what he takes to be the main contenders for truth concepts in the early material, and surrounding concepts and positions.In addition, the author considers how these theories of truth might be relevant in contemporary debates surrounding truth, as well as in the context of theories of truth in the history of philosophy, both in Western and Indian thought."
093,Trade in the ancient Sahara and beyond /,"Saharan trade has been much debated in modern times, but the main focus of interest remains the medieval and early modern periods, for which more abundant written sources survive. The pre-Islamic origins of Trans-Saharan trade have been hotly contested over the years, mainly due to a lack of evidence. Many of the key commodities of trade are largely invisible archaeologically, being either of high value like gold and ivory, or organic like slaves and textiles or consumable commodities like salt. However, new research on the Libyan people known as the Garamantes and on their trading partners in the Sudan and Mediterranean Africa requires us to revise our views substantially. In this volume experts re-assess the evidence for a range of goods, including beads, textiles, metalwork and glass, and use it to paint a much more dynamic picture, demonstrating that the pre-Islamic Sahara was a more connected region than previously thought."
093,"Trade, commerce, and the state in the Roman world /","This volume presents eighteen papers by leading Roman historians and archaeologists discussing trade in the Roman Empire during the period c.100 BC to AD 350. It focuses especially on the role of the Roman state in shaping the institutional framework for trade within and outside the empire, in taxing that trade, and in intervening in the markets to ensure the supply of particular commodities, especially for the city of Rome and for the army."
093,Tropical lands :,
093,Tying the threads of Eurasia :,
093,Women writing about money :,
093,Writing and materiality in ancient China :,""" Writing and Materiality in an Early Chinese Kingdom is an interdisciplinary study of the different kinds of writing (manuscripts made of silk, bamboo, and wood, as well as inscriptions in different media) discovered in three southern Chinese tombs dating to the first half of the second century B.C.E (early Han dynasty) at a site called Mawangdui. Studying these texts as things-artifacts to be manufactured, used, stored, displayed, performed, viewed, owned, and eventually buried-Luke Waring explores the different roles writing played in the lives and afterlives of three Chinese nobles, and those connected to them, including groups that are underrepresented in early sources such as women and non-elites. Intervening in debates surrounding the extent of literacy in Early China and the functions manuscripts played in ancient burials, Waring shows that during this period writing was not used simply to record or communicate important information, but also to complement and reinforce broader notions of material display, ritual performance, and cultural prestige, and that written texts were part of the elite visual and material cultures of their time. A detailed case study that draws on sources and scholarship from other parts of the ""ancient world,"" the book also makes use of approaches and methodologies developed in a range of overlapping disciplines, including literature and philology, history and archaeology, religion, art history, and material culture studies.""-- Provided by publisher."
093,Writing and society in ancient Cyprus /,"From its first adoption of writing at the beginning of the Late Bronze Age, ancient Cyprus was home to distinctive scripts and writing habits, often setting it apart from other areas of the Mediterranean and Near East. This well-illustrated volume is the first to explore the development and importance of Cypriot writing over a period of more than 1,500 years in the second and first millennia BC. Five themed chapters deal with issues ranging from the acquisition of literacy and the adaptation of new writing systems to the visibility of writing and its role in the marking of identities. The agency of Cypriots in shaping the island's literate landscape is given prominence, and an extended consideration of the social context of writing leads to new insights on Cypriot scripts and their users. Cyprus provides a stimulating case to demonstrate the importance of contextualised approaches to the development of writing systems."
093,Writing and society in ancient Cyprus /,"From its first adoption of writing at the beginning of the Late Bronze Age, ancient Cyprus was home to distinctive scripts and writing habits, often setting it apart from other areas of the Mediterranean and Near East. This well-illustrated volume is the first to explore the development and importance of Cypriot writing over a period of more than 1,500 years in the second and first millennia BC. Five themed chapters deal with issues ranging from the acquisition of literacy and the adaptation of new writing systems to the visibility of writing and its role in the marking of identities. The agency of Cypriots in shaping the island's literate landscape is given prominence, and an extended consideration of the social context of writing leads to new insights on Cypriot scripts and their users. Cyprus provides a stimulating case to demonstrate the importance of contextualised approaches to the development of writing systems."
093,Written on bamboo & silk :,
118,當代中國土地管理 /,
118,Advances in composite materials :,
118,"Britain`s productivity problem, 1948-1990 /",
118,Chaos and complexity in psychology :,
118,Closing the productivity gap :,
118,Comparative productivity in British and American industry /,
118,Digital design in action :,
000,Downsizing issues :,
118,Economics of fatigue and unrest /,
118,The economics of higher education :,"The debate regarding the increased funding of higher education has focused on specific issues - such as whether higher education should be financed through general taxation and the implications of collecting fees later in life through the use of a tax surcharge - while largely ignoring the important economic interdependencies which affect them. In The Economics of Higher Education, John Creedy explores the economic foundations of the debate and focuses attention on the process of government decision making including the precise way that these decisions are affected by the possible external effects of higher education. This book addresses the key issues in the debate using a fully specified model which allows for dispersion of abilities, the individual's decision to invest in higher education and the government's choice of higher education grant, along with the government's budget constraint. This model is also used to consider the effects of alternative tax and grant systems on the distribution of lifetime income within a cohort of individuals, and is extended to allow for the general equilibrium effects of other social transfers to the low paid, along with means testing of grants. The non-technical introduction discusses the author's approach, the framework of analysis and the conclusions which he has reached. As a rigorous analytical contribution to a major public policy debate, this book will be welcomed by policy makers and educationalists, as well as by teachers and researchers in the field of public economics."
118,Equity and efficiency considerations of public higher education /,
118,Facing up to low productivity growth /,"In this volume, a dozen renowned scholars analyze the impact of sustained lower productivity growth on public finances, social protection, trade, capital flows, wages, inequality, and, ultimately, politics in the advanced industrial world. They conclude that slow productivity growth could lead to unpredictable and possibly dangerous new problems, aggravating inequality and increasing concentration of market power. Facing Up to Low Productivity Growth also proposes ways that countries can cope with these consequences."
118,Fiber-reinforced composites :,
118,Financing higher education in Africa.,
118,The force of reason and the logic of force /,
118,Human work productivity :,"""Preface Our world is in an economic flux. The relative economic prowess and hence the influence of industry and commerce on the international stage have created a state of unstable and dynamic equilibrium. The interconnectedness of individual productivity, gross domestic product (GDP), global economic impacts, and potential for technological innovation and advancement has never been so apparent. Thus, enhancement of individual productivity exerts a direct impact on personal prosperity, national affluence, and international influence. Based on these connections and impacts, worker productivity has assumed a central and vital place in our individual and collective economic lives. This is an opportune time to delve into certain aspects of productivity. A topic as broad as productivity deserves and demands an exhaustive discourse--a task that is daunting and beyond the scope of this work. This book is an effort to explore some aspects of productivity in an attempt to expand our understanding of its benefits and consequences. This book begins with a chapter by Gilad and Elnekave that proposes cost-effective ergonomic improvements to boost individual productivity. These authors measured job elements and determined task durations by extracting elemental times from motion-time tables and analyzing them. Using such a quantitative approach, they were able to improve the operation time and determine appropriate rest allowances. Al Kadeem conversely addresses similar issues by redesign and rearrangement of the workplace to enhance productivity (Chapter 2). Landau et al. (Chapter 3) discuss the impact of increasing ages of workers in the labor force. Contrary to common belief, they found that declines in productivity due to age were minor""--"
118,Institutional advancement strategies in hard times /,
118,Introduction to the network approximation method for materials modeling /,"""In recent years the traditional subject of continuum mechanics has grown rapidly and many new techniques have emerged. This text provides a rigorous, yet accessible introduction to the basic concepts of the network approximation method and provides a unified approach for solving a wide variety of applied problems. As a unifying theme, the authors discuss in detail the transport problem in a system of bodies. They solve the problem of closely placed bodies using the new method of the network approximation for partial differential equations with discontinuous coefficients, developed in the 2000s by applied mathematicians in the USA and Russia. Intended for graduate students in applied mathematics and related fields such as physics, chemistry and engineering, the book is also a useful overview of the topic for researchers in these areas.In recent years the traditional subject of continuum mechanics has grown rapidly and many new techniques have emerged. This text provides a rigorous, yet accessible introduction to the basic concepts of the network approximation method and provides a unified approach for solving a wide variety of applied problems. As a unifying theme, the authors discuss in detail the transport problem in a system of bodies. They solve the problem of closely placed bodies using the new method of the network approximation for partial differential equations with discontinuous coefficients, developed in the 2000s by applied mathematicians in the USA and Russia. Intended for graduate students in applied mathematics and related fields such as physics, chemistry and engineering, the book is also a useful overview of the topic for researchers in these areas""--"
118,Modern aspects of protein adsorption on biomaterials /,
118,Nanoclay-based sustainable materials :,"Nanoclay-based Sustainable Materials: Functional Properties, Characterization, and Multifaceted Applications provides a detailed overview of the preparation, processing, and application of earth-abundant nanoclay fillers. The book encompasses the critical applications of nanoclays, comprising emerging themes such as environmental bioremediation, energy harvesting and storage, bio-sensing (both medical and ecological), catalysis, antimicrobial, and biomedical applications, such as drug delivery, tissue engineering and wound healing, nanomedicine, and much more. This book is an important reference source for all those who are working in the research and development sector and need to learn more about nanoclay-based materials for sustainable development.Features fundamentals and state-of-the-art developments in the field of nanoclays, providing an overview on their classification, preparation and properties; Explores the deployment and application of nanoclays in water treatment, biomedical applications, energy storage and harvesting, and environmental remediation, among others; Discusses advancements of nanoclays and present challenges and future possibilities for innovative applications"
118,New research on nanocomposites /,
118,Participative management :,"This study, first published in 1997, examines the relationship between the style of management used and the level of productivity, measured in terms of the organization's financial stability. Other variables examined include the age of the top level managers, their educational level, the size and age of the organization, and the organization's physical parameters. By determining whether or not productivity is affected by the use of a participative style of management, the author is laying the groundwork for making companies more competitive."
118,Polymer-based multifunctional nanocomposites and their applications /,
118,Productivity and American leadership :,
118,Productivity in transition /,
118,"Productivity, technology, and industrial development :",
118,Public enterprise revisited :,
118,Public expenditure on higher education :,
118,Public funding of higher education :,"""In Public Funding of Higher Education, scholars and practitioners address the complexities of the new climate and the impact of recent trends on policy and on political advocacy at the federal, state, and institutional level. Rethinking traditional rationales for public financing, contributors to this volume offer alternatives for policymakers, administrators, faculty, students, and researchers struggling with this difficult practical dynamic.""--BOOK JACKET."
118,Reform and productivity growth in India :,
118,Review of the University Grants Committee :,
118,The service productivity and quality challenge /,
118,Short story criticism :,
118,"Skills, wages, and productivity in the service sector /",
118,Slow productivity :,"""The author of Digital Minimalism and Deep Work offers a philosophy for pursuing meaningful accomplishment while avoiding overload. History's most creative and impactful philosophers, scientists, artists, and writers mastered the art of producing valuable work with staying power. In this book, Cal Newport harnesses the wisdom of these traditional knowledge workers to transform modern jobs. Drawing from research on the habits and mindsets of a varied cast of thinkers from Galileo and Isaac Newton to Jane Austen and Georgia O'Keefe, Newport lays out the key principles of ""slow productivity"" and provides step-by-step advice for workers to replace the standard notion of productivity with a slower, more humane alternative""--"
118,Struggle around the Central Plains :,
118,Taking public universities seriously /,
118,The determinants of employee productivity and earnings : some new evidence /,
118,The elements of sculpture :,"Compelling and jargon-free, The Elements of Sculpture discovers and isolates the attributes - from the most physical to the most ephemeral - that make up an essential three-dimensional visual language; the very elements that form the tools sculptors use to create their art: Material, Place, Surface, Edge, Texture, Colour, Scale, Mass, Centre of Gravity, Volume, Space, Movement, Light and Memory. By teaching us how to look at and experience sculpture in the same way that sculptors think about sculpture, Herbert George provides us with the tools for understanding and appreciating the three-dimensional object, and demonstrates how we can begin to communicate using the language of sculpture."
118,Three essays on productivity growth /,
118,Uncertainty quantification in laminated composites :,"Over the last few decades, uncertainty quantification in composite materials and structures has gained immense attention from the research community over the last few decades. This book presents efficient uncertainty quantification schemes following meta-model-based approaches for stochasticity in material and geometric parameters of laminated composite structures. Several meta-models have been studied for this purpose and comparative results are presented for different static and dynamic responses. In addition, results for sensitivity analyses are presented to provide a complete understanding of the relative importance of different material and geometric parameters in global structural responses."
118,Unproductive labour in political economy :,"Contemporary mainstream economists see social wealth as the sum of individual incomes, but for three centuries many economists saw wealth as consisting of the public and private resources of a nation. This led them to explore the idea of unproductive labour, which provides a nation with an individual income, but does not contribute to an increase in social wealth or help to foster development. This book analyses the evolution of ideas surrounding unproductive labour, offering an unprecedented history that guides readers from the work of Petty through to the present economic crisis. This volume explores the work of several key scholars, including Smith, Petty, Marx, Ricardo, Mill, Say and Schumpeter. This book is suitable for scholars and researchers with an interest in the history of economic thought, labour economics and economic philosophy."
118,Unproductive labour in political economy :,"Contemporary mainstream economists see social wealth as the sum of individual incomes, but for three centuries many economists saw wealth as consisting of the public and private resources of a nation. This led them to explore the idea of unproductive labour, which provides a nation with an individual income, but does not contribute to an increase in social wealth or help to foster development. This book analyses the evolution of ideas surrounding unproductive labour, offering an unprecedented history that guides readers from the work of Petty through to the present economic crisis. This volume explores the work of several key scholars, including Smith, Petty, Marx, Ricardo, Mill, Say and Schumpeter. This book is suitable for scholars and researchers with an interest in the history of economic thought, labour economics and economic philosophy."
151,A brief introduction to managerial and social uses of accounting /.,
151,A custom edition of Cost accounting :,
151,ACCA practice & revision kit.,
151,ACCA study text.,
151,Accelerated accounting : a managerial approach /.,
151,Accounting for decision making and control /,"Accounting for Decision Making and Control provides students and managers with an understanding appreciation of the strengths and limitations of an organization’s accounting system, thereby allowing them to be more intelligent users of these systems. The Ninth Edition demonstrates that managerial accounting is an integral part of the firm’s organizational architecture, not just an isolated set of computational topics. Managers in all organizations, throughout their professional careers, interact with their accounting systems as it is both a source of information for decision making and part of the organization’s control mechanisms."
151,Accounting for decision making and control /,"Accounting for Decision Making and Control provides students and managers with an understanding appreciation of the strengths and limitations of an organization’s accounting system, thereby allowing them to be more intelligent users of these systems. The Ninth Edition demonstrates that managerial accounting is an integral part of the firm’s organizational architecture, not just an isolated set of computational topics. Managers in all organizations, throughout their professional careers, interact with their accounting systems as it is both a source of information for decision making and part of the organization’s control mechanisms."
151,Accounting for decision making and control /,
151,Accounting for management /,"Accounting for Management has been designed to acclimatize the readers with various accounting concepts, techniques and their applications in managerial decision making. This textbook not only covers the core topics of three branches of accounting but also the contemporary topics such as Accounting for Price Level Changes, Accounting for Human Resource, Accounting for Service Organisation, Life Cycle Accounting, IFRS and Ind-AS and many more. With an analytical and problem-solving approach, this book will specifically cater to the needs of business management students and budding managers."
151,Accounting for managers :,
151,Accounting for managers /,
151,"Accounting, finance and management /",
151,Activity based management :,"This title was first published in 2001: Product and particularly customer profitability are black holes in most managers' understanding of their business. Identifying customer revenue is easy but identifying what they cost - so we can understand whether or not they are profitable - is difficult. In a world in which competition, regulation and the increasing use of the Internet put ever greater pressure on margins it is vitally important to understand both product- and customer-profitability. Activity Based Management (ABM) enables you to do this. This book explains the power of using ABM to increase the profitability of your business. It provides step-by-step guidance on basic principles, comparisons between traditional methods, definitions of processes, activities and cost-drivers as well as details of data collection techniques and implementation steps. Through the book's numerous detailed examples a logical picture builds up of how to obtain the benefits that ABM can deliver. On its own ABM will change management decision-making: by showing how ABM also supports other profit improvement initiatives such as Business Process Reengineering, Shareholder Value Added and Customer Relationship Management, managers will learn how they can use the best possible toolkit to put their business firmly on the road to leaps in profitability."
151,Advanced management accounting /,
151,Advanced mathematical approach to biology /,
151,Advances in management accounting /,
151,The alienation of modern man;,
151,Analysis for financial management /,"Analysis for Financial Management, 12e presents standard techniques and modern developments in a practical and intuitive manner with an emphasis on the managerial applications of financial analysis. It is intended for non-financial managers and business students interested in the practice of financial management."
151,Analysis for financial management /,
151,Analysis for financial management /,
151,Analysis for financial management /,
151,Analysis for financial management /,
151,Analysis for financial management /,
151,Analysis for financial management /,
151,Analysis for financial management /,
151,Analysis for financial management =,
151,Analyzing qualitative data /,"This major inter-disciplinary collection, edited by two of the best respected figures in the field, provides a superb general introduction to this subject. Chapters include discussions of fieldwork methodology, analyzing discourse, the advantages and pitfalls of team approaches, the uses of computers, and the applications of qualitative data analysis for social policy. Shrewd and insightful, the collection will be required reading for students of the latest thinking on research methods."
151,Animal dispersion in relation to social behaviour /,
151,Animal psychology /,
151,ANOVA :,
151,Applications of calculus to biology and medicine :,"Biology majors and pre-health students at many colleges and universities are required to take a semester of calculus but rarely do such students see authentic applications of its techniques and concepts. Applications of Calculus to Biology and Medicine: Case Studies from Lake Victoria is designed to address this issue: it prepares students to engage with the research literature in the mathematical modeling of biological systems, assuming they have had only one semester of calculus. The text includes projects, problems and exercises: the projects ask the students to engage with the research literature, problems ask the students to extend their understanding of the materials and exercises ask the students to check their understanding as they read the text. Students who successfully work their way through the text will be able to engage in a meaningful way with the research literature to the point that they would be able to make genuine contributions to the literature."
151,Applied multivariate research :,
151,Applied multivariate research :,
151,Applied regression analysis and generalized linear models /,"Combining a modern, data-analytic perspective with a focus on applications in the social sciences, the Third Edition of Applied Regression Analysis and Generalized Linear Models provides in-depth coverage of regression analysis, generalized linear models, and closely related methods, such as bootstrapping and missing data. Updated throughout, this Third Edition includes new chapters on mixed-effects models for hierarchical and longitudinal data. Although the text is largely accessible to readers with a modest background in statistics and mathematics, author John Fox also presents more advanced material in optional sections and chapters throughout the book."
151,Applied statistics with R :,"This title uses the statistical language R, which is the choice of ecologists worldwide and is rapidly becoming the 'go-to' stats program throughout the life-sciences. Furthermore, by using a single, real-world dataset throughout the book, readers are encouraged to become deeply familiar with an imperfect but realistic set of data."
151,Assessing measurement invariance for applied research /,"""Assessing Measurement Invariance for Applied Research will provide psychometricians and researchers across diverse disciplines in the social sciences the necessary knowledge and skills to select and apply appropriate methods to assess measurement invariance. It is a user-friendly guide that describes a variety of statistical methods using a pedagogical framework emphasizing conceptual understanding with extensive illustrations that demonstrate how to use software to analyze real data. A companion website (people.umass.edu/cswells) provides downloadable computer syntax and the data sets demonstrated in this book so readers can use them to become familiar with the analyses and understand how to apply the methods with proficiency to their own work. Evidence-supported methods that can be readily applied to real world data are described and illustrated, providing researchers with many options from which to select given the characteristics of their data. The approaches include observed-score methods and those that use item response theory models and confirmatory factor analysis,""--"
151,Automated Data Processing in testing /,
151,Axiomatic consensus theory in group choice and biomathematics /,
151,Balkan genocides :,Details the history of the three major waves of genocide and ethnic cleansing in the Balkan peninsula and Yugoslavia during the twentieth century.
151,Basic concepts in testing /,
151,Basic management accounting for the hospitality industry /,Basic Management Accounting for the Hospitality Industry uses a step by step approach to enable students to independently master the field.
151,Bayesian biostatistics /,
151,Biocalculus :,
151,Biometrics :,"This Very Short Introduction considers the capabilities of biometrics-based identity checking, from first principles to the practicalities of using different types of identification data. Michael Fairhurst looks at the basic techniques in use today, ongoing developments in system design, and emerging technologies, all aimed at improving precision in identification, and providing solutions to an increasingly wide range of practical problems. Considering how they may continue to develop in the future, Fairhurst explores the benefits and limitations of these pervasive and powerful technologies, and how they can effectively support our increasingly interconnected society. --Publisher"
151,Biomimetics :,"""At its simplest, biomimetics is the design and production of materials, structures, and systems that are modelled on biological entities and processes. The concept of biomimetics stems from the realisation that microbes, plants and animals have been continuously evolving to cope with environmental and other challenges. They already have solved design challenges associated with vision, movement in diverse environments, temperature control, and detection of predators and/or prey in myriad ways over millions of years of evolution, providing rich opportunities for development of biomimetic and bioinspired materials. The diversity in form and function of living things is such that they have evolved solutions to most of the challenges that face humans today""--"
151,Biostatistics :,
151,Biostatistics :,
151,Biostatistics using JMP :,"Trevor Bihl's Biostatistics Using JMP: A Practical Guide provides a practical introduction on using JMP, the interactive statistical discovery software, to solve biostatistical problems. Providing extensive breadth, from summary statistics to neural networks, this essential volume offers a comprehensive, step-by-step guide to using JMP to handle your data. The first biostatistical book to focus on software, Biostatistics Using JMP discusses such topics as data visualization, data wrangling, data cleaning, histograms, box plots, Pareto plots, scatter plots, hypothesis tests, confidence intervals, analysis of variance, regression, curve fitting, clustering, classification, discriminant analysis, neural networks, decision trees, logistic regression, survival analysis, control charts, and metaanalysis. Written for university students, professors, those who perform biological/biomedical experiments, laboratory managers, and research scientists, Biostatistics Using JMP provides a practical approach to using JMP to solve your biostatistical problems."
151,Bootstrapping :,
151,Boys and girls in the primary classroom /,
151,Boys and girls in the primary classroom /,
151,The business case for sustainable finance /,
151,Canadian managerial accounting cases /,
151,Case-histories in engineering geology /,
151,Central tendency and variability /,
151,A century of genocide :,"""In a blend of gripping narrative and trenchant analysis, Eric Weitz investigates four of the twentieth century's major eruptions of genocide: the Soviet Union under Stalin, Nazi Germany, Cambodia under the Khmer Rouge, and the former Yugoslavia. Drawing on historical sources as well as trial records, memoirs, novels, and poems, Weitz explains the prevalence of genocide in the twentieth century-- and shows how and why it became so systematic and deadly""--Back cover."
151,Chemical calculations :,
151,"China since the ""Gang of Four"" /",
151,China's sacred sites /,
151,Complex adaptive systems :,
151,Complex organizations :,
151,Complexity theory and the social sciences :,
151,Computational and mathematical modeling in the social sciences /,
151,Computational and mathematical modeling in the social sciences /,
151,Control in business organizations /.,
151,The control of gene expression in animal development /,
151,The controller's function :,"""This book provides an overview of the functions and responsibilities of the controller/management accountant in a corporation. A controller is the chief accounting executive of a corporation whose chief responsibilities include: (1) planning and control (i.e., budgeting), (2) financial reporting and interpreting, (3) tax administration, (4) management audits and development of accounting systems, and (5) internal/IT audits. Topics covered in this book include: Job description for all positions reporting to the controller. Flex budgeting. Discussion of sales bottlenecks. Role of throughput in determining appropriate overhead levels. Throughput analysis for capital investments. Discussion of the fast close for public companies. Discussion of cost reduction and analysis. Cost Accounting. Accounting for acquisitions.""--Provided by publisher."
151,Controller's guide :,
151,Controllership :,
151,"Controllership, the work of the managerial accountant /",
151,Controversial issues in testing /,
151,Cornerstones of financial & managerial accounting /,
151,Cornerstones of managerial accounting /,
151,Cornerstones of managerial accounting /,
151,Corporate finance :,
151,Corporate finance :,"""The tenth edition by Steve Lumby and Chris Jones provides a comprehensive insight into the complex and ever-changing area of corporate finance. Covering some of the common financial decisions that face companies including investment, financing, the dividend decision and the management of risk, this text enables students to reflect on how these types of decisions are made. The strong theoretical approach that underpins the text is enhanced with a range of real world examples which help to put the financial models and frameworks into context. Packed with diverse examples and problems, Corporate Finance provides a broad introduction to the subject in an accessible yet rigorous style.""--Provided by publisher."
151,Corporate finance :,"Lumby and Jones return for a ninth edition of the bestselling Corporate Finance, combining clarity with clout. The strong theoretical approach that underpins the text is enhanced with a range of real world examples putting the models and frameworks into perspective. Packed with diverse examples and problems, this landmark text provides a comprehensive introduction to the subject of corporate finance in an accessible yet rigorous style."
151,Corporate financial accounting /,
151,Corporate financial reporting in a competitive economy /,
151,Corporate sustainability :,
151,Cost accounting :,
151,Cost accounting :,
000,Cost accounting :,
151,Cost accounting :,
151,Cost accounting :,
000,Cost accounting :,
151,Cost accounting :,"The most extensive and in-depth presentation of consolidation topics available, this widely-adopted text explains each topic with a discussion of contemporary accounting theory and practice and with an abundance of examples and illustrations ― e.g., partial working papers, illustrative financial statements, account analyses, journal entries, schedules, etc."
151,Cost accounting :,
151,Cost accounting :,
151,Cost accounting :,
151,Cost accounting :,
151,Cost accounting :,
151,Cost accounting :,
151,Cost accounting /,
151,Cost and management accounting :,
151,Cost and management accounting :,
151,Cost considerations in systems analysis /,
151,A course in mathematical biology :,"This is the only book that teaches all aspects of modern mathematical modeling and that is specifically designed to introduce undergraduate students to problem solving in the context of biology. Included is an integrated package of theoretical modeling and analysis tools, computational modeling techniques, and parameter estimation and model validation methods, with a focus on integrating analytical and computational tools in the modeling of biological processes. Divided into three parts, it covers basic analytical modeling techniques; introduces computational tools used in the modeling of biological problems; and includes various problems from epidemiology, ecology, and physiology. All chapters include realistic biological examples, including many exercises related to biological questions. In addition, 25 open-ended research projects are provided, suitable for students. An accompanying Web site contains solutions and a tutorial for the implementation of the computational modeling techniques. Calculations can be done in modern computing languages such as Maple, Mathematica, and MATLAB®."
151,CPA program strategic management accounting /,
151,Data analysis :,
151,Data analysis /,
151,Data analysis for experimental design /,
151,Developing control concepts in the 20th century /,
151,Developments in financial reporting /,
151,Discovering statistics using R /,
151,Discrete distributions :,
151,Drivers of successful controllership :,"This book is about drivers of successful controllership. Successful controllership services provide an imperatively required support to managers, especially in times of change. But what makes controllership services successful? Our book provides the fi rst comprehensive set of answers to this question. We argue it is not the selection of latest tools and techniques but carefully customized services, motivated and skilful employees, and intensive mutual exchanges with managers and open cooperation with other internal service providers. Our book thus addresses managers who want to learn how they best profi t from a close collaboration with controllers, and controllers who strive to improve the quality of ""their"" services to deliver superior performance."
151,Drivers of successful controllership :,
151,Dynamical system models in the life sciences and their underlying scientific issues /,"Broadly speaking, there are two general approaches to teaching mathematical modeling: 1) the case study approach, and 2) the method based approach (that teaches mathematical techniques with applications to relevant mathematical models). This text emphasizes instead the scientific issues for modeling different phenomena. For the natural or harvested growth of a fish population, we may be interested in the evolution of the population, whether it reaches a steady state (equilibrium or cycle), stable or unstable with respect to a small perturbation from equilibrium, or whether a small change in the environment would cause a catastrophic change, etc. Each scientific issue requires an appropriate model and a different set of mathematical tools to extract information from the model. Models examined are chosen to help explain or justify empirical observations such as cocktail drug treatments are more effective and regenerations after injuries or illness are fast-tracked (compared to original developments)."
151,Earnings accruals and real activities management around initial public offerings :,"The beginning of the new millennium was characterized by company scandals in accounting around the world. A transparent and fair presentation of financial statements is beneficial for capital market participants. Especially around initial public offerings different incentives of these players exist to influence financial statements in diverse aspects. Therefore, studies of earnings management try to identify abnormal behavior. Peter Ising covers additional aspects to shed light on substantial drivers of discretionary reporting behavior around going public. Factors like influence on real activities, industry affiliation, and specific years in the IPO process add further insight to this theoretical and practical topic. The dependence on these factors is high and confirms that company specifics are important for interpretation of financial results."
151,Earnings magic and the unbalance sheet :,
151,"Economic aspects of genocides, other mass atrocities, and their prevention /","Alongside other types of mass atrocities, genocide has received extensive scholarly, policy, and practitioner attention. Missing, however, is the contribution of economists to better understand and prevent such crimes. This edited collection by 41 accomplished scholars examines economic aspects of genocides, other mass atrocities, and their prevention. Chapters include numerous case studies (e.g., California's Yana people, Australia's Aborigines peoples, Stalin's killing of Ukrainians, Belarus, the Holocaust, Rwanda, DR Congo, Indonesia, Pakistan, Colombia, Mexico's drug wars, and the targeting of suspects during the Vietnam war), probing literature reviews, and completely novel work based on extraordinary country-specific datasets. Also included are chapters on the demographic, gendered, and economic class nature of genocide. Replete with research- and policy-relevant findings, new insights are derived from behavioral economics, law and economics, political economy, macroeconomic modeling, microeconomics, development economics, industrial organization, identity economics, and other fields. Analytical approaches include constrained optimization theory, game theory, and sophisticated statistical work in data-mining, econometrics, and forecasting."
151,Economic complexity :,
151,Economics of business decisions /,
151,The effects of information load on financial cognitive complexity and task performance :,
151,Encountering genocide :,"""Cutting-edge in its scope and approach, this unique volume offers first-person accounts of modern genocides to enable readers to more fully examine genocidal experiences and better understand the horror of such events""--"
151,Engineering geological problems in Asia /,
151,Engineering geology and geotechnics /,
151,The entrepreneur's guide to financial statements /,
151,Essential mathematical biology /,
151,Essential mathematical biology /,
151,Ethnostatistics :,"This volume discusses ethnostatistics - the interpretative study of the construction and use of statistics in social research - and will be of equal interest to qualitative and quantitative researchers across the social sciences. On the understanding that the development of a statistic is inherently a qualitative act, the author shows how this act can be studied and analyzed. The interpretative factors in statistical work can be demonstrated at a variety of levels; Gephart shows how each can be usefully illuminated through the use of ethnostatistics to produce more effective, reflexive social research."
151,Excel 2016 for biological and life sciences statistics :,"This book is a step-by-step exercise-driven guide for students and practitioners who need to master Excel to solve practical biological and life science problems. If understanding statistics isn't your strongest suit, you are not especially mathematically-inclined, or if you are wary of computers, this is the right book for you. Excel is an effective learning tool for quantitative analyses in biological and life sciences courses. Its powerful computational ability and graphical functions make learning statistics much easier than in years past. However, Excel 2016 for Biological and Life Sciences Statistics: A Guide to Solving Practical Problems is the first book to capitalize on these improvements by teaching students and managers how to apply Excel 2016 to statistical techniques necessary in their courses and work. Each chapter explains statistical formulas and directs the reader to use Excel commands to solve specific, easy-to-understand biological and life science problems. Practice problems are provided at the end of each chapter with their solutions in an appendix. Separately, there is a full Practice Test (with answers in an Appendix) that allows readers to test what they have learned."
151,Expect the unexpected :,"This textbook introduces the basic concepts from probability theory and statistics which are needed for statistical analysis of data encountered in the biological and health sciences. No previous study is required. Advanced mathematical tools, such as integration and differentiation, are kept to a minimum. The emphasis is put on the examples. Probabilistic methods are discussed at length, but the focus of this edition is on statistics.The examples are kept simple, so that the reader can learn quickly and see the usefulness of various statistical and probabilistic methods. Some of the examples used in this book draw attention to various problems related to environmental issues, climate change, loss of bio-diversity, and their impact on wildlife and humans.In comparison with the first edition of the book, this second edition contains additional topics such as power, sample size computation and non-parametric methods, and includes a large collection of new problems, as well as the answers to odd-numbered problems. Several sections of this edition are accompanied by instructions using the programming language R for statistical computing and graphics."
151,Experimental design and analysis /,
151,Exploratory and confirmatory factor analysis :,
151,Factor analysis and related techniques /,
151,Financial analysis :,
151,Financial and management accounting /,
151,Financial intelligence :,"This new, completely updated edition brings the numbers up to date and continues to teach the basics of finance to managers who need to use financial data to drive their business. It also addresses issues that have become even more important in recent years—including questions around the financial crisis and those around broader financial and accounting literacy."
151,Financial intelligence for entrepreneurs :,"Authoritative and accessible, Financial Intelligence for Entrepreneurs empowers you to ""talk numbers"" confidently with colleagues, partners, and employees-- and fully understand how to use financial data to make better decisions for your business."
151,Financial reporting for security investment and credit decisions /,
151,Finite elements in geomechanics /,
151,Foreign exchange hedging with synthetic options and the interest rate defense of a fixed exchange rate regime /,
151,Fractal physiology and chaos in medicine /,
151,Fracture mechanics in layered and graded solids :,
151,A framework for financial analysis /,
151,From obscurity to clarity in psychometric testing :,
151,Fundamental managerial accounting concepts /,
151,Fundamental managerial accounting concepts /,
151,Fundamental managerial accounting concepts /,
151,Fundamental managerial accounting concepts /,
151,Fundamental managerial accounting concepts /,"Fundamental Managerial Accounting Concepts 8e by Edmonds/Edmonds/Tsay/Olds focuses on helping students truely understand the underlying principles of accounting, not just memorizing content. Pedagogical innovations like the unique Horizontal Financial Statements Model and a multiple accounting cycle approach that demonstrates the impact of related events over a series of accounting cycles, ensure students understand the true application of accounting in business."
151,Fundamental managerial accounting concepts /,
151,Fundamentals of biostatistics /,"The book leads you through the methods, techniques, and computations of statistics necessary for success in the medical field. Every new concept is developed systematically through completely worked out examples from current medical research problems."
151,Fundamentals of management accounting /,
151,Fuzzy set theory :,
151,Game theory :,
151,Game theory and society /,"The progress of society can only happen through interpersonal cooperation, because only cooperation can bring about mutual benefit, thus bringing happiness to each person. This should be our collective rationality, but we often see it conflicts with individual interests, which leads to the so-called ""Prisoners' Dilemma"" and does not bring happiness to all. From a game theoretical perspective, this book addresses the issue of how people can cooperate better. It has two objectives. The first is to use common language to systematically introduce the basic methodologies and core conclusions of Game Theory, including the Nash equilibrium, multiple equilibriums, dynamic games, etc. Mathematics and theoretical models are used to the minimum necessary scope too, to make this book get access to ordinary readers with elementary mathematical training. The second objective is to utilize these methods and conclusions to analyze various Chinese social issues and institutional arrangements, with a focus on the reasons people exhibit non-cooperative behaviors as well as the institutions and cultures that promote interpersonal cooperation. In addition to economics, specialists in sociology, law, history, politics and management will also be attracted by this book for its insightful analysis on the issue of cooperation in these fields. Also, readers curious about Chinese society will benefit from this book."
164,"Adsorptive removal of manganese, arsenic and iron from groundwater /",
164,Aquananotechnology :,"""Nanotechnology is finding numerous uses in the water industry, including high surface area filtration media, membranes for desalination plants, and fundamental new methods for desalination. This book provides a comprehensive overview from a global perspective, the latest research, and developments in the use of nanotechnology for water purification and desalination methods. It demonstrates the role of nanotechnology in water treatment""--"
164,Born in flames :,"""Ladies and gentlemen, the Bronx is burning!' That legendary and apocryphal phrase, allegedly uttered by announcers during the 1977 World Series as flames rose above Yankee Stadium, seemed to encapsulate an entire era in this nation's urban history. Across that decade, a wave of arson coursed through American cities, destroying entire neighborhoods home to poor communities of color. Yet as historian Bench Ansfield demonstrates in Born in Flames, the vast majority of the fires were not set by residents, as is commonly assumed, but by landlords looking to collect insurance payouts. Driven by perverse incentives--new government-sponsored insurance combined with tanking property values--landlords hired ""torches,' mostly Black and Brown youth, to set fires in the buildings, sometimes with people still living in them. Tens of thousands of families lost their homes to these blazes, yet for much of the 1970s, tenant vandalism and welfare fraud stood as the prevailing explanations for the arson wave, effectively indemnifying landlords. Ansfield's book, based on a decade of research, introduces the term ""brownlining"" for the destructive insurance practices imposed on poor communities of color under the guise of racial redress. Ansfield shows that as the FIRE industries--finance, insurance, and real estate-- eclipsed manufacturing in the 1970s, they began profoundly reshaping Black and Brown neighborhoods, seeing them as easy sources of profit. At every step, Ansfield charts the tenant-led resistance movements that sprung up in the Bronx and elsewhere, as well as the explosion of popular culture around the fires, from iconic movies like The Towering Inferno to hit songs such as 'Disco Inferno.' Ultimately, they show how similarly pernicious dynamics around insurance and race are still at play in our own era, especially in regions most at risk of climate shocks."" -- Provided by the publisher."
164,Business exit strategies :,"This book analyzes various business exit strategies for both family-owned businesses as well as other businesses, both in the United States and throughout the world. Approximately 80% to 90% of all businesses in the world are family-owned. The book discusses, among other things, 12 common mistakes in attempting to sell a business to third parties, methods of marketing the business, negotiation of key sale terms, negotiating employment and consulting agreements, avoiding traps in sale agreements, creating a professional advisory team, and alternatives to a sale to an unrelated third party, such as ESOPs, leverage recapitalizations, selling to other family members or key employees, and going public transactions."
164,Deep in the art of Texas :,
164,The history of pirates /,
164,Horizontal subgrade reaction for cantilevered retaining wall analysis /,
164,Jolly Roger with an Uzi :,
164,Logic and algorithms :,
164,Mathematical logic /,
164,Membrane technologies for water treatment :,
164,Minimizing the use of chemicals to control scaling in SWRO :,
164,Nanocomposites in wastewater treatment /,
164,"Piracy, maritime terrorism, and securing the Malacca Straits /",
164,"Pirates, port, and coasts in Asia :",
164,The punishment of pirates :,"""Sociologist Matthew Norton's The Punishment of Pirates takes us on an exciting journey through the shifting legal status of pirates in the eighteenth century. Initially, piracy was a fertile ground for many enterprising and lawless young men to make fortunes on the high seas, due in no small part to the lack of policing by the British crown. But as the British empire moved away from a collection of far-flung territories toward a consolidated economic and political enterprise dependent on long distance trade, pirates suddenly became a tremendous threat. Norton shows us that eliminating this threat required an institutional shift toward first identifying and defining piracy, and then toward brutally policing it. The Punishment of Pirates develops a new framework for understanding the cultural mechanisms involved in dividing, classifying, and constructing institutional order by tracing the transformation of piracy from a situation of cultivated ambiguity to a criminal category with violently patrolled boundaries-ending with its eradication as a systemic threat to trade in the English empire. Replete with gun battles, executions, jail breaks, and courtroom dramas, Norton's book will offer insights for social theorists, political scientists, and historians alike""--"
164,Remote storage :,
164,Reverse osmosis technology :,
164,Selling your business :,
164,Short story criticism :,
164,Six years at sea ... and counting :,
164,Treasure neverland :,
164,Treasure neverland :,
164,"Wild river, timeless canyons :",
164,"Wild river, timeless canyons :",
168,1st World Congress: Water Supply :,
168,1st World Water Congress.,
168,4th World Water Congress :,
168,4th World Water Congress :,
168,4th World Water Congress :,
168,4th World Water Congress :,
168,5th World Water Congress :,
168,5th World Water Congress :,
168,Access device fraud and related financial crimes /,"""Access Device Fraud and Related Financial Crimes offers front-line exposure. It is a reference text that affords the student, financial investigator, or law enforcement professional true insight into a wide spectrum of criminal activity involving financial crimes. This book brings the reader back to the scene of cases in which the intensity and magnitude of the schemes presented a real challenge to the prowess of skilled investigators. It explores what makes financial crime the preferred crime and examines the means of successfully investigating access device fraud.""--BOOK JACKET."
168,Acidification of freshwaters /,
168,Acidification of freshwaters /,
168,Adsorption in the water environment and treatment processes :,
168,Advanced sanitation :,
168,Advanced wastewater treatment :,
168,Airborne pollutants from coal fired power plants :,
168,Anaerobic digestion of solid waste :,
168,Anaerobic digestion of solid wastes III :,
168,Anaerobic digestion of solid wastes IV :,
168,Anaerobic digestion VIII :,
168,Anaerobic digestion X :,
168,Anaerobic treatment of forest industry wastewaters :,
168,Anti-apartheid and the emergence of a global civil society /,
168,Anti-money laundering in a nutshell :,
168,Applications of environmental aquatic chemistry :,
168,Applications of environmental aquatic chemistry :,"""Preface to the Third Edition The chemical makeup of a collected water sample reflects the history of its prior flow path, particularly the minerals it has contacted, its contact time with these minerals, and the values of temperature, pH, and redox potential along the flow path. Many environmental chemistry books can be put into one of two groups: 1. Those that are very thorough and include nearly all of the basic chemical principles that underlie the topics covered. 2. Those that rely on an existing understanding of the basic principles and begin from there. This text tries to follow a middle path, where the basic principles needed for an environmental topic are included only to the extent of contributing to an understanding of the topic being discussed and to guide the reader in applying the information to actual environmental problems. The fields of environmental science and engineering advance rapidly. This third edition is substantially updated (Photo courtesy of Gary Witt) viii Preface to the Third Edition from the second edition. Besides extensive reorganization and updating, there is a new chapter ""Nutrients and Odors: Nitrogen, Phosphorus, and Sulfur,"" two new appendices ""Solubility of Slightly Soluble Metal Salts"" and ""Glossary of Acronyms and Abbreviations Used in this Book,"" and much new material, especially in Chapters 5 and 11 and in Appendix A. ""--"
168,Appropriate waste management technologies :,
168,Appropriate waste management technologies for developing countries :,
168,Aquatic environmental chemistry /,
168,Aquatic pollution :,"Since the publication of the third edition of Aquatic Pollution in 2000, there have been many major developments within the field in terms of research, regulations, and also large-scale catastrophes that have had a significant impact on the aquatic environment; the Deepwater Horizon oil spill and the Fukushima nuclear disaster have taken their toll, and research on ocean acidification has developed enormously over the last decade. Recognizing, controlling, and mitigating aquatic pollution on a global scale is one of the most important and most difficult challenges facing society today. Fully updated to reflect current understanding and discussing these major recent developments, this fourth edition of Aquatic Pollution covers every aspect of pollution associated with urban runoff, acid rain, sewage disposal, pesticides, oil spills, nutrient loading, and more. Case studies of major pollution sites, all original to this new edition, help to illustrate points made in general discussion."
168,Arguing :,
168,Argumentation :,
168,Argumentation schemes /,
168,Assessment and control of hazardous substances in water :,
168,At large :,
168,Awarding college credit for non-college learning /,
168,"Bacteriological, and chemical pollutants /",
168,Balancing Competing Water Uses - Present Status and New Prospects :,
168,Biofilm reactors :,
168,Biofilm systems III :,
168,Biofilm systems V :,
168,Biofilm systems VI :,
168,Biological nutrient removal :,
168,Bioremediation and sustainability :,"""Covers the most cost effective techniques in bioremediation technologies and the most cutting-edge research on bioremediation and its applications. Discusses the sustainability paradigm and the role of ""green"" bioremediation technologies in environmental science. Presents the most important emerging areas dealing with bioremediation, such as anaerobic digestion biotechnology, air-sparging, vermistabilization, bioleaching, biobleaching, and many others. Useful as a textbook, as well as a useful volume for the experienced engineer or scientist working in the field""--"
168,Business crime :,
168,Butler to the world :,"""In his punchy follow-up to Moneyland, Oliver Bullough's Butler to the World unravels the dark secret of how Britain placed itself at the centre of the global offshore economy and at the service of the worst people in the world...""--"
168,Cartel criminality :,"It is therefore timely to consider critically this development of legal control and assess its achievement to date and its future prospects. But such an exercise requires an understanding of the reasons and need for such regulation, based on a clear appreciation of the nature and extent of the economic and social malaise which is its subject. What, more exactly, are such business cartels, why do they come into existence and persist, why are they regarded as being so bad, and what are the objectives within this increasingly complex and multi-level phenomenon of legal control? By seeking to answer such fundamental questions, this book sets a research agenda for a pathology, aetiology and criminology of business cartels, and probes more accurately their nature, operation, endurance and perceived delinquency."
168,Case studies in forensic accounting and fraud auditing /,"Case Studies in Forensic Accounting and Fraud Auditing brings together a number of short, medium, and longer case studies covering the broad approach to forensic and investigative accounting."
168,Case studies in forensic accounting and fraud auditing /,"Case Studies in Forensic Accounting and Fraud Auditing brings together a number of short, medium, and longer case studies covering the broad approach to forensic and investigative accounting."
168,Cheats at work :,
168,Chemical marine monitoring :,
168,Chemical marine monitoring :,
168,Chemistry of water and water pollution /,
168,Chernobyl disaster and groundwater /,
168,Chinese fishes /,
168,Choosing white-collar crime /,
168,A complete h@cker's handbook :,
168,Computer crime :,
168,Computer fraud and countermeasures /,
168,Computer fraud survey.,
168,Contaminants in the subsurface environment :,
168,Contaminated aquatic sediments :,
168,Contaminated ground water and sediment :,
168,Contaminated sediments :,
168,Contaminated sediments :,
168,Contemporary issues in audit management and forensic accounting /,"Recently, financial crimes have increased exponentially in many regions of the world. Considering that these crimes are usually due to accounting fraud, more sensitive and effective approaches to accounting fraud and corruption have started developing. In this context, regulations have been put into practice in many countries for measures to be taken against fraud and corruption. It is not possible to take measures against and fight financial crimes by using old traditional methods. Instead, the field of Forensic Accounting has arisen to directly tackle these issues. In the 18 chapters in this volume of Contemporary Studies in Economic and Financial Analysis, expert contributors gather together to examine the extent and characteristics of forensic accounting, a field which has been practiced for many years, but is still not internationally regulated yet."
168,Control of organic material by coagulation and floc-separation processes :,
168,Controlling fraud on the Internet :,
168,Cooling water discharges from coal fired power plants :,
168,Cooperative argumentation :,
168,Corporate crime :,
168,Corporate crime /,
168,Corporate crime in China :,
168,Corporate crime in the pharmaceutical industry /,
168,"Corporate crime, law, and social control /",
168,Corporate deviance /,
168,Corporate scandals :,
168,Corporateering :,"""Enron. Tyco. Arthur Andersen. These companies have turned ""corporate"" into a four-letter word as headline after headline reveals shocking stories of executives stealing money from investors."" ""But money isn't all that corporations steal. In Corporateering, Jamie Court shows how corporations routinely and quietly rob us of our personal freedoms, including privacy, security, the right to legal recourse, and more. In fact, ""corporateering"" - the act of prioritizing commercial gain over individual, social, or cultural gain - exists everywhere in our lives, whether we know it or not."" ""With example after example, with tough question after tough question, Court challenges us to look behind the corporate curtain to see the invisible hand that is controlling our lives, and to do something about it. He offers empowering strategies in a playbook on counter-corporateering so we can reclaim our privacy, our right to health and safety, and other personal liberties.""--BOOK JACKET."
168,Corruption :,
168,Corruption :,
168,Corruption and fraud in financial markets :,"""Apart from headline cases like the LIBOR scandal, financial market misconduct is actually prevalent in a surprisingly large number of firms. According to a study published in 2014, financial market misconduct and fraud affects about 15% of publicly listed companies each year; and a study published in 2008 claimed that it can cost between 20% and 38% of the company's value""--"
168,Crime in the professions /,
168,Crimes of globalization /,"""This book addresses immensely consequential crimes in the world today that, to date, have been almost wholly neglected by students of crime and criminal justice: crimes of globalization. This term refers to the hugely harmful consequences of the policies and practices of international financial institutions - principally in the global South. A case is made for characterizing these policies and practices specifically as crime. Although there is now a substantial criminological literature on transnational crimes, crimes of states and state-corporate crimes, crimes of globalization intersect with, but are not synonymous with, these crimes. Identifying specific reasons why students of crime and criminal justice should have an interest in this topic, this text also identifies underlying assumptions, defines key terms, and situates crimes of globalization within the criminological enterprise. The authors also define crimes of globalization and review the literature to date on the topic; review the current forms of crimes of globalization; outline an integrated theory of crimes of globalization; and identify the challenges of controlling the international financial institutions that perpetrate crimes of globalization, including the role of an emerging Global Justice Movement. The authors of this book have published widely on white collar crime, crimes of states, state-corporate crime and related topics. This book will be essential reading for academics and students of crime and criminal justice who, the authors argue, need to attend to emerging forms of crime that arise specifically out of the conditions of globalization in our increasingly globalized, rapidly changing world""--"
168,Criminal capital :,
168,The critical handbook of money laundering :,"The overarching aim of this book is to bring order to the subjects of money laundering and of the anti-money laundering frameworks that have been written over the past thirty years.  It provides scholars, practitioners and policy makers with a guide to what is known of the subject thus far.  The book examines critically the underlying assumptions of research and of policy-making in the field and offers a systematic review of the most important policy and academic literature on the subject."
168,Critical thinking : its expression in argument /,
168,Current issues and enduring questions :,
168,Cyber crime and warfare /,"In Cyber Crime: All That Matters, Peter Warren and Michael Streeter outline the history, scale and importance of cyber crime. In particular they show how cyber crime, cyber espionage and cyber warfare now pose a major threat to society. After analysing the origins of computer crime among early hackers the authors describe how criminal gangs and rogue states have since moved into the online arena with devastating effect at a time when the modern world - including all the communication services and utilities we have come to take for granted - has become utterly dependent on computers and the internet."
168,Cybercrime :,
168,Cybercrime and society /,
168,Cybercrime through an interdisciplinary lens /,"Research on cybercrime has been largely bifurcated, with social science and computer science researchers working with different research agendas. These fields have produced parallel scholarship to understand cybercrime offending and victimization, as well as techniques to harden systems from compromise and understand the tools used by cybercriminals. The literature developed from these two fields is diverse and informative, but until now there has been minimal interdisciplinary scholarship combining their insights in order to create a more informed and robust body of knowledge."
168,Cybersecurity breaches and issues surrounding online threat protection /,"""This book is an essential reference source for the latest scholarly research on the various types of unauthorized access or damage to electronic data. Featuring extensive coverage across a range of relevant perspectives and topics, such as robotics, cloud computing, and electronic data diffusion""--"
168,The dark sides of the Internet :,
168,"Degradation, retention and dispersion of pollutants in groundwater :",
168,Design and operation of large wastewater treatment plants :,
168,Design and operation of large wastewater treatment plants VII :,
168,Design and operation of small wastewater treatment plants :,
168,Development and water pollution control in Asia :,
168,Developments in anaerobic digestion :,
168,Developments in coastal and estuarine pollution :,
168,Developments in urban drainage modelling :,
168,Diffuse pollution :,
168,Diffuse pollution and sustainable basin management :,
168,Diffuse pollution IX :,
168,Diffuse pollution VI :,
168,Diffuse pollution VIII :,
000,Dirty dealing :,"""Dirty Dealing is the first book to truly expose the awesome scale and scope of global money laundering and its infiltration into the world`s legitimate business structures. Peter Lilley`s account takes us on a global tour of the activities of highly organized and sophisticated crime syndicates that are seriously undermining both developed and under-developed economies, their financial systems, governments and businesses. Full of incredible stories, facts and figures, he describes in detail how the major gangs go about their dirty business."" ""We`re shown how they - often hand in hand with legitimate organizations - launder money through narcotics, gunrunning, prostitution, terrorism, art theft, blackmail and many other evil and corrupt activities. The World Wide Web has, of course, provided another lucrative washing method for the criminals and Dirty Dealing looks at the future threat that cyber laundering holds.""--BOOK JACKET."
168,Do they think you're stupid? :,"This companion volume to The Pig That Wants To Be Eaten provides another rapid-fire selection of short, stimulating and entertaining capsules of philosophy. This time the focus is on the bad argumentative moves people use all the time, in politics, the media and everyday life. Each entry takes as its starting point an example of questionable reasoning from the media or literature, and, as with The Pig ..., the reader is given plenty to chew on and work through for themselves."
168,Drainage basin management :,
168,Drainage basin security :,
168,Drugs and money :,
168,Easy money :,
168,Ecological technologies for industrial wastewater management :,
168,Economic crime :,"""This book is the first attempt to establish economic crime as a new sub-discipline within criminology. Fraud, corruption, bribery, money laundering, price-fixing cartels and intellectual property crimes pursued typically for financial and professional gain, have devastating consequences for the prosperity of economic life. While most police forces in the United Kingdom and United States have an 'economic crime' department, and many European bodies such as Europol use the term and develop strategies and structures to deal with it, it is yet to grain traction as a widely used term in the academic community. Economic Crime: From Conception to Response aims to change that and covers: definitions of the key premises of economic crime as the academic sub-discipline within criminology, an overview of the key research on each of the crimes associated with economic crime,  public, private, and global responses to economic crime across its different forms and sectors of the economy, both within the UK and globally. This book is an essential resource for students, academics and practitioners engaged with aspects of economic crime, as well as the related areas of financial crime, white-collar crime and crimes of the powerful""--"
168,Economic crime and business cycles in Taiwan /,
168,Economic crime in Europe /,
168,Economic crime in Europe /,
168,Economic crime in Russia /,
168,Economic espionage and industrial spying /,
168,Economic espionage and industrial spying /,
168,The Economics of organised crime /,"This is the first book to use economic theory in the analysis of all the different aspects of organised crime: the origins, the internal organisation, market behaviour and deterrence policies. The theory of rent-seeking is adopted to help understand the origin of criminal organisations from a state of anarchy, while modern industrial organisation theory is used to explain the design of internal rules in the organised crime sector. The market behaviour of organised crime is analysed taking into account its double nature of competitive firm and of monopolist on rule-making. Finally, the 'crime and economics' approach is applied to the analysis of corruption that occurs when the organised crime sector and the government collude to exploit their monopoly on rule-making. This book provides a careful balance between theoretical and institutional or empirical contributions. Each chapter outlines the normative results of the analysis in order to design more sophisticated deterrence policies."
168,Ecotoxicology and the aquatic environment :,
168,Efficient management of wastewater from manufacturing :,
168,Electronic theft :,
168,Emerging technology for bioremediation of metals /,
168,Environmental biotechnology :,
168,Environmental biotechnology :,
000,Environmental challenges for the next millenium :,
168,Environmental engineering education II :,
168,Environmental impacts and management :,
168,Environmental organic chemistry :,
168,Environmental organic chemistry /,
168,Environmental organic chemistry /,
168,Environmental organic chemistry /,
168,Environmental organic chemistry /,
168,Environmental protection technologies for coastal areas II :,
168,Environmental protection technologies for coastal areas IV :,
168,Environmental quality and ecosystem stability :,
168,Environmental restoration :,
168,Environmental technologies to treat nitrogen pollution /,
168,Essential readings on argumentation /,"""Essential Readings on Argumentation offers a compendium of key primary works related to the study of argument. Tracing the expositions on argument from Ancient Greece and Rome, the Middle Ages, and an examination of contemporary thought on argument, Essential Readings on Argumentation explores the main thinkers and ideas behind the classical discipline of argument."""
168,Essentials of forensic accounting /,"The highly experienced authors of the Essentials of Forensic Accounting define and explain the disciplined approaches to forensic accounting that lead to a thorough knowledge of the varied specialties within forensic accounting. Through illustrative examples and explanations, this book makes abstract concepts come to life for both seasoned professionals and students and it will help them understand and navigate successfully in this multifaceted area. The Essentials of Forensic Accounting is an indispensable resource delivering matchless knowledge to practitioners, financial managers and students in understanding the complex elements and factors that impact the forensic accounting practice areas. This vital reference resource focuses the elements that must come together to effectively diminish the incidence and impact of fraudulent activities. The book addresses the main themes of * Professional Responsibilities and Practice Management * Fundamental Forensic Knowledge, Laws, Courts, and Dispute Resolution * Specialized Forensic Knowledge, Bankruptcy, Insolvency, and Reorganization"
168,European money trails /,
168,Examination of water for pollution control :,
168,Extracellular polymeric substances :,
168,Fancy Bear goes phishing :,"It's a signal paradox of our times that we live in an information society but do not know how it works. And without understanding how our information is stored, used, and protected, we are vulnerable to having it exploited. In Fancy Bear Goes Phishing, Scott J. Shapiro draws on his popular Yale University class about hacking to expose the secrets of the digital age. With lucidity and wit, he establishes that cybercrime has less to do with defective programming than with the faulty wiring of our psyches and society. And because hacking is a human-interest story, he tells the fascinating tales of perpetrators, including Robert Morris Jr., the graduate student who accidentally crashed the internet in the 1980s, and the Bulgarian ""Dark Avenger,"" who invented the first mutating computer-virus engine. We also meet a sixteen-year-old from South Boston who took control of Paris Hilton's cell phone, the Russian intelligence officers who sought to take control of a US election, and others. In telling their stories, Shapiro exposes the hackers' tool kits and gives fresh answers to vital questions: Why is the internet so vulnerable? What can we do in response? Combining the philosophical adventure of Gödel, Escher, Bach with dramatic true-crime narrative, the result is a lively and original account of the future of hacking, espionage, and war, and of how to live in an era of cybercrime."
168,Fighting financial crime in the global economic crisis /,"""The collapse of the United States sub-prime mortgage market and 'Credit Crunch' have been blamed on the risky behaviour of financial institutions by many commentators, regulatory agencies and politicians. This edited volume explores how financial crime played a significant role in the global economic crises. The volume features contributions from internationally renowned academic and practitioner experts in the field who pinpoint some of the most important facets of financial crime which have emerged over recent years. Key subjects include: the possibility of criminalising reckless risk-taking on the financial markets; the duty of banks to prevent money-laundering and corruption; the growth of the Shadow Banking System; and the manipulation of LIBOR by banks. The book illustrates the global nature of financial crime, and highlights the complex relationships between regulatory bodies, law enforcement agencies and private actors in the attempt to limit the harmful effect of white collar crime on the stability of the financial sector. This book will be of great use and interest to scholars, practitioners and students within the field of financial crime, banking and finance law, and international political economy""--"
168,Finance and security :,"The global financial sector is increasingly vulnerable to penetration by criminal money-launderers, financiers of terrorism, and proliferators of weapons of mass destruction. At the same time, it offers instruments that can be usefully employed to pursue foreign and security policy objectives. It is thus hardly surprising that finance has emerged as an arena of intense competition, if not conflict, between those seeking to exploit or attack this vital element of state power and those tasked with defending its integrity or harnessing it for legal purposes.Navias assesses the key threats to financial systems and shows how the public and private sectors are co-operating to contain them. He analyses the main characteristics of criminal money-laundering and terrorist financing, and reviews major multilateral and national regimes locked in the perpetual battle to shore up the financial sector against these constantly evolving security challenges. He also considers the uses of finance in support of key sanctions, counter-proliferation, and arms embargo policies.Uniquely, Finance and Security views these financial threats and weapons through a security and war studies prism. It will be equally invaluable to scholars of security and international relations and to professionals working in the legal, banking and compliance professions."
168,Financial crimes :,"Financial market reform has focused chiefly on the threats to stability arising from the risky, uncontrolled activity of the leaders of financial institutions. Nevertheless, organized crime, white-collar crime, and corruption have a huge impact on financial systems worldwide and must also be confronted if true reform is to be achieved. A collection of articles written by experts in their fields of study, Financial Crimes: A Threat to Global Security spotlights the importance of addressing the problem of illegal financial activity as part of a greater comprehensive plan for reforming the financial sector."
168,The fix :,
168,Food Waste Valorization :,"Food Waste Valorization: Emerging Trends, Techno-economic and Environmental Considerations covers bioactive extraction, therapeutic properties and environmental concerns related to food waste conversion to value-added products, along with advanced technological breakthroughs in the field. The book also provides concepts and theories on several facets of agro-food waste valorization and its by-products, as well as opportunities and challenges. Each chapter contains viewpoints from different fields of research such as Basic Science, Agriculture, Food Science and Engineering, Chemical Engineering, Mechanical Engineering, Environmental Science, and more, with each having a unique approach to food waste valorization as it relates to their field. This is an invaluable resource for research and development professionals in post-harvest processing and renewable energy industries, as well as the academicians."
182,躍動する中世仏教 =,
182,中国好人 =,
182,"A two-step perturbation method in nonlinear analysis of beams, plates and shells =",
182,Action! China :,Winner of the Chinese Language Teachers Association's 2014 Cengage Learning Excellence and Innovation in Teaching Chinese Award. Action! China is a practical guide for intermediate to advanced students of Chinese wanting to maximize their study abroad experience and enhance their language skills.
182,Applied econometrics /,
182,Aristotle's criticism of presocratic philosophy /,
182,Art in the Asia-Pacific :,"""As social, locative, and mobile media render the intimate public and the public intimate, this volume interrogates how this phenomenon impacts art practice and politics. Contributors bring together the worlds of art and media culture to rethink their intersections in light of participatory social media. By focusing upon the Asia-Pacific region, they seek to examine how regionalism and locality affect global circuits of culture. The book also offers a set of theoretical frameworks and methodological paradigms for thinking about contemporary art practice more generally""--"
182,Basic Chinese :,
182,The beginning of philosophy /,
182,The biomarker guide /,"The second edition of The Biomarker Guide is a fully updated and expanded version of this essential reference. Now in two volumes, it provides a comprehensive account of the role that biomarker technology plays both in petroleum exploration and in understanding Earth history and processes. Biomarkers and Isotopes in the Environment and Human History details the origins of biomarkers and introduces basic chemical principles relevant to their study. It discusses analytical techniques, and applications of biomarkers to environmental and archaeological problems. The Biomarker Guide is an invaluable resource for geologists, petroleum geochemists, biogeochemists, environmental scientists and archaeologists."
182,The Cambridge companion to early Greek philosophy /,
182,Chinese :,
182,Chinese :,
182,Chinese :,"""This new and extended edition of Chinese: An Essential Grammar is an up-to-date and concise reference guide to modern Chinese (Mandarin) grammar. Refreshingly jargon free, it presents an accessible description of the language, focusing on the real patterns of use today. This Grammar aims to serve as a reference source for the learner and user of Chinese, irrespective of level, setting out the complexities of the language in short, readable sections. It is ideal either for independent study or for students in schools, colleges, universities and adult classes of all types. Features include: Three new chapters on speech habits, writing conventions, and new lexicalisation processes Chinese characters, as well as the pinyin romanisation, alongside all examples literal and colloquial translations into English to illustrate language points.""--"
182,Chinese for dummies /,
182,Chinese for working professionals :,"""Authentic reading materials and live videos on a companion website to incorporate understandings of the norm and expectations of the workplace and society at-large, and also prepare learners for a quick transition from classroom to targeted scenarios. Abundant simulated real-life collaborative tasks, case studies and projects enhance learners' problem-solving skills in Chinese, in addition to work strategies under different scenarios such as communication for work and leisure, and teamwork projects necessary and crucial for professions in multilingual and cross-cultural global settings. This textbook is a key resource for learners of Chinese at an ACTFL Intermediate High proficiency level and above, or CEFR (Common European Framework of Reference for Language) B1.2 to B2.1 level in terms of language control, extensive and applicable vocabulary and expressions, communication strategies, as well as cultural awareness""--"
182,Chinese PhraseFinder and dictionary /,
182,Chinese primer /,"This revised and updated edition of the Chinese Primer--an introductory textbook in wide use for more than a decade--uses proven techniques to put beginning learners of Mandarin Chinese on the path toward true mastery. The goal of the book is internalization--to lead students to adopt Chinese as one of their own languages and not to regard it merely as an object of study and translation. Features include: Use of hànyu pinyin romanization Rigorous foundation work in pronunciation, including tones and the other special phonemes that are crucial to mastery Lesson texts that combine authentic, natural Chinese expression with lively everyday topics that allow students to immediately begin using Chinese themselves Carefully designed incremental introduction of grammar, accompanied by thorough and precise notes Completely revised notes that link Chinese language to Chinese culture-such as names, modes of address, and conventions of politeness Additional lessons for self-study during the summer following a first-year course A completely revised character workbook that introduces both traditional and simplified characters and that simulates the way native speakers learn characters as children: in small doses that eventually ""catch up"" with speaking ability Like its earlier edition, The Chinese Primer: Revised Edition is composed of three integrated volumes: (1) the Blue Book [Lessons]: introduction; foundation work on pronunciation; lesson dialogues in romanized Chinese and English; appendices; glossary-index; (2) the Red Book [Notes and Exercises]: vocabularies; grammar notes and culture notes keyed to the lessons; exercises; and (3) the Yellow Book [Character Workbook]. (There is also a fourth volume, the Green Book [Pinyin Character Text], which is sold separately.) Texts of the lessons are in both traditional and simplified Chinese characters, and there is a Chinese introduction for teachers."
182,The chronicle of Ibn al-Athīr for the crusading period from al-Kāmil fī'l-ta'rīkh /,
182,Complete Babylonian :,"""Designed for complete beginners, and tested for years with real learners, Complete Babylonian offers a bridge from the textbook to the real world, enabling you to learn the grammar, understand the vocabulary and even how to translate the inscriptions and texts from this ancient cradle of civilization.""--Publisher description."
182,Cracking the Chinese puzzles :,
182,Crowds and riots :,
182,Documentary :,
182,The donkey in human history :,"Donkeys carried Christ into Jerusalem while in Greek myth they transported Hephaistos up to Mount Olympos and Dionysos into battle against the Giants. They were probably the first animals that people ever rode, as well as the first used on a large-scale as beasts of burden. Associated with kingship and the gods in the ancient Near East, they have been (and in many places still are) a core technology for moving people and goods over both short and long distances, as well as a supplier of muscle power for threshing and grinding grain, pressing olives, raising water, ploughing fields, and pulling carts, to name just a few of the uses to which they have been put.Yet despite this, they remain one of the least studied, and most widely ignored, of all domestic animals, consigned to the margins of history like so many of those who still depend upon them. Spanning the globe and extending from the donkey's initial domestication up to the present, this book seeks to remedy this situation by using archaeological evidence, in combination with insights from history and anthropology, to resituate the donkey (and its hybrid offspring such as the mule) in the unfolding of human history, looking not just at what donkeys and mules did, but also at how people have thought about and understood them.Intended in part for university researchers and students working in the broad fields of world history, archaeology, animal history, and anthropology, but it should also interest anyone keen to learn more about one of the most widespread and important of the animals that people have domesticated."
182,Early Greek philosophy :,
182,Early Greek philosophy /,
182,Early Greek philosophy /,
182,Ecological inference /,
182,Ecological inference /,
182,Econometric models and methods /,
182,Elements of Chinese grammar :,
182,The enforcement of intellectual property rights :,
182,The enjoyment of math /,"""What is so special about the number 30? How many colors are needed to color a map? Do the prime numbers go on forever? Are there more whole numbers than even numbers? These and other mathematical puzzles are explored in this delightful book by two eminent mathematicians. Requiring no more background than plane geometry and elementary algebra, this book leads the reader into some of the most fundamental ideas of mathematics, the ideas that make the subject exciting and interesting. Explaining clearly how each problem has arisen and, in some cases, resolved, Hans Rademacher and Otto Toeplitz's deep curiosity for the subject and their outstanding pedagogical talents shine through"" -- Back cover."
182,The evolution of theology in the Greek philosophers /,
182,Exploring task-based PBL in Chinese teaching and learning /,
182,The first philosophers :,"Aristotle said that philosophy begins with wonder, and the first Western philosophers developed theories of the world which express simultaneously their sense of wonder and their intuition that the world should be comprehensible. But their enterprise was by no means limited to this proto-scientific task. Through, for instance, Heraclitus' enigmatic sayings, the poetry of Parmenides and Empedocles, and Zeno's paradoxes, the Western world was introduced to metaphysics, rationalist theology, ethics, and logic, by thinkers who often seem to be mystics or shamans as much as philosophers or scientists in the modern mould. And out of the Sophists' reflections on human beings and their place in the world arose and interest in language, and in political, moral, and social philosophy."
182,First step :,
182,Foundations of economic analysis /,
182,Girls' literacy experiences in and out of school :,"""Through thoughtful analysis of girls' historical literacy experiences, their contemporary reading and writing lives, and trends in young adult literature, this book sheds new light on how teachers can better understand and create classroom experiences that make girls visible both to themselves and to others.Historically, the status of girls has evoked much less research than that of boys. Recently emerging scholastic and strategic study concerning the vulnerability of girls is adding a vital missing component to this continually emerging discourse. Looking at many aspects of girls' gendered lives, this text considers the specific perspectives of the social and cultural constructions that script gender, particularly as applies to girls in our classrooms. Prominent scholars in their respective fields examine the myriad forces that shape the lives of American girls, from the earliest didactic records of manuals and books of conduct to current artifacts of contemporary culture. By investigating both the scholarly literature on girls as well as well as the primary sources of a material culture, the authors seek to unravel how adolescent girls learn and seek to compose identities. By closely examining girls' practices, in which are embedded issues of class, race, ethnicity, immigrant status, and sexuality, the text considers some of the values, structures, and trajectories that have come to define teenage girlhood. Its distinctive contribution is to unpack some of the assumptions of girls in English classrooms and to critically examine their experiences as they try to fit preconceived norms while forming their own personhood""--"
182,The golden chain :,This anthology of Pythagorean and Platonic philosophy promotes a new and fresh view of what Hellenic philosophy is and what kind of wisdom it offers us. The book demonstrates through excerpts from the great Pythagorean and Platonic writers that to these thinkers philosophy is a way of life and a means of spiritual realisation-not the dry rationalistic mental exercise philosophy has become in the modern world. The Golden Chain of the title refers to the ancient belief that such philosophy transmits a heritage of unitive knowledge through a succession of enlightened teachers and students. The editor Algis Uzdavinys is an author translator and scholar of remarkable scope who uses his scholarship and his own deep knowledge of the philosophia perennis to illustrate for us the timeless wisdom of these writings. The foreword is by John Finamore.
182,A grammar of Mandarin /,
182,A grammar of spoken Chinese =,
182,Greek philosophy :,
182,Greek thought :,
182,Gustation and olfaction :,
182,Harakleitos & Diogenes /,
182,Hindu influence on Greek philosophy :,
182,Iamblichus :,
182,Introductory statistics for the behavioral sciences /,
182,The language of touch :,"""Offering an in-depth analysis of the relationship between touch and language through the history of philosophy, this book revitalizes the field of haptic studies, which often fails to address the ontological nature of touch, providing new insights in the philosophy of language. This book draws together an international team of linguists, anthropologists and philosophers, many of whom are members of the 'second generation' of Ljubljana's School of Theoretical Psychoanalysis, to demonstrate from a variety of disciplinary perspectives that the experience of touch is inextricable from the structure of language. Examining the intersections between phenomenology, Marxism and poststructural linguistics, this work draws upon figures such as Nancy, Derrida and Lacan to question both how language structures touch and how touch structures language""--"
182,The language of touch :,"""Offering an in-depth analysis of the relationship between touch and language through the history of philosophy, this book revitalizes the field of haptic studies, which often fails to address the ontological nature of touch, providing new insights in the philosophy of language. This book draws together an international team of linguists, anthropologists and philosophers, many of whom are members of the 'second generation' of Ljubljana's School of Theoretical Psychoanalysis, to demonstrate from a variety of disciplinary perspectives that the experience of touch is inextricable from the structure of language. Examining the intersections between phenomenology, Marxism and poststructural linguistics, this work draws upon figures such as Nancy, Derrida and Lacan to question both how language structures touch and how touch structures language""--"
182,Learning Chinese in diasporic communities :,
182,Macroeconomic analysis :,
182,Mandarin Chinese :,"This reference grammar provides, for the first time, a description of the grammar of Mandarin Chinese, the official spoken language of China and Taiwan, in functional terms, focusing on the role and meanings of word-level and sentence-level structures in actual conversations."
182,Mandarin Chinese the easy way /,
182,Mathematical economics /,
182,"Metals, energy and sustainability :","This book explains how and where copper and fossil fuels were formed and the likely future for the extraction of copper and coal. The colourful chronology of our efforts to extract metals from minerals and energy from fossil fuels is presented from earliest times until the present day. The difficult concept of human sustainability is examined in the context of continually decreasing real prices of energy and metals. This book integrates the latest findings on our historic use of technology to continually produce cheaper metals even though ore grades have been decreasing. Furthermore, it shows that the rate of technological improvement must increase if metals are to be produced even more cheaply in the future."
182,Modern Mandarin Chinese :,
182,Modern Mandarin Chinese grammar :,
182,Multivariate analysis in behavioural research /,
182,The Oxford handbook of presocratic philosophy /,
182,Poetry and politics :,
182,Presocratic philosophy :,
182,The presocratics and the supernatural :,
182,The psychology experiment :,
182,The psychology of touch /,"While the volume is important for researchers in the area of touch, it should also prove valuable to a broad audience of experimental and educational psychologists, and health professionals. The book should also be of interest to scientists in perception, cognition, and cognitive science, and can be used as a supplementary reader for courses in sensation and perception."
182,The quantitative analysis of social problems /,
182,"Race, masculinity and schooling :",
182,Reimagining culture :,
182,Modern Mandarin Chinese :,
182,The Routledge course in business Chinese /,
182,The Routledge course in Chinese media literacy =,
182,Schaum's outline of Chinese grammar /,
182,The science of smell /,
182,Short story criticism :,
182,"The Siege of Acre, 1189-1191 :","The first comprehensive history of the most decisive military campaign of the Third Crusade and one of the longest wartime sieges of the Middle Ages The two-year-long siege of Acre (1189-1191) was the most significant military engagement of the Third Crusade, attracting armies from across Europe, Syria, Mesopotamia, Egypt, and the Maghreb. Drawing on a balanced selection of Christian and Muslim sources, historian John D. Hosler has written the first book-length account of this hard-won victory for the Crusaders, when England's Richard the Lionheart and King Philip Augustus of France joined forces to defeat the Egyptian Sultan Saladin. Hosler's lively and engrossing narrative integrates military, political, and religious themes and developments, offers new perspectives on the generals, and provides a full analysis of the tactical, strategic, organizational, and technological aspects on both sides of the conflict. It is the epic story of a monumental confrontation that was the centerpiece of a Holy War in which many thousands fought and died in the name of Christ or Allah."
182,Spectral analysis of economic time series /,"The important data of economics are in the form of time series; therefore, the statistical methods used will have to be those designed for time series data. New methods for analyzing series containing no trends have been developed by communication engineering, and much recent research has been devoted to adapting and extending these methods so that they will be suitable for use with economic series. This book presents the important results of this research and further advances the application of the recently developed Theory of Spectra to economics. In particular, Professor Hatanaka demonstrates the new technique in treating two problems-business cycle indicators, and the acceleration principle existing in department store data.Originally published in 1964.The Princeton Legacy Library uses the latest print-on-demand technology to again make available previously out-of-print books from the distinguished backlist of Princeton University Press. These editions preserve the original texts of these important books while presenting them in durable paperback and hardcover editions. The goal of the Princeton Legacy Library is to vastly increase access to the rich scholarly heritage found in the thousands of books published by Princeton University Press since its founding in 1905."
182,Statistical methods in education and psychology /,
182,Steel designers' manual.,
182,The story of philosophy :,
182,The story of philosophy :,
182,Teaching bilingual and EAL learners in primary schools /,
182,The texts of early Greek philosophy :,This two-part volume collects the complete fragments and most important testimonies for the leading presocratic philosophers. The Greek and Latin texts are translated on facing pages and accompanied by a brief commentary for each philosopher.
182,The discovery of the mind : the greek origins of european thought /,
182,Touch :,
182,Trade theory in computable general equilibrium models :,"This book is for people who want to understand modern trade theory, particularly the Melitz model. It lays out Melitz theory from first principles and relates it to earlier theories of Armington and Krugman. For trade theory specialists, the book produces some significant conclusions. It identifies conditions under which Krugman and Melitz models produce essentially the same results for the welfare effects of trade liberalization as those obtained from Armington, and conditions under which this is not true. These findings will be of interest to academics and policy advisors who need to understand critiques of Armington by proponents of Krugman and Melitz. For computable general equilibrium (CGE) modelers, the book shows how Melitz-style CGE models can be calibrated, solved and interpreted. A major practical contribution of the book is to show how large-scale Armington models such as GTAP can be converted to Melitz by the addition of a small number of equations and minimal alteration of the original Armington model. The book describes computational experience in solving Melitz CGE models using GEMPACK software. This experience will be of interest to researchers currently attempting to solve Melitz-based CGE models. Almost all previous Melitz studies have used GAMS software. Authors of these studies have reported computational difficulties. These difficulties did not occur in this book's GEMPACK-based computations. The book concludes that: (a) CGE modelers can embrace Melitz while retaining their Armington-based models as powerful interpretive devices; and (b) via GEMPACK, large-scale CGE models incorporating Melitz specifications can be solved with no more difficulty than similar-dimensioned Armington models."
182,The traveller's guide to classical philosophy /,"The Greeks were the first to ask and discuss in a rational way two fundamental questions that never cease to concern thinking human beings: what is the nature of the universe, and what can I make of my brief time in it? Their answers, developed between the 8th century BC and the 4th century AD, are as relevant today as they were in ancient times. In this clear and evocative account, John Gaskin unfolds the thinking about nature, life, death and other worlds that informed the culture and society of the Classical world, drawing out its interest for modern readers. Witty sketches and diagrams enliven the story, which runs from Homeric Greece to the banning of pagan religions in AD 391. The book concludes with a gazetteer describing notable sites and the people and ideas connected with them, making it an ideal companion for visitors to Classical ruins and for all armchair travellers curious to explore life's big questions."
182,"A two-step perturbation method in nonlinear analysis of beams, plates, and shells /",
182,Using Chinese :,
182,"Vectors, pure and applied :","""Many books in linear algebra focus purely on getting students through exams, but this text explains both the how and the why of linear algebra and enables students to begin thinking like mathematicians. The author demonstrates how different topics (geometry, abstract algebra, numerical analysis, physics) make use of vectors in different ways and how these ways are connected, preparing students for further work in these areas. The book is packed with hundreds of exercises ranging from the routine to the challenging. Sketch solutions of the easier exercises are available online""--"
182,The way of oblivion :,
182,The world of Parmenides :,
182,Zoroaster's influence :,
183,Applying systemic functional linguistics :,"Applying Systemic Functional Linguistics: The State of the Art in China Today showcases new work from leading scholars in China, as well as offering perspectives on this work from M.A.K. Halliday and Jim Martin. The range of topics covers graphology/phonology, lexis, group and clause, clause complex, text, typology, semiotics, multimodality, stylistics, translation, and teaching.Not only will this book introduce the latest research into language and multimodal discourse being undertaken by scholars in China today, but also suggest the way forward in terms of where linguistics should be going if the aim is (still) to create 'the innovative producers of social semiotic theory, description and practice the world rightfully expects from the intellectual superpower China is economically positioned to become' (Jim Martin).This book is essential reading for scholars involved with systemic functional linguistics and interested in its shifting dynamics."
183,Artificial neural network-based designs of prestressed concrete and composite structures /,"""This book introduces artificial neural network-based Lagrange optimization techniques for structural design in prestressed concrete based on Eurocode 2 and composite structures based on American Institute of Steel Construction and American Concrete Institute standards. ANN-based design charts show how to use the Lagrange multiplier method to optimize multi-objective functions for the design of a post-tensioned beam, composite columns encasing H-shaped steel sections subjected to biaxial loads, composite beams, and the concrete and reinforcing steel portions of a composite structure. Robust design charts for both prestressed concrete and composite structures are also provided""--"
183,Behavior in organizations :,
183,The Bloomsbury companion to Socrates /,"Socrates, the largely enigmatic Greek thinker, has had a remarkably enduring influence on virtually every area of philosophical enterprise. The Bloomsbury Companion to Socrates introduces readers to the main issues in the philosophy of Socrates. With 13 different sections, this Companion presents an overview of current research in the various features, themes and topics apparent in Socrates' thought, including Socratic irony, metaphysics, epistemology, happiness, virtue, moral psychology, philosophy of love, political philosophy, and religious belief. With additional chapters on the historical Socrates and his prosecution by the democracy of Athens, this is a comprehensive and accessible introduction to Socrates' life and death, character and philosophical concerns. Written by a team of leading experts in the field of ancient philosophy and concluding with a thoroughly comprehensive bibliography of primary and secondary sources, The Bloomsbury Companion to Socrates is an essential introduction to this founder of Western philosophy."
183,Boiler efficiency and safety :,
183,Brill's companion to the reception of Socrates /,"""Brill's Companion to the Reception of Socrates, edited by Christopher Moore, provides almost unbroken coverage, across three-dozen studies, of 2450 years of philosophical and literary engagement with Socrates - the singular Athenian intellectual, paradigm of moral discipline, and inspiration for millennia of philosophical, rhetorical, and dramatic composition. Following an Introduction reflecting on the essentially ""receptive"" nature of Socrates' influence (by contrast to Plato's), chapters address the uptake of Socrates by authors in the Classical, Hellenistic, Roman, Late Antique (including Latin Christian, Syriac, and Arabic), Medieval (including Byzantine), Renaissance, Early Modern, Late Modern, and Twentieth-Century periods. Together they reveal the continuity of Socrates' idiosyncratic, polyvalent, and deep imprint on the history of Western thought, and witness the value of further research in the reception of Socrates""--"
183,The Cambridge companion to Socrates /,"""The Cambridge Companion to Socrates is a collection of essays providing a comprehensive guide to Socrates, the most famous Greek philosopher. Because Socrates himself wrote nothing, our evidence comes from the writings of his friends (above all Plato), his enemies, and later writers. Socrates is thus a literary figure as well as a historical person. Both aspects of Socrates' legacy are covered in this volume. Socrates' character is full of paradox, and so are his philosophical views. These paradoxes have led to deep differences in scholar's interpretation of Socrates and his thought. Mirroring this wide range of thought about Socrates, this volume's contributors are unusually diverse in their background and perspective. The essays in this volume were authored by classical philologists, philosophers, and historians from Germany, Francophone Canada, Britain, and the United States, and they represent a range of interpretive and philosophical traditions""--"
183,The Cambridge handbook of systemic functional linguistics /,"""Presenting a field-defining overview of one of the most appliable linguistic theories available today, this handbook surveys the key issues in the study of Systemic Functional Linguistics (SFL), covering an impressive range of theoretical perspectives. Written by some of the world's foremost SFL scholars, including M.A.K. Halliday, the founder of SFL theory, the handbook covers topics ranging from the theory behind the model, discourse analysis within SFL, applied SFL, to SFL in relation to other subfields of linguistics such as intonation, typology, clinical linguistics and education. Chapters include discussion on the possible future directions in which research might be conducted and issues that can be further investigated and resolved. Readers will be inspired to pursue the challenges raised within the volume, both theoretically and practically""--"
183,Chinese in plain English /,
183,Cognitive linguistics and sociocultural theory :,
183,Colloquial Chinese /,
183,Conversations of Socrates /,
183,The Cynic philosophers :,
183,Data analytics in cognitive linguistics :,"Honorary editor: René Dirven The series Applications of Cognitive Linguistics (ACL) welcomes book proposals from any domain where the theoretical insights developed in Cognitive Linguistics (CL) have been (or could be) fruitfully applied. In the past thirty-five years, the CL movement has articulated a rich and satisfying view of language around a small number of foundational principles. The first one argues that language faculties do not constitute a separate module of cognition, but emerge as specialized uses of more general cognitive abilities. The second principle emphasises the symbolic function of language. The grammar of individual languages (including the lexicon, morphology, and syntax) can be exclusively described as a structured inventory of conventionalized symbolic units. The third principle states that meaning is equated with conceptualization. It is subjective, anthropomorphic, and crucially incorporates humans' experience with their bodies and the world around them. Finally, CL's Usage-Based conception anchors the meaning of linguistic expressions in the rich soil of their social usage. Consequently, usage-related issues such as frequency and entrenchment contribute to their semantic import. Taken together, these principles provide researchers in different academic fields with a powerful theoretical framework for the investigation of linguistic issues in the specific context of their particular disciplines. The primary focus of ACL is to serve as a high level forum for the result of these investigations."
183,Discourses of hope and reconciliation :,"""Bringing together leading and emerging scholars in Systemic Functional Linguistics, this book explores the contributions made to SFL theory by James Robert Martin. A leading light in the field for 40 years, this book reviews, explores and develops the theoretical agendas set out in his momentous body of work. Focussed around the four themes of systemic functional theory, linguistic typology, educational linguistics and (positive) discourse analysis, chapters debate and develop the key concepts of Martin's work. Engaging with cutting edge theoretical debates in areas such as discourse-semantics, register and genre and affiliation, Discourses of Hope and Reconciliation examines Martin's lasting impact on the field, developing his momentous contributions to point the way to exciting future research directions in SFL""--"
288,The Greek Sophists /,
183,Handbook of cognitive linguistics /,"This handbook provides state-of-the-art overviews of the numerous subfields of cognitive linguistics written by leading international experts which will be useful for established researchers and novices alike. It is an interdisciplinary project with contributions from linguists, psycholinguists, and computer scientists which emphasizes the most recent developments in the field, in particular, the shift towards more empirically-based research."
183,How to hold a better meeting /,
183,Images and ideas in Chinese classical prose :,"The classical prose essay (ku-wen) of the T'ang and Sung dynasties is one of the major Chinese literary genres, of far greater significance in the Chinese literary tradition than the comparable essay form is in Western literature. This first comprehensive study of Ku-wen in English focuses on its four most important writers: Han Yu and Liu Tsung-yuan of the T'ang, and Ouyang Hsiu and Su Shih of the Sung. With this work, the author hopes to restore a balance to Western study of the literature of the T'ang and Sung, which tend to be regarded as ages of poetry. The four masters, all of them major poets as well, took their prose writings in ku-wen very seriously, leaving a heritage of masterpieces as models to be emulated by all subsequent Chinese writers. In treating the individual writers, the author emphasizes the relationship between a writer's ideas, his literary temperament, and his stylistic practices, in the process showing how each writer attempted to create a ku-wen that would serve as a multi-faceted medium of literary discourse."
183,Innovative approaches to rice breeding :,
183,An investigation of the behaviour of composite concrete beams /,
183,Just enough Chinese :,
183,Language in action :,"""Language in Action: SFL Theory across Contexts brings together recent research in elementary and secondary education, higher education, and translation studies, informed by Systemic Functional Linguistics""--"
183,Linguistics :,"""Linguistics: A Functionalist Introduction is a concise, accessible guide to the fundamentals of language and expression for students that are new to the subject. Unlike other introductions this book uses a functionalist framework that reflects the way language users form, derive and change meaning in an holistic way: not just through the technical construction of sentences but from how language is experienced, used, stored and processed in the mind. Beginning by introducing the concept of linguistics and different approaches to the subject, the book progresses to introducing the building blocks of language, with chapters on phonetics, phonology, morphology, syntax and semantics. The scope then broadens out to examine language in context and use, including language change, writing systems, sociolinguistics, psycholinguistics and language acquisition. Each chapter is enriched with examples to aid learning. This textbook is an ideal choice for students or instructors looking for a more intuitive approach to learning the fundamentals of linguistics, and is ideal for introductory linguistics classes within a variety of programmes, including and especially future language arts teachers""--"
183,"Liu Tsung-yüan and intellectual change in T'ang China, 773-819 /",
183,Lyotard and Greek thought :,
183,Mastering Chinese /,
183,Memories of Socrates :,"""Xenophon the Athenian was born 431 B.C. He was a pupil of Socrates. He marched with the Spartans, and was exiled from Athens. Sparta gave him land and property in Scillus, where he lived for many years before having to move once more, to settle in Corinth. He died in 354 B.C. The Memorabilia is a recollection of Socrates in word and deed, to show his character as the best and happiest of men""--"
183,Modern organizational theory :,
183,A multimodal language faculty :,"""Presenting a model of a multimodal language faculty which heralds a re-organization of the structures of language and their guiding assumptions, this book shows that although the primary human expressive behaviors - speaking, signing, drawing - may seem distinct, they actually decompose into similar cognitive building blocks, which coalesce into a multifaceted multimodal communicative system""--"
183,Open Socrates :,"The ancient Greek philosopher Socrates, perhaps the single most important figure in Western culture, is hidden in plain view. If his claim that 'the unexamined life is not worth living' has ceased to shock us, that is not because we know how to live examined ones; we speak of 'the Socratic method' in ignorance of just how much that method demands of us. In Open Socrates, acclaimed philosopher Agnes Callard takes us deeper into Socrates' thought than any modern writer has. As she shows, Socrates noticed that the most important questions start off closed: before a person even has a chance to ponder how she should live, her bodily desires or the forces of social conformity have already answered on her behalf. Is it even possible to ask a question that you think you have already answered? Callard answers yes -- but we can't do it alone. She argues that the true ambition of the Socratic method is to reveal what one human being can be to another. You can use another person in many ways -- for survival, for pleasure, for comfort -- but you are engaging them to the fullest when you call on them to help answer your own questions, and challenge your own answers. How should we manage romantic love? What is the right way to think about one's own death? What form should our politics take? These were the most intractable questions back in Socrates' time, and that continues to be true, 2,500 years later. Callard shows us how Socrates' method allows us to make progress in answering them -- and, in the process, gives us nothing less than a new ethics to live by."
183,Organized social complexity :,
183,Perspectives from systemic functional linguistics /,"This innovative collection brings together contributions from established and emerging scholars highlighting the ""appliability"" of Systemic Functional Linguistics and the ways in which theoretical and analytical conclusions drawn from its applications can inform and advance the study of language. The book discusses SFL's theoretical foundations and development in recent years to demonstrate its evolution into a more effective analytical tool. Building on this theoretical framework, the volume showcases the theory's applications in case studies exploring four sub-disciplines of language study: multilingual studies; translation studies; language learning and language teaching; and genre analysis. This all-inclusive volume demonstrates both Systemic Functional Linguistics' efficacy as a means of theoretical analysis, but also its value as a unique approach to the study of language and meaning, making this an indispensable resource for researchers and scholars in applied linguistics, discourse analysis, genre studies, translation studies, and multilingualism."
183,Research in organizational behavior :,
183,The Routledge handbook of systemic functional linguistics /,"The Routledge Handbook of Systemic Functional Linguistics brings together internationally renowned scholars of systemic functional linguistics (SFL) to provide a space for critical examination of the key tenets underpinning SFL theory. Uniquely, it includes description of the three main strands within contemporary SFL scholarship: Halliday's Introduction to Functional Grammar, Martin's discourse semantics and Fawcett's Cardiff Grammar. In five sections and thirty-eight interdisciplinary chapters, this is the first handbook to cover the whole architecture of SFL theory, comprising: the ontology and epistemology of SFL; SFL as a clause grammar; lexicogrammar below the clause, and SFL's approach to constituency; SFL's vibrant theory of language above the clause; and SFL as a theory of praxis with real-world applications. With a wide range of language examples, a comprehensive editors' introduction and a section on further reading, The Routledge Handbook of Systemic Functional Linguistics is an essential resource for all those studying and researching SFL or functional grammar."
183,Sayings and anecdotes :,
183,The second sophistic /,
183,Selections from classical Chinese historical texts :,
183,Short story criticism :,
183,The social psychology of organizations /,
000,Socrates :,
183,Socrates :,"""Christopher Taylor introduces the life and philosophy of Socrates, whose work has played a central role in shaping Western philosophical thinking for centuries. Examining what we can deduce about Socrates from the writings of his contemporaries (as he himself left none), Taylor traces the reception and influence of his thought to the modern day.""--"
183,Socrates and the human conscience /,
183,Systemic functional linguistics /,"""The series is about the nature, the functions and the structure of human language seen from a number of points of view within the framework of contemporary scientific thought. It covers about 35 years of work by one of the world's leading scholars in the field, Prof. Christian M.I.M. Matthiessen. The series of volumes in the 'Collected Works of Christian M.I.M. Matthiessen' are organized into a number of distinct topics. However, they all reinforce each other, and together constitute a coherent, body of theoretical and descriptive work. Each volume consists of a series of chapters written by Matthiessen with few co-authored chapters that are included so as to present Matthiessen's whole intellectual enterprise. Each volume also contains at least one new article written specifically for each volume. These reinforce the insights presented in each volume and further updates the cutting edge nature of the collective works. Volume 1 provides the foundation for the whole series of collected works, and includes chapters that serve as introduction of and summaries of Systemic Functional Linguistics. It is concerned with the nature of systemic functional linguistics as theory, as framework and as a school of linguistics. It includes an overview of the organization or 'architecture' of language according to SFL and of the lexicogrammatical subsystem of language, and of Halliday's conception of language as a resource for making meaning. It is also concerned with the history and development of SFL.""--"
183,Using Chinese synonyms /,
183,Using Chinese synonyms /,
185,魯迅と漱石 /,
185,Agricultural reform in China :,
185,"The apple, or, Aristotle's death =",
185,Aristotelianism /,
185,Aristotle :,
000,Aristotle :,
185,Aristotle :,
185,Aristotle /,"In this extensively revised new edition of his excellent guidebook, Christopher Shields introduces the whole of Aristotle’s philosophy, showing how his powerful conception of human nature shaped much of his thinking on the nature of the soul and the mind, ethics, politics, and the arts. Beginning with a brief biography, Shields carefully explains the fundamental elements of Aristotle’s thought: his explanatory framework, his philosophical methodology, and his four-causal explanatory scheme. Subsequently he discusses Aristotle’s metaphysics, the theory of categories, logical theory, and his conception of the human being as a composite of soul and body. The last part concentrates on Aristotle’s value theory as applied to ethics and politics, and assesses his approach to happiness, virtue, and the best life for human beings, before turning to a consideration of Aristotle's theory of rhetoric and the arts, with a special focus on his perennially controversial treatment of tragedy. This second edition includes an expanded discussion of Aristotle's method, and new sections on key issues in perception, thought, akrasia, and mimesis. It concludes with an expanded assessment of Aristotle's legacy, sketching currently emerging Neo-Aristotelian movements in metaphysics and virtue ethics."
185,Aristotle /,
185,Aristotle on coming-to-be and passing-away : some comments /,
185,The Bloomsbury companion to Aristotle /,"Aristotle is one of the most crucial figures in the history of Western thought, and his name and ideas continue to be invoked in a wide range of contemporary philosophical discussions. The Bloomsbury Companion to Aristotle brings together leading scholars from across the world and from a variety of philosophical traditions to survey the recent research on Aristotle's thought and its contributions to the full spectrum of philosophical enquiry, from logic to the natural sciences and psychology, from metaphysics to ethics, politics, and aesthetics. Further essays address aspects of the transmission, preservation, and elaboration of Aristotle's thought in subsequent phases of the history of philosophy (from the Judeo-Arabic reception to debates in Europe and North America), and look forward to potential future directions for the study of his thought. In addition, The Bloomsbury Companion to Aristotle includes an extensive range of essential pedagogic tools offering assistance to researchers working in the field, including a chronology of recent research, a glossary of key Aristotelian terms with Latin concordances and textual references, and a guide to further reading."
185,The Cambridge companion to Aristotle /,
185,China in ten words /,"""From one of China's most acclaimed writers, his first work of nonfiction to appear in English: a unique, intimate look at the Chinese experience over the last several decades, told through personal stories and astute analysis that sharply illuminate the country's meteoric economic and social transformation.""--Dust jacket."
185,Communication and the small group,
185,Creating groups /,
185,Decision-making group interaction /,
185,Developmental group work with adolescents /,
151,The group as agent of change :,
185,Hamilton`s paradox :,
185,Handbook of staff development and human relations training :,
185,An index to Aristotle :,
185,Intergovernmental financial relations in the United Kingdom /,
185,Interpersonal living :,
185,Jottings under lamplight /,"Lu Xun (1881-1936) was arguably the greatest writer of twentieth-century China. While most well known for his two slim volumes of short fiction, he was a prolific and inventive essayist. Jottings under Lamplight showcases Lu Xun's versatility as a master of prose forms and his brilliance as a cultural critic with translations of sixty-two of his essays, from the well known to the obscure, some translated for the first time. Organized by theme, the volume provides a context for readers--both those familiar with and those new to Lu Xun--to make meaningful connections among the diverse ideas generated from one of China's most brilliant minds. The first part of the book, ""Self-Reflections,"" includes important autobiographical essays that shed light on the formative experiences shaping Lu Xun's worldview and literary sensibilities. The second part, ""Reflections on Culture,"" contains his thoughts on the major cultural transformations of the day. The volume as a whole reveals the mind of an ingenious writer who chronicled his own life and the events of his time with a keen eye; the essays provide penetrating insights into a culture and society, relayed at times with notes of despair, yet also pathos, humor, and an unparalleled caustic wit.--"
185,Law and prediction in the light of chaos research /,
185,Literary remains :,
185,Lu Xun's revolution :,"""Widely recognized as modern China's preeminent man of letters, Lu Xun (1881-1936) is revered as the voice of a nation's conscience, a writer comparable to Shakespeare and Tolstoy in stature and influence. Gloria Davies's portrait now gives readers a better sense of this influential author by situating the man Mao Zedong hailed as 'the sage of modern China' in his turbulent time and place. In Davies's vivid rendering, we encounter a writer passionately engaged with the heady arguments and intrigues of a country on the eve of revolution. She traces political tensions in Lu Xun's works which reflect the larger conflict in modern Chinese thought between egalitarian and authoritarian impulses. During the last phase of Lu Xun's career, the so-called 'years on the left,' we see how fiercely he defended a literature in which the people would speak for themselves, and we come to understand why Lu Xun continues to inspire the debates shaping China today. Although Lu Xun was never a Communist, his legacy was fully enlisted to support the Party in the decades following his death. Far from the apologist of political violence portrayed by Maoist interpreters, however, Lu Xun emerges here as an energetic opponent of despotism, a humanist for whom empathy, not ideological zeal, was the key to achieving revolutionary ends. Limned with precision and insight, Lu Xun's Revolution is a major contribution to the ongoing reappraisal of this foundational figure.""--Book jacket."
185,The nameless :,
185,"Necessity, cause, and blame :",
185,"On man in the universe : Metaphysics, parts of Animals, Ethics, Politics, Poetics /",
185,On man in the universe /,
185,The Oxford handbook of Aristotle /,
185,The Oxford handbook of Aristotle /,
185,Phaenias of Eresus :,
185,The philosophy of Aristotle /,
185,A Pictorial biography of Lu Xun /,
185,Routledge companion to Shen Congwen /,
185,Short story criticism :,
185,The Significance test controversy :,
185,The small group /,
185,Small group communication :,
185,Small group communication /,
185,Small-group cultures /,
185,The basic works of Aristotle /,
185,The Rhetoric of Aristotle : an expanded translation with supplementary examples for students of composition and public speaking /,
185,The third revolution in the Chinese countryside /,
185,The translatability of revolution :,"""The first comprehensive study of the writer, politician, and Marxist historian Guo Moruo, this book explores the dynamics of translation, revolution, and historical imagination in twentieth-century Chinese culture. Leaping between different genres of Guo's works, it interrogates the linkage between translation and historical imagination""--Provided by the publisher."
185,Vanished springs /,
185,"The vice lords, warriors of the streets /",
185,"The vice lords, warriors of the streets /",
189,Against the academics /,
189,The age of belief :,
189,Anselm :,"""Anselm of Canterbury (1033-1109) was a remarkable theologian whose influence has lasted 1,000 years. He offers the first clear account of a libertarian view of free will; his understanding of God is regarded as the definitive expression of classical theism. His ontological argument for the existence of God and his account of the atonement continue to fascinate philosophers and theologians. In the Very Short Introduction Thomas Williams examines the historical and institutional contexts that shaped Anselm's work. Through this background, Professor Williams illuminates Anselm's central project and current relevance""--"
189,Aquinas :,"One of the most influential philosophers and theologians in history, St. Thomas Aquinas was the father of modern philosophy of religion, and is infamous for his ""proofs"" for God's existence. In this cogent introduction to the great Saint's work, Edward Feser argues that you cannot fully understand Aquinas' philosophy without his theology and vice versa. Covering his thoughts on the soul, natural law, metaphysics, and the interaction of faith and reason, this will prove indispensable for students, experts or the general reader."
189,Aquinas /,
000,"Aristotelian logic, Platonism, and the context of early medieval philosophy in the West /",
189,Augustine :,"This is a student's guide to the life and work of Augustine; a notoriously challenging thinker, widely read in Philosophy and Christian Theology. The book provides a concise and coherent overview of Augustine, introducing all the key concepts and themes, and is ideal for undergraduates who require more than just a simple introduction to his work and thought."
189,Augustine :,
189,Basic issues in medieval philosophy :,
189,Before science :,
189,Boethius and Aquinas /,
189,The Cambridge companion to Abelard /,"Peter Abelard (1079-1142) is one of the greatest philosophers of the medieval period. Although best known for his views about universals and his dramatic love affair with Heloise, he made a number of important contributions in metaphysics, logic, philosophy of language, mind and cognition, philosophical theology, ethics, and literature. The essays in this volume survey the entire range of Abelard's thought, and examine his overall achievement in its intellectual and historical context. They also trace Abelard's influence on later thought and his relevance to philosophical debates today."
189,The Cambridge companion to Anselm /,"Anselm of Canterbury (1033-1109), Benedictine monk and the second Norman archbishop of Canterbury, is regarded as one of the most important philosophers and theologians of the Middle Ages. The essays in this volume explore all of his major ideas both philosophical and theological, including his teachings on faith and reason, God's existence and nature, logic, freedom, truth, ethics, and key Christian doctrines. There is also discussion of his life, the sources of his thought, and his influence on other thinkers. New readers will find this the most convenient, accessible guide to Anselm currently available. Advanced students and specialists will find a conspectus of developments in the interpretation of Anselm."
189,The Cambridge companion to Aquinas /,
189,The Cambridge companion to Augustine /,"It has been over a decade since the first edition of The Cambridge Companion to Augustine was published. In that time, reflection on Augustine's life and labors has continued to bear much fruit: significant new studies into major aspects of his thinking have appeared, as well as studies of his life and times and new translations of his work. This new edition of the Companion, which replaces the earlier volume, has eleven new chapters, revised versions of others, and a comprehensive updated bibliography. It will furnish students and scholars of Augustine with a rich resource on a philosopher whose work continues to inspire discussion and debate."
189,The Cambridge companion to Boethius /,
189,The Cambridge companion to Duns Scotus /,"Each volume in this series of companions to major philosophers contains specially commissioned essays by an international team of scholars, together with a substantial bibliography, and will serve as a reference work for students and non-specialists. One aim of the series is to dispel the intimidation such readers often feel when faced with the work of a difficult and challenging thinker. John Duns Scotus (1265/6-1308) was (along with Aquinas and Ockham) one of the three principal figures in medieval philosophy and theology, with an influence on modern thought arguably even greater than that of Aquinas. The essays in this volume systematically survey the full range of Scotus' thought. They take care to explain the technical details of his writing in lucid terms and demonstrate the relevance of his work to contemporary philosophical debate. New readers will find this the most convenient and accessible guide to Scotus currently available."
189,The Cambridge companion to medieval philosophy /,
189,The Cambridge companion to Ockham /,
189,The Cambridge history of medieval philosophy /,
189,The commentaries of Boethius /,
189,A companion to Giles of Rome /,
189,Continuity and innovation in medieval and modern philosophy :,
189,Covenant and causality in medieval thought :,
189,Doctor Illuminatus :,"For this new anthology, Anthony Bonner has chosen central texts from his acclaimed two-volume compilation Selected Works of Ramon Llull (Princeton, 1985). Available for the first time in an affordable format, these works serve as an introduction to the life and writings of the Catalan (properly, Majorcan) philosopher, mystic, and theologian who lived from 1232 to 1316. Founder of a school of Arabic and other languages, Llull was also a poet and novelist and one of the creators of literary Catalan. This volume contains three prefaces on Llull's life, thought, and reputation. Of Llull's works, it offers Book of the Gentile and the Three Wise Men, his seminal Christian apology; the Ars brevis, a summary of his philosophical system; The Book of the Lover and the Beloved, a celebration of mystical love in the courtly tradition; and his wittily scathing Book of the Beasts."
189,Early medieval philosophy (480 to 1150) :,
189,Early medieval philosophy (480-1150) :,
189,Fabula :,
189,Fifty key Medieval thinkers /,
189,God and reason in the Middle Ages /,
189,The great ages of western philosophy.,
189,The hidden sense :,
189,History of Christian philosophy in the Middle Ages.,
189,A History of twelfth-century Western philosophy /,
189,Imprudence in St. Thomas Aquinas /,
189,In defense of common sense :,
189,The instant of change in medieval philosophy and beyond /,"Since antiquity, philosophers have investigated how change works. If a thing moves from one state to another, when exactly does it start to be in its new state, and when does it cease to be in its former one? In the late Middle Ages, the ""problem of the instant of change"" was subject to considerable debate and gave rise to sophisticated theories; it became popular and controversial again in the second half of the twentieth century. The studies collected here constitute the first attempt at tackling the different aspects of an issue that, until now, have been the object of seminal but isolated forays. They do so in through a historical perspective, offering both the medieval and the contemporary viewpoints. Contributors are Damiano Costa, Graziana Ciola, William O. Duba, Simo Knuuttila, Greg Littmann, Can Laurens Loewe, Graham Priest, Magali Roques, Niko Strobach, Edith Dudley Sylla, Cecilia Trifogli and Gustavo Fernandez Walker."
189,An introduction to medieval philosophy /,
189,The Irish in Early Medieval Europe :,"Irish scholars who arrived in Continental Europe in the early Middle Ages are often credited with making some of the most important contributions to European culture and learning of the time, from the introduction of a new calendar to monastic reform. Among them were celebrated personalities such as St Columbanus, John Scottus Eriugena, and Sedulius Scottus who were in the vanguard of a constant stream of arrivals from Ireland to continental Europe, collectively known as 'peregrini'. The continental response to this Irish 'diaspora' ranged from admiration to open hostility, especially when peregrini were deemed to challenge prevalent cultural or spiritual conventions. This volume brings together leading historians, archaeologists, and palaeographers who provide―for the first time―a comprehensive assessment of the phenomenon of Irish peregrini in their continental context and the manner in which it is framed by modern scholarship as well as the popular imagination."
189,Key philosophical writings /,
189,The letter collection of Peter Abelard and Heloise /,
189,The letters of Abelard and Heloise /,
189,The major works /,"`For I do not seek to understand so that I may believe; but I believe so that I may understand. For I believe this also, that unless I believe, I shall not understand.' Does God exist? Can we know anything about God's nature? Have we any reason to think that the Christian religion is true? What is truth, anyway? Do human beings have freedom of choice? Can they have such freedom in a world created by God? These questions, and others, were ones which Anselm of Canterbury (c.1033-1109) took very seriously. He was utterly convinced of the truth of the Christian religion, but he was also determined to try to make sense of his Christian faith. Recognizing that the Christian God is incomprehensible, he also believed that Christianity is not simply something to be swallowed with mouth open and eyes shut. For Anselm, the doctrines of Christianity are an invitation to question, to think, and to learn. Anselm is studied today because his rigour of thought and clarity of writing place him among the greatest of theologians and philosophers. This translation provides readers with their first opportunity to read all of his most important works within the covers of a single volume. ABOUT THE SERIES: For over 100 years Oxford World's Classics has made available the widest range of literature from around the globe. Each affordable volume reflects Oxford's commitment to scholarship, providing the most accurate text plus a wealth of other valuable features, including expert introductions by leading authorities, helpful notes to clarify the text, up-to-date bibliographies for further study, and much more."
189,Man--the indivisible :,
189,The mediaeval mind :,
189,Medieval Central Asia and the Persianate world :,"A.C.S. Peacock is Lecturer in Middle Eastern History at the University of St Andrews, and holds a PhD in Oriental Studies from Pembroke College, Cambridge. He is the author of Early Seljuq History: A New Interpretation (2010), and is the co-editor of The Seljuks of Anatolia: Court and Society in the Medieval Middle East (I.B.Tauris, 2012) and Ferdowsi, the Mongols and the History of Iran: Art, Literature and Culture from Early Islam to Qajar Persia (I.B.Tauris, 2013).D.G. Tor is Assistant Professor of Medieval Middle Eastern History at the University of Notre Dame, and holds a PhD in History and Middle Eastern Studies from Harvard University. She is the author of The Great Selkuq Sultanate and the Formation of Islamic Civilization: A Thematic History (forthcoming) and Violent Order: Religious Warfare, Chivalry and the 'Ayyar Phenomenon in the Medieval Islamic World (2007)."
189,The medieval Christian philosophers :,"The High Middle Ages were remarkable for their coherent sense of 'Christendom': of people who belonged to a homogeneous Christian society marked by uniform rituals of birth and death and worship. That uniformity, which came under increasing strain as national European characteristics became more pronounced, achieved perhaps its most perfect intellectual expression in the thought of the western Christian thinkers who are sometimes called 'scholastic theologians'. This book offers the first focused introduction to these thinkers based on the individuals themselves and their central preoccupations."
189,Medieval philosophy :,"Why do good things happen to bad people? Can we prove whether God exists? What is the difference between right and wrong? Medieval Philosophers were centrally concerned with such questions: questions which are as relevant today as a thousand years ago when the likes of Anselm and Aquinas sought to resolve them. In this fast-paced, enlightening guide, Sharon M. Kaye takes us on a whistle-stop tour of medieval philosophy, revealing the debt it owes to Aristotle and Plato, and showing how medieval thought is still inspiring philosophers and thinkers today. With new translations of numerous key extracts from across the centuries, Kaye directly involves the reader with the philosophers’ writings, and introduces the criticisms levied against them. With helpful text boxes throughout the book detailing key figures and philosophical movements, this is an invaluable reference for students of all levels, and will prove an entertaining primer for the general reader. Sharon M. Kaye is Associate Professor of Philosophy at John Carroll University. She is the author of On Ockham and On Augustine."
189,Medieval philosophy :,"For many of us, the term 'medieval philosophy' conjures up the figure of Thomas Aquinas, and is closely intertwined with religion. In this Very Short Introduction John Marenbon shows how medieval philosophy had a far broader reach than the thirteenth and fourteenth-century universities of Christian Europe, and is instead one of the most exciting and diversified periods in the history of thought. Introducing the coexisting strands of Christian, Muslim, and Jewish philosophy, Marenbon shows how these traditions all go back to the Platonic schools of late antiquity and explains the complex ways in which they are interlinked. Providing an overview of some of the main thinkers, such as Boethius, Abelard, al-Farabi, Avicenna, Maimonides, and Gersonides, and the topics, institutions and literary forms of medieval philosophy, he discusses in detail some of the key issues in medieval thought: universals; mind, body and mortality; foreknowledge and freedom; society and the best life."
189,Medieval philosophy :,
189,Medieval philosophy :,
189,Medieval philosophy /,
189,Medieval philosophy and the classical tradition :,
189,Medieval thought :,
189,Medieval thought :,
189,The Metaphysica of Avicenna (ibn sīnā) :,"In this book, first published in 1973, Professor Parviz Morewedge, an expert on Islamic philosophy and mysticism, provides a critical exposition of one text of ibn Sina (Avicenna), the great Persian philosopher who lived from 980 to 1037. The text is his Metaphysica in the Danish Nama-I `ala'I (The Book of Scientific Knowledge). In addition to a translation of the text from Persian into English, this edition includes a critical commentary on the major arguments found in the text, and notes and references to other texts of ibn Sina as well as to relevant texts of Greek philosophers, particularly Aristotle, Plotinus and Proclus. There is also a glossary of the key terms used in the Metaphysica, with their Persian, Arabic, Greek and Latin equivalents where necessary."
189,Nine mediaeval thinkers :,
189,"On education, formation, citizenship and the lost purpose of learning /","Reading Augustine presents concise, personal readings of St. Augustine of Hippo from leading philosophers and religion scholars. The looming crisis in higher education appears to be a matter of soaring costs and crushing student debt, but the problem is actually much deeper. It is a crisis of soul; a question of the very purpose of learning and the type of people that our educational system produces. Today, in the age of academic hyper-specialization and professional knowledge, the moral and spiritual purposes of learning have been eclipsed by a shallow view of career and success. On Education, Formation, Citizenship, and the Lost Purpose of Learning turns to the influential figure Augustine of Hippo to explore how he saved the liberal arts at the end of the Roman Empire and how his inspiring vision can do the same for higher education today. It offers a roadmap for reviving the soul of education – presenting concrete ways that the intellectual practices and economic enterprise of learning can lead once more to a fulfilled life of knowing God and loving others."
189,The Oxford handbook of Aquinas /,
189,The Oxford handbook of medieval philosophy /,
189,The Oxford handbook of synesthesia /,Synesthesia is a fascinating phenomenon which has captured the imagination of scientists and artists alike. This title brings together a broad body of knowledge about this condition into one definitive state-of-the-art handbook.
189,Peregrinations of the word :,"""Peregrinations of the Word consists of essays on five medieval philosophers: Augustine, Anselm, Aquinas, Bonaventure, and Duns Scotus."" ""Through each of these essays is an independent study, they have as a common theme the relation between faith and reason as understood in the Middle Ages; for example, the conflict between the hermeneutic of reason and that of revelation in the construction of self, the dialectic of philosophical demonstration and devotional submission required of all discourse about God, and the resources available to medieval theology for resolving the conflict of nominalism and realism. Mackey maintains that medieval philosophy can only be understood in its theological and scriptural milieu. He has argued this point by showing how that milieu enabled these five thinkers to deal with a variety of philosophical issues. He concludes persuasively that religious beliefs and exegetical concerns did not shackle the medieval mind but rather liberated it and empowered it."" ""Peregrinations of the Word will be of interest to philosophers, theologians, and students of religion as well as literary critics and theorists. It is a particularly important work for scholars of medieval studies.""--BOOK JACKET."
189,Person-Exegese und Christologie bei Augustinus :,
189,Philosophy and civilization in the Middle Ages /,
189,Philosophy in the Middle Ages :,
189,Platonism and its Christian heritage /,
189,The principles of human knowledge :,
189,Reason and revelation in the Middle Ages /,
189,The romantic overture and musical form from Rossini to Wagner /,"In this book Steven Vande Moortele offers a comprehensive account of operatic and concert overtures in continental Europe between 1815 and 1850. Discussing a broad range of works by German, French, and Italian composers, it is at once an investigation of the Romantic overture within the context of mid-nineteenth century musical culture and an analytical study that focuses on aspects of large-scale formal organization in the overture genre. While the book draws extensively upon the recent achievements of the 'new Formenlehre', it does not use the overture merely as a vehicle for a theory of romantic form, but rather takes an analytical approach that engages with individual works in their generic context."
189,Saint Thomas and the life of learning /,
189,Scholastic humanism and the unification of Europe /,
189,Scholastic journalism /,
189,Scholastic journalism /,
189,Scholastic meditations /,
189,Selected philosophical writings /,"St Thomas Aquinas (1225-1274) saw religion as part of the natural human propensity to worship. His ability to recognize the naturalness of this phenomenon and simultaneously to go beyond it, to explore spiritual revelation, makes his work fresh and highly readable today. While drawing on a strong distinction between theology and philosophy, Aquinas interleaved them intricately in his writings, which range from an examination of the structures of thought to the concept of God as the end of all things."
189,The shadow of Scotus :,
189,A short history of medieval philosophy /,
189,Short story criticism :,
189,St. Thomas and philosophy /,
189,St. Thomas and the Greek moralists /,
189,St. Thomas on the object of geometry /,
189,Synaesthesia :,
189,Synesthesia /,"An accessible, concise primer on the neurological trait of synesthesia--vividly felt sensory couplings--by a founder of the field. One in twenty-three people carry the genes for the synesthesia. Not a disorder but a neurological trait--like perfect pitch--synesthesia creates vividly felt cross-sensory couplings. A synesthete might hear a voice and at the same time see it as a color or shape, taste its distinctive flavor, or feel it as a physical touch. In this volume in the MIT Press Essential Knowledge series, Richard Cytowic, the expert who returned synesthesia to mainstream science after decades of oblivion, offers a concise, accessible primer on this fascinating human experience."
189,The school of Peter Abelard : the influence of Abelard's thought in the early scholastic period /,
189,Thomas and the physics of 1958 :,
189,Thomas Aquinas :,
189,Thomas Aquinas and John Gerhard.,
189,Thomism and modern thought /,
189,Vita coaetanea =,"Winner of the 2018 Premio internazionale Francesco Saverio Nitti per il Mediterraneo in the category ""Storia, Letteratura"", awarded annually by Universita degli Studi Suor Orsola Benincasa, Naples, Italy. The Vita coaetanea (A Contemporary Life) is an autobiographical account of Ramon Llull's life dictated by himself to a friend in 1311 when he was seventy-nine years old. In it Llull reviews his works in the context of a life dedicated to God and motivated by the desire to disseminate the message of the Christian faith among the infidels. Llull, the self-labeled troubadour of books, wrote this account in part as a self-justification of his life and work, in part as self-consolation for his unending toils and travails. It is very likely that he also had in mind the Council of Vienne (1311) which he was about to attend and where he submitted petitions dealing with the establishment of adequate places to study languages for the preaching of the Gospel to every creature and the founding of a Christian military religious order that waged permanent war against the Saracens until the Holy Land is reconquered. Llull wanted to frame these petitions within a well thought-out justificatory account of his life and works that exudes passion, commitment and love for his fellow man. This volume contains the Latin original, as well as translations into Catalan, Spanish, and English."
189,William Ockham /,
199,35 ways to discover a major /,
199,各國幣制 / 楊蔭溥著,
199,"Affects, actions and passions in Spinoza :",
199,African philosophy :,
199,African philosophy :,
199,The African philosophy reader /,
199,"African philosophy, culture, and traditional medicine /",
199,African worlds :,
199,Alfred Tarski :,
199,Alfred Tarski :,
199,Being in the pampas :,
199,Betraying Spinoza :,"""In 1656, Amsterdam's Jewish community excommunicated Baruch Spinoza, and, at the age of twenty-three, he became the most famous heretic in Judaism. He was already germinating a secularist challenge to religion that would be as radical as it was original. He went on to produce one of the most ambitious systems in the history of Western philosophy, so ahead of its time that scientists today, from string theorists to neurobiologists, count themselves among Spinoza's progeny."" ""In Betraying Spinoza, Rebecca Goldstein sets out to rediscover the flesh-and-blood man often hidden beneath the veneer of rigorous rationality, and to crack the mystery of the breach between the philosopher and his Jewish past. Goldstein argues that the trauma of the Inquisition's persecution of its forced Jewish converts plays itself out in Spinoza's philosophy. The excommunicated Spinoza, no less than his excommunicators, was responding to Europe's first experiment with racial anti-Semitism.""--BOOK JACKET."
199,A book forged in hell :,"""When it appeared in 1670, Baruch Spinoza's Theological-Political Treatise was denounced as the most dangerous book ever published--'godless,' 'full of abominations,' 'a book forged in hell . . . by the devil himself.' Religious and secular authorities saw it as a threat to faith, social and political harmony, and everyday morality, and its author was almost universally regarded as a religious subversive and political radical who sought to spread atheism throughout Europe. Yet Spinoza's book has contributed as much as the Declaration of Independence or Thomas Paine's Common Sense to modern liberal, secular, and democratic thinking. In A Book Forged in Hell, Steven Nadler tells the fascinating story of this extraordinary book: its radical claims and their background in the philosophical, religious, and political tensions of the Dutch Golden Age, as well as the vitriolic reaction these ideas inspired. It is not hard to see why Spinoza's Treatise was so important or so controversial, or why the uproar it caused is one of the most significant events in European intellectual history. In the book, Spinoza became the first to argue that the Bible is not literally the word of God but rather a work of human literature; that true religion has nothing to do with theology, liturgical ceremonies, or sectarian dogma; and that religious authorities should have no role in governing a modern state. He also denied the reality of miracles and divine providence, reinterpreted the nature of prophecy, and made an eloquent plea for toleration and democracy. A vivid story of incendiary ideas and vicious backlash, A Book Forged in Hell will interest anyone who is curious about the origin of some of our most cherished modern beliefs.""--Book jacket."
199,The Cambridge companion to Spinoza /,"Benedict (Baruch) de Spinoza has been one of the most inspiring and influential philosophers of the modern era, yet also one of the most difficult and most frequently misunderstood. Spinoza sought to unify mind and body, science and religion, and to derive an ethics of reason, virtue, and freedom 'in geometrical order' from a monistic metaphysics. Of all the philosophical systems of the seventeenth century it is his that speaks most deeply to the twentieth century. The essays in this volume provide a clear and systematic exegesis of Spinoza's thought informed by the most recent scholarship. They cover his metaphysics, epistemology, philosophy of science, psychology, ethics, political theory, theology, and scriptural interpretation, as well as his life and influence on later thinkers."
199,The Cambridge companion to Spinoza /,
199,Christian philosophy and the meaning of history /,
199,Collected works of Erasmus.,
199,Complete works /,
199,Content and object :,
199,The Continuum companion to Spinoza /,
199,Contours of a Christian philosophy :,
199,Corned beef and tapioca :,
199,The course syllabus :,
199,Cultural universals and particulars :,"The eminent Ghanaian philosopher Kwasi Wiredu confronts the paradox that while Western cultures recoil from claims of universality, previously colonized peoples, seeking to redefine their identities, insist on cultural particularities. Wiredu's exposition of the principles of African traditional philosophy is not purely theoretical; he shows how certain aspects of African political thought may be applied to the practical resolution of some of Africa's most pressing problems."
199,Curricula for sustainability in higher education /,"This books presents the curricula necessary for sustainability in higher education. It shows how the learning process is transforming in order to promote sustainability. It prepares administrators, teachers and students to diffuse the development in the field, showing a curricula based on three interconnected pillars: the environment, the economic and the social aspects. It contains 8 chapters introducing research advances in the field."
199,Czech philosophy in the XXth century /,
199,Designing learning :,
199,Determinants of performance of university academic staff :,
199,Developing creativity in higher education :,
199,Developing the credit-based modular curriculum in higher education /,
199,Dialectics of the concrete :,
199,Does the Internet have an unconscious? :,"Clint Burnham has produced the definitive psychoanalytic account of digital culture. This is the book that those seeking to understand how the unconscious manifests itself in the digital universe have been waiting for. For too long, psychoanalytic theorists have confined themselves to analyses of film and literature, but now Burnham provides the breakthrough. Far from being an application of psychoanalysis to a foreign realm, the digital provides the privileged ground for encountering the unconscious. As Burnham's delightful and witty prose indicates, the internet functions as an event with concrete ramifications for the psyches that emerge in its wake. Todd McGowan, Professor of English, University of Vermont, USA, and author of Only a Joke Can Save Us: A Theory of Comedy Were there ever two formations with less in common than 'the Internet, ' a machinic transmission of discrete data, and 'psychoanalysis, ' a wild science of messy social relationality? Clint Burnham's genius is to show how psychoanalysis is indispensable to any robust theory of digital culture, but as well to reveal the cybernetics already at work in psychoanalytic theory from Freud to Zizek. In readings of multiple media, he vividly demonstrates the ongoing necessity of concepts like negation, enjoyment, and disavowal for making sense of aesthetic productions like cinema, social experiences like Facebook, and the cyber mode of production that binds online pleasures to offline battery factories. This is an expansive, fascinating book, offering its readers a dazzling plenty of speculation and critique."
199,Encounters with a radical Erasmus :,
199,Erasmus and his times :,
199,Essential works of Erasmus /,
199,The ethics :,
199,Faces of the infinite :,"""Neoplatonism, the dominant philosophy of Late Antiquity, inspired not only the intellectual traditions of Judaism, Christianity and Islam but also their arts. Neoplatonic notions of the ascent of the soul, the nature of love and beauty, divine immanence and transcendence, and the interplay between the many and the One, have for centuries left comparable marks on the poetry of Western Asia, North Africa and Europe. This volume focuses on the Greater Mediterranean and discusses authors who wrote in Arabic, Greek, Hebrew, Italian, Persian, Spanish and Turkish, from medieval times to the present day. Among them are many celebrated exponents of their respective classical traditions, including Dante, Ibn Arabi and Ibn Gabirol. Major contemporary poets writing in these languages have continued to engage with the Neoplatonic heritage assimilated by their forbears. Particular attention is therefore given also to the modern period. The findings gathered here demonstrate that Neoplatonism is a cross-cultural phenomenon of outstanding importance which has given rise to a distinct 'Neoplatonic poetics' and remains relevant by pointing the way towards an inclusive sense of identity commensurate with a pluralist world"" --"
199,The first modern Jew :,"""Pioneering biblical critic, theorist of democracy, and legendary conflater of God and nature, Jewish philosopher Baruch Spinoza (1632-1677) was excommunicated by the Sephardic Jews of Amsterdam in 1656 for his ""horrible heresies"" and ""monstrous deeds."" Yet, over the past three centuries, Spinoza's rupture with traditional Jewish beliefs and practices has elevated him to a prominent place in genealogies of Jewish modernity. The First Modern Jew provides a riveting look at how Spinoza went from being one of Judaism's most notorious outcasts to one of its most celebrated, if still highly controversial, cultural icons, and a powerful and protean symbol of the first modern secular Jew. Ranging from Amsterdam to Palestine and back again to Europe, the book chronicles Spinoza's posthumous odyssey from marginalized heretic to hero, the exemplar of a whole host of Jewish identities, including cosmopolitan, nationalist, reformist, and rejectionist. Daniel Schwartz shows that in fashioning Spinoza into ""the first modern Jew,"" generations of Jewish intellectuals -German liberals, East European maskilim, secular Zionists, and Yiddishists- have projected their own dilemmas of identity onto him, reshaping the Amsterdam thinker in their own image. The many afterlives of Spinoza are a kind of looking glass into the struggles of Jewish writers over where to draw the boundaries of Jewishness and whether a secular Jewish identity is indeed possible. Cumulatively, these afterlives offer a kaleidoscopic view of modern Jewish culture and a vivid history of an obsession with Spinoza that continues to this day.""--Jacket."
199,From the viewpoint of the Lvov-Warsaw school /,
199,General education essentials :,"""Every year, hundreds of small colleges, state schools, and large, research-oriented universities across the United States (and, increasingly, across Europe and Asia) are revisiting their core and general education curricula, often moving toward more integrative models. And every year, faculty members who are highly skilled and regularly rewarded for their work in narrowly defined fields are raising their hands at department meetings, at divisional gatherings, and at faculty senate sessions and asking two simple questions: ""Why?"" and ""How is this going to impact me?"" This guide seeks to answer these and other questions by providing an overview of and a rational for the recent shift in general education curricular design, a sense of how this shift can affect a faculty member's teaching, and a sense of how all of this might impact course and student assessment""--"
199,Georg Lukács :,
199,Georg Lukacs :,
199,Georg Lukács :,
199,Georg Lukács and critical theory :,"""This book examines the heritage of critical theory from the Hungarian Marxist philosopher Georg Luk̀cs through the early Frankfurt School up to current issues of authoritarian politics and democratisation. Interweaving discussion of art and literature, utopian thought, and the dialectics of high art and mass culture, it offers unique perspectives on an interconnected group of left-wing intellectuals who sought to understand and resist their society's systemic impoverishment of thought and experience. Starting from Luk̀cs's reflections on art, utopia, and historical action, it progresses to the Frankfurt School philosopher Theodor W. Adorno's analyses of music, media, avant-garde and kitsch. It concludes with discussions of erotic utopia, authoritarianism, postsocialism, and organised deceit in show trials - topics in which the legacy of Luk̀cs and Frankfurt School critical theory continues to be relevant today""--"
199,Georg Lukacs and his critics :,
199,George Lukacs /,
199,Glaube und Vernunft :,
199,Higher education in the making :,"George Allan argues that the so-called ""culture wars"" in higher education are the result of the dogmatic and unyielding certainty that both canonists and anti-canonists bring to any discussion of how best to organize an undergraduate curriculum. He then proposes a middle way. Drawing from William James, John Dewey, and Alfred North Whitehead, he contrasts the absolutist claims of both canonists and anti-canonists with a fallibilist approach and argues for a more pragmatic canon that is normative and always in need of renovation."
199,Higher education in the making :,
199,Interdisciplinary practices in higher education :,"""Drawing on eight crowdsourced cases, Interdisciplinary Practices in Higher Education demonstrates the range and diversity in approaches to teaching, learning and collaborating across disciplinary and institutional borders. The cases explore everyday challenges within interdisciplinary higher education experiences such as designing study programmes, planning curricula, ensuring sufficient assessment and feedback for diverse groups of students and coordinating and aligning expectations with external stakeholders. Each case is analysed by three leading experts, providing solutions and practical guidance to support practice.Chapters explore the challenges of: Breadth versus depth in interdisciplinary teaching and learning activities; Disciplinary identities in interdisciplinary collaborations; The governance and administration of interdisciplinary courses and study programmes; Career trajectories for interdisciplinary researchers; Aligning expectations with stakeholders in transdisciplinary endeavours. A highly practical, solution-based book, this is an essential read for lecturers, students, researchers and others who might wish to embark on an interdisciplinary path or develop future border-crossing practices within their higher education institutions.""--"
199,Interdisciplinary practices in higher education :,"""Drawing on eight crowdsourced cases, Interdisciplinary Practices in Higher Education demonstrates the range and diversity in approaches to teaching, learning and collaborating across disciplinary and institutional borders. The cases explore everyday challenges within interdisciplinary higher education experiences such as designing study programmes, planning curricula, ensuring sufficient assessment and feedback for diverse groups of students and coordinating and aligning expectations with external stakeholders. Each case is analysed by three leading experts, providing solutions and practical guidance to support practice.Chapters explore the challenges of: Breadth versus depth in interdisciplinary teaching and learning activities; Disciplinary identities in interdisciplinary collaborations; The governance and administration of interdisciplinary courses and study programmes; Career trajectories for interdisciplinary researchers; Aligning expectations with stakeholders in transdisciplinary endeavours. A highly practical, solution-based book, this is an essential read for lecturers, students, researchers and others who might wish to embark on an interdisciplinary path or develop future border-crossing practices within their higher education institutions.""--"
199,Internationalising programmes in higher education :,"""This book addresses challenges that higher education institutions face when bridging the gap between internationalisation as a key university strategy and their delivery of interculturally competent and responsible graduates. Combining international case studies and research outcomes, it provides an in-depth understanding of the role educational developers can play in the internationalisation of higher education and in the provision of an internationalised learning experience for all students. The book situates international education in global and local contexts and contributes to the design and delivery of internationalised curricula in very concrete terms. In doing so, it suggests how academic staff may enhance the quality of their programmes by leveraging the opportunities of international classrooms where students have diverse academic, linguistic, and cultural backgrounds. The content of the book is therefore also foundational for continuing professional development (CPD) programmes that enhance staff competences for designing and teaching inclusive internationalised programmes and include topics such as: An international competence profile for educational developers, Intercultural competence as a graduate attribute, Internationalised curriculum design and delivery, Intercultural group dynamics, The role of languages in internationalised higher education classrooms, Reflective processes for teaching and learning in the international classroom. This book is essential reading and a go-to resource for any academic looking to internationalise their education programmes. It will also be of interest to those directly involved in curriculum development, learning, and teaching as well as those who have more strategic responsibilities within and beyond HEIs, or who are involved in higher education research""--"
199,Internationalization and diversity in higher education :,"This timely new book examines the impact of internationalization and diversity in higher education and provides practical guidance on how to manage an increasingly varied range of expectations and needs, and ensure that academic practice best serves the needs of all students across diverse learning spaces."
199,Interpreting Spinoza :,
199,Interpreting Spinoza :,
199,Introducing writing across the curriculum into China :,
199,An introduction to African philosophy /,
199,An introduction to Africana philosophy /,
199,An introduction to Africana philosophy /,
199,Jan Patocka :,
199,"Knowledge, belief, and witchcraft :",
199,"Language, logic and causation :",
199,Latin American philosophy in the twentieth century :,
199,The learner-centered curriculum :,
199,Lithuanian philosophy :,
199,The lost world of Thomas Jefferson /,
199,Lukács after Communism :,
199,Lukács today :,
199,Major in happiness :,"The preconceptions and suspicions about how things operate in today's challenging global marketplace often compel people to forge correlations with causations without any substantial evidence. Unfortunately, this flawed thinking is the foundation upon which many students declare their undergraduate major. With the repayment of college loans as a paramount issue for students and their families, the major is often viewed as the stepping stone for a career that can repay those loans instead of the first step to a meaningful life based on leadership, purpose, and service. Students should declare a major that makes them happy. Doing so substantially increases their chances of pursuing careers paths that ignite their passion, identify with their purpose, and spark a commitment to lifelong learning. All too often, however, students are exposed to the myopic valuable versus useless paradigm of decision-making process when it comes to declaring a major. According to this paradigm, a ""valuable"" major is useful, can teach a specific skill, and provides one with a lifetime of employment and riches. Accounting, marketing, engineering, and computer science are just a few examples. A ""worthless"" major, on the other hand, is more intellectual and therefore has little, or no, practical application for employment purposes. Majors that generally fall into this category include history, English, philosophy, and sociology among others. This dichotomy between the valuable versus useless majors is based on flawed mental models and ingrained assumptions about how the world works that lead to a series of fallacies surrounding the college major. Major in Happiness: Debunking the College Major Fallacies examines a variety of assumptions prevalent in the mental models of undergraduates, parents, educators, higher education leaders, administrators, and policymakers that cause people to fall into a series of mental traps when selecting a major. Divided into three parts, this publication presents a situational analysis on choosing a college major, dissects the mental models and traps people rely on, and offers a variety of assessments that can help increase one's self-awareness prior to declaring a major."
199,Making college courses flexible :,"""Addressing students' increasing demand for flexibility in how they complete college courses, this book prepares practitioners to create equivalent learning experiences for students in the classroom and those learning from home, synchronously or asynchronously. Combining evidence-based strategies and implementation stories shared by veteran practitioners, Kevin Kelly has created a guide for educators who want to offer a more flexible and equitable path to learner success. Chapters address emerging challenges related to teaching, learning, and managing technology, and give recommendations for supporting students in courses that combine two or more participation modalities. Written for busy professionals, readers will be able to quickly identify where to focus their attention and how to put these ideas into practice. Filled with impactful teaching techniques, lessons learned, and immediately applicable exercises, this resource is a powerful tool for creating course experiences that support every student""--"
000,The master and the slave :,"This book is a comparative study in the history of ideas. It is an innovative examination of the intellectual background, affiliations and contexts of two major twentieth-century thinkers and an historical interpretation of their work in aesthetics, cultural theory, literary history, and philosophy. Unlike all existing texts on Lukacs and Bakhtin, this book offers a comparison of their writings at different stages of their intellectual development and in the broad context of the ideas of their time. The book introduces unknown archival material and discusses hitherto disregarded or overlooked texts by Lukacs and Bakhtin. It puts forward new readings of best-known work on Dostoevsky, Rabelais, and Goethe and treats in an original way the question of the coherence of Bakhtin's ouevre. The book offers valuable insight into the sources of Bakhtin's terminological repertoire and through examination of Bakhtin's and Lukacs's intellectual affiliations - of the limits and substance of their originality as thinkers. Lukacs and Bakhtin emerge from the book as thinkers, whose intellectual careers followed strikingly similar paths. They both were confronted with similar agendas and questions posed for them by their time. Bakhtin however, had to find answers not only for this common agenda but also to the answers that Lukacs himself had already provided."
199,"Mind, method, and conditionals :",
199,Module design in a changing era of higher education :,"""Explores the module design experiences and practices of academics employed within one UK university, and during a period of social and economic change in which university staff are designing and delivering curricula for changing student populations, with different profiles and expectations than previous generations. The book raises issues such as why, in a climate of reduced resources, staff increase their own workloads by re-writing lectures to accommodate changing student needs, and now institutional practices that are used to encourage curriculum innovation are often having a perceived opposite effect. It will appeal to academic staff, students of higher education studies, and policy-makers within the education sector""."
199,A new critique of theoretical thought /,
199,A new German idealism :,"In 2012, philosopher and public intellectual Slavoj Žižek published what arguably is his magnum opus, the one-thousand-page tome Less Than Nothing: Hegel and the Shadow of Dialectical Materialism. A sizable sequel appeared in 2014, Absolute Recoil: Towards a New Foundation of Dialectical Materialism. In these two books, Žižek returns to the German idealist G. W. F. Hegel in order to forge a new materialism for the twenty-first century. Žižek’s reinvention of Hegelian dialectics explores perennial and contemporary concerns: humanity’s relations with nature, the place of human freedom, the limits of rationality, the roles of spirituality and religion, and the prospects for radical sociopolitical change."
199,The New Spinoza /,
199,Of a fire on the moon /,
199,Onomasticon of the Hittite pantheon /,"The Onomasticon of the Hittite Pantheon by Ben van Gessel was published in 1998. In three years time the work has established itself as the ultimate comprehensive reference work concerning the Hittite pantheon. With the publication of Part Three, the main work will be made accessible to the wider circle of all those interested in the Ancient Near East. Moreover, it will prove to be an indispensable key to the abundance of information until now only to be found scattered throughout the Onomasticon. The easy-reference glossaries contain all the (word )forms quoted from Hittite texts in the Onomasticon. A special feature of these glossaries is that they not only give the (English) meaning of the (word) forms, but that they also indicate, where appropriate, in relation to which deities they may appear. Also of importance are the lists of personal and geographical names and festivals included. Part Three further includes additions resulting from new discoveries and corrections of earlier references in the Onomasticon."
199,Paracelsus :,
199,Person and community :,
199,Philosophy and democracy in intercultural perspective =,
199,Philosophy for Africa /,
199,Philosophy in crisis :,
199,"Piety, peace, and the freedom to philosophize /",
199,The politics of interdisciplinary studies :,"""Highlights the popularity of interdisciplinary undergraduate studies and their recent gains in the world of higher education, and then addresses the paradoxical failure of these studies to achieve a permanent position in the curricula of individual universities and colleges. Explored in three ways: 1) an overview, 2) case studies, and 3) new ways undergraduates are educated""--Provided by publisher."
199,Praxis and democratic socialism :,
199,The principles of Cartesian philosophy ;,
199,Radical protestantism in Spinoza's thought /,
199,Readings in African philosophy :,
199,The reforming of general education :,"This comprehensive examination of general education by Daniel Bell scrutinizes the experiences of Columbia College, Harvard, and The College of the University of Chicago. These three basic models of general education in the country are set against a background of social change which includes a detailed analysis of structural changes in American society, the universities and the secondary schools and what Bell has called the emerging ""postindustrial"" society."
199,Responsive professional education :,
199,"The Scientific world-perspective and other essays, 1931-1963 /",
199,Selections /,
199,Shaping the college curriculum :,
199,Short story criticism :,"Presents literary criticism on the works of short-story writers of all nations, cultures, and time periods. Critical essays are selected from leading sources, including published journals, magazines, books, reviews, diaries, newspapers, pamphlets, and scholarly papers."
199,Slavoj Zizek /,
199,Spinoza :,
199,Spinoza :,
199,Spinoza :,
199,Spinoza :,
199,Spinoza /,
199,Spinoza /,
199,Spinoza /,
199,Spinoza in English :,
199,"Spinoza, liberalism, and the question of Jewish identity /",
199,"Spinoza, life and legacy /","""The boldest and most unsettling of the major early modern philosophers, Spinoza, had a much greater, if often concealed, impact on the international intellectual scene and on the early Enlightenment than philosophers, historians, and political theorists have conventionally tended to recognize. Europe-wide efforts to prevent the reading public and university students learning about Spinoza, the man and his work, in the years immediately after his death in 1677, dominated much of his early reception owing to the revolutionary implications of his thought for philosophy, religion, practical ethics and lifestyle, Bible criticism, and political theory. Nevertheless, contrary to what has sometimes been maintained, his general impact was immediate, very widespread, and profound. One of the main objectives of the book is to show how early and how deeply Leibniz, Bayle, Arnauld, Henry More, Anne Conway, Richard Baxter, Robert Boyle, Henry Oldenburg, Pierre-Daniel Huet, Richard Simon, and Nicholas Steno, among many others, were affected by and led to wrestle with his principal ideas""--"
199,Spinoza`s Ethics :,
199,Strategic curriculum change :,"""The curriculum is a live issue in universities across the world. Many stakeholders - governments, employers, professional and disciplinary groups and parents - express strong and often conflicting views about what higher education should achieve for its students. Many universities are reviewing their curricula at an institutional level, aware that they are in a competitive climate in which league tables encourage students to see themselves as consumers and the university as a product, or even a 'brand'. The move has prompted renewed concern for some central educational questions, about both what is learnt and how. Strategic Curriculum Change in Universities explores the ways in which major universities across the world are reviewing their approaches to teaching and learning. It unites institution-level strategy with the underlying educational issues. The book is grounded in a major study of curriculum change in over twenty internationally-focused, research-intensive universities in the UK, US, Australia, The Netherlands, South Africa and Hong Kong. Chapters include:""--"
199,Syllabus :,"""The syllabus is one of the central documents of academic life, the one thing every teacher needs to write and every student needs to read. Most syllabi begin with a course description, a statement of what the course is about. But how do we get there? How will our students get there? And where is there? This book by William Germano and Kit Nicholls is a field guide to, and collegial chat concerning, this fundamental but often overlooked document. It describes how syllabi work and don't work, offers advice and encouragement to the professor trying to finish yet another syllabus, and reimagines our students' encounters with our syllabi by reconsidering our own relationship to them. Sampling syllabi from a range of disciplines across the sciences, social sciences, and humanities, Syllabus asks such questions as: what is a reading list, and what is it for? how do we build human time into the semester's clocktime? and can a syllabus be a living thing? Germano and Nicholls argue that at its heart, a syllabus is not really about what students have to know, or what the instructor will do, but what the students will do. A syllabus designed around doing is not only a faster and more effective way to move students toward knowledge, they contend, but also, importantly, an invitation into a community of practice-one that includes the students, the instructor, and countless others who will enter the classrom through readings, images, designs, and theories. Reimagining the syllabus as a sort of constitution-a founding document that creates a community out of a group of disparate individuals-they show that a syllabus is, above all, a privilege and a responsibility, as one of the few forms of writing that can quite directly call others to act""--"
199,The reforming of general education; the Columbia College experience in its national setting /,
199,Theological-political treatise /,
199,Tropical Arctic :,"""Today, Greenland is largely covered in ice, but, in the time of the dinosaurs, the area was lushly forested. This book shows that landscape from 250 million years ago-and explains accessibly how we can create images of lost plants from studies of fossils, current flora, and models. Incorporating stories from their fieldwork and studio, two scientists and an artist offer the opportunity to see how paleobotanists work and to learn the science required to travel back to the Triassic. The book also offers a warning about the future; the Greenland depicted here was made possible by a large concentration of greenhouse gases in Earth's atmosphere. Though beautiful, this is not a habitat that most humans would survive""--"
199,Undergraduate curriculum trends /,
199,University choice /,
199,Warfare and poetry in the Middle East /,
199,Žižek :,
199,Žižek :,
199,Zizek and media studies :,
216,A Cairo anthology :,
216,A dictionary of musical themes /,
216,A dictionary of musical themes /,
216,A better way of doing business? :,"This book offers a thoroughly researched and accessibly written account of the John Lewis Partnership. It describes what the JLP is, how it works, and what other businesses can learn from it. The US/UK model of the firm, with its emphasis on shareholder value and its openness to the market in the buying and selling of businesses, is prone to a number of problematic consequences for employees, suppliers, and sometimes share-holders. The JLP represents a contrast to this model - one that has implications beyond the small niche of mutually-owned firms. The JLP has lessons for organizations that are unlikely to move towards the Partnership's distinctive shared ownership. This book identifies these lessons. The key questions addressed include: how does the JLP work in practice? What is the link between co-ownership, the JLP employment model, and the performance of the businesses? What is the role of management in the success of John Lewis and Waitrose? Are mutuality, co-ownership and business performance at odds? What is the significance of democracy within the JLP? And probably most significantly: what are the implications, for policy-makers and for economic agents of the JLP? This book is based on detailed knowledge of the JLP and its constituent business gathered by the authors over a fifteen year period. Their conclusion: that the JLP is more complex, even more impressive, and more interesting than its admirers realise."
216,Copartnership in industry /,"Originally published during the early part of the twentieth century, the Cambridge Manuals of Science and Literature were designed to provide concise introductions to a broad range of topics. They were written by experts for the general reader and combined a comprehensive approach to knowledge with an emphasis on accessibility. Copartnership in Industry by C. R. Fay was first published in 1913. The text presents an account of the development of profit-sharing systems, discussing the effectiveness of such systems for business growth and industrial relations."
216,A dictionary of musical themes /,
216,The effect of shareholder taxation on corporate ownership structures /,"Silke Runger aims at investigating the influence of shareholder taxation on corporate ownership with respect to the level of ownership concentration as well as changes in corporate ownership. The empirical investigations show that shareholder taxes are found to influence both, the level of ownership concentration as well as the divestiture choice of single owners and a change in corporate ownership."
216,Efficiency wages :,"Known for his seminal work in efficiency-wage theory, Andrew Weiss surveys recent research in the field and presents new results. He shows how wage schedules affect the kinds of workers a firm employs and how well those workers perform on the job. Using straightforward examples, he demonstrates how efficiency-wage theory can explain labor market outcomes and guide government policy. There is a separate section of applications to less developed countries. ""Efficiency-wage models represent one of the most important developments in economic theory of recent years. They have, at last, provided integrated explanations both of macroeconomic phenomena, such as unemployment and wage rigidity, and microeconomic phenomena, such as wage dispersion. Weiss--one of the pioneers of efficiency-wage theory--provides here a masterful survey, a lucid and systematic and yet critical account of this rapidly developing branch of economics. This book should be required reading in all courses in macroeconomics.""--Joseph Stiglitz, Stanford University ""Efficiency Wages should be on the bookshelf of all labor and macroeconomists.""--Lawrence H. Summers, Harvard University ""A splendid monograph ... most readable... I will put it on my reading list.""--Partha Dasgupta, Stanford UniversityOriginally published in 1991.The Princeton Legacy Library uses the latest print-on-demand technology to again make available previously out-of-print books from the distinguished backlist of Princeton University Press. These editions preserve the original texts of these important books while presenting them in durable paperback and hardcover editions. The goal of the Princeton Legacy Library is to vastly increase access to the rich scholarly heritage found in the thousands of books published by Princeton University Press since its founding in 1905."
216,Evaluating and weeding collections in small and medium-sized public libraries :,
216,Financial participation of employees in the EU-27 /,
216,From conflict to coalition :,
216,From conflict to coalition :,"International trade often inspires intense conflict between workers and their employers. In this book, Adam Dean studies the conditions under which labor and capital collaborate in support of the same trade policies. Dean argues that capital-labor agreement on trade policy depends on the presence of 'profit-sharing institutions'. He tests this theory through case studies from the United States, Britain, and Argentina in the late-nineteenth and early-twentieth centuries; they offer a revisionist history placing class conflict at the center of the political economy of trade. Analysis of data from more than one hundred countries from 1986 to 2002 demonstrates that the field's conventional wisdom systematically exaggerates the benefits that workers receive from trade policy reforms. From Conflict to Coalition boldly explains why labor is neither an automatic beneficiary nor an automatic ally of capital when it comes to trade policy and distributional conflict."
216,Short story criticism :,"Presents literary criticism on the works of short-story writers of all nations, cultures, and time periods. Critical essays are selected from leading sources, including published journals, magazines, books, reviews, diaries, newspapers, pamphlets, and scholarly papers."
216,The nursery school : a human relationships laboratory /,
216,Too much is not enough :,
216,Weeding and maintenance of reference collections /,
216,Weeding and maintenance of reference collections /,
219,Accents of English :,
219,The Arabic print revolution :,"In a brief historic moment, printing presses, publishing ventures, a periodical press, circulation networks, and a mass readership came into being all at once in the Middle East, where none had previously existed, with ramifications in every sphere of the community's life. Among other outcomes, this significant change facilitated the cultural and literary movement known as the Arab 'nahda' ('awakening'). Ayalon's book offers both students and scholars a critical inquiry into the formative phase of that shift in Arab societies. This comprehensive analysis explores the advent of printing and publishing; the formation of mass readership; and the creation of distribution channels, the vital and often overlooked nexus linking the former two processes. It considers questions of cultural and religious tradition, social norms and relations, and concepts of education, offering a unique presentation of the emerging print culture in the Middle East."
219,Middlesex /,
219,Notes become music :,
219,Notes from the pianist's bench /,"Berman addresses virtually every aspect of musical artistry and pedagogy. Ranging from such practical matters as sound, touch, and pedaling to the psychology of performing and teaching, this volume provides a master class for the performer, instructor, and student alike."
219,Piano lessons with Claudio Arrau :,"Internationally acclaimed pianist and teacher Claudio Arrau (1903-91) left a legacy that continues to touch piano students today. This book is an in-depth guide to Arrau's performance and teaching techniques, providing an insider's view of the art of piano playing as exemplified by one of the great artists of the twentieth century."
219,The positive pianist :,
219,Potato diseases /,
219,Prince of the press :,"David Oppenheim (1664-1736), chief rabbi of Prague in the early eighteenth century, built an unparalleled collection of Jewish books and manuscripts, all of which have survived and are housed in the Bodleian Library at Oxford. His remarkable collection testifies to the myriad connections Jews maintained with each other across political borders, and the contacts between Christians and Jews that books facilitated. From contact with the great courts of European nobility to the poor of Jerusalem, his family ties brought him into networks of power, prestige, and opportunity that extended across Europe and the Mediterranean basin. Containing works of law and literature alongside prayer and poetry, his library served rabbinic scholars and communal leaders, introduced old books to new readers, and functioned as a unique source of personal authority that gained him fame throughout Jewish society and beyond. The story of his life and library brings together culture, commerce, and politics, all filtered through this extraordinary collection. Based on the careful reconstruction of an archive that is still visited by scholars today, Joshua Teplitsky's book offers a window into the social life of Jewish books in early modern Europe.--Publisher's website."
219,Principles of violin playing and teaching /,"A distinguished instructor shares his “ingenious and logical” approach to playing and teaching the violin in this accessible, indispensable book. Ivan Galamian’s distinctive and immensely successful pedagogy is built on general principles that can be applied broadly, making his methods applicable to students of all skill levels and learning styles. In this exceptionally practical book Galamian presents his teaching philosophy, including specific advice on posture, technique, interpretation, and recommended practice structure. The acclaimed Itzhak Perlman wrote of his teacher’s treatise “This book, Principles of Violin Playing & Teaching, gives us a wonderful insight into Mr. Galamian’s very special method of teaching the violin, and I am sure that it will be of great benefit to its readers. I am delighted that this book is being reissued, not only for the benefit of countless violin students, but also because it is a fitting tribute to Mr. Galamian’s lifelong work.”"
219,"Production, power, and World order :",
219,Short story criticism :,"Presents literary criticism on the works of short-story writers of all nations, cultures, and time periods. Critical essays are selected from leading sources, including published journals, magazines, books, reviews, diaries, newspapers, pamphlets, and scholarly papers."
219,Sociological theory /,
219,Transformational piano teaching :,"""Transformational Piano Teaching: Mentoring Students from All Walks of Life examines the concept of the piano teacher as someone who is more than just a teacher of a musical skill, but also someone who wields tremendous influence on the development of a young person's artistic and empathic potential, as well as their lifelong personal motivational framework. The specific attributes of today's students are explored, including family and peer influences from interpersonal relationships to social media. Additionally, students from specific circumstances are discussed, including those with special needs such as Autism Spectrum Disorders, ADHD, and Depression. Finally, motivation of a teacher's students is related to a teacher's own motivation in their work, as a cycle of positivity and achievement will be recommended as a way to keep an instructor's work fresh and exciting.""--Amazon.com."
219,Transformational piano teaching :,"""Transformational Piano Teaching: Mentoring Students from All Walks of Life examines the concept of the piano teacher as someone who is more than just a teacher of a musical skill, but also someone who wields tremendous influence on the development of a young person's artistic and empathic potential, as well as their lifelong personal motivational framework. The specific attributes of today's students are explored, including family and peer influences from interpersonal relationships to social media. Additionally, students from specific circumstances are discussed, including those with special needs such as Autism Spectrum Disorders, ADHD, and Depression. Finally, motivation of a teacher's students is related to a teacher's own motivation in their work, as a cycle of positivity and achievement will be recommended as a way to keep an instructor's work fresh and exciting.""--Amazon.com."
221,Les 'petites grottes' de Qumran :,"This book is intended for biblical scholars, scholars of ancient Judaism and Christianity."
221,The accident of art /,
221,Accounting :,
221,Ancient Israel's history :,"""Leading experts offer a substantive history of Israel textbook that values the Bible's historical contribution without overlooking critical issues and challenges""--"
221,The ancient Near East :,"""James Pritchard's classic anthologies of the ancient Near East have introduced generations of readers to texts essential for understanding the peoples and cultures of this important region. Now these two enduring works have been combined and integrated into one convenient and richly illustrated volume, with a new foreword that puts the translations in context. With more than 130 reading selections and 300 photographs of ancient art, architecture and artifacts, this volume provides a stimulating introduction to some of the most significant and widely studied texts of the ancient Near East, including the Epic of Gilgamesh, the Creation Epic (Enuma elish), the Code of Hammurabi, and the Baal Cycle. For students of history, religion, the Bible, archaeology, and anthropology, this anthology provides a wealth of material for understanding the ancient Near East.""--P. [4] of cover."
221,Approaches to literary readings of ancient Jewish writings /,"In this volume twelve contributions discuss the relevance, accuracy, potential, and possible alternatives to a literary reading of ancient Jewish writings, especially the Hebrew Bible. Drawing on different academic fields (biblical studies, rabbinic studies, and literary studies) and on various methodologies (literary criticism, rhetorical criticism, cognitive linguistics, historical criticism, and reception history), the essays form a state-of-the-art overview of the current use of the literary approach toward ancient Jewish texts. The volume convincingly shows that the latest approaches to a literary reading can still enhance our understanding of these texts."
221,A brief introduction to the Old Testament :,
221,The Cambridge companion to the Hebrew Bible/Old Testament /,"""This Companion offers a concise and engaging introduction to the Hebrew Bible or Old Testament. Providing an up-to-date 'snapshot' of scholarship, it includes essays, specially commissioned for this volume, by twenty-three leading scholars. The volume examines a range of topics, including the historical and religious contexts for the contents of the biblical canon, and critical approaches and methods, as well as newer topics such as the Hebrew Bible in Islam, Western art and literature, and contemporary politics. This Companion is an excellent resource for students at university and graduate level, as well as for laypeople and scholars in other fields who would like to gain an understanding of the current state of the academic discussion. The book does not presume prior knowledge, nor does it engage in highly technical discussions, but it does go into greater detail than a typical introductory textbook""--"
221,Cars - driven by design :,"The sports cars of the 1950s to the 1970s are fast, beautiful, eccentric and innovative. In recent decades these automobiles not only became coveted collector’s items; they also enjoy cult statu s. In an exciting journey through time the volume presents 25 outstanding sports cars as design icons and illuminates their presentation in film and photography. As a design object beyond its practical purpose, the automobile has left an indelible mark on the world we live in. There is scarcely another everyday item which has been designed in a more sophisticated and inventive manner and which offers a larger projection area. This can be seen with particular clarity in the sports car. The volume pays homag e to a selection of exclusive sports cars by legendary manufacturers, from Porsche to Ferrari to Jaguar, as artworks in their own right and as a unity of form, technology, design and emotions. Essays, selected texts and biographies shed light on the multi - layered development of automobile design and introduce the vehicles and their designers ."
221,The Children's illustrated Jewish Bible /,Retells stories of the heroes and heroines from the Old Testament.
221,Clearing a space :,
221,Codex Climaci rescriptus :,
221,A Comprehensive grammar of the English language /,
221,Computing concepts /,
221,"Construction, coherence, and connotations :",
221,Contemporary Cultural Theory :,
221,Contemporary indonesian poetry :,
221,Crime and law in media culture /,
221,Crime and law in media culture =,
221,Cultural options and the role of tradition :,
221,Discovering God's story :,
221,Discrete mathematics with combinatorics /,
221,Diverse lives :,"Since the 1940s, the short story has established itself as a very popular literary form in modern Indonesian literature. This volume brings together fifteen Indonesian stories written in the 1980s and early 1990s by writers drawn from different parts of the archipelago. Boasting settings ranging from rural villages to urban slums and dealing with issues affecting the lives of the rich and powerful as well as those of the poor and powerless, the stories in this collection present a variety of characters and themes representative of the diversity of Indonesia itself. Many of the stories are characterized by realism, some are forays into fantasy, but almost all are generated by conflict - literal or figurative - within an individual, between individuals, or between individuals and society."
221,Experiments in general chemistry featuring MeasureNet /,
221,From Gods to God :,
221,Grammar and vocabulary :,
199,The Greek minor prophets scroll from Naḥal Ḥever (8ḤevXIIgr) /,
221,Les grottes de Murabbaʻât /,
221,The Hebrew Bible :,"In this work, Christopher D. Stanley provides a Hebrew Bible textbook which approaches the Bible through the categories of comparative religion. It carefully distinguishes the religion of ancient Israel from the religion represented in the Bible."
221,The Hebrew Bible :,"""A landmark event: the complete Hebrew Bible in the award-winning translation that delivers the stunning literary power of the original. A masterpiece of deep learning and fine sensibility, Robert Alter's translation of the Hebrew Bible, now complete, reanimates one of the formative works of our culture. Capturing its brilliantly compact poetry and finely wrought, purposeful prose, Alter renews the Old Testament as a source of literary power and spiritual inspiration. From the family frictions of Genesis and King David's flawed humanity to the serene wisdom of Psalms and Job's incendiary questioning of God's ways, these magnificent works of world literature resonate with a startling immediacy. Featuring Alter's generous commentary, which quietly alerts readers to the literary and historical dimensions of the text, this is the definitive edition of the Hebrew Bible."" --"
199,History and traditions of early Israel :,
221,A history of the old English letter foundries :,
221,Human chromosome methodology /,
221,Inquiry-based laboratories for liberal arts chemistry /,
221,An introduction to the Bible :,
221,Introduction to the Bible /,"""This book examines the small library of 24 books common to all Jewish and Christian Bibles--books that preserve the efforts of diverse writers over a span of many centuries to make sense of their personal experiences and those of their people, the ancient Israelites. Professor Christine Hayes guides her readers through the complexities of this polyphonous literature that has served as a foundational pillar of Western civilization, underscoring the variety and even disparities among the voices that speak in the biblical texts. Biblical authors wrote in many contexts and responded to a sweeping range of crises and questions concerning issues that were political, economic, historical, cultural, philosophical, religious, and moral. In probing chapters devoted to each of the 24 books of the Hebrew Bible, or Old Testament, Hayes reconstructs the meanings and messages of each book and encourages a deeper appreciation of the historical and cultural settings of ancient biblical literature""--"
221,An introduction to the OldA000101291 Testament in Greek :,
221,Is God an economist? :,
221,Italic :,"The use of italic letters as means of accentuation has become common practice in the digital age. They convey movement and dynamics, address the emotional experience of reading and remind of handwriting. However, this lively characteristic, which once resulted from the movement of the hand, is noticeably lost when words are simply tilted by a mouse click. To impart knowledge about this typographic feature and to find a general definition as writing style, the author has compiled style patterns to examine the tangible forms, characteristics and functions of ""italic nature"". Furthermore, he deals intensively with the historical development of italics from handwriting to digital typesetting. This monograph is the first detailed treatise on this topic, and is aimed at all those who deal with letters professionally or privately."
221,The Japanese translations of the Hebrew Bible :,"""The Japanese Translations of the Hebrew Bible: History, Inventory and Analysis, the first book of its kind in English, recounts the story of the translation of the Bible into Japanese, with particular focus on the Hebrew Bible (Old Testament). It includes a detailed inventory of both full and partial OT translations into Japanese, describing the history of their making and the identity of the translators. Numerous quotations from the various translations are compared with the Hebrew original and with other versions, and analyzed linguistically and theologically. The analysis exposes the ways in which translators sought to bridge the wide linguistic and cultural gaps between the Hebrew Bible and Japan, and the ways in which their translations reflect certain aspects of Japanese society and the place of the Bible in it.""--Publisher's website."
221,The Jewish Bible.,
221,The Jewish study Bible /,
221,Journeys of desire :,
221,Language planning for modernization :,
221,Leti :,
000,The library in Alexandria and the Bible in Greek /,
221,"Lobe den Herrn, meine ""Seele"" :",
221,Media and monotheism :,
221,Moses and monotheism /,
221,"Music, time, and its other :","Music, Time, and Its Other explores the relation between the enigmatic character of our temporal experiences and music’s affective power. By taking account of competing concepts of time, Savage explains how music refigures dimensions of our experiences through staking out the borderlines between time and eternity. He examines a range of musical expressions that reply to the deficiency born from the difference between time and an order that exceeds or surpasses it and reveals how affective tonalities of works by Bach, Carolan, Debussy, Schoenberg, Messiaen, and Glass augment our understanding of our temporal condition. Reflections on the moods and feelings to which music gives voice counterpoint philosophical investigations into the relation between music’s power to affect us and the force that the present has with respect to the initiatives we take. Music, Time, and Its Other thus sets out a new approach to music, aesthetics, politics, and the critical roles of judgment and imagination."
221,"Music, time, and its other :","Music, Time, and Its Other explores the relation between the enigmatic character of our temporal experiences and music’s affective power. By taking account of competing concepts of time, Savage explains how music refigures dimensions of our experiences through staking out the borderlines between time and eternity. He examines a range of musical expressions that reply to the deficiency born from the difference between time and an order that exceeds or surpasses it and reveals how affective tonalities of works by Bach, Carolan, Debussy, Schoenberg, Messiaen, and Glass augment our understanding of our temporal condition. Reflections on the moods and feelings to which music gives voice counterpoint philosophical investigations into the relation between music’s power to affect us and the force that the present has with respect to the initiatives we take. Music, Time, and Its Other thus sets out a new approach to music, aesthetics, politics, and the critical roles of judgment and imagination."
221,New modernist type /,
221,The Old testament :,
221,The Old Testament :,
221,The Old Testament in Greek :,
221,The Old Testament in Greek according to the Septuagint /,
221,The Oxford handbook of the Septuagint /,"The Septuagint is the term commonly used to refer to the corpus of early Greek versions of Hebrew Scriptures. The collection is of immense importance in the history of both Judaism and Christianity. The renderings of individual books attest to the religious interests of the substantial Jewish population of Egypt during the Hellenistic and Roman periods, and to the development of the Greek language in its Koine phase. The narrative ascribing the Septuagint's origins to the work of seventy translators in Alexandria attained legendary status among both Jews and Christians. The Septuagint was the version of Scripture most familiar to the writers of the New Testament, and became the authoritative Old Testament of the Greek and Latin Churches. In the early centuries of Christianity it was itself translated into several other languages, and it has had a continuing influence on the style and content of biblical translations."
221,Les 'petites grottes' de Qumran :,
221,"Principles of money, banking, and financial markets /",
221,Qumran cave 1.,
221,Qumran cave 1.,
221,Qumran cave 1.,
199,Qumran cave 11.,"Cave 11 at Qumran contained a number of extremely important well-preserved manuscripts such as the Temple Scroll which have been published elsewhere. This volume contains complete editions of the remainder of the Cave 11 manuscripts, including biblical scrolls such as Ezekiel and Psalms, as well as several important extra-biblical texts such as Jubilees, Melchizedek, Berakoth, and Hymns, and a new edition of the Targum of Job."
221,Qumran cave 4.,"This volume continues the publication of the series of biblical Dead Sea Scrolls that were discovered in Cave 4 at Qumran. It contains thirty-three manuscripts of the books of Isaiah, Jeremiah, Ezekiel and the Twelve Minor Prophets. These texts antedate by a millennium those that had previously held the title of the earliest surviving Hebrew biblical manuscripts. They document a pluriformity acceptable in the ancient biblical textual tradition before the text became standardized later in the Christian and Rabbinic period. The book of Isaiah was one of the most widely copied books at Qumran. 4QJerb displays the earlier edition of Jeremiah from which the Septuagint was translated, in contrast to the later edition in the Massoretic tradition. Superior textual variants from these manuscripts have been adopted in recent revised translations of the Bible."
221,A reader of ancient Near Eastern texts :,
221,Readings from the ancient Near East :,
221,The rephaim :,"""In The Rephaim: Sons of the Gods, Jonathan Yogev provides a new theory regarding the mysterious characters, known as ""Rephaim,"" in Biblical and ancient Near Eastern literature. The Rephaim are associated with concepts such as death and the afterlife, divinity, healing, giants and monarchy among others. They appear in Ugaritic, Phoenician and Biblical texts, yet it is difficult to pinpoint their exact function and meaning. This study offers a different perspective, along with full texts, detailed epigraphic analysis and commentary for all of the texts that mention the Rephaim, in order to determine their specific importance in societies of the ancient Levant""--"
221,The Routledge companion to global economics /,
221,Scripture in transition :,
221,Searching for structure:,
221,The secular Bible :,
221,"Septuagint, sages, and scripture :","This collection of articles is a Festschrift for prof. Johann Cook of Stellenbosch University. The articles present original research, new topics of study and novel insights on subjects related to the Septuagint, early Jewish sages and various ancient scriptures."
221,Short story criticism :,"Presents literary criticism on the works of short-story writers of all nations, cultures, and time periods. Critical essays are selected from leading sources, including published journals, magazines, books, reviews, diaries, newspapers, pamphlets, and scholarly papers."
221,Silenced voices /,
221,A sociolinguistic study of grammatical variation in Indonesian /,
199,Spoken Indonesian :,
221,T&T Clark handbook of Septuagint research /,"""A topical handbook to Septuagint scholarship and comprehensive guide for research in the discipline""--"
221,Tanak :,
221,Three Old Sundanese poems /,
221,Type and color :,"To create his award-winning multicolored typefaces, Mark van Wageningen first returned to the past for his research: wood-type printing. His subsequent form and color studies led to a series of popular digital typefaces and awards for typographic excellence from the Type Directors Club. In Type & Color, the pioneering typographic designer provides all the tools you will need to participate in the hottest typography trend: designing with multicolored fonts. This manual, aimed at a broad spectrum of graphic design professionals, offers analyses of chromatic type specimens, instructions for multilayer type design, and applications across a range of print and digital media. From display fonts to running text, discover how color can give words expressive new possibilities."
221,Wadi Daliyeh II :,"This volume in the Discoveries in the Judaean Desert series is composed of two sections, the first of which contains Aramaic papyri from Wadi Daliyeh written in Official Aramaic, the standard language of scribes in the Persian period. The papyri are all documentary and contain mainly deeds of slave sales. These documents aid us in understanding certain aspects of the society and the formulaic language of the fourth century BCE. The second section of the volume contains Miscellanea, part 2, from Cave 4 at Qumran. Among this group of miscellaneous texts, 4Q368-371 provide further insights into the large group of apocryphal and pseudepigraphical texts found at Qumran, and should be studied in conjunction with the other volumes containing Parabiblical texts (XIII, XIX, XXII, and XXX)."
288,The care of prints and drawings /,"The 2nd edition of The Care of Prints and Drawings provides practical, straightforward advice to those responsible for the preservation of works on paper, ranging from curators, facility managers, conservators, registrars, collection care specialists, private collectors, artists, or students of museum studies, visual arts, art history, or conservation. A greater emphasis is placed on preventive conservation, a trend among collecting institutions, which reflects the growing recognition that scarce resources are best expended on preventing deterioration, rather than on less effective measures of reversing it."
288,The Clayton Collection :,"This book examines the archaeological material from Hadrian's Wall within the significant Clayton Collection. The Collection was formed through the work of John Clayton, antiquarian and landowner, in the 19th century. His work took place at a pivotal time in the study of Hadrian's Wall, as public interest was growing, access was improving, and the discipline of archaeology was developing. As part of a large network of antiquarians, Clayton excavated, studied and published his discoveries. After his death, his archaeological estate was retained, and the Collection was moved into a museum in 1896. Despite being in the public domain for so long, the material has never been studied as a whole, or in the light of its 19th century creation. This work is the first to bring together the history and development of the collection alongside the material itself. It offers an insight into how important antiquarian collections can provide valuable information about Roman life."
288,Counselling suicidal clients /,
288,Guide to Windermere :,
288,An historical inquiry into the true principles of beauty in art :,"Born in Scotland, James Fergusson (1808-1886) spent ten years as an indigo planter in India before embarking upon a second career as an architectural historian. Despite his lack of formal training, he became an expert in the field of Indian architecture, publishing Cave Temples of India and a History of Indian and Eastern Architecture, as well as The Holy Sepulchre and the Temple at Jerusalem, all reissued in the Cambridge Library Collection. In this illustrated work of 1849, he considers beauty in art, expressed chiefly by the architectural styles of different civilisations, beginning with ancient Egypt, and finishing with ancient Rome. (This book is named 'Part the First', but no subsequent volumes were written.) The first section is theoretical, tracing the intellectual development of man and his aesthetic sense, while the second considers the surviving evidence of the ideas of beauty held in the ancient world."
288,A history of Europe in the twenty century /,
288,"Morpeth electoral correspondence, 1766-1776 /","""The correspondence printed in this volume illustrates the struggle in the Northumberland Borough of Morpeth between the 'Sons of Liberty' and the Earl of Carlisle. Carlisle, like many if not most eighteenth-century patrons, sought to impose his choice of candidates on the Borough. The 'Sons of Liberty' represented the forces of 'independence' in revolt against landlord dictation."" -- From introduction, p. xiii."
288,The pomp of power.,
288,Public relations in the nonprofit sector :,
288,Public relations in the nonprofit sector :,
298,An anatomy of addiction :,"The astonishing account of the decades-long cocaine use of Sigmund Freud and William Halsted. The author discusses the physical and emotional damage caused by the constant use of the then-heralded wonder drug, and of how each man ultimately changed the world in spite of it--or because of it."
298,Applied radiation chemistry :,
298,Cocaine :,
298,Cocaine :,"""Spillane examines phenomena that have eluded earlier students of drug history. He explores the role of American business in fostering consumer interest in cocaine during the years when no law proscribed its use, the ways in which authorities and social agents tried nonetheless to establish informal controls on the substance, and the mixed results they achieved."" ""Arguing that the underground drug culture had origins other than in federal prohibition, he concludes with some thoughts on what our early experience with legalization and prohibition can tell us as we face questions about drug policy today.""--BOOK JACKET."
298,Cocaine :,
298,The play of Daniel :,
298,Saints and sinners :,
298,"Spanish America, 1900-1970 :",
000,The taming of cocaine :,
298,When crack was king :,"""The crack epidemic of the 1980s and 1990s is arguably the least examined crisis in American history. Beginning with the myths inspired by Reagan's war on drugs, journalist Donovan X. Ramsey's exacting work exposes the undeniable links between the last triumphs of the Civil Rights Movement and the consequences we live with today-a racist criminal justice system, continued mass incarceration and gentrification, and increased police brutality. When Crack Was King follows four individuals to give us a startling portrait of crack's destruction and devastating legacy. Elgin Swift, an archetype of American industry and ambition and son of a crack-addicted father who turned their home into a ""crack house""; Lennie Woodley, a former crack addict and a sex worker; Kurt Schmoke, former mayor of Baltimore and an early advocate of decriminalization; and lastly, Shawn McCray, community activist, basketball prodigy, and a founding member of the Zoo Crew, Newark's most legendary group of drug traffickers""--"
298,When crack was king :,"""The crack epidemic of the 1980s and 1990s is arguably the least examined crisis in American history. Beginning with the myths inspired by Reagan's war on drugs, journalist Donovan X. Ramsey's exacting work exposes the undeniable links between the last triumphs of the Civil Rights Movement and the consequences we live with today-a racist criminal justice system, continued mass incarceration and gentrification, and increased police brutality. When Crack Was King follows four individuals to give us a startling portrait of crack's destruction and devastating legacy. Elgin Swift, an archetype of American industry and ambition and son of a crack-addicted father who turned their home into a ""crack house""; Lennie Woodley, a former crack addict and a sex worker; Kurt Schmoke, former mayor of Baltimore and an early advocate of decriminalization; and lastly, Shawn McCray, community activist, basketball prodigy, and a founding member of the Zoo Crew, Newark's most legendary group of drug traffickers""--"
