DDC,Title,description
065,Abstract art in the late twentieth century /,"These essays on abstract painting by eleven of its most incisive critics trace the development of such critical issues as hard-edge painting, deductive and serial structure, monochrome abstraction, the psychological analogy, regionalism, and the ""death of painting"" in Postmodernism. The introduction and commentary by Frances Colpitt situates the essays historically and examines their philosophical sources and influences, from formalism and phenomenology to structuralism and poststructuralism. What emerges is a coherent and optimistic picture of abstract painting--the definitive contribution of modern art."
065,Abstract expressionism /,
065,Bloomberg by Bloomberg /,"The remarkable story of how Michael Bloomberg created a media empire ""Lots of entrepreneurs make money. Lots of entrepreneurs who make money write books. Few of those books make you glad they did. This one does."" -The New York Times Book Review ""A classic tale of a nimble, customer-focused, entrepreneurial David outsmarting bureaucratic, ossified, corporate Goliaths."" -Business Week ""Entertaining, engaging, and informative, Bloomberg by Bloomberg is packed with great advice about how to start a lean, hungry company-and how to keep it that way."" -Bryan Burrough, coauthor, Barbarians at the Gate Brash, aggressive, and supremely self-confident, Michael Bloomberg, the visionary leader of the world's fastest-growing media empire, has been hailed as the new standard for what it takes to win in the Information Age. Dismissed from Salomon Brothers in 1981, Bloomberg immediately took his money and acerbic personality and started Bloomberg L.P. Bolstered by a $30 million investment from Merrill Lynch, the company and the man have been sprinting ahead of the pack ever since. Only twenty years after founding, he's at the top of his industry. And on June 5, 2001, he added mayoral candidate for New York City to his list of accomplishments and aspirations. If elected, powerhouse Michael Bloomberg will bring his own brand of leadership-and personal style-to the city that never sleeps."
065,Branch line empires :,"The Pennsylvania and the New York Central railroads helped to develop Central Pennsylvania as the largest source of bituminous coal for the nation. By the late 19th century, the two lines were among America's largest businesses and would soon become legendary archrivals. The PRR first arrived in the 1860s. Within a few years, it was sourcing as much as four million tons of coal annually from Centre County and the Moshannon Valley and would continue do so for a quarter-century. The New York Central, through its Beech Creek Railroad affiliate, invaded the region in the 1880s, first seeking a dependable, long-term source of coal to fuel its locomotives but soon aggressively attempting to break its rival's lock on transporting the area's immense wealth of mineral and forest products. Beginning around 1900, the two companies transitioned from an era of growth and competition to a time when each tacitly recognized the other's domain and sought to achieve maximum operating efficiencies by adopting new technology such as air brakes, automatic couplers, all-steel cars, and diesel locomotives. Over the next few decades, each line began to face common problems in the form of competition from other forms of transportation and government regulation; in 1968 the two businesses merged. Branch Line Empires offers a thorough and captivating analysis of how a changing world turned competition into cooperation between two railroad industry titans."
065,Brazil on the rise :,
065,Business persons :,
065,The Cambridge companion to Nelson Mandela /,"""Nelson Mandela is one of the most revered figures of our time. He committed himself to a compelling political cause, suffered a long prison sentence, and led his violent and divided country to a peaceful democratic transition. His legacy, however, is not uncontested: his decision to embark on an armed struggle in the 1960s, his solitary talks with apartheid officials in the 1980s, and the economic policies adopted during his presidency still spark intense debate. The essays in this Companion, written by experts in history, anthropology, jurisprudence, cinema, literature, and visual studies, address these and other issues. They examine how Mandela became the icon he is today and consider the meanings and uses of his internationally recognizable image. Their overarching concerns include Mandela's relation to ""tradition"" and ""modernity,"" the impact of his most famous public performances, the oscillation between Africanist and non-racial positions in South Africa, and the politics of gender and national sentiment. The volume concludes with a meditation on Mandela's legacy in the twenty-first century and a detailed guide to further reading"""
065,Civil obedience :,"Since the fall of General Augusto Pinochet's dictatorship (1973-1990), Chilean society has shied away from the taboo subject of civilian complicity, preferring to pursue convictions of military perpetrators. But the torture, murders, deportations, and disappearances of tens of thousands of people in Chile were not carried out by the military alone; it required a vast civilian network of support. Some actively participated in the regime's massive violations of human rights for personal gain or from a sense of patriotic duty. Others supported Pinochet's neoliberal economic program while ignoring the crimes of that era. Michael J. Lazzara boldly argues that today's Chile is a product of both complicity and complacency. Combining historical analysis with deft literary, political, and cultural critique, he scrutinizes the post-Pinochet rationalizations made by politicians, artists, intellectuals, bystanders, former revolutionaries-turned-neoliberals, and common citizens. He looks beyond victims and perpetrators to unveil the ambiguous, ethically vexed realms of memory and experience that authoritarian regimes inevitably generate."
065,Comparative company law :,
065,Country of my skull :,"Ever since Nelson Mandela dramatically walked out of prison in 1990 after twenty-seven years behind bars, South Africa has been undergoing a radical transformation. In one of the most miraculous events of the century, the oppressive system of apartheid was dismantled. Repressive laws mandating separation of the races were thrown out. The country, which had been carved into a crazy quilt that reserved the most prosperous areas for whites and the most desolate and backward for blacks, was reunited. The dreaded and dangerous security force, which for years had systematically tortured, spied upon, and harassed people of color and their white supporters, was dismantled. But how could this country--one of spectacular beauty and promise--come to terms with its ugly past? How could its people, whom the oppressive white government had pitted against one another, live side by side as friends and neighbors?To begin the healing process, Nelson Mandela created the Truth and Reconciliation Commission, headed by the renowned cleric Archbishop Desmond Tutu. Established in 1995, the commission faced the awesome task of hearing the testimony of the victims of apartheid as well as the oppressors. Amnesty was granted to those who offered a full confession of any crimes associated with apartheid. Since the commission began its work, it has been the central player in a drama that has riveted the country. In this book, Antjie Krog, a South African journalist and poet who has covered the work of the commission, recounts the drama, the horrors, the wrenching personal stories of the victims and their families. Through the testimonies of victims of abuse and violence, from the appearance of Winnie Mandela to former South African president P. W. Botha's extraordinary courthouse press conference, this award-winning poet leads us on an amazing journey.Country of My Skull captures the complexity of the Truth Commission's work. The narrative is often traumatic, vivid, and provocative. Krog's powerful prose lures the reader actively and inventively through a mosaic of insights, impressions, and secret themes. This compelling tale is Antjie Krog's profound literary account of the mending of a country that was in colossal need of change."
065,Dazzled by color,"""The love of color was always at the center of Reinhard Ernst's activities as a collector over the past thirty years. This fascination can be seen impressively in 160 works by 134 artists from Europe, Japan, and the United States who were born between 1880 and 1977. A particular area of focus lies on the works of Hubert Berke and Helen Frankenthaler, Japanese artists from the Gutai group, and the continuation of the accents of art informel in contemporary art. This lavishly illustrated publication arouses curiosity regarding the presentation of the collection in the museum building in Wiesbaden designed by the Japanese star architect Fumihiko Maki, which is planned for 2021. With artworks by: Franz Ackermann, Willi Baumeister, Katharina Grosse, Robert Motherwell, Jackson Pollock, Emil Schumacher, Kazuo Shiraga, Pierre Soulages, Frank Stella, Atsuko Tanaka, Antoni Tapies, Emilio Vedova, Inoue Yuichi and many more.""--from the Publisher"
065,Disconnected :,
065,E-learning and virtual science centers /,"""The book provides an overview of the state-of-the-art developments in the new and emerging field of science education, called virtual science centers""--Provided by publisher."
065,Enterprise and social rights /,
065,Fundamentals of permanent establishments /,
065,The great telecoms swindle :,
065,How to find information in science and technology /,
065,In the Last Moments :,
065,The information revolution :,
065,Inside Mathforum.org :,"The internet has dramatically transformed social space and time for many people in many different contexts. This dramatic warping of the social fabric has happened slowly over time as digital technologies have evolved and internet speeds have increased. While we are all aware of these changes, the impact is often little understood. There are few monographs about social groups made possible by the internet, and even fewer about educational communities made possible through digital technologies. 'Inside Mathforum.org' details the ways that digital media are used to enhance the practices that teachers and students of mathematics engage in. The book also shows how different kinds of mathematical conversations and interactions become possible through the digital media. Unlike many other educational uses of digital media, the Math Forum's community has provided online resources and sustained support for teachers and students, and it leads the way in showing the power of digital media for education."
065,The Internet for molecular biologists :,
065,The law and governance of decentralised business models :,"""This book draws together themes in business model developments in relation to business networks and platforms, decentralized business models (DBMs), sometimes referred to as the 'sharing' economy', to systematically analyse the challenges to corporate and organizational law, and governance. DBMS include business networks, the global supply chain, public-private partnerships, the platform economy and blockchain-based enterprises. The law of organizational forms and governance has been slow in responding to changes and reliance has been placed on innovations in contract law to support the business model developments. The authors argue that the law of organisations and governance can respond to changes in the phenomenon of decentralised business models driven by transformative technology and new socio-economic dynamics. They argue that principles underlying the law of organisations and governance, such as corporate governance, are crucial to constituting, facilitating and enabling reciprocality, mutuality, governance and redress in relation to these business models, whose creation of wealth neither fully subscribes to a firm or market system, is neither hierarchical or totally decentralized, and incorporates socio-economic elements that are often enmeshed with incentives and relations. Of interest to academics, policy-makers and legal practitioners, this book offers proposals for new thinking in the law of organization and governance to advance the possibilities of a new socio-economic future""--"
065,Managing railway operations & maintenance :,
065,Managing railway operations & maintenance :,
065,Mandela :,Nelson Mandela stands out as one of the most admired political figures of the twentieth century. It was his leadership and moral courage above all that helped to deliver a peaceful end to apartheid in South Africa after years of racial division and violence and to establish a fledgling democracy there.
065,The nonprofit sector in Italy /,
065,Online searching :,
065,Painting abstraction :,
065,Painting abstraction :,
065,Parallel Gospels :,
065,Paths to the absolute :,"From Mondrian's bold geometric forms to Kandinsky's use of symbols to Pollock's ""dripped paintings,"" the richly diverse movement of abstract painting challenges anyone trying to make sense of either individual works or the phenomenon as a whole. Applying his insights as an art historian and a painter, John Golding offers a unique approach to understanding the evolution of abstractionism by looking at the personal artistic development of seven of its greatest practitioners. He re-creates the journey undertaken by each painter in his move from representational art to the abstract-a journey that in most cases began with cubism but led variously to symbolism, futurism, surrealism, theosophy, anthropology, Jungian analysis, and beyond. For each artist, spiritual quest and artistic experimentation became inseparable. And despite their different techniques and philosophies, these artists shared one goal: to break a path to a new, ultimate pictorial truth.The book first explores the works and concerns of three pioneering European abstract painters-Mondrian, Malevich, Kandinsky-and then those of their American successors-Pollock, Newman, Rothko, and Still. Golding shows how each painter sought to see the world and communicate his vision in the purest or most expressive form possible. For example, Mondrian found his way into abstraction through a spiritual response to the landscape of his native Holland, Malevich through his apprehension of the human body, Kandinsky through a blend of religious mysticism and symbolism. Line and color became the focus for many of their creative endeavors. In the 1940s and 50s, the Americans raised the level of pictorial innovation, beginning most notably with Pollock and his Jung-inspired concept of action.Golding makes a powerful case that at its best and most profound, abstract painting is heavily imbued with meaning and content. Through a blend of biography, art analysis, and cultural history, Paths to the Absolute offers remarkable insights into how a sense of purpose is achieved in painting, and how abstractionism engaged with the intellectual currents of its time."
065,A research agenda for organizational law /,"""Elgar Research Agendas outline the future of research in a given area. Leading scholars are given the space to explore their subject in provocative ways, and map out the potential directions of travel. They are relevant but also visionary. Taking stock of the quiet revolution that has taken place in the field of organizational law over the last few decades, this erudite Research Agenda presents a critical overview of the current state of organizational law and explores the increasingly flexible structures and capabilities of modern organizations. Explaining and evaluating new possibilities in modern organizational law, the book demonstrates that legal organizations are much more generative than widely recognized, with the capacity to enable new configurations that combine several legal transactional techniques. Chapters consider the implications of this flexibility for monitoring, regulation, and reform, examine the effects of modern transactional creativity on the rest of the legal system, suggest how organizational statutes might be harmonized, introduce non-traditional uses of modern organizations like LLCs, and propose novel ways to regulate organizations. The book ultimately highlights that the formlessness and adaptability of modern legal organizations is the foundation for a significant body of future research on the evolving role of legal entities. This path-breaking Research Agenda will prove invaluable to academics and students of company law, partnership law, and agency law, as well as transactional lawyers and analysts of organizations in other fields. Its extensive critical analysis will benefit all those who use, study, and regulate modern legal organizations""--"
065,Science discoveries on the Net :,
065,Scientific information systems in Japan /,
065,"The Syntheses of sulphones, sulpoxides and cyclic sulphides /",
065,Teaching improv in your jazz ensemble :,
065,Understanding contemporary Brazil /,
065,Using Internet primary sources to teach critical thinking skills in the sciences /,This reference provides science teachers and school library media specialists with over 150 Web sites containing primary source documents in all areas of the sciences.
065,Using online scientific & engineering databases /,
065,When a flower is reborn :,
065,When a flower is reborn :,
080,American political speeches /,
080,The art of self cultivation :,"A selection of speeches by the most inspiring and persuasive orators in American history Penguin presents a series of six portable, accessible, and--above all--essential reads from American political history, selected by leading scholars. Series editor Richard Beeman, author of The Penguin Guide to the U.S. Constitution, draws together the great texts of American civic life to create a timely and informative mini-library of perennially vital issues. Whether readers are encountering these classic writings for the first time, or brushing up in anticipation of the 50th anniversary of the Civil Rights Act, these slim volumes will serve as a powerful and illuminating resource for scholars, students, and civic-minded citizens. American Political Speeches includes the best American rhetoric from inside and outside the White House. Some of the greatest words spoken in American history have come from men and women who lacked the biggest bully pulpit in the country, but who nevertheless were able to move the nation with words. Frederick Douglass explained the irony of Independence Day from the perspective of a slave. Martin Luther King, Jr. described his dream of an interracial America. William Jennings Bryan gave voice to social discontent with a single phrase, ""a cross of gold."" Barbara Jordan summoned the nation""s outrage during the impeachment hearings against Richard Nixon. And the best presidents, not by coincidence, have tended to be those with an appreciation for the use of language: Lincoln explaining a new birth of freedom at Gettysburg; John Kennedy voicing moral outrage at the Berlin Wall; Franklin D. Roosevelt chatting to a nation gathered in front of radios; Ronald Reagan addressing Congress freshly healed from an assassination attempt."
080,The Best of Behind :,
080,Graffiti /,"Brassai became interested in the marginal art form of graffiti in the 1930s, seeing it as a form of outsider art that could open the door to new forms of artistic expression. His atmospheric photographs capture the essence of this unfettered creation. Stark contrasts of black and white alternate with softer shades of grey that meld into one another, smoothing the harsh gouges typical of graffiti. Several of these photographs first appeared in the Surrealist review Minotaure; others were first published in France and Germany in 1960, in a work entitled Graffiti, which accompanied an exhibition that visited New York, London, Milan, Baden-Baden, Frankfurt, Hannover, and Paris. The approach was hugely influential, both for the Surrealists and in the domain of Outsider Art. Accompanying the photographs are selections from previously unpublished writings, including extracts from Brassai's own notebooks, in which he noted the presence of elements of graffiti on the walls of Paris that he intended to photograph. The book also contains an interview with Picasso on the subject of graffiti as an art form. This first English language version of this classic title is a beautifully produced edition of what is undoubtedly a seminal work in the history of modern photography."
080,Lectures on the Harvard classics /,
080,Paris graffiti /,
080,Readings for discussion :,
080,Readings for discussion :,
080,Readings for discussion,
080,Readings for discussion,
178,Assisted reproductive technologies in the global south and north :,"Assisted Reproductive Technologies in the Global South and North critically analyses the political and social frameworks of Assisted Reproductive Technology (ART), and its impact in different countries. In the context of a worldwide social pressure to conceive - particularly for women - this collection explores the effect of the development of ARTs, growing globalisation and reproductive medicalization on global societies. Providing an overview of the issues surrounding ART both in the Global South and North, this book analyses ART inequalities, commonalities and specificities in various countries, regions and on the transnational scene. From a multidisciplinary perspective and drawing on multisite studies, it highlights some new issues relating to ART (e.g. egg freezing, surrogacy) and discusses some older issues regarding infertility and its medical treatment (e.g. in vitro fertilisation, childless stigmatisation and access to treatment). This book aims to redress the balance between what is known about Assisted Reproductive Technologies in the Global North, and how the issue is investigated in the Global South. It aims to draw out the global similarities in the challenges that ARTs bring between these different areas of the world. It will appeal to scholars and students in the social sciences, medicine, public health, health policy, women's and gender studies, and demography."
178,Birth of the chaordic age /,
178,Bitcoin and blockchain security /,"There is a lot of buzz about Bitcoin and Blockchain lately, our expert authors will help to answer some imperative questions about the security involved in this new digital asset and ledger. This comprehensive new resource presents a thorough overview and analysis of the security and privacy provisions of Bitcoin and its underlying blockchain clients. This book goes beyond the analysis of reported vulnerabilities of Bitcoin, evaluating a number of countermeasures to deter threats on the system. Readers are given concrete solutions and recommendations on the best practices to use when relying on Bitcoin as a payment method.This resource provides a clear explanation of assumptions governing the security of Bitcoin, including the scalability measures adopted in Bitcoin, privacy for clients, and the proper means of securing Bitcoin wallets. Readers learn how the security and privacy provisions of other blockchain technologies compare to Bitcoin and the security lessons learned after extensive research of Bitcoin since the inception of the currency."
178,Bitcoin and cryptocurrency technologies :,
178,The bitcoin standard :,"""Bitcoin is the digital age's novel, decentralized, and automated solution to the problem of money: accessible worldwide, controlled by nobody. Can this young upstart money challenge the global monetary order? Economist Saifedean Ammous traces the history of the technologies of money to seashells, limestones, cattle, salt, beads, metals, and government debt, explaining what gave these technologies their monetary role, what makes for sound money, and the benefits of a sound monetary regime to economic growth, innovation, culture, trade, individual freedom, and international peace""--"
178,Blockchain /,"Find out what Blockchain is, how it works, and what it can do for you Blockchain is the technology behind Bitcoin, the revolutionary 'virtual currency' that's changing the way people do business. While Bitcoin has enjoyed some well-deserved hype, Blockchain may be Bitcoin's most vital legacy. This is the ideal starting place for business pros looking to gain a better understanding of what Blockchain is, how it can improve the integrity of their data, and how it can work to fundamentally change their business and enhance their data security."
178,Blockchain & fintech :,"This book is going to teach you all about blockchain and its potential to change the world. This technology, though new, is baffling experts and has people making bold, bold predictions about the future."
178,Blockchain basics :,
178,Blockchain revolution :,"Blockchain technology is powering our future. As the technology behind cryptocurrencies like bitcoin, open software platforms like Ethereum, and disruptive companies like Ripple, it's too important to ignore. In this revelatory book, Don Tapscott, the bestselling author of Wikinomics, and his son, blockchain expert Alex Tapscott, bring us a brilliantly researched, highly readable, and essential book about the technology driving the future of the economy. Blockchain is the ingeniously simple, revolution-ary protocol that allows transactions to be simultaneously anonymous and secure by maintaining a tamperproof public ledger of value. Though it's best known as the technology that drives bitcoin and other digital cur-rencies, it also has the potential to go far beyond currency, to record virtually everything of value to humankind, from birth and death certifi-cates to insurance claims, land titles, and even votes. Blockchain is also essential to understand if you're an artist who wants to make a living off your art, a consumer who wants to know where that hamburger meat really came from, an immigrant who's tired of paying big fees to send money home to your loved ones, or an entrepreneur looking for a new platform to build a business. And those examples are barely the tip of the iceberg. As with major paradigm shifts that preceded it, blockchain technology will create winners and losers. This book shines a light on where it can lead us in the next decade and beyond."
178,Bringing E-money to the poor :,"Moving toward universal access to financial services is within reach, thanks to new technologies, transformative business models, and ambitious reforms. Instruments such as e-money accounts and mobile accounts, along with debit cards and low-cost traditional bank accounts, can significantly increase financial access for those who are excluded. This publication examines the lessons of success from four country case studies of Kenya, South Africa, Sri Lanka, and Thailand, that leapt from limitation to innovation by successfully enabling the deployment of e-money technology. These countries have thereby transformed the landscape of financial access to their poor. In addition, two country case studies (Maldives and the Philippines) yield lessons learned from constraints that stalled e-money deployments. Because technology is not a silver bullet, the case studies also explore other strategic elements that need to be in place for a country to expand access to financial services through digital technology."
178,Bull Connor /,"Nunnelley's biography covers Connor's early life as a sportscaster, his years as a nearly pathological police chief, and his reign as president of a corrupt public service commission.While providing the first published biographical study of Connor, Bull also traces the evolution of the civil rights movement in Birmingham. The book amplifies traditional one-dimensional accounts through the use of such primary sources a s Connor FBI files gained from a Freedom of Information request, Connor papers discovered in an old fire station about to be demolished, files from a law firm which represented Connor, interviews, and newspaper files. Connor's racist image remains intact, but a more complete portrait of the controversial commissioner emerges.Eugene ""Bull"" Connor gained infamy during the spring of 1963 as the heavy-handed Birmingham police commissioner who turned power hoses and police dogs on the black demonstrators led by Martin Luther King, Jr. Bull Connor and Birmingham symbolized hard-line Southern racism. Connor's actions received national and international media coverage, which dramatized the plight of black people in segregated areas, giving the civil rights movement much-needed attention. After viewing television reports of the fire-hose and police-dogs episode, President John Kennedy said, ""The civil rights movement should thank God for Bull Connor. He helped is as much as Abraham Lincoln.""Bull Connor was an unlikely catalyst for the civil rights movement. Rather than forestalling integration, his response to the 1963 demonstrations hastened the demise of the dual society of which he became a symbol. Within weeks of King's much-publicized Birmingham campaign, Congress took the first steps toward enacting the most sweeping civil rights legislation in American history. Birmingham was a turning point in the civil rights struggle, and Connor was the movement's perfect adversary."
178,The business blockchain :,"Blockchains are new technology layers that rewire the Internet and threaten to side-step older legacy constructs and centrally served businesses. At its core, a blockchain injects trust into the network, cutting off some intermediaries from serving that function and creatively disrupting how they operate. Metaphorically, blockchains are the ultimate non-stop computers. Once launched, they never go down, and offer an incredible amount of resiliency, making them dependable and attractive for running a new generation of decentralized services and software applications. The Business Blockchain charts new territory in advancing our understanding of the blockchain by unpacking its elements like no other before. William Mougayar anticipates a future that consists of thousands, if not millions of blockchains that will enable not only frictionless value exchange, but also a new flow of value, redefining roles, relationships, power and governance. In this book, Mougayar makes two other strategic assertions. First, the blockchain has polymorphic characteristics; its application will result in a multiplicity of effects. Second, we shouldn't ask ourselves what problems the blockchain solves, because that gives us a narrow view on its potential. Rather, we should imagine new opportunities, and tackle even more ambitious problems that cross organizational, regulatory and mental boundaries. Drawing on 34 years of technology industry experience as an executive, analyst, consultant, entrepreneur, startup mentor, author, blogger, educator, thought leader and investor, William Mougayar describes a future that is influenced by fundamental shifts brought by blockchain technology as the catalyst for change ... Just as the Internet created new possibilities that we didn't foresee in its early years, the blockchain will give rise to new business models and ideas that may still be invisible."
178,Cellular in vitro testing :,
178,Cincinnati in color /,
178,Clearing services for global markets :,
178,Consumption norms and everyday ethics /,"How much is acceptable to consume? What is appropriate to consume and which goods fall into the disapproved category? Answers to these questions vary widely across time and space. This book examines the sources of this variation by providing an account of how everyday consumption norms develop, why they differ and why they change."
178,Credit rating governance :,
178,Cryptocurrencies and blockchains /,"""From their shadowy origins in Bitcoin to their use by multinational corporations, cryptocurrencies and blockchains are remaking the rules of digital media and society. Quinn DuPont guides readers through the changing face of money and shows how blockchain technology powers new forms of value exchange and social coordination""--"
178,Electronic payment systems for competitive advantage in e-commerce /,"""This book provides relevant theoretical frameworks and the latest empirical findings on electronic payment systems in the digital marketplace, focusing on the importance of e-commerce in business development, including the advantages and disadvantages of e-payments""--"
178,Electronic safety and soundness :,
178,Energy & ethics :,"""Concepts from justice and ethics can significantly inform energy decision-makers. Benjamin K. Sovacool introduces readers to the injustices and insecurities inherent in the global energy system before presenting an energy justice conceptual framework consisting of availability, affordability, due process, good governance, prudence, intergenerational equity, intragenerational equity, and responsibility. He showcases the application of these principles to eight real-world case studies involving national energy planning in Denmark, the Warm Front program in the United Kingdom, the World Bank's Inspection Panel, the Extractive Industries Transparency Initiative, Sao Thome e Principe's Natural Resource Fund, solar energy in Bangladesh, climate change adaptation efforts in least developed countries, and the Yasuni-ITT Initiative in Ecuador""--"
178,Essentials of online payment security and fraud prevention /,"""Essential guidance for preventing fraud in the card-not-present (CNP) space This book focuses on the prevention of fraud for the card-not-present transaction. The payment process, fraud schemes, and fraud techniques will all focus on these types of transactions ahead. Reveals the top 45 fraud prevention techniques Uniquely focuses on eCommerce fraud essentials Provides the basic concepts around CNP payments and the ways fraud is perpetrated If you do business online, you know fraud is a part of doing business. Essentials of Online Payment Security and Fraud Prevention equips you to prevent fraud in the CNP space."" --"
178,Ethics and morality in consumption :,"Ethical consumerism is on the rise. No longer bound to the counter-cultural fringes, ethical concerns and practices are reaching into the mainstream of society and being adopted by everyday consumers - from considering carbon miles to purchasing free-range eggs to making renewable energy choices. The wide reach and magnitude of ethical issues in society across individual and collective consumption has given rise to a series of important questions that are inspiring scholars from a range of disciplinary areas. These differing disciplinary lenses, however, tend to be contained in separate streams of research literature that are developing in parallel and in relative isolation. Ethics in Morality and Consumption takes an interdisciplinary perspective to provide multiple vantage points in creating a more holistic and integrated view of ethics in consumption. In this sense, interdisciplinary presupposes the consideration of multiple and distinct disciplines, which in this book are considered in delineated chapters. In addition, the Editors make an editorial contribution in the final chapter of the book by combining these separate disciplinary perspectives to develop a nascent interdisciplinary perspective that integrates these perspectives and presents platforms for further research."
178,The ethics and politics of environmental cost-benefit analysis /,
178,Fertility technology /,"""History and analysis of the principal types of fertility technologies from the 1860s to the present""--"
178,Food ethics /,
178,Food ethics /,
178,A global guide to fintech and future payment trends /,
178,The global organ shortage :,
178,Good eats :,"Good Eats invites readers to think about what it means to eat according to individual and collective values. These essays are not lectures about what you should eat, nor an advertisement for the latest diet. Instead, the contributors tell stories of real people--real bellies, real bodies--including the writers themselves, who seek to understand the experiences, cultures, histories, and systems that have shaped their eating and their ethics. From factory farming and the exploitative labor practices surrounding chocolate production, to Indigenous food ways and home and community gardens, the topics featured in this collection describe the wider context of sustenance and ethical choices. Good Eats will encourage you to become more mindful of what and how you eat--and to consider the larger systems and cultures that shape that eating. These essays turn mundane meals into remarkable symbols of how we live, encouraging each of us to find food that is both sustaining and sustainable."
178,Greed :,
178,Handbook of digital currency :,Annotation
178,Health care management in physical therapy /,
178,A history of digital currency in the United States :,"This book presents detailed case studies of the first commercial internet digital currency systems developed between 1996 and 2004. Transactions completed with the new technology circumvented all US financial regulations, an opening that transnational criminals exploited. Mullan explains how an entire industry of companies, agents, and participants turned a blind eye to crimes being committed in this unsupervised environment. He then tracks the subsequent changes made to US regulations that now prevent such unlicensed activity, illustrating the importance of supervising products and industries that arise from new disruptive technology. This book distills hundreds of hours of interviews with the creators and operators of early digital currency businesses to create detailed case studies of their practices."
178,Inclusive fintech :,"Cryptocurrency market has been growing fast since its emergence in recent years. Moreover, digital finance has forged the convergence of profit motives with social objectives creating a class of large FinTech companies. In addition, the underlying technology innovation may be applied to a wide range of industries, not limited to financial sector. Yet, few researches have been done to study these phenomena. Hence, it is the task of this book to shed light on the introduction and trends in FinTech, blockchain and token sales.Richly illustrated with original lecture slides taught by the authors, Inclusive FinTech: Blockchain, Cryptocurrency and ICO hopes to dispel the many misconceptions about blockchain and cryptocurrencies (especially bitcoin, Initial Crypto-Token Offering or ICO), as well as the idea that businesses can be sustainable without a social dimension going forward. With comprehensive coverage given to the FinTech scene in Asia, it is targeted at those who are searching for business opportunities. Most important of all, this book seeks to change the mindset of a whole new generation that is familiar with digital economy and yearns for a more just and equitable world."
178,Institutional change in the payments system and monetary policy /,
178,The mechanics of securitization :,
178,The modern West :,"""Drawing extensively from various disciplines including ethnology, geography, geology, and environmental studies, this groundbreaking book addresses shifting concepts of time, history, and landscape in relation to the work of pioneering American artists during the first half of the twentieth country. Paintings, watercolors, and photographs by renowned artists such as Frederic Remington, Georgia O'Keeffe, Ansel Adams, Thomas Hart Benton, Dorothea Lange, and Jackson Pollock are considered alongside American Indian ledger drawings, temperas, and prints of Navajo sandpaintings. Taken together, these works document the quest to create a specifically American art in the decades prior to World War II.""--BOOK JACKET."
178,Money machines :,
178,Moving money :,"""Examines trend toward digital means of consumer payments, asking several questions: How will digital money evolve? What impacts will technologies such as wireless devices have on payment for goods and services? What other technologies await consumers? And what will the consumer payments industry look like in the future?""--Provided by publisher."
178,"Narcotics, delinquency and social policy :",
178,Payment system technologies and functions :,"""This book analyzes the evolutionary trends, functions and mechanisms of payment systems and presents an in-depth explanation of how these trends led to the reduction of settlement risk and the importance of such mechanisms that have contributed to the evolutionary progress of payment systems""--Provided by publisher."
178,PayPal APIs :,
178,Phytomicrobiome interactions and sustainable agriculture /,"""Recent research in plant sciences have proved that many of the mechanisms cannot be understood while ignoring the surrounding microbial communities. Plants are challenged due to their sessile life and lack of locomotion which makes them prone to various unavoidable stress conditions. Various plant-microbe interactions result in the formation of plant microbiome and help plants tackle abiotic and biotic stresses. Plant-microbe interactions play a crucial role in plant growth and metabolism. Plants adapt to their terrestrial environment with the help of various microbial communities involved in nutrient acquisition and abatement of various biotic and abiotic factors induced stress conditions. Plants utilize sunlight for photosynthetic reduction of carbon and it acts as energy entry point due to which plant associated microbes have access to both via different ecological associations. Recently it has been found that various beneficial microbes help in plant development, starting from the seed germination to flowering and fruiting. Previously plant-microbe interactions were more or less confined to the investigations of root associated microbes, primarily in the ""Rhizosphere"". However, the microbial community associated with the shoot system of plants has also been found to play a beneficial role in the plant defense and its development. Many of the leaf associated microbes are found to be having an important role in imparting defense against various plant pathogens and abiotic stress conditions by affecting the plant activities. Thus, this gave rise to the concept of plant development along with its microbial community which is collectively known as ""Phytomicrobiome"" and helps the plant in all phases of life. The concept of Phytomicrobiomeis is revolutionizing plant science investigations and helping in the exploration of plant development and defence responses in cutting edge ways. This emerging area will help in increasing the sustainable production of agricultural crops, and better management of plant diseases, therefore, there is an urgent need to spread awareness about the concepts, current challenges and recent developments in the field of phytomicrobiome research and its application in sustainable agriculture""--"
178,The plant microbiome in sustainable agriculture /,"The Plant Microbiome in Sustainable Agriculture combines the most relevant and timely information available today in the fields of nutrient and food security. With a particular emphasis on current research progress and perspectives of future development in the area, The Plant Microbiome in Sustainable Agriculture is an invaluable reference for students and researchers in the field, as well as those with an interest in microbiome research and development. The book covers both terrestrial and crop associated microbiomes, unveiling the biological, biotechnological and technical aspects of research. Topics discussed include: Developing model plant microbiome systems for various agriculturally important crops; Defining core microbiomes and metagenomes in these model systems; and defining synthetic microbiomes for a sustainable increase in food production and quality."
178,Plants and microbes in an ever-changing environment /,"The ever-increasing human population, rapid development of industries and human introduction of different xenobiotic compounds have contaminated the three major abiotic environmental factors (i.e., air, water and soil) all over the world. Contamination of these factors exerts adverse impacts on existing plants and microbes. Microbes present in the air, water and soil are always exposed to the ever-changing environment and exhibit tremendous variations in their community structure. However, few environmental alterations have positive and beneficial impacts on microbes. Plants also show a number of detrimental symptoms such as reduced growth, delayed fruit ripening, altered photosynthesis, rapid leaf fall, early senescence and premature death of seedlings in response to the disintegration of air, water and soil quality. So, the survival of plants and microbes in these changing environments is under serious threat. However, it is interesting how plants and microbes, despite their extreme sensitivity to environmental changes, are surviving in these continuously changing environments."
178,Principles and practice in biobank governance /,
178,Regulating pharmaceuticals in Europe :,
178,Regulation of cryptocurrencies and blockchain technologies :,"""The book highlights the rise of Bitcoin, which is based on blockchain technology, and some of the many types of coins and tokens that emerged thereafter. Although Bitcoin and other cryptocurrencies have made national and international news with their dramatic rise and decline in value, nevertheless the underlying technology is being adopted by both industry and governments, which have noted the benefits of speed, cost efficiency, and protection from hacking. Based on numerous downloaded articles, laws, cases, and other materials, the book discusses the digital transformation, the types of cryptocurrencies, key actors, and the benefits and risks. It also addresses legal issues of digital technology and the evolving U.S. federal regulation. The varying treatment by individual U.S. states is reviewed together with attempts by organizations to arrive at a uniform regulatory regime. Both civil and criminal prosecutions are highlighted with an examination of the major cases that have arisen. Whether and how to tax cryptocurrency transactions both in the U.S. and internationally are analyzed, and ends with a speculative narrative of future developments""--Back cover."
178,Religion in aging and health :,"This book brings together key scholars and practitioners from a range of fields in order to advance epidemiological and gerontological research into the role of religion in physical, psychosocial and mental health. Part One addresses such issues as hope, forgiveness, the psychodynamics of faith and belief, and coping in a theoretical context. Part Two seeks to advance the methodological sophistication of research in this area, with an emphasis on measurement and design issues."
178,Religion in aging and health :,"This book brings together key scholars and practitioners from a range of fields in order to advance epidemiological and gerontological research into the role of religion in physical, psychosocial and mental health. Part One addresses such issues as hope, forgiveness, the psychodynamics of faith and belief, and coping in a theoretical context. Part Two seeks to advance the methodological sophistication of research in this area, with an emphasis on measurement and design issues."
178,The Routledge handbook of food ethics /,
178,Sacred energies :,"Full Subtitle: When the World's Religions Sit Down to Talk about the Future of Human Life and the Plight of This Planet This short volume seeks to capture the energy and dynamism of these world religious traditions-a central force in human history and society-for illuminating and addressing major global issues: population growth, environmental destruction, freedom, the rights of women and minorities, the place of economics and work, issues of sexuality and the body. Based on consultations of leading scholars and religious leaders from a variety of traditions, and worked out in conjunction with international conferences sponsored by the Religious Consultation on Population, Reproductive Health, and Ethics, this book highlights the special insights and lessons each major religious tradition has to offer today."
178,Securing transactions and payment systems for m-commerce /,"""This book seeks to present, analyze, and illustrate the challenges and rewards of developing and producing mobile commerce applications, emphasizing the integral role M-commerce plays in global business""--"
178,Short story criticism :,
178,Smart cards :,
178,Spirituality and social care :,
178,Strong medicine :,"Millions of people in the third world die from diseases that are rare in the first world--diseases like malaria, tuberculosis, and schistosomiasis. AIDS, which is now usually treated in rich countries, still ravages the world's poor. Vaccines offer the best hope for controlling these diseases and could dramatically improve health in poor countries. But developers have little incentive to undertake the costly and risky research needed to develop vaccines. This is partly because the potential consumers are poor, but also because governments drive down prices. In Strong Medicine, Michael Kremer and Rachel Glennerster offer an innovative yet simple solution to this worldwide problem: Pull programs to stimulate research. Here's how such programs would work. Funding agencies would commit to purchase viable vaccines if and when they were developed. This would create the incentives for vaccine developers to produce usable products for these neglected diseases. Private firms, rather than funding agencies, would pick which research strategies to pursue. After purchasing the vaccine, funders could distribute it at little or no cost to the afflicted countries. Strong Medicine details just how these legally binding commitments would work. Ultimately, if no vaccines were developed, such a commitment would cost nothing. But if vaccines were developed, the program would save millions of lives and would be among the world's most cost-effective health interventions."
178,Therapeutic recreation service :,
178,Therapeutic recreation service :,
178,Virtual banking :,"""Technology is permanently transforming the banking industry, and digital payments are the keyElectronic Payments, Mobile Commerce, and Virtual Banking: A Guide to Innovation, Partnering, and Regulation takes a hands-on approach to competing in the modern banking environment. Former PayPal Head of Financial Innovation Dan Schatt explores the reasons behind the massive consumer migration away from traditional banks, and provides clear, actionable guidance on beating new banking models at their own game. Digital payment is the hottest topic in banking today, and is set to define the future of the industry.Consumers are rapidly abandoning traditional banks in favor of institutions that are lower-cost and more consumer-centric. Between the pace of financial regulatory reform and the cloud computing revolution, the old banking model is on the fast track to extinction. Electronic Payments, Mobile Commerce, and Virtual Banking provides the information banks need to compete in this new environment, and details the integral implementation actions that will allow them to thrive. The book discusses real-world innovations from banks, non-banks, and up and comers, and the heavy competition from the new outsource bank model. Topics include: The changing POS landscape and the need for digital wallet partnerships Shifting gears to greenfield market opportunities versus non-profitable markets Digital channel best practices for superior customer experience When to outsource, and what capabilities to truly own Case studies including PayPal, Google, Square, Facebook, Twitter, and more illustrate acceleration of innovation through banking partnerships, as well as the mechanics behind banking's biggest, scariest threats. The trick to surviving the paradigm shift is to embody innovation while providing a superior customer proposition. Electronic Payments, Mobile Commerce, and Virtual Banking: A Guide to Innovation, Partnering, and Regulation provides the inside track on managing the shift and dominating the new marketplace""--"
178,Water ethics :,
178,Water ethics :,
178,Web3 :,"""This text for MBA students and industry professionals explores key Web3 concepts such as blockchain, DeFi, tokenomics, and smart contracts, demystifying the technology behind NFTs and DAOs and the complex regulatory landscape. It is ideal for readers seeking to stay on top of emerging trends in the digital economy""--"
178,"Worldviews, religion, and the environment :","Perhaps unprecedented in scope, this anthology explores current environmental and ecological issues amidst the various worldviews, cultures, and traditions that constitute the world's major religions. Presenting a global conceptual landscape in part one with selections that focus on the spiritual and environmental crises associated with modernity, this volume, with typical skillful editing in part two, distills all of the major world religions' perspectives-Eastern, Western, and newly emerging-on contemporary ecological issues. Part three rounds out this extraordinary collection of insights with an exploration of other cross-cutting motifs in today's enviro-cultural criticism, including radical environmentalism, ecofeminism, ecojustice, and the rising voice of the Global South."
178,You have to be prepared to die before you can begin to live :,
182,Thriving Medieval Buddhism =,
182,China's Good Person =,
182,"A two-step perturbation method in nonlinear analysis of beams, plates and shells =",
182,Action! China :,Winner of the Chinese Language Teachers Association's 2014 Cengage Learning Excellence and Innovation in Teaching Chinese Award. Action! China is a practical guide for intermediate to advanced students of Chinese wanting to maximize their study abroad experience and enhance their language skills.
182,Applied econometrics /,
182,Aristotle's criticism of presocratic philosophy /,
182,Art in the Asia-Pacific :,"""As social, locative, and mobile media render the intimate public and the public intimate, this volume interrogates how this phenomenon impacts art practice and politics. Contributors bring together the worlds of art and media culture to rethink their intersections in light of participatory social media. By focusing upon the Asia-Pacific region, they seek to examine how regionalism and locality affect global circuits of culture. The book also offers a set of theoretical frameworks and methodological paradigms for thinking about contemporary art practice more generally""--"
182,Basic Chinese :,
182,The beginning of philosophy /,
182,The biomarker guide /,"The second edition of The Biomarker Guide is a fully updated and expanded version of this essential reference. Now in two volumes, it provides a comprehensive account of the role that biomarker technology plays both in petroleum exploration and in understanding Earth history and processes. Biomarkers and Isotopes in the Environment and Human History details the origins of biomarkers and introduces basic chemical principles relevant to their study. It discusses analytical techniques, and applications of biomarkers to environmental and archaeological problems. The Biomarker Guide is an invaluable resource for geologists, petroleum geochemists, biogeochemists, environmental scientists and archaeologists."
182,The Cambridge companion to early Greek philosophy /,
182,Chinese :,
182,Chinese :,
182,Chinese :,"""This new and extended edition of Chinese: An Essential Grammar is an up-to-date and concise reference guide to modern Chinese (Mandarin) grammar. Refreshingly jargon free, it presents an accessible description of the language, focusing on the real patterns of use today. This Grammar aims to serve as a reference source for the learner and user of Chinese, irrespective of level, setting out the complexities of the language in short, readable sections. It is ideal either for independent study or for students in schools, colleges, universities and adult classes of all types. Features include: Three new chapters on speech habits, writing conventions, and new lexicalisation processes Chinese characters, as well as the pinyin romanisation, alongside all examples literal and colloquial translations into English to illustrate language points.""--"
182,Chinese for dummies /,
182,Chinese for working professionals :,"""Authentic reading materials and live videos on a companion website to incorporate understandings of the norm and expectations of the workplace and society at-large, and also prepare learners for a quick transition from classroom to targeted scenarios. Abundant simulated real-life collaborative tasks, case studies and projects enhance learners' problem-solving skills in Chinese, in addition to work strategies under different scenarios such as communication for work and leisure, and teamwork projects necessary and crucial for professions in multilingual and cross-cultural global settings. This textbook is a key resource for learners of Chinese at an ACTFL Intermediate High proficiency level and above, or CEFR (Common European Framework of Reference for Language) B1.2 to B2.1 level in terms of language control, extensive and applicable vocabulary and expressions, communication strategies, as well as cultural awareness""--"
182,Chinese PhraseFinder and dictionary /,
182,Chinese primer /,"This revised and updated edition of the Chinese Primer--an introductory textbook in wide use for more than a decade--uses proven techniques to put beginning learners of Mandarin Chinese on the path toward true mastery. The goal of the book is internalization--to lead students to adopt Chinese as one of their own languages and not to regard it merely as an object of study and translation. Features include: Use of hanyu pinyin romanization Rigorous foundation work in pronunciation, including tones and the other special phonemes that are crucial to mastery Lesson texts that combine authentic, natural Chinese expression with lively everyday topics that allow students to immediately begin using Chinese themselves Carefully designed incremental introduction of grammar, accompanied by thorough and precise notes Completely revised notes that link Chinese language to Chinese culture-such as names, modes of address, and conventions of politeness Additional lessons for self-study during the summer following a first-year course A completely revised character workbook that introduces both traditional and simplified characters and that simulates the way native speakers learn characters as children: in small doses that eventually ""catch up"" with speaking ability Like its earlier edition, The Chinese Primer: Revised Edition is composed of three integrated volumes: (1) the Blue Book [Lessons]: introduction; foundation work on pronunciation; lesson dialogues in romanized Chinese and English; appendices; glossary-index; (2) the Red Book [Notes and Exercises]: vocabularies; grammar notes and culture notes keyed to the lessons; exercises; and (3) the Yellow Book [Character Workbook]. (There is also a fourth volume, the Green Book [Pinyin Character Text], which is sold separately.) Texts of the lessons are in both traditional and simplified Chinese characters, and there is a Chinese introduction for teachers."
182,The chronicle of Ibn al-Athir for the crusading period from al-Kamil fi'l-ta'rikh /,
182,Complete Babylonian :,"""Designed for complete beginners, and tested for years with real learners, Complete Babylonian offers a bridge from the textbook to the real world, enabling you to learn the grammar, understand the vocabulary and even how to translate the inscriptions and texts from this ancient cradle of civilization.""--Publisher description."
182,Cracking the Chinese puzzles :,
182,Crowds and riots :,
182,Documentary :,
182,The donkey in human history :,"Donkeys carried Christ into Jerusalem while in Greek myth they transported Hephaistos up to Mount Olympos and Dionysos into battle against the Giants. They were probably the first animals that people ever rode, as well as the first used on a large-scale as beasts of burden. Associated with kingship and the gods in the ancient Near East, they have been (and in many places still are) a core technology for moving people and goods over both short and long distances, as well as a supplier of muscle power for threshing and grinding grain, pressing olives, raising water, ploughing fields, and pulling carts, to name just a few of the uses to which they have been put.Yet despite this, they remain one of the least studied, and most widely ignored, of all domestic animals, consigned to the margins of history like so many of those who still depend upon them. Spanning the globe and extending from the donkey's initial domestication up to the present, this book seeks to remedy this situation by using archaeological evidence, in combination with insights from history and anthropology, to resituate the donkey (and its hybrid offspring such as the mule) in the unfolding of human history, looking not just at what donkeys and mules did, but also at how people have thought about and understood them.Intended in part for university researchers and students working in the broad fields of world history, archaeology, animal history, and anthropology, but it should also interest anyone keen to learn more about one of the most widespread and important of the animals that people have domesticated."
182,Early Greek philosophy :,
182,Early Greek philosophy /,
182,Early Greek philosophy /,
182,Ecological inference /,
182,Ecological inference /,
182,Econometric models and methods /,
182,Elements of Chinese grammar :,
182,The enforcement of intellectual property rights :,
182,The enjoyment of math /,"""What is so special about the number 30? How many colors are needed to color a map? Do the prime numbers go on forever? Are there more whole numbers than even numbers? These and other mathematical puzzles are explored in this delightful book by two eminent mathematicians. Requiring no more background than plane geometry and elementary algebra, this book leads the reader into some of the most fundamental ideas of mathematics, the ideas that make the subject exciting and interesting. Explaining clearly how each problem has arisen and, in some cases, resolved, Hans Rademacher and Otto Toeplitz's deep curiosity for the subject and their outstanding pedagogical talents shine through"" -- Back cover."
182,The evolution of theology in the Greek philosophers /,
182,Exploring task-based PBL in Chinese teaching and learning /,
182,The first philosophers :,"Aristotle said that philosophy begins with wonder, and the first Western philosophers developed theories of the world which express simultaneously their sense of wonder and their intuition that the world should be comprehensible. But their enterprise was by no means limited to this proto-scientific task. Through, for instance, Heraclitus' enigmatic sayings, the poetry of Parmenides and Empedocles, and Zeno's paradoxes, the Western world was introduced to metaphysics, rationalist theology, ethics, and logic, by thinkers who often seem to be mystics or shamans as much as philosophers or scientists in the modern mould. And out of the Sophists' reflections on human beings and their place in the world arose and interest in language, and in political, moral, and social philosophy."
182,First step :,
182,Foundations of economic analysis /,
182,Girls' literacy experiences in and out of school :,"""Through thoughtful analysis of girls' historical literacy experiences, their contemporary reading and writing lives, and trends in young adult literature, this book sheds new light on how teachers can better understand and create classroom experiences that make girls visible both to themselves and to others.Historically, the status of girls has evoked much less research than that of boys. Recently emerging scholastic and strategic study concerning the vulnerability of girls is adding a vital missing component to this continually emerging discourse. Looking at many aspects of girls' gendered lives, this text considers the specific perspectives of the social and cultural constructions that script gender, particularly as applies to girls in our classrooms. Prominent scholars in their respective fields examine the myriad forces that shape the lives of American girls, from the earliest didactic records of manuals and books of conduct to current artifacts of contemporary culture. By investigating both the scholarly literature on girls as well as well as the primary sources of a material culture, the authors seek to unravel how adolescent girls learn and seek to compose identities. By closely examining girls' practices, in which are embedded issues of class, race, ethnicity, immigrant status, and sexuality, the text considers some of the values, structures, and trajectories that have come to define teenage girlhood. Its distinctive contribution is to unpack some of the assumptions of girls in English classrooms and to critically examine their experiences as they try to fit preconceived norms while forming their own personhood""--"
182,The golden chain :,This anthology of Pythagorean and Platonic philosophy promotes a new and fresh view of what Hellenic philosophy is and what kind of wisdom it offers us. The book demonstrates through excerpts from the great Pythagorean and Platonic writers that to these thinkers philosophy is a way of life and a means of spiritual realisation-not the dry rationalistic mental exercise philosophy has become in the modern world. The Golden Chain of the title refers to the ancient belief that such philosophy transmits a heritage of unitive knowledge through a succession of enlightened teachers and students. The editor Algis Uzdavinys is an author translator and scholar of remarkable scope who uses his scholarship and his own deep knowledge of the philosophia perennis to illustrate for us the timeless wisdom of these writings. The foreword is by John Finamore.
182,A grammar of Mandarin /,
182,A grammar of spoken Chinese =,
182,Greek philosophy :,
182,Greek thought :,
182,Gustation and olfaction :,
182,Harakleitos & Diogenes /,
182,Hindu influence on Greek philosophy :,
182,Iamblichus :,
182,Introductory statistics for the behavioral sciences /,
182,The language of touch :,"""Offering an in-depth analysis of the relationship between touch and language through the history of philosophy, this book revitalizes the field of haptic studies, which often fails to address the ontological nature of touch, providing new insights in the philosophy of language. This book draws together an international team of linguists, anthropologists and philosophers, many of whom are members of the 'second generation' of Ljubljana's School of Theoretical Psychoanalysis, to demonstrate from a variety of disciplinary perspectives that the experience of touch is inextricable from the structure of language. Examining the intersections between phenomenology, Marxism and poststructural linguistics, this work draws upon figures such as Nancy, Derrida and Lacan to question both how language structures touch and how touch structures language""--"
182,The language of touch :,"""Offering an in-depth analysis of the relationship between touch and language through the history of philosophy, this book revitalizes the field of haptic studies, which often fails to address the ontological nature of touch, providing new insights in the philosophy of language. This book draws together an international team of linguists, anthropologists and philosophers, many of whom are members of the 'second generation' of Ljubljana's School of Theoretical Psychoanalysis, to demonstrate from a variety of disciplinary perspectives that the experience of touch is inextricable from the structure of language. Examining the intersections between phenomenology, Marxism and poststructural linguistics, this work draws upon figures such as Nancy, Derrida and Lacan to question both how language structures touch and how touch structures language""--"
182,Learning Chinese in diasporic communities :,
182,Macroeconomic analysis :,
182,Mandarin Chinese :,"This reference grammar provides, for the first time, a description of the grammar of Mandarin Chinese, the official spoken language of China and Taiwan, in functional terms, focusing on the role and meanings of word-level and sentence-level structures in actual conversations."
182,Mandarin Chinese the easy way /,
182,Mathematical economics /,
182,"Metals, energy and sustainability :","This book explains how and where copper and fossil fuels were formed and the likely future for the extraction of copper and coal. The colourful chronology of our efforts to extract metals from minerals and energy from fossil fuels is presented from earliest times until the present day. The difficult concept of human sustainability is examined in the context of continually decreasing real prices of energy and metals. This book integrates the latest findings on our historic use of technology to continually produce cheaper metals even though ore grades have been decreasing. Furthermore, it shows that the rate of technological improvement must increase if metals are to be produced even more cheaply in the future."
182,Modern Mandarin Chinese :,
182,Modern Mandarin Chinese grammar :,
182,Multivariate analysis in behavioural research /,
182,The Oxford handbook of presocratic philosophy /,
182,Poetry and politics :,
182,Presocratic philosophy :,
182,The presocratics and the supernatural :,
182,The psychology experiment :,
182,The psychology of touch /,"While the volume is important for researchers in the area of touch, it should also prove valuable to a broad audience of experimental and educational psychologists, and health professionals. The book should also be of interest to scientists in perception, cognition, and cognitive science, and can be used as a supplementary reader for courses in sensation and perception."
182,The quantitative analysis of social problems /,
182,"Race, masculinity and schooling :",
182,Reimagining culture :,
182,Modern Mandarin Chinese :,
182,The Routledge course in business Chinese /,
182,The Routledge course in Chinese media literacy =,
182,Schaum's outline of Chinese grammar /,
182,The science of smell /,
182,Short story criticism :,
182,"The Siege of Acre, 1189-1191 :","The first comprehensive history of the most decisive military campaign of the Third Crusade and one of the longest wartime sieges of the Middle Ages The two-year-long siege of Acre (1189-1191) was the most significant military engagement of the Third Crusade, attracting armies from across Europe, Syria, Mesopotamia, Egypt, and the Maghreb. Drawing on a balanced selection of Christian and Muslim sources, historian John D. Hosler has written the first book-length account of this hard-won victory for the Crusaders, when England's Richard the Lionheart and King Philip Augustus of France joined forces to defeat the Egyptian Sultan Saladin. Hosler's lively and engrossing narrative integrates military, political, and religious themes and developments, offers new perspectives on the generals, and provides a full analysis of the tactical, strategic, organizational, and technological aspects on both sides of the conflict. It is the epic story of a monumental confrontation that was the centerpiece of a Holy War in which many thousands fought and died in the name of Christ or Allah."
182,Spectral analysis of economic time series /,"The important data of economics are in the form of time series; therefore, the statistical methods used will have to be those designed for time series data. New methods for analyzing series containing no trends have been developed by communication engineering, and much recent research has been devoted to adapting and extending these methods so that they will be suitable for use with economic series. This book presents the important results of this research and further advances the application of the recently developed Theory of Spectra to economics. In particular, Professor Hatanaka demonstrates the new technique in treating two problems-business cycle indicators, and the acceleration principle existing in department store data.Originally published in 1964.The Princeton Legacy Library uses the latest print-on-demand technology to again make available previously out-of-print books from the distinguished backlist of Princeton University Press. These editions preserve the original texts of these important books while presenting them in durable paperback and hardcover editions. The goal of the Princeton Legacy Library is to vastly increase access to the rich scholarly heritage found in the thousands of books published by Princeton University Press since its founding in 1905."
182,Statistical methods in education and psychology /,
182,Steel designers' manual.,
182,The story of philosophy :,
182,The story of philosophy :,
182,Teaching bilingual and EAL learners in primary schools /,
182,The texts of early Greek philosophy :,This two-part volume collects the complete fragments and most important testimonies for the leading presocratic philosophers. The Greek and Latin texts are translated on facing pages and accompanied by a brief commentary for each philosopher.
182,The discovery of the mind : the greek origins of european thought /,
182,Touch :,
182,Trade theory in computable general equilibrium models :,"This book is for people who want to understand modern trade theory, particularly the Melitz model. It lays out Melitz theory from first principles and relates it to earlier theories of Armington and Krugman. For trade theory specialists, the book produces some significant conclusions. It identifies conditions under which Krugman and Melitz models produce essentially the same results for the welfare effects of trade liberalization as those obtained from Armington, and conditions under which this is not true. These findings will be of interest to academics and policy advisors who need to understand critiques of Armington by proponents of Krugman and Melitz. For computable general equilibrium (CGE) modelers, the book shows how Melitz-style CGE models can be calibrated, solved and interpreted. A major practical contribution of the book is to show how large-scale Armington models such as GTAP can be converted to Melitz by the addition of a small number of equations and minimal alteration of the original Armington model. The book describes computational experience in solving Melitz CGE models using GEMPACK software. This experience will be of interest to researchers currently attempting to solve Melitz-based CGE models. Almost all previous Melitz studies have used GAMS software. Authors of these studies have reported computational difficulties. These difficulties did not occur in this book's GEMPACK-based computations. The book concludes that: (a) CGE modelers can embrace Melitz while retaining their Armington-based models as powerful interpretive devices; and (b) via GEMPACK, large-scale CGE models incorporating Melitz specifications can be solved with no more difficulty than similar-dimensioned Armington models."
182,The traveller's guide to classical philosophy /,"The Greeks were the first to ask and discuss in a rational way two fundamental questions that never cease to concern thinking human beings: what is the nature of the universe, and what can I make of my brief time in it? Their answers, developed between the 8th century BC and the 4th century AD, are as relevant today as they were in ancient times. In this clear and evocative account, John Gaskin unfolds the thinking about nature, life, death and other worlds that informed the culture and society of the Classical world, drawing out its interest for modern readers. Witty sketches and diagrams enliven the story, which runs from Homeric Greece to the banning of pagan religions in AD 391. The book concludes with a gazetteer describing notable sites and the people and ideas connected with them, making it an ideal companion for visitors to Classical ruins and for all armchair travellers curious to explore life's big questions."
182,"A two-step perturbation method in nonlinear analysis of beams, plates, and shells /",
182,Using Chinese :,
182,"Vectors, pure and applied :","""Many books in linear algebra focus purely on getting students through exams, but this text explains both the how and the why of linear algebra and enables students to begin thinking like mathematicians. The author demonstrates how different topics (geometry, abstract algebra, numerical analysis, physics) make use of vectors in different ways and how these ways are connected, preparing students for further work in these areas. The book is packed with hundreds of exercises ranging from the routine to the challenging. Sketch solutions of the easier exercises are available online""--"
182,The way of oblivion :,
182,The world of Parmenides :,
182,Zoroaster's influence :,
222,Go for it! lowrider :,
222,An introduction to animals and visual culture /,
222,An anthropology of indirect communication /,
222,Anyuan :,
222,The arabic translation and commentary of Yefet ben 'Eli the Karaite on the book of Esther /,
222,Architectural visions :,"The book presents outstanding hand drawings of German architects from various areas of architecture and design. The focus of the presentation is on the individual manuscripts of the architects and designers. For some time now, many architects and designers have been returning to manually drawn depictions of their designs - despite the fact that the latest computer-aided visualization techniques allow the creation of almost perfect illusions of planned buildings. However, they often lack in conveying life and atmosphere to the building resulting in a feeling of coldness and distance from the observer. Beyond the pure conveying of information through a mechanical drawing, the various techniques of manual drawing can convey individual sentiments and impressions. The result is a larger degree of authenticity coupled with an emphasis of the human dimension of architecture."
222,Art forms in nature :,
222,Art forms in nature /,
222,Atlas of poetic zoology /,"A catalog of wonders, from walking fish to self-medicating chimpanzees.This Atlas of Poetic Zoology leads readers into a world of wonders where turtles fly under the sea, lizards walk on water, insects impersonate flowers, birds don't fly, frogs come back from the dead, and virgin sharks give birth. Animals, writes Emmanuelle Pouydebat, are lyric poets; they discover and shape the world when they sing, dance, explore, and reproduce. The animal kingdom has been evolving for millions of years, weathering many crises of extinction; this book allows us to draw inspiration from animals' enduring vitality."
222,Audio drama modernism :,"Audio Drama and Modernism traces the development of political and modernist sound drama during the first 40 years of the 20th Century. It demonstrates how pioneers in the phonograph age made significant, innovative contributions to sound fiction before, during, and after the Great War. In stunning detail, Tim Crook examines prominent British modernist radio writers and auteurs, revealing how they negotiated their agitational contemporaneity against the forces of Institutional containment and dramatic censorship. The book tells the story of key figures such as Russell Hunting, who after being jailed for making 'sound pornography' in the USA, travelled to Britain to pioneer sound comedy and montage in the pre-Radio age; Reginald Berkeley who wrote the first full-length anti-war play for the BBC in 1925; and D.G. Bridson, Olive Shapley and Joan Littlewood who all struggled to give a Marxist voice to the working classes on British radio."
222,Auto brand :,
222,Babel's Tower translated :,"In Babel's Tower Translated, Phillip Sherman explores the narrative of Genesis 11 and its reception and interpretation in several Second Temple and Early Rabbinic texts (e.g., Jubilees, Philo, Genesis Rabbah). The account of the Tower of Babel (Genesis 11:1-9) is famously ambiguous. The meaning of the narrative and the actions of both the human characters and the Israelite deity defy any easy explanation. This work explores how changing historical and hermeneutical realities altered and shifted the meaning of the text in Jewish antiquity."
222,The beginning of wisdom :,
222,Best in show :,"Unique pieces, chassis no. 1, or strictly Italian prototypes, on which the greatest designers and coachbuilders from the past have experimented pioneering solutions: choices that foretell future fashion phenomena and stylistic canons. The Lopresto Collection is unlike all others: it comprises only Italian models, oneoff specimens, prototypes, special editions, and models made in extremely limited numbers, often personalized to match the customer's specific requests. This is why it is the most important collection in Italy and one of the most prestigious in the world. Frequently, they are masterpieces that have long been forgotten, but through skilled restoration Lopresto has salvaged their bygone splendor, because he, an architect by profession and collector by passion, is in fact an automobile archeologist in love with his vehicles."
222,Biological investigations :,
222,Black beauties :,
222,Body language :,
222,Body language :,"This fun and friendly guide will show you how to `read' the body language of others, and how to project the right signals, so you can manage the impression you give to others. Full of real-world and pop-cultural examples, practical tips and strategies, and underpinned by principles from psychological and social experiments, you'll learn how to use and interpret non-verbal messages to put your best face, and body, forwards."
222,Body language communication :,"Questions of multimodal communication, language and embodiment have become pertinent in a wide range of research areas: cognitive science, psychology, linguistics, computer science, anthropology, sociology, semiotics, and art. What is lacking is an overview of this fast growing but highly diverse field. This reference work provides an encompassing documentation of how body movements relate to language and communication. Chapters authored by leading scholars outline the scope of the phenomenon, present current and past approaches, and provide multidisciplinary methods of analysis."
222,The book of circles :,"""Across all regions, cultures, and societies, humans have attributed to the circle ideals of unity, wholeness, infinity, enlightenment, and perfection. We have applied this natural shape to countless manmade systems through the ages, from tools, icons, and writing systems to maps, urban plans, and digital technologies. In The Book of Circles, his companion volume to the popular Book of Trees, Manuel Lima takes us on a lively tour through millenia of information design. Three hundred detailed and colorful illustrations cover an encyclopedic array of subjects, drawing fascinating parallels across time and culture. The clay tokens used by ancient Sumerians as a system of recording trade are juxtaposed with the logos of modern retailers like Target; Venn diagrams are discussed side by side with symbols of the Christian trinity, the trefoil shape of the biohazard symbol, and the Olympic rings; a diagram revealing the characteristics of 10,000 porn stars displays structural similarities to early celestial charts placing the earth at the center of the universe. Lima's introduction provides an authoritative description of the circle's symbolism and uses through history, and a preface describes his unique taxomony of the many varieties of circle diagrams, rounding out this visual feast for infographics enthusiasts""--"
222,The book of drawings + sketches :,"After the success of ""Architectural Visions"", with its focus on the German speaking countries, this volume is devoted to the individual ""handwriting"" of architects and designers from around the world. As computer aided design becomes ever more prevalent, the handmade drawing is experiencing an amazing Renaissance. In its characteristic touch it often shows much more clearly which aesthetic impression the planned building finally leaves behind than any number of computer aided visualisation techniques. What is striking here is the concentration on the main characteristics of the buildings, which in turn mark the appearance. In contrast, in the rendering, the love of detail and alleged approximation of reality often overshadows those characteristics. This volume unifies the most varied painting and drawing techniques, counterposing realized drafts to photos of the execution, so that the viewers can recreate for themselves the connection between architectural will and effect."
222,Book of Exodus :,"Exodus is the second book of the Hebrew Bible, but it may rank first in lasting cultural importance. It is here that the classic biblical themes of oppression and redemption, of human enslavement and divine salvation, are most dramatically expressed. Joel Baden tells the story of this influential and enduring book, tracing how its famous account of the Israelites' journey to the promised land has been adopted and adapted for millennia, often in unexpected ways. Baden draws a distinction between the Exodus story and the book itself, which is one of the most multifaceted in the Bible, containing poems, law codes, rituals, and architectural plans. He shows how Exodus brings together an array of oral and written traditions from the ancient Middle East, and how it came to be ritualized in the Passover Seder and the Eucharist. Highlighting the remarkable resilience and flexibility of Exodus, Baden sheds light on how the bestowing of the Torah to Moses on Mount Sinai divided Jewish and Christian thinkers, on the importance of Exodus during the Reformation and the American Revolution, and on its uses in debates for and against slavery. He also traces how the defining narrative of ancient Israel helped to define Mormon social identity, the American civil rights movement, and liberation theology. Though three thousand years old, the Exodus-as history, as narrative, as metaphor, as model-continues to be vitally important for us today. Here is the essential biography of this incomparable spiritual masterpiece."
222,The Book of Genesis :,"During its 2,500-year life, the book of Genesis has been the keystone to almost every important claim about reality, humanity, and God in Judaism and Christianity. And it continues to play a central role in debates about science, politics, and human rights. With clarity and skill, acclaimed biblical scholar Ronald Hendel provides a panoramic history of this iconic book, exploring its impact on Western religion, philosophy, science, politics, literature, and more. Hendel traces how Genesis has shaped views of reality, and how changing views of reality have shaped interpretations of Genesis. Literal and figurative readings have long competed with each other. Hendel tells how Luther's criticisms of traditional figurative accounts of Genesis undermined the Catholic Church; how Galileo made the radical argument that the cosmology of Genesis wasn't scientific evidence; and how Spinoza made the equally radical argument that the scientific method should be applied to Genesis itself. Indeed, Hendel shows how many high points of Western thought and art have taken the form of encounters with Genesis--from Paul and Augustine to Darwin, Emily Dickinson, and Kafka. From debates about slavery, gender, and sexuality to the struggles over creationism and evolution, Genesis has shaped our world and continues to do so today. This wide-ranging account tells the remarkable story of the life of Genesis like no other book."
222,The botanical wall chart :,
222,Das Buch Josua /,
222,"Civic work, civic lessons :",
222,"Civil society, conflict and violence :",
222,The classic cars book /,
222,A commentary on numbers :,"This book provides a new reading of the biblical book of Numbers in a commentary form. Mainstream readings have tended to see the book as a haphazard junkyard of material that connects Genesis-Leviticus with Deuteronomy (and Joshua), composed at a late stage in the history of ancient Israel. By contrast, this book reads Numbers as part of a wider work of Genesis-Joshua, a carefully crafted programmatic settler colonial document for a new society in Canaanite highlands in the late second millennium BCE that seeks to replace pre-existing indigenous societies. In the context of the tremendous influence that the biblical documents have had on the world in the last 2,000-3,000 years, the book also offers pointers towards reading these texts today. This volume is a fascinating study of this text, and will be of interest not only to biblical scholars, but to anyone with an interest in the history of the ancient Levant, and colonisation and colonialism in the ancient world more broadly."
222,The commentators' Bible :,
222,Communicating through story characters :,
222,"Continuous functions, Differentiation, Applications of the derivative /",
222,Data visualizations and infographics /,
222,"David, King of Israel, and Caleb in biblical memory /","Of all the Bible's personalities, David is the most profoundly human. Courageous, cunning, and complex, he lives life to the hilt. Whatever he does, he does with all his might, exuding both vitality and vulnerability. No wonder it has been said that Israel revered Moses yet loved David. But what do we now know about the historical David? Why does his story stand at the center of the Bible? Why didn't the biblical authors present him in a more favorable light? And what is the special connection between him and Caleb - the Judahite hero remembered for his valor during the wars of conquest? In this groundbreaking study, Jacob L. Wright addresses all these questions and presents a new way of reading the biblical accounts. His work compares the function of these accounts to the role war memorials play over time. The result is a rich study that treats themes of national identity, statehood, the exercise of power, and the human condition."
222,Deep symbols :,
222,Design drawing /,
222,Design drawing /,
222,Determination of molecular weight /,
222,Detroit style :,"Detroit, nicknamed Motor City, has always been a leader in car design. As the city became the center of the American automobile industry in the early 20th century, its studios became incubators for new ideas and new styles. This volume highlights the artistry and influence of Detroit designers working in the industry between 1950 and the present day, giving readers a sumptuously illustrated opportunity to discover the ingenuity of influential (and surprisingly little-known) figures in postwar American car design. Detroit Style showcases 12 coupes and sedans, representing both experimental cars created solely for display and iconic production models for the mass market. Dozens of design drawings and images of studio interiors--along with paintings and sculptures--highlight the creative process and dialogue between the American art world and car culture. These materials in addition to interviews with influential figures in car design today bring new insights and spark curiosity about the formative role Detroit designers have played in shaping the automotive world around us, and the ways their work has responded to changing tastes, culture, and technology."
222,Deuteronomy in the making :,"A number of long-standing theories concerning the production of Deuteronomy are currently being revisited. This volume takes a fresh look at the theory that there was an independent legal collection comprising chs 12-26 that subsequently was set within one or two narrative frames to yield the book, with ongoing redactional changes. Each contributor has been asked to focus on how the ""core"" might have functioned as a stand-alone document or, if exploring a theme or motif, to take note of commonalities and differences within the ""core"" and ""frames"" that might shed light on the theory under review. Some of the articles also revisit the theory of a northern origin of the ""core"" of the book, while others challenge de Wette's equation of Deuteronomy with the scroll found during temple repairs under Josiah. With Deuteronomic studies in a state of flux, this is a timely collection by a group of international scholars who use a range of methods and who, in varying degrees, work with or challenge older theories about the book's origin and growth to approach the central focus from many angles. Readers will find multivalent evidence they can reflect over to decide where they stand on the issue of Deuteronomy as a framed legal ""core."""
222,Discourses in place :,"Discourses in Place is essential reading for anyone with an interest in language and the way we communicate. Written by leaders in the field, this text argues that we can only interpret the meaning of public texts like road signs, notices and brand logos by considering the social and physical world that surrounds them. Drawing on a wide range of real examples, from signs in the Chinese mountains, to urban centres in Austria, Italy, North America and Hong Kong, this textbook equips students with the methodology and models they need to undertake their own research in 'geosemiotics', the key interface between semiotics and the physical world. Discourses in Place is highly illustrated, containing real examples of language in the material world, including a 'how to use this book' section, group and individual activities, and a glossary of key terms."
222,Divine signs :,
222,Do you see what I mean? :,
222,The drive :,
222,Effective data visualization :,"""Written by sought-after speaker, designer, and researcher Stephanie D.H. Evergreen, Effective Data Visualization shows readers how to create Excel charts and graphs that best communicate data findings. This comprehensive how-to guide functions as a set of blueprints--supported by research and the author's extensive experience with clients in industries all over the world--for conveying data in an impactful way. Delivered in Evergreen's humorous and approachable style, the book covers the spectrum of graph types available beyond the default options, how to determine which one most appropriately fits specific data stories, and easy steps for making the chosen graph in Excel. New to the Second Edition is a completely re-written chapter on qualitative data; inclusion of 9 new quantitative graph types; new shortcuts in Excel; and entirely new chapter on Sharing Your Data with the World which includes advice on using dashboards; and lots of new examples throughout. The Second Edition is also presented in full color""--"
222,Effective data visualization :,
222,Eloquence embodied :,"""Taking a fresh look at the first two centuries of French colonialism in the Americas, this book answers the long-standing question of how and how well indigenous Americans and the Europeans who arrived on their shores communicated with each other. French explorers and colonists in the sixteenth century noticed that indigenous peoples from Brazil to Canada used signs to communicate. The French, in response, quickly embraced the nonverbal as a means to overcome cultural and language barriers. C??line Carayon's close examination of their accounts enables her to recover these sophisticated native practices of embodied expressions""--"
222,Ethics /,
222,Evo: Aston Martin :,"The experts at evo magazine look back at Aston Martin's glorious history, with first-hand, behind-the-wheel reports, technical information and performance stats. From the earliest surviving models to the latest machines, the greatest Astons of all time are tried and tested, accompanied by jaw-dropping photography from the world-renowned evo photographers. Special features explore the stories behind the famous James Bond cars, from Goldfinger DB5 to Spectre DB10, as well as the story of Aston on track, from early racing prototypes to Le Mans glory. An in-depth study of a motoring icon, evo: Aston Martin is a roll call of motoring excellence and a must-have for all petrolheads."
222,Ethics /,
222,Evo: Aston Martin :,"The experts at evo magazine look back at Aston Martin's glorious history, with first-hand, behind-the-wheel reports, technical information and performance stats. From the earliest surviving models to the latest machines, the greatest Astons of all time are tried and tested, accompanied by jaw-dropping photography from the world-renowned evo photographers. Special features explore the stories behind the famous James Bond cars, from Goldfinger DB5 to Spectre DB10, as well as the story of Aston on track, from early racing prototypes to Le Mans glory. An in-depth study of a motoring icon, evo: Aston Martin is a roll call of motoring excellence and a must-have for all petrolheads."
222,Exodus /,
222,Famines and land assessments in India /,
222,"Fear and trembling ; and,",
222,Fear and trembling /,
222,Fiscal restraints and the burden of local and state taxes /,
222,Gesture :,
222,Gestures :,
222,Gestures /,
222,The heart of Torah :,"In The Heart of Torah, Rabbi Shai Held s Torah essays two for each weekly portion open new horizons in Jewish biblical commentary. Held probes the portions in bold, original, and provocative ways. He mines Talmud and midrashim, great writers of world literature, and astute commentators of other religious backgrounds to ponder fundamental questions about God, human nature, and what it means to be a religious person in the modern world. Along the way, he illuminates the centrality of empathy in Jewish ethics, the predominance of divine love in Jewish theology, the primacy of gratitude and generosity, and God s summoning of each of us with all our limitations into the dignity of a covenantal relationship."
222,How to speak emoji love /,
222,Human nonverbal behavior :,
222,Images :,
222,Imagomundi :,"Iconicity is the similarity or analogy between the form of a sign and its meaning. This book is an instrument of communication and representation that reveals a creative reading of the world through different figurative and abstract signs, pictographic textures and recurring designs. Through a collection of ordinary images of daily life, this highly visual book urges us to challenge our perception of the world around us and analyse our everyday experiences. An outstanding compilation of more than 1350 illustrative pictograms, symbols, ideograms and logos, designed by LSDspace. Iconicity serves as a valuable graphic archive, a working tool and source of inspiration for designers and image makers. It also contains a copyright free CD containing the images in EPS vector format. With an introductory text by Yukio Ota, a foreword by Felix Beltran and an introduction by Aaron Marcus."
222,An introduction to cognitive linguistics /,
222,An introduction to cognitive linguistics /,
222,An introduction to cognitive linguistics =,
222,An introduction to the pentateuch /,
222,An introduction to visual communication :,
222,An introduction to visual communication :,"This introductory textbook introduces students to the terminology of visual literacy, methods for analyzing visual media, and theories on the relationship between visual communication and culture. Exploring the meanings associated with visual symbols and the relationship of visual communication to culture, this book provides students with a better understanding of the visually oriented world in which they live. From cave art to virtual reality, all visual media are discussed with methods for evaluation. Student-friendly features such as boxed topics, key terms, web resources, and suggestions for exercises are provided throughout."
222,Islam /,
222,Israel in the Books of Chronicles /,
222,Joseph Banks' Florilegium :,"Joseph Banks accompanied Captain Cook on his first voyage round the world from 1768 to 1771. A gifted and wealthy young naturalist, Banks collected exotic flora from Madeira, Brazil, Tierra del Fuego, the Society Islands, New Zealand, Australia and Java, bringing back over 1,300 species that had never been seen or studied by Europeans. On his return, Banks commissioned over 700 superlative engravings between 1772 and 1784. Known collectively as Banks' Florilegium, they are some of the most precise and exquisite examples of botanical illustration ever created. The Florilegium was never published in Banks' lifetime, and it was not until 1990 that a complete set in colour was issued in a boxed edition (limited to 100 copies) under the direction of the British Museum (Natural History). It is from these prints that the present selection is made, directed by David Mabberley, who has provided expert botanical commentaries, with additional texts by art historian Mel Gooding, setting the works in context as a perfect conjunction of nature, science and art. An afterword by Joseph Studholme describes the history of the modern printing."
222,The Joshua generation :,"""The Joshua Generation examines the book of Joshua's many lives, from its relationship to ancient political forms to the present Israeli Occupation. Its scope encompasses the nationalist celebrations and the stringent critiques of the biblical volume along with their impacts on political discourse and lived space""--"
222,A journey through Torah :,
222,Judges :,"The book of Judges is part of the world's literary and cultural canon, and as such it provides insights about political leadership, gender relationships, power disparities, personal strengths and weakness, as well as social and political ethics. In addition, for many Jewish and Christian scholars, Judges is a canonical, scriptural text. This new commentary on Judges considers all these issues, adopting two key approaches: rhetorical criticism and historical criticism."
222,Judges and Ruth /,
222,Leadership and the new science :,"""Wheatley takes the reader on a mind-opening journey into the new science. Sharing her experiences applying these ideas in a vast array of organizations all over the world, Wheatley sheds new light on issues crucial to organizing work, people, and life, including: How can systems use chaos to create order? How is order different from control? How can we reconcile individual freedom and organizational standards? How can we create more participative, inclusive, and open organizations? What are the conditions that lead to organizational learning and adaptability?""--BOOK JACKET. ""In a new Epilogue, Wheatley relates her personal chronicle of working in the world with the ideas in Leadership and the New Science. She has come to realize that her work not only presents a new view of organizational dynamics, but challenges people's most fundamental beliefs about the way the world works.""--BOOK JACKET."
222,"The legend of Elijah in Judaism, Christianity, Islam, and literature :",
222,Legendary German cars /,"Packed with hundreds of superb photographs accompanying an engaging, meticulously researched text, this handsome book tells the story of some of the world's most notable cars. Automotive expert Peter Ruch delves into the history of such illustrious German models as the Benz Patent Motorwagen 1 of 1886, the pre-war racing cars, the ever-young Porsche 911, the BMW M3--the most successful sports car of all time--and the latest bestsellers from Stuttgart, Munich, and Ingolstadt. Pivotal models produced by Ford are included as well, including the Ford Taurus 12 M from 1952, the Ford Fiesta from 1976, and the Ford Modeo from 1993. Throughout the book, hundreds of archival photographs taken from a variety of perspectives depict the details and technological innovations that have continued to make German cars among the world's most sought-after, and introduce us to the key players behind the cars. Auto enthusiasts of all ages will appreciate the fine photography and meticulous reconstruction of Germany's notorious automotive history."
222,The life and times of Elijah :,
222,Linear thought-condensation /,"Condensed thoughts transformed to matter with sequence of drawings. With exceptions of the author's other books, no similar published case studies exist. Uniquely relevant in both the education and practice architecture. This book aims to unify knowing and feeling with drawing. Since this process is influenced by the memory of our body, the outcome could be unpredictable, mysterious and timeless. If the drawn investigation questions the fundamentals of knowledge, existence and truth, then the resulting architecture might embody a new branch of philosophy. It will affect simultaneously our cerebral, tactile, and spatial perceptions and appear as a circumstantial singularity."
222,Masterworks of architectural drawing from the Albertina Museum /,
222,Maverick deviations :,
222,Natural symbols :,
222,Nature embodied :,
222,Nonverbal communication :,
222,Nonverbal communication across disciplines /,
222,Nonverbal communication in human interaction /,
222,Nonverbal communication in human interaction /,
222,On Safari with outdoorphoto :,"Nature and wildlife photography specialists HPH Publishing have brought together the finest images from guests and professional photograpers who have gone on Outdoorphoto Safaris. All images were photographed in destinations that are remote and difficult to reach. With safaris led by award-winning professional wildlife photographers, the guests have the opportunity to capture the type of image that many can only dream to obtain. Travel with these wildlife photographers and become acquainted with wildlife in its natural habitat."
222,Optimizing language learners' nonverbal behavior :,"This book highlights the pivotal role that nonverbal behavior plays in target language communication, affect and cognition. It integrates research tenets and video demonstrations of nonverbal behavior with structured activities that will guide teachers and learners of any language to capitalize on the nonverbal means at their disposal. It does not shy away from the challenges that nonverbal communication poses in target language communication, including issues of personal and cultural identity that emerge with languages around the world. With its easy-to-use format, solid research support, and fully integrated activities and videos, this book is an essential resource for anyone interested in working with the nonverbal dimensions of communication. The text will be especially valuable for language educators, pre- and in-service teachers who are looking for classroom resources and ideas, who want to create positive classroom environments and want to improve learner interaction and communication while increasing language proficiency. This book is a valuable resource for anyone who interacts with other people in more than one language."
222,Paradigm change in Pentateuchal research /,"This volume collects papers originally presented at an international meeting held in March 2017. They compellingly demonstrate the necessity for a ""Paradigm Change in Pentateuchal Research"" from various angles. It is by now generally recognised that the old paradigm, classically formulated in Wellhausens ""Prolegomena zu einer Geschichte Israels"", can no longer command a dominant position in the reconstruction of the genesis and structure of the Pentateuch. While the studies collected in this volume do not suggest that there is only one specific direction for the search of a new paradigm, they make clear that an important element for the furthering of the discussion is the use of empirical methods, in contradistinction to a dominance of subjective criteria and approaches developed in circumstances that are foreign to the cultural world of the ancient Near East. The authors of the studies represent diverse backgrounds not only in terms of geography, but especially in terms of professional specialization: Besides Biblical Studies, also the fields of Assyriology, Legal History, and Linguistics are represented. Some of the studies address methodological questions in an explicit and detailed way, while others are more focused on the analysis of specific texts. A majority of the studies convincingly demonstrate that most of the Pentateuch can be solidly rooted in the pre-exilic period. --"
222,The people's car :,"""The People's Car is a transnational cultural history tracing the Beetle from its origins in Nazi Germany to its role in the postwar West German ""economic miracle"" to its popularity in midcentury Europe and the U.S., second career in Mexico and Latin America, and revival in the late 1990s""--Provided by publisher."
222,Persuasive communication campaigns /,
222,Philosophers /,"Even within the academy, philosophers are often thought of as a breed unto themselves, grasping and theorizing the world in a highly cerebral manner that can be inscrutable to those outside philosophy. Well-known portrait and landscape photographer Steve Pyke shows that they are also ideal subjects for portraiture, having photographed them for almost 20 years. This volume collects about 100 black and white portraits of contemporary philosophers, photographed in Pyke's distinctive style - many of them shot very close-up to the subject's face with a narrow depth of field. The effect of this style is unpredictable but always revealing, showing insight into personality but also shedding new light on the philosophical temperament. The facing page of each portrait will contain a brief piece written by the subject on the nature of philosophy and their place in it. These fascinating portraits - which include virtually every major philosopher working today in the US, UK, and Europe today, including Anthony Appiah, Robert Brandom, David Chalmers, Noam Chomsky, Jurgen Habermas, Saul Kripke, Tom Nagel, Martha Nussbaum, Peter Singer, and Charles Taylor among others - will be of great value and interest to both those in the field, those connected to it, and anyone interested in the art of portrait photography."
222,Pointing :,
222,Politics :,
222,The Porsche book :,
222,The power of symbols in religion and culture /,
222,Pragmatics and non-verbal communication /,"""The way we say the words we say helps us convey our intended meanings. Indeed, the tone of voice we use, the facial expressions and bodily gestures we adopt while we are talking, often add entirely new layers of meaning to those words. How the natural non-verbal properties of utterances interact with linguistic ones is a question that is often largely ignored. This book redresses the balance, providing a unique examination of non-verbal behaviours from a pragmatic perspective. It charts a point of contact between pragmatics, linguistics, philosophy, cognitive science, ethology and psychology, and provides the analytical basis to answer some important questions: How are non-verbal behaviours interpreted? What do they convey? How can they be best accommodated within a theory of utterance interpretation?""--Provided by publisher."
222,Progress in gestural interaction :,
222,Property tax assessment bias :,
222,"Prophets, priests, and promises :","""Shortly before his untimely death Gary Knoppers prepared a number of articles on the historical books in the Hebrew Bible for this volume. Many had not previously been published and the others were heavily revised. They combine a fine attention to historical method with sensitivity for literary-critical analysis, constructive use of classical as well as other sources for comparative evidence, and wide-ranging attention to economic, social, religious, and political circumstances relating in particular to the Persian and early Hellenistic periods. Knoppers advances many new suggestions about significant themes in these texts, about how they relate one to another, and about the light they shed on the various communities' self-consciousness at a time when new religious identities were being forged""--"
222,Rare cars /,"This book features fifty of the rarest cars in the world, including incredible one-off models and limited editions. These stunning cars owe their rarity to their manufacturers, their technical supremacy, and their aesthetic qualities, their astronomical prices, the stories associated with them and even their failure. The book will excite collectors and curious interested to know more about these artistic and technical geniuses"
222,"Rashi, biblical interpretation, and Latin learning in medieval Europe :","""Introduction Rabbi Solomon Yitzhaqi (1040-1105), known as Rashi, is perhaps the most influential Jewish Bible interpreter of all time. A native of Troyes in the French county of Champagne, Rashi traveled in his youth to study for a decade in the Rhineland talmudic academies (yeshivot) of Mainz and Worms, then the intellectual center of the Ashkenazic (Franco-German) Jewish world.1 He returned to Troyes c. 1070 and established a vibrant school of Jewish learning that ultimately drew from the best and brightest students of the Ashkenazic community, who would, in turn, become its leading rabbinic figures in the twelfth century.2 Rashi's literary output centers on two major works: his Talmud commentary and his Bible commentary, each monumental in its own right.3 Drawing upon his training in the Rhineland academies by the disciples of the renowned Rabbenu (""our rabbi/master"") Gershom ben Judah (c.960-1028), known as the ""luminary of the diaspora,"" Rashi composed a line-by-line commentary on virtually the entire Talmud, the central rabbinic work that embodies the halakhah (Jewish law). Continually perfected throughout his lifetime, Rashi's Talmud commentary is comprised of lemmas and gloss-type notes that elucidate this highly complex and cryptic multi-volume rabbinic legal work""--"
222,The retelling of Chronicles in Jewish tradition and literature :,
222,Rethinking visual narratives from Asia :,
222,Ribbon culture :,
222,The SAGE handbook of nonverbal communication /,
222,A school in Africa :,
222,Scivias /,
222,Scrolls of love :,
222,Shifting languages :,"Indonesian is the national language of a vast, plural nation state, the world's fourth-largest country with a population of over 200 million. Although its use is growing rapidly, and is now spoken by nearly everyone over the age of six, it has almost relatively few native speakers. This remarkable growth, unprecedented in the development world, is largely due to the forceful presence of state institutions that use, promote, and disseminate a language first introduced by the Dutch colonial administration. Joseph Errington's third book on language in Indonesia is a detailed analysis of 'shifting languages' in two small Javanese communities. A key figure in this area of research, he examines changing conversation practices in relation to questions of ethnicity, nationalism, and political culture. Errington concludes that the Javanese story has theoretical implications beyond the two villages to other parts of Indonesia, South East Asia, and to the developing world in general."
222,Short story criticism :,
222,Social intelligence and nonverbal communication /,"""This book on people's wisdom in using and understanding nonverbal communication marks a new level of maturity in the nonverbal field. First we figured out how to measure such ability, then we asked about its correlates, and finally we are asking what it's actually good for. Kudos to the field and to these talented authors!""--Judith Hall, University Distinguished Professor of Psychology, Northeastern University, USA ""This book is a 'must have resource for anyone seeking a greater understanding of how we accurately (and inaccurately) send and receive messages. A remarkable cast of distinguished international scholars clearly report the most recent research on a variety of fascinating topics ranging from the evolutionary roots of social intelligence to human-machine interaction."" - Mark L. Knapp, Jesse H. Jones Centennial Professor Emeritus and University of Texas Distinguished Teaching Professor Emeritus, USA ""I wholeheartedly recommend this new compendium of research and theory on the non-verbal communication dimension of social intelligence. This book is essential reading for both academics and laypersons wishing to have a clearer and more profound understanding of modern society as a whole."" - Philip Zimbardo, Emeritus Professor of Psychology, Stanford University, USA and author of The Lucifer Effect This book offers a comprehensive overview of the latest developments in the social psychology of nonverbal communication. It explores topics including social skill, empathy, adaptive advantage, emotion-reading and emotion-hiding; and examines personal charisma, memory and communicating with robots. Together, the authors present diverse, cutting-edge research on nonverbal social intelligence as an adaptive strategy for survival and success. The collection provides an effective demonstration of the interdisciplinary nature of this topic, and its relevance to researchers across the social sciences and beyond. Robert J. Sternberg is Professor of Human Development at Cornell University, USA and Honorary Professor of Psychology, University of Heidelberg, Germany. Aleksandra Kostic is Retired Professor of Social Psychology at the Faculty of Philosophy, Department of Psychology, University of Nis, Serbia."
222,"States, nations, and the great powers :",
222,The story of emoji /,"""This is the first book to explain the genesis and cultural significance of emoji, the world's cutest and most popular form of shorthand. If you have a Twitter account or regularly send text messages, it's highly likely that you've used or received emoji. These characters include symbols and pictograms that represent a host of everyday objects and activities plus, crucially, a selection of faces that denote a range of emotions from happy to sad, angry, confused, surprised, or tired. The word ""emoji"" literally translates from Japanese as ""picture"" (e) and ""character"" (moji). The Story of Emoji traces emoji from their origin as a symbol typeface created specifically for on-screen use by a Japanese mobile phone provider in the late 1990s to an international communication phenomenon. As well as a history of emoji and an interview with their creator, Shigetaka Kurita, the book includes an exploration of non-text typefaces, from the decorative fleurons of the early days of the printing press to the innumerable digital typefaces available today, to the use of emoticons, ASCII art, and kaomoji in typed messages. It also looks at an array of artworks, fashion lines, special character sets, advertisements, and projects that convey emoji's widespread impact on contemporary culture. Finally, the book concludes with a section for which a group of illustrators, artists, and graphic designers have created original emoji characters they wish existed, including bacon, a vinyl record, and even a ""stabbed-in-the-back"" emoji""--Amazon."
222,Symbolism of the sphere :,
222,Symbols and signs :,
222,Taurus :,
222,Textual and literary criticism of the Books of Kings :,"""This volume contains a collection of the author's life-long study (along with some new research written specifically for this book) of the text of 1-2 Kings, some of them translated into English for the first time. Julio Trebolle's career has focused on the history of these biblical books from the triple angle of a combined textual, literary and source-compositional criticism. His usage of the Septuagint and its secondary versions like the Old Latin as a basis for the reconstruction of the history of the text is an invaluable contribution to the panorama of textual pluralism in the Bible during the Second Temple period which has emerged after the discoveries of the Dead Sea""--"
222,The silent language.,
222,The silent language.,
222,Things come apart 2.0 :,"In Things Come Apart, fifty design classics-arranged by size and intricacy-are beautifully displayed, piece by piece, exploding in midair and dissected in real-time, frame-by-frame video stills. Welcome to Todd McLellan's unique photographic vision of the material world. The new paperback edition of the best selling Things Come Apart comes equipped with a fresh, design-savvy package, and includes five new projects that reveal the inner workings of some of the world's most iconic designs. From SLR camera to mantle clock to espresso machine, from iPad to bicycle to grand piano, every single component of each object is made visible. In addition to showcasing the quality and elegance of older designs, these disassembled objects show that even the most intricate modern technologies can be broken down and understood. Stunning photography is interspersed with essays by notable figures from the world of restoration, DIY, and design innovation, who discuss historical examples of teardowns, disassembly, and reverse engineering. Things Come Apart conjures the childlike joy of taking something apart to see how it works, and will appeal to anyone with a curiosity about the material world."
222,Thought signs :,
222,The Torah :,"There is no question that the Torah has had an enormous influence on Western Civilization. It is the source of widely known characters like Joseph, Moses, and Noah, and timeless stories such as the Garden of Eden and the Exodus. Jointly authored by professors of Judaism and Christianity, The Torah: A Beginner's Guide takes a unique approach, exploring the interplay and dynamics of how these two religions share this common scripture. Drawing on both scholarly and popular sources, Kaminsky and Lohr examine the key debates, while simultaneously illustrating the importance of the Torah in western jurisprudence, ethics, and contemporary conceptions of the family, morality, and even politics. Joel S. Kaminsky is Professor in the Department of Religion at Smith College where he teaches courses on the Hebrew Bible and on ancient Jewish religion and literature. Joel N. Lohr teaches in the areas of Bible and Old Testament at the department of religious studies at Trinity Western University, Canada."
222,Understanding the Pentateuch as a scripture /,
222,The unfinished nation :,
222,Visual culture :,
222,Visual methodologies :,
222,Visual methodologies :,
222,Visual methodologies :,
222,Visual research methods in the social sciences :,
222,Visual rhetoric :,
222,The Vulgate Bible :,
222,Why gesture? :,"Co-speech gestures are ubiquitous: when people speak, they almost always produce gestures. Gestures reflect content in the mind of the speaker, often under the radar and frequently using rich mental images that complement speech. What are gestures doing? Why do we use them? This book is the first to systematically explore the functions of gesture in speaking, thinking, and communicating - focusing on the variety of purposes served for the gesturer as well as for the viewer of gestures. Chapters in this edited volume present a range of diverse perspectives (including neural, cognitive, social, developmental and educational), consider gestural behavior in multiple contexts (conversation, narration, persuasion, intervention, and instruction), and utilize an array of methodological approaches (including both naturalistic and experimental). The book demonstrates that gesture influences how humans develop ideas, express and share those ideas to create community, and engineer innovative solutions to problems."
222,The World of the public school /,
222,Writing and producing radio dramas /,
222,Writing for radio :,"Hints and tips from an experienced author on how to write for the radio and how to get a play, feature or short story successfully produced. This revised and updated edition includes new material covering the future of radio, the future of audio drama on the internet, and digital radio stations."
222,Writing for radio /,
313,101 sample write-ups for documenting employee performance problems :,"Whether you're addressing an initial infraction or handling termination-worthy transgressions, you need to be 100 percent confident that every employee encounter is clear, fair, and most importantly, legal. Thankfully, HR expert Paul Falcone has provided this wide-ranging resource that explains in detail the disciplinary process and provides ready-to-use documents that eliminate stress and second-guessing about what to do and say.Revised to reflect the latest developments in employment law, the third edition of 101 Sample Write-Ups for Documenting Employee Performance Problems includes expertly crafted, easily customizable write-ups that address: sexual harassment, absenteeism, insubordination, drug or alcohol abuse, substandard work, email and phone misuse, teamwork issues, managerial misconduct, confidentiality breaches, social media abuse, and more!With each sample document also including a performance improvement plan, outcomes and consequences, and a section of employee rebuttal, it's easy to see why over 100,000 copies have already been sold, making life for managers and HR personnel significantly easier when it comes to addressing employee performance issues."
313,America declares independence /,
313,American scripture :,"""Pauline Maier shows us the Declaration as both the defining statement of our national identity and the moral standard by which we live as a nation. It is truly ""American Scripture,"" and Maier tells us how it came to be - from the Declaration's birth in the hard and tortuous struggle by which Americans arrived at Independence to the ways in which, in the nineteenth century, the document itself became sanctified."" ""Maier describes the transformation of the Second Continental Congress into a national government, unlike anything that preceded or followed it, and with more authority than the colonists would ever have conceded to the British Parliament; the great difficulty in making the decision for Independence; the influence of Paine's Common Sense, which shifted the terms of debate; and the political maneuvers that allowed Congress to make the momentous decision.""--BOOK JACKET."
313,Ancient Egyptian temple ritual :,
313,Catalogue 2.0 :,
313,The Declaration of Independence :,"This A-to-Z encyclopedia surveys the history, meaning, and enduring impact of the Declaration of Independence by explaining its contents and concepts, profiling the Founding Fathers, and detailing depictions of the Declaration in art, music, and literature. * Contains more than 200 encyclopedia entries pertaining to the Declaration of Independence * Provides cross references and resources for further study in each entry * Includes the full text of the Declaration of Independence * Helps readers to comprehend the historical significance of the document in a chronology of events"
313,Declaration of Independence and the United States Constitution /,"What is the President, Congress, and the Supreme Court really allowed to do? This unique and handy guide includes the documents that guide our government, annotated with accessible explanations from one of America's most esteemed constitutional scholars. In one portable volume, with accessible annotations and modernizing commentary throughout, Richard Beeman presents The Declaration of Independence and the United States Constitution. Beeman has created a fascinating apparatus for understanding the most important document in American history--and why it's as central in the America of today as it was in creation of the country. Penguin presents a series of six portable, accessible, and--above all--essential reads from American political history, selected by leading scholars. Series editor Richard Beeman, author of The Penguin Guide to the U.S. Constitution, draws together the great texts of American civic life to create a timely and informative mini-library of perennially vital issues. Whether readers are encountering these classic writings for the first time, or brushing up in anticipation of the 50th anniversary of the Civil Rights Act, these slim volumes will serve as a powerful and illuminating resource for scholars, students, and civic-minded citizens."
313,Electrical machines :,
313,Electronical machines,
313,A first course in fuzzy logic /,
313,Following Osiris :,"""Osiris, god of the dead, was one of ancient Egypt's most important deities. The earliest secure evidence for belief in him dates back to the fifth dynasty (c.2494-2345 BC), but he continued to be worshipped until the fifth century AD. 'Following Osiris' is concerned with ancient Egyptian conceptions of the relationship between Osiris and the deceased, or what might be called the Osirian afterlife, asking what the nature of this relationship was and what the prerequisites were for enjoying its benefits. It does not seek to provide a continuous or comprehensive account of Egyptian ideas on this subject, but rather focuses on five distinct periods in their development, spread over four millennia. The periods in question are ones in which significant changes in Egyptian ideas about Osiris and the dead are known to have occurred or where it has been argued that they did, as Egyptian aspirations for the Osirian afterlife took time to coalesce and reach their fullest form of expression. An important aim of the book is to investigate when and why such changes happened, treating religious belief as a dynamic rather than a static phenomenon and tracing the key stages in the development of these aspirations, from their origin to their demise, while illustrating how they are reflected in the textual and archaeological records. In doing so, it opens up broader issues for exploration and draws meaningful cross-cultural comparisons to ask, for instance, how different societies regard death and the dead, why people convert from one religion to another, and why they abandon belief in a god or gods altogether.""--"
313,Fuzzy logic and mathematics :,"The term fuzzy logic (FL), as it is understood in this book, stands for all aspects of representing and manipulating knowledge based on the rejection of the most fundamental principle of classical logic: the principle of bivalence. According to this principle, each declarative sentence is required to be either true or false. In fuzzy logic, these classical truth values are not abandoned. However, additional, intermediary truth values between true and false are allowed, which are interpreted as degrees of truth. This opens a new way of thinking-thinking in terms of degrees rather than absolutes. For example, it led to the definition of a new category of sets, referred to as fuzzy sets, in which membership is a matter of degree. The book examines the genesis and development of fuzzy logic. It surveys the prehistory of fuzzy logic and inspects circumstances that eventually lead to the emergence of fuzzy logic. The book explores in detail the development of propositional, predicate, and other calculi that admit degrees of truth, which are known as fuzzy logic in the narrow sense. Fuzzy logic in the broad sense, whose primary aim is to utilize degrees of truth for emulating common-sense human reasoning in natural language, is scrutinized as well. The book also examines principles for developing mathematics based on fuzzy logic and provides overviews of areas in which this has been done most effectively. It also presents a detailed survey of established and prospective applications of fuzzy logic in various areas of human affairs, and provides an assessment of the significance of fuzzy logic as a new paradigm."
313,"Fuzzy logic theory, programming and applications /",
313,The heart of the declaration :,"From one election cycle to the next, a defining question continues to divide the country's political parties: Should the government play a major or a minor role in the lives of American citizens? The Declaration of Independence has long been invoked as a philosophical treatise in favor of limited government. Yet the bulk of the document is a discussion of policy, in which the Founders outlined the failures of the British imperial government. Above all, they declared, the British state since 1760 had done too little to promote the prosperity of its American subjects. Looking beyond the Declaration's frequently cited opening paragraphs, Steve Pincus reveals how the document is actually a blueprint for a government with extensive powers to promote and protect the people's welfare. By examining the Declaration in the context of British imperial debates, Pincus offers a nuanced portrait of the Founders' intentions with profound political implications for today."
313,Intuitionistic fuzzy logics /,"The book offers a comprehensive survey of intuitionistic fuzzy logics. By reporting on both the author's research and others' findings, it provides readers with a complete overview of the field and highlights key issues and open problems, thus suggesting new research directions. Starting with an introduction to the basic elements of intuitionistic fuzzy propositional calculus, it then provides a guide to the use of intuitionistic fuzzy operators and quantifiers, and lastly presents state-of- the-art applications of intuitionistic fuzzy sets."
313,Letting people go :,"Whether they do so willingly or not, employees get terminated all the time. It's simply a fact of business. But poorly executed terminations may result in challenges ranging from short term annoyances to complete brand destruction. Terminations must be done right! This book covers why terminating employees correctly is important and provides a framework for doing so. It covers both firings and layoffs. This book reviews terminations from the organizational perspective, not from the legal perspective. The target audience is human resource managers as well as managers that direct people. Readers will benefit by learning how to avoid costly mistakes when terminating people and how to use properly executed terminations to their advantage."
313,Little Wise Wolf /,"Little Wise Wolf spends all his time reading big books and discovering new stars. So, naturally, he's much too busy to help his neighbors. Then, one day, he's summoned to the castle to heal the ailing king. It's a long way, and Little Wise Wolf is unprepared for the arduous journey. Tired and hungry, he begins to doubt how wise he is, as there are many things he doesn't know about the world. Things his neighbors know all about. But will they help him?"
313,The mortuary papyrus of Padikakem :,
313,Signers of the Declaration :,
313,Soft computing in economics and finance /,"Currently the methods of Soft Computing are successfully used for risk analysis in: budgeting, e-commerce development, portfolio selection, Black-Scholes option pricing models, corporate acquisition systems, evaluating investments in advanced manufacturing technology, interactive fuzzy interval reasoning for smart web shopping, fuzzy scheduling and logistic. An essential feature of economic and financial problems it that there are always at least two criteria to be taken into account: profit maximization and risk minimization. Therefore, the economic and financial problems are multiple criteria ones. In this book, a new systematization of the problems of multiple criteria decision making is proposed which allows the author to reveal unsolved problems. The solutions of them are presented as well and implemented to deal with some important real-world problems such as investment project's evaluation, tool steel material selection problem, stock screening and fuzzy logistic. It is well known that the best results in real -world applications can be obtained using the synthesis of modern methods of soft computing. Therefore, the developed by the author  new approach to building effective stock trading systems, based on the synthesis of fuzzy logic and the Dempster-Shafer theory, seems to be a considerable contribution to the application of soft computing method in economics and finance. An important problem of capital budgeting is the fuzzy evaluation of the Internal Rate of Return.   In this book,  this problem is solved using a new method which makes it possible to solve linear and nonlinear interval and fuzzy equations and systems of them. The developed new method allows the author to obtain an effective solution of the Leontjev's input-output problem in the interval setting."
313,The Declaration of independence : a study in the history of political ideas /,
313,Type-2 fuzzy logic :,
313,The Declaration of independence : a study in the history of political ideas /,
313,Type-2 fuzzy logic :,
472,AI Meets BI :,
472,Animal colour changes and their neurohumours:,
472,Applied Microsoft business intelligence /,"The business intelligence world is changing. Hardware is getting more powerful, platforms are getting more capable, and decision timeframes are getting shorter. Microsoft's SQL Server and Office products provide powerful core BI technologies that allow decision makers who rely on Office for basic analytics to tap into a sophisticated BI toolset for both analysis and reporting. Applied Microsoft Business Intelligence reveals the best practices for building complete BI solutions using SQL Server, Reporting, and Analysis Services along with Excel and SharePoint for a more robust business intelligence framework."
472,"Big data, big analytics :",
472,Building business intelligence applications with .NET /,
472,Building the unstructured data warehouse /,
472,Business analysis for business intelligence /,
472,Business analytics :,"""Preface It is plain and simple: Big Data and business analytics are hot! Whether the cover of the October 2012 Harvard Business Review, the December 2012 MIT conference on ""Big Data: The Management Revolution,"" or the January 2013 issue of KMWorld, these emerging areas will continue to gain ground with great momentum in the coming years. According to a Cisco study, as mentioned in the January 2013 KMWorld issue, Kapil Baskhi (Chief Architect, Cisco Public Sector) states that global IP traffic will reach 1.3 zettabytes annually by 2016, which is a fourfold increase from 2011. By 2016, there will be 19 billion global network connections, the equivalent of two-and-a-half connections for every person on earth. According to Dan Vesset, Program VP for Business Analytics Solutions at IDC (in the same KMWorld issue), the Big Data market is expected to reach $16.9 billion by 2015, up from $3.2 billion in 2010. Steve Lohr's December 30, 2012 New York Times article headline indicates, ""Sure, Big Data Is Great--But So Is Intuition."" The point here is that with all this data coming in at various volumes, velocities, and varieties, how can we make sense of it all, especially for improving decision-making capabilities in organizations? This is where the field of business analytics can add value. Think about cybersecurity, finance, marketing, healthcare, education, energy, and many other sectors--all of these fields could benefit from applying and improving their analytics. Better detection of fraud through visual analytics and better prediction of the likelihood of someone getting an infection while in the hospital are interesting examples where analytics play a role""--"
472,Business intelligence :,"For courses on Business Intelligence or Decision Support Systems. A managerial approach to understanding business intelligence systems. To help future managers use and understand analytics, Business Intelligence provides students with a solid foundation of BI that is reinforced with hands-on practice."
472,Business intelligence :,
472,Business intelligence :,
472,Business intelligence :,
472,Business intelligence and data analysis in the age of AI /,"Unlock data-driven decision-making with Business Intelligence and Data Analysis in the Age of AI. This guide combines traditional BI with AI's transformative power to help professionals and newcomers excel in the data era. Whether you're a seasoned professional or new to BI, this book provides actionable strategies to navigate the complexities of modern data analysis. Embark on this illuminating journey to master the tools, strategies, and ethical considerations that define modern business intelligence and AI."
472,Business intelligence and mobile technology research :,
472,Business intelligence and the cloud :,
472,Business intelligence competency centers :,
472,Business intelligence for dummies /,
472,Business intelligence guidebook :,
472,Business intelligence in the digital economy :,
472,"Business intelligence, analytics, and data science :",
472,Carbon-neutral architectural design /,
472,Concealing coloration in animals /,
472,Controversies in competitive intelligence :,
472,"Corporate espionage, geopolitics, and diplomacy issues in international business /","As global business competition continues to accelerate, it is imperative that managers and executives examine all facets of an organization so that it remains successful. Often dynamics such as espionage, diplomacy, and geopolitical atmosphere have a great impact on daily operations of an organization; however, these areas are often overlooked. Corporate Espionage, Geopolitics, and Diplomacy Issues in International Business highlights strategic planning and operations tactics in the areas of human resource management and security. Featuring the impact of espionage, geopolitics, and diplomacy, this book is an insightful reference for business and government executives, scholars, graduate and undergraduate students, and practitioners."
472,Enterprise business intelligence and data warehousing :,"This Brief is concerned with the connection between food packaging and the chemical composition of packaging materials. In terms of the food packaging hygiene, the influence of the containers on the contained foods is discussed. The book explores new and emerging risks related to food packaging materials in connection with the contained commodities. It also discusses the technology of production with relation to the chemical risk in a ""Hazard Analysis and Critical Control Point"" (HACCP) investigation."
472,Ghost Stations :,
472,Global business intelligence /,"Global Business Intelligence refers to an organization's ability to gather, process and analyze pertinent international information in order to make optimal business decisions in a timely manner. With a challenging economic and geopolitical environment, companies and executives need to be adept at information gathering in order to manage emerging challenges and gain competitive advantages. This book Global Business Intelligence assembles a cast of international experts and thought leaders and explores the implications of business intelligence on contemporary management."
472,Growing business intelligence :,"This book shows the reader how to work with business intelligence (BI) technology, analytics, and Big Data to the benefit of your company and the delight of your stakeholders."
472,Innovative approaches in agent-based modelling and business intelligence /,"This book thoroughly prepares intermediate-level readers for research in social science, organization studies, economics, finance, marketing science, and business science as complex adaptive systems. It presents the advantages of social simulation studies and business intelligence to those who are not familiar with the computational research approach, and offers experienced modelers various instructive examples of using agent-based modeling and business intelligence approaches to inspire their own work. In addition, the book discusses cutting-edge techniques for complex adaptive systems using their applications. To date, business science studies have focused only on data science and analyses of business problems. However, using these studies to enhance the capabilities of conventional techniques in the fields has not been investigated adequately. This book addresses managing the issues of societies, firms, and organizations to profit from interaction with agent-based modeling, human- and computer- mixed systems, and business intelligence approaches, an area that is fundamental for complex but bounded rational business environments. With detailed research by leading authors in the field, Innovative Approaches in Agent-Based Modelling and Business Intelligence inspires readers to join with other disciplines and extend the scope of the book with their own unique contributions. It also includes the common challenges encountered in computational social science and business science to enable researchers, students, and professionals to resolve their own problems."
472,Machine learning techniques for improved business analytics /,"""This book provides the information on the machine learning techniques that can be in business problems in efficient way. It encourages the data Scientists to take a proactive attitude toward applying machine learning techniques in business. It increases evolutionary computation awareness in Machine Learning by providing a clear direction for applying machine learning techniques in Business Industry""--"
472,Managing knowledge security :,
472,Microsoft Office 2007 business intelligence :,
472,The modern detective :,"""A fascinating examination of the world of private investigators by a 21st-century private eye. Today's world is complicated: companies are becoming more powerful than nations, the lines between public and corporate institutions grow murkier, and the internet is shredding our privacy. To combat these onslaughts, people everywhere -- rich and not so rich, in business and in their personal lives -- are turning away from traditional police, lawyers, and government regulators toward a new champion: the private investigator. As a private investigator, Tyler Maroney has traveled the globe, overseeing sensitive investigations and untying complicated cases for a wide array of clients. In his new book, he shows that it's private eyes who today are being called upon to catch corrupt politicians, track down international embezzlers, and mine reams of data to reveal which CEOs are lying. The tools Maroney and other private investigators use are a mix of the traditional and the cutting edge, from old phone records to computer forensics to solid (and often inspired) street-level investigative work. The most useful assets private investigators have, Maroney has found, are their resourcefulness and their creativity. Each of the investigations Maroney explores in this book highlights an individual case and the people involved in it, and in each account he explains how the transgressors were caught and what lessons can be learned from it. Whether the clients are a Middle Eastern billionaire whose employees stole millions from him, the director of a private equity firm wanting a background check on a potential hire (a known convicted felon), or creditors of a wealthy American investor trying to recoup their money after he fled the country to avoid bankruptcy, all of them hired private investigators to solve problems the authorities either can't or won't touch. In an era when it's both easier and more difficult than ever to disappear after a crime is committed, it's the modern detective people are turning to for help, for revenge, and for justice""--"
472,Net zero energy building :,"What do we mean by net zero energy? Zero operating energy? Zero energy costs? Zero emissions? There is no one answer: approaches to net zero building vary widely across the globe and are influenced by different environmental and cultural contexts. Net Zero Energy Building: Predicted and Unintended Consequences presents a comprehensive overview of variations in 'net zero' building practices. Drawing on examples from countries such as the United States, United Kingdom, Germany, Japan, Hong Kong, and China, Ming Hu examines diverse approaches to net zero and reveals their intended and unintended consequences. Existing approaches often focus on operating energy: how to make buildings more efficient by reducing the energy consumed by climate control, lighting, and appliances. Hu goes beyond this by analyzing overall energy consumption and environmental impact across the entire life cycle of a building-ranging from the manufacture of building materials to transportation, renovation, and demolition. Is net zero building still achievable once we look at these factors? With clear implications for future practice, this is key reading for professionals in building design, architecture, and construction, as well as students on sustainable and green architecture courses."
472,The new era of enterprise business intelligence :,
472,Open source data warehousing and business intelligence /,
472,Overcoming barricades to reading :,
472,Practical joint assessment :,
472,Practical joint assessment :,
472,Practical text analytics :,"""Bridging the gap between the marketer who must put text analytics to use and the increasingly rarefied community of data analysis experts, Practical Text Analytics is an accessible guide to the many remarkable advances in text analytics that specialists are discussing among themselves. Instead of being a resource for programmers, a book on theory or an introduction on how to use advanced statistical programs, this daily reference resource cuts through the profusion of jargon, evaluating the strengths and weaknesses of various methods and serving as a guide to what is credible in this fast-moving and often confusing field. Practical Text Analytics provides guidance on the application of text analytics for marketing professionals who must interpret the results and apply them in their campaigns. It presents the process of analysis in ways that people who use the data need to see them, helping marketers to clarify and organize confidently the confusing array of methods, frame the right questions and apply the results successfully to find meaning in any unstructured data and develop powerful new marketing strategies. About the series: The Marketing Science series makes difficult topics accessible to marketing students and practitioners by grounding them in business reality. Each book is written by an expert in the field and includes case studies and illustrations so marketers can gain confidence in applying the tools and techniques and commission external research""--"
472,Preventing identity theft in your business :,
472,R for business analytics /,
472,Real-time strategy and business intelligence :,"This book discusses and conceptualizes practices on real-time strategy, focusing on the interplay between strategy and business intelligence. Combining strategic practices and business intelligence systems, the authors demonstrate how managerial practices can be developed in the age of digitization. Also developing the concept of strategic agility, the book provides perspectives from a range of disciplines including strategic practices and decision making, customer relationship management, human resource management, competitive intelligence, supplier network management and business intelligence systems. Presenting managerial frameworks and guidelines, Real-time Strategy and Business Intelligence explores how to improve utilization of business intelligence systems in real-time decision making. Providing practical and future-oriented insights backed by examples and best practices, the authors present a clearly conceptualized theoretical framework."
472,The Routledge companion to imaginary worlds /,"This companion provides a definitive and cutting-edge guide to the study of imaginary and virtual worlds across a range of media, including literature, television, film, and games. From the Star Trek universe, Thomas More's classic Utopia, and J. R. R. Tolkien's Arda, to elaborate, user-created game worlds like Minecraft, contributors present interdisciplinary perspectives on authorship, world structure/design, and narrative. The Routledge Companion to Imaginary Worlds offers new approaches to imaginary worlds as an art form and cultural phenomenon, explorations of the technical and creative dimensions of world-building, and studies of specific worlds and worldbuilders."
472,Saint Petersburg :,"How did the Neva embankments and Nevsky Prospekt look two or three centuries ago? What was Palace Square like without the Alexander Column? What did people do on the Tsarina's Meadow and the Field of Mars? How did the Winter Palace change with time? And what about fashions in the capital founded by Peter the Great? In this elegant and lavishly illustrated book the answers are provided by eye-witnesses Alexei Zubov, Mikhail Makhayev, Andrei Martynov, Karl Beggrow, Carl Collmann, Vasily Sadovnikov and other artists who with inspiration and affection recorded the appearance, life and atmosphere of the young and beautiful city on the Neva. 130 colour illustrations"
472,Strategic intelligence :,
472,The talk of the town :,"'The Talk of the Town' explores everyday communication in a 16th-century small town and the role it played in the circulation of information across and within early modern communities, using the notebooks of the St Gall linen trader Johannes Rutiner to gain unusual insights into an oral world, and show how conversation could shape society."
472,Utilizing big data paradigms for business intelligence /,"""This book explores problems related to the five ""Vs"" of big data, technological issues, as well as big data analytics applications. It also covers how data must be extracted, grouped, organized, aggregated and correlated with methods and techniques such as data integration (ETL), data warehousing, online analytical processing (OLAP), reporting, data mining and machine learning""--"
472,Utilizing big data paradigms for business intelligence /,"""This book explores problems related to the five ""Vs"" of big data, technological issues, as well as big data analytics applications. It also covers how data must be extracted, grouped, organized, aggregated and correlated with methods and techniques such as data integration (ETL), data warehousing, online analytical processing (OLAP), reporting, data mining and machine learning""--"
478,Adaptive security management architecture /,
478,Advances in security and payment methods for mobile commerce /,"Recently, the emergence of wireless and mobile networks has made possible the admission of electronic commerce to a new application and research subject: mobile commerce, defined as the exchange or buying and selling of commodities, services, or information on the Internet through the use of mobile handheld devices. In just a few years, mobile commerce has emerged from nowhere to become the hottest new trend in business transactions. However, the prosperity and popularity of mobile commerce will be brought to a higher level only if information is securely and safely exchanged among end systems (mobile users and content providers). Advances in Security and Payment Methods for Mobile Commerce includes high-quality research papers and industrial and practice articles in the areas of mobile commerce security and payment from academics and industrialists. It covers research and development results of lasting significance in the theory, design, implementation, analysis, and application of mobile commerce security and payment."
478,"An anthology of informal Latin, 200 BC-AD 900 :","""Fifty Texts with Translations and Linguistic Commentary. This book contains over fifty passages of Latin from 200 BC to AD 900, each with translation and linguistic commentary. It is not intended as an elementary reader (though suitable for university courses), but as an illustrative history of Latin covering more than a millennium, with almost every century represented.""--"
478,Arabic into Latin in the Middle Ages :,
478,Belarus at the crossroads /,
478,Business transformation through blockchain /,
478,The CEO's digital survival guide :,"Nathan Whittacre has seen it all! Through his many years of creating systems and processes to help businesses succeed, he has firsthand knowledge of what goes disastrously wrong when the right systems are not in place. His many stories from being ""in the field"" can be seen throughout the book, often when he is called into rescue businesses that have fallen prey to threats from both inside and outside the organization. But he helps CEOs to understand that the best solution to avoiding the dangers these threats consistently present is prevention. This book details all the systems available to do exactly that, and in which instances they are best employed."
478,A comprehensive guide to Wheelock`s Latin :,
478,Computer security /,
478,Computer security handbook /,
478,Computer security handbook /,
478,The cyber risk handbook :,
478,"Cyber security auditing, assurance, and awareness through CSAM and CATRAM /","""This book evaluates the implementation and validation of the Cyber Security Audit Model (CSAM), along with the delivery and inception of the Cybersecurity Awareness TRAining Model (CATRAM) to train personnel on cyber security awareness matter""--"
478,Cyber security culture :,"Cyber Security Culture is a research-based book focusing on cyber security and countermeasures against orchestrated cyber attacks. Reinforced with insights from experts who do not normally release data and information into the public arena, the book enables managers within organizations across different industrial sectors and government agencies to better understand how organizational learning and training can be utilized to develop a culture that will ultimately protect an organization from attacks. Peter trim and David Upton believe that the speed and complexity of cyber attacks demand a different approach to security management, including scenario-based planning and training, to supplement security polices and technical protection systems. The authors provide in-depth cover of issues such as how organizational learning can be used to produce cultural change that addresses the behavior of individuals as well as machines. The book provides information that will help managers to form policy to prevent cyber intrusions, to put robust security systems and procedures in place and to arrange appropriate practical interventions such as table top exercises. --from barnesandnoble.com"
478,Cyber security management :,"Cyber Security Management: A Governance, Risk and Compliance Framework by Peter Trim and Yang-Im Lee has been written for a wide audience. Derived from research, it places security management in a holistic context and outlines how the strategic marketing approach can be used to underpin cyber security in partnership arrangements. The book is unique because it integrates material that is of a highly specialized nature but which can be interpreted by those with a non-specialist background in the area. Indeed, those with a limited knowledge of cyber security will be able to develop a comprehensive understanding of the subject and will be guided into devising and implementing relevant policy, systems and procedures that make the organization better able to withstand the increasingly sophisticated forms of cyber attack. The book includes a sequence-of-events model; an organizational governance framework; a business continuity management planning framework; a multi-cultural communication model; a cyber security management model and strategic management framework; an integrated governance mechanism; an integrated resilience management model; an integrated management model and system; a communication risk management strategy; and recommendations for counteracting a range of cyber threats. Cyber Security Management: A Governance, Risk and Compliance Framework simplifies complex material and provides a multi-disciplinary perspective and an explanation and interpretation of how managers can manage cyber threats in a pro-active manner and work towards counteracting cyber threats both now and in the future."
478,The data protection officer :,
478,Digital business security development :,"""This book provides comprehensive coverage of issues associated with maintaining business protection in digital environments, containing base level knowledge for managers who are not specialists in the field as well as advanced undergraduate and postgraduate students undertaking research and further study""--Provided by publisher."
478,The disaster recovery plan /,
478,E-commerce security :,
478,Economics of information security /,
478,Enterprise information security and privacy /,
478,Essential GCSE Latin /,
478,Executive guide to preventing information technology disasters /,
478,Fighting computer crime :,
478,Grammar of the Latin language :,
478,Greek and Latin compositions /,
478,Guarding your business :,
478,Handbook of e-business security /,"There are a lot of e-business security concerns. Knowing about e-business security issues will likely help overcome them. Keep in mind, companies that have control over their e-business are likely to prosper most. In other words, setting up and maintaining a secure e-business is essential and important to business growth. This book covers state-of-the art practices in e-business security, including privacy, trust, security of transactions, big data, cloud computing, social network, and distributed systems."
478,Handbook of effective disaster recovery planning :,
478,An independent study guide to reading Latin /,
478,An independent study guide to reading Latin /,"""Reading Latin, first published in 1986, is a bestselling Latin course designed to help mature beginners read classical Latin fluently and intelligently. It does this by combining the understanding of continuous texts with rigorous teaching of grammar; it provides exercises designed to develop the skills of accurate translation; and it integrates the learning of classical Latin with an appreciation of the influence of the Latin language upon English and European culture from antiquity to the present. The Independent Study Guide is intended to help students who are learning Latin on their own or with only limited access to a teacher. It contains notes on the texts that appear in the Text and Vocabulary volume, translations of all the texts, and answers to the exercises in the Grammar and Exercises volume. The book will also be useful to students in schools, universities and summer schools who have to learn Latin rapidly.""--Publisher's description."
478,Information security :,
478,Information security /,
478,Information security and IT risk management /,"This new text provides students the knowledge and skills they will need to compete for and succeed in the information security roles they will encounter straight out of college. This is accomplished by providing a hands-on immersion in essential system administration, service and application installation and configuration, security tool use, TIG implementation and reporting. It is designed for an introductory course on IS Security offered usually as an elective in IS departments in 2 and 4 year schools. It is not designed for security certification courses."
478,Information security architecture :,
478,Information security for managers /,
478,Information security for managers /,
478,Information security handbook /,
478,Information security management metrics :,
478,The Internet security guidebook :,
478,"IT audit, control, and security /",
478,IT disaster recovery planning for dummies /,
478,Key to Arnold's Latin prose composition /,
478,Latin demystified /,
478,Latin for dummies /,
478,Latin stories :,"Latin Stories is an ideal first reader for students of Latin. It offers 100 self-contained passages of manageable length, chosen for their intrinsic interest and adapted from a wide range of ancient authors. Generous help is given, with a short introduction to each story and glossing of all proper names and non-GCSE vocabulary. The collection will also be attractive to older students beginning or returning to the language.Updated to match the 2016 OCR specification, this edition has been restructured to reflect the new examinations, which now have a single language paper.Section 1 provides 30 passages, starting with very short and simple stories and building up to the level of the current OCR GCSE.Section 2 provides 30 differentiated passages of increasing difficulty on historical and miscellaneous topics.Section 3 provides 20 shorter passages of uniform length on mythological topics, with comprehension questions, in the style of Section A of the new GCSE language paper.Section 4 provides 20 passages on historical topics, with comprehension and unseen sections, in the style of Section B of the new GCSE language paper.The new edition is supported by a companion website with an answer key and additional passages."
478,Learn Latin from the Romans :,"Learn Latin from the Romans is the only introductory Latin textbook to feature texts written by ancient Romans for Latin learners. These texts, the 'colloquia', consist of dialogues and narratives about daily life similar to those found in modern-language textbooks today, introducing learners to Roman culture as well as to Latin in an engaging, accessible, and enjoyable way. Students and instructors will find everything they need in one complete volume, including clear explanations of grammatical concepts and how Latin works, both British and American orders for all noun and adjective paradigms, 5,000 easy practice sentences, and over 150 longer passages (from the colloquia and a diverse range of other sources including inscriptions, graffiti, and Christian texts as well as Catullus, Cicero, and Virgil). Written by a leading Latin linguist with decades of language teaching experience, this textbook is suitable for introductory Latin courses worldwide."
478,Lily's grammar of Latin in English :,
478,Management of information security /,
478,Managing an information security and privacy awareness and training program /,
478,Managing an information security and privacy awareness and training program /,
478,Managing an information security and privacy awareness and training program /,
478,Managing information security risks :,
478,"Music facilities : building, equipping, and renovating /",
478,Network security :,
478,Ossa Latinitatis sola ad mentem Reginaldi rationemque =,
478,A practical guide to security assessments /,
478,Practical introduction to Latin prose composition /,
478,Practical risk management for the CIO /,
478,A primer for disaster recovery planning in an IT environment /,
478,"Privacy, regulations, and cybersecurity :","""This book answers the question: How do businesses effectively respond to the evolving definition of privacy through their strategies, operations, cybersecurity posture, and adaptation to new regulations? The book walks the reader through privacy, it's definitions and implications; data regulation, and its increasing impact on business; and cybersecurity as a newly critical business practice. In addition, the book addresses the overarching significance of privacy for companies' overall strategies. There will be numerous examples and case studies that break down every element of the privacy -- regulation -- cybersecurity triad for the executive. It will help executives understand the concepts of privacy, personally identifiable information, definitions and world-wide regulations. The book walks through how to use core risk management principles, evaluate threats, deploy policies and standards, and identify the right tools, roles, and methods for companies to employ.""--"
478,Psychological and behavioral examinations in cyber security /,"""This book addresses the emerging importance of digital psychology and the opportunities offered by cyber researchers. It provides the resources necessary for academics, policy makers, technology developers and managers to improve cybersecurity and manage individual decision making more effectively""--"
478,Psychosocial dynamics of cyber security /,"This new volume, edited by industrial and organizational psychologists, will look at the important topic of cyber security work in the US and around the world. With contributions from experts in the fields of industrial and organizational psychology, human factors, computer science, economics, and applied anthropology, the book takes the position that employees in cyber security professions must maintain attention over long periods of time, must make decisions with imperfect information with the potential to exceed their cognitive capacity, may often need to contend with stress and fatigue, and must frequently interact with others in team settings and multiteam systems. Consequently, psychosocial dynamics become a critical driver of cyber security effectiveness."
478,Reading Latin /,
478,Responsive security :,"""Technology and business change along with information flows, vulnerabilities, exposures, and risks. Based on real-time practice experience, and research conducted by the author over the past decade, this book addresses the challenges, issues, and dilemmas of managing information security risk in a constantly changing business, technology, and operating environment. It introduces an approach, known as a Responsive Approach, for addressing these needs from both practitioner and organizational management perspectives""--"
478,The revised Latin primer /,
478,Roman theories of translation :,
478,Safety net :,
478,Security awareness :,
478,Security awareness :,
478,Starting to read medieval Latin manuscript :,
478,Trust and privacy in digital business :,
478,Trust and reputation for service-oriented environments :,
478,War and faith :,
478,The weakest link :,"The Weakest Link looks at one of the biggest issues in cyber security: how to protect organisations from their own employees. Many cyber threats don't involve hackers using clever software to penetrate company networks; threats can often involve employees acting in ways that, accidentally or deliberately, leak information or damage assets without a hacker being involved at all. Emerging technologies and behavioural changes - driven by cloud computing and people using their own smartphones and tablets for work - are starting to make these threats more common and far more serious. Written to help anyone understand how information security has become the responsibility of individual employees, it shows exactly what they can do to protect company systems and data. Effective solutions need to go beyond simple security awareness and show how to create a complete culture of security. Individuals can then use this learned behaviour to keep themselves digitally safe at work and in their personal lives."
478,Wheelock's Latin /,
479,China Toy Market /,
479,Advances in cultural tourism research :,"This open access book pertains to the ""International Conference on Cultural Tourism Advances,"" held on June 27 and 28, 2023, at KU Leuven, Belgium. It focuses on advancing understanding of the sustainable development potential of cultural tourism by examining successful policy interventions, emerging cultural tourism trends, advancements in visitor management systems, new business and governance models, and the opportunities arising from ICT in the twenty-first century. This book presents recent key advances and their significant outcomes in the domain of European Cultural Tourism."
479,Analytics in smart tourism design :,
479,Artificial intelligence for smart technology in the hospitality and tourism industry /,"""This informative volume, Artificial Intelligence for Smart Technology in the Hospitality and Tourism Industry, focuses on the shifting requirements of the hospitality service industry, aiming to incorporate smart information technology into the tourism services. The volume is a valuable resource written specifically for tourism service industry professionals. It provides a focused approach to introducing Industry 4.0-related technologies. It also explains how artificial intelligence can support a company's strategy to revolutionize the business by sharing how to use this smart technology most effectively. The chapters explore the myriad evolving technologies, including artificial intelligence, Internet of Things, big data, blockchain, and automation and robotics in the hospitality industry, for transforming hotels into smart hotels and for revolutionizing many aspects involved in effectively servicing hospitality clientele. The volume addresses smart technology uses in many issues, such the role of e-tourism amid the COVID-19 Pandemic, cybersecurity in the service industry, smart medical tourism, culture biases in the service industry, and much more"" -- Provided by publisher."
479,Best practice in accessible tourism :,
479,Bihar tourism :,
479,California politics & government :,
479,California politics and government :,
479,"Case based research in tourism, travel, hospitality and events /","This book consolidates international, contemporary and topical case study based research in tourism, travel, hospitality and events. Case studies can make learning more attractive and interesting as well as enable students to understand the theory better and develop their analytical and problem-solving skills. Using industry as an open living lab, case study based research infuses scholars into real-world industry challenges and inspires them to theorise and advance our knowledge frontiers. The book includes international case studies that can help tourism scholars build and advance (new) theories and enrich their educational practices. Case studies are accompanied with a teaching note guiding scholars to integrate case studies into instruction. Dr Kirsten Holmes, Chair, Council for Australasian Tourism and Hospitality Education (CAUTHE) There is a vital need for contemporary and well-structured case studies for use in tourism teaching. By including case studies from Australasia and key destination regions in Asia, Europe, and the Caribbean, the book is helpful for tertiary teachers globally. Professor Xander Lub, President, EuroCHRIE The book inspires educators and students. The cases provide context to students learning and demonstrate the richness and variation of the industry. The book also clearly demonstrates how research can inform our teaching. Professor Brian King, Chair, THE-ICE Assessment Panel The book includes cases under five themes: experiences, operations, technologies, strategy and marketing, and destinations. The book provides subject lecturers with a structure to guide students of applying theory into practice. Dr Paul Whitelaw, Academic Director, Southern Cross University This book marks a significant contribution to hospitality, tourism and events pedagogy at undergraduate and postgraduate level. At a time when the industry is demanding that our graduates have a strong grasp of ""real world issues"", the case study approach provides an accessible, meaningful and relatable means by which students can engage in real world issues."
479,Cities and visitors :,
479,The CLIA guide to the cruise industry /,This textbook is designed to support CLIA's certification program.
479,Contemporary issues in cultural heritage tourism /,"""The perceived quality of a destination's cultural offering has long been a significant factor in determining tourist choices of destination. More recently, the need to present touristic offerings that include cultural experiences and heritage has become widely recognised, that this aspect of the tourism experience is an important differentiator of destinations, as well as being amongst the most manageable. This has also led to an increase in the management of such experiences through special exhibitions, events and festivals, as well as through ensuring more routine and controlled access to heritage sites. Reflecting the increasing application of cultural heritage as a driver for tourism and development, this book provides for the first time a cohesive volume on the subject that is theoretically rich, practically applied and empirically grounded. Written by expert scholars and practitioners in the field, the book covers a broad range of theoretical perspectives of cultural heritage tourism; regeneration, policy, stakeholders, marketing, socio-economic development, impacts, sustainability, volunteering and ICT. It takes a broad view, integrating international examples of sites, monuments as well as intangible cultural heritage, motor vehicle heritage events and modern art museums. This significant book further knowledge of the theory and application of tourism within the context of cultural heritage and will be of interest to students, researchers and practitioners in a range of disciplines""--"
479,Contemporary studies and theories in tourism /,
479,Crisis management in the tourism industry /,"The tourism industry is arguably one of the most important sources of income and foreign exchange, and is growing rapidly. However, national and international crises have huge negative economic consequences. Crisis Management in the Tourism Industry aims to illustrate the theories and actions that can be taken to better understand consumer, economic and environmental reaction, in order for the businesses involved to be more prepared for such events. Now in its second edition, this text has been fully revised and extended to include recent events such as Bali, SARS and international terrorism, expanding sections such as: * Terrorism and criminal activities * Risk perceptions and the influencing variables * The stakeholder concepts * Analysis methods- visibility of advantages/disadvantages of methods * Marketing instruments and best practices"
479,Cruise tourism and society :,
479,Cultural heritage and tourism :,"""This book provides a comprehensive overview of the issues, practices, current debates, concepts and management concerns associated with cultural heritage-based tourism, as well as applied knowledge. The 2nd edition expands on timely and emerging topics and includes up-to-date data, statistics, references, case material, figures and plates""--"
479,Cultural heritage and tourism :,
479,Cultural heritage and tourism in Africa /,"""Cultural Heritage and Tourism in Africa examines the multiple and diverse manifestations of cultural heritage-based tourism in Africa from a regional, social science, and sustainability perspective. This book delivers a comprehensive treatise on the interdependent concepts of cultural heritage and tourism. Heritage is one of the most pervasive tourism assets worldwide and lies at the foundations of tourism in many localities, including Africa. However, despite its salience, there has not been a systematic examination of Africa's heritage resources, markets, policies, practices, successes, and challenges in a tourism framework, despite the continent's immense heritage value. This book reviews the different types of heritage that pervade the cultural environment of Africa and comprise its vast heritagescapes. It also examines the increasing potential for the growth of heritage tourism throughout the entire continent. The contributions in this volume delve into current thinking about space and place and their effects on heritage, mobilities, globalization, colonialism and indigeneity, conflict, identity and nation-building, connections with other regions through migration and the slave trade, and a greater emphasis on the ordinary heritage of Africa, which has long been ignored by tourism scholars and industry representatives. The chapters herein are authored by Africa specialists, most being from Africa, offering a truly African perspective. The chapters are conceptually rigorous and empirically rich with examples from all regions of the African continent. This unparalleled interdisciplinary glimpse at cultural heritage and tourism in Africa delivers strong value and is a vital resource for all students and researchers of tourism, cultural studies, heritage studies, geography, anthropology, sociology, history, and global studies""--"
479,The cultural moment in tourism /,
479,Cultural tourism in a digital era :,"This book covers the entire spectrum of cultural and digital tourism and presents the latest findings, examples and cases, highlighting innovations for the tourism industry from both an academic and a practical point of view. The book invites readers to discover ongoing developments and recent trends in fields like heritage and museum management; sports tourism; tourism economics and policy; e-marketing and e-business; and many other fields, making it of value to researchers in tourism management, practitioners and policymakers alike. The book was edited in collaboration with the International Association of Cultural and Digital Tourism - IACuDiT - and includes the proceedings of the First International Conference on Cultural and Digital Tourism."
479,Development of tourism and the hospitality industry in Southeast Asia /,"This book highlights the state-of-the-art tourism and hospitality industry in Southeast Asian countries, while also presenting future directions for the industry with an emphasis on decision-making models. It first elaborates on the significant role of the tourism and hospitality industry given the rapid socio-economic and cultural changes occurring in Southeast Asia, before providing perspectives on medical tourism, tourism for seniors and several other developments within the tourism and hospitality sector. Development of Tourism and the Hospitality Industry in Southeast Asia presents scholarly perspectives from researchers across the region and is geared towards world-wide readers in academia, as well as experts from the industry."
479,"Dictionary of travel, tourism and hospitality /","""Including more than 4,000 entries, with over 1,000 of them new to this edition, the Dictionary of Travel, Tourism and Hospitality is a major resource and a unique source of reference about the language, institutions and notable players of one of the largest activities of growing importance worldwide."" ""This new edition comprises: a dictionary of 2,500 terms, descriptions of 300 organizations, a biographical dictionary of 100 outstanding personalities, explanations of 1,200 acronyms and abbreviations, key data for well over 200 countries, and a concise bibliography listing more than 100 useful sources of further information."" ""This new edition is an indispensable companion to all in travel, tourism and hospitality, including students, lecturers and those employed in a wide range of businesses and organizations.""--Jacket."
479,The discovery of tourism economics /,
479,Economy hotels in China :,"""While economy or budget hotels have been popular in Western countries since the end of the Second World War, they have only emerged as a sector in their own right in China since the mid-1990s. Indeed, as a new service industry sector, economy hotels in China demonstrate important characteristics which can be used to illustrate and help explain China's current economic progress more generally. This book provides a comprehensive overview of the economy hotel sector in China. It covers macro-level social-cultural, economic, environmental, geographic and development issues, alongside micro-level consideration of the budget hotel companies' innovative management and marketing procedures, business expansion strategies, general hotel management and operation issues, as well as an analysis of some leading entrepreneurs in the sector, and in-depth case studies examining the most successful economy hotel companies in China. Huang and Sun argue that the rapid development of budget hotels in China demonstrates how, under the influence of globalisation, Chinese businesses have become more innovative as they apply successful western business models to China. In turn, they show that the China model is fundamentally different in terms of its driving force, which lies purely in its domestic travel market, fuelled by China's continued economic growth. There is therefore much to explore about both China's market situation and business practices in the economy hotel sector and this book makes an important contribution to our understanding of China's new business environment. Based on extensive fieldwork and investigation, Economy Hotels in China will be welcomed by students and scholars of tourism, hospitality, business studies and Chinese studies, but it will also appeal to practitioners of business management in these sectors who are interested in China's development and business opportunities in China""--"
479,Ecotourism and sustainable development :,"Around the world, ecotourism has been hailed as a panacea: a way to fund conservation and scientific research, protect fragile ecosystems, benefit communities, promote development in poor countries, instill environmental awareness and a social conscience in the travel industry, satisfy and educate discriminating tourists, and, some claim, foster world peace. Although ""green"" travel is being aggressively marketed as a ""win-win"" solution for the Third World, the environment, the tourist, and the travel industry, the reality is far more complex, as Martha Honey reports in this extraordinarily enlightening book.""Ecotourism and Sustainable Development"", originally published in 1998, was among the first books on the subject. For years it has defined the debate on ecotourism: Is it possible for developing nations to benefit economically from tourism while simultaneously helping to preserve pristine environments? This long-awaited second edition provides new answers to this vital question."""
479,Ecotourism and sustainable tourism :,
479,Entertainment tourism /,"Entertainment tourism has recently become more popular. Entertainment attractions encourage tourists to travel around the world to have fun and are an important part of many gaming destinations. This book explores the tourist experience in entertainment destinations. It introduces and outlines the concept of entertainment and tourism in the global environment, focusing on entertainment tourism development in Las Vegas, USA and Macau, China. Macau has become one of the most famous gaming destinations in the world, now surpassing Las Vegas in terms of gaming revenue. This book explores the market for entertainment tourism market and major trends, such as Virtual Reality, as well as the experience of tourists using entertainment products. This book is a valuable resource not only for social science researchers, but also for those in related fields, such as entertainment service providers and tourism officers, among many others."""
479,"Entrepreneurship, innovation and inequality :","""This book hopes to stimulate discussion about how entrepreneurship and innovation contribute to growing inequalities in territories. This will help bridge the gap between research and practice on the role of territory dynamics and regional development. The book begins by examining the growing inequality in regions, which have resulted in lagging economic development. The need to shift current economic policy towards spatial inequality through harnessing the innovative capabilities of regions is examined. The book puts forth a case for reversing the inequality that is evident in lagging regions as a way to reinvigorate territories. The book should appeal to researchers, policy makers, business leaders and the general public interested in territorial dynamics and development""--"
479,Environment and tourism /,
479,eTourism case studies :,
479,European tourism planning and organisation systems :,
479,Family tourism :,
479,Food and wine tourism /,
479,Gender and tourism :,
479,GEOvalue :,
479,Guest service in the hospitality industry /,"""This book adopts a general approach that incorporates various thoughts from different parts of the industry, differing from property to property. It discusses issues and debunks myths about customer service with concepts that are solid and proven in the industry. Furthermore, this new text includes all of the major areas of the hospitality industry as they relate to delivering quality customer service. In addition to a review of the history and overview of guest service, the book goes much further to include other essential topics, including problem-solving, quality tools and assessments, staffing, marketing, and strategic planning""--"
479,Handbook for sustainable tourism practitioners :,"""This insightful Handbook brings together the practical guidance of over 50 international practitioners in sustainable tourism. Applying strong research design principles it provides a workable and rational toolkit for investigating practical challenges while accounting for modest timeframes and resources. Expert contributors illustrate how to undertake environmental, socio-cultural and economic assessments that establish the feasibility of new tourism ventures and ascertain their impact over time. Chapters cover fundamentals including how to conduct feasibility studies and business plans, and address key topics such as visitor management and overcrowding. Offering how-to tools and step-by-step guidance, this Handbook combines academic insight with extensive professional experience to outline the best practices for an array of tasks to inform sustainable tourism planning, development and operation. Incorporating concrete solutions employed in numerous contexts, this Handbook is crucial reading for practitioners of sustainable tourism and agencies commissioning sustainable tourism assignments who are in need of innovative methods and up-to-date guidance in the field. It will also benefit tourism scholars, particularly those investigating practical methodologies for creating sustainable tourism experiences""--"
479,Handbook of research on innovation in tourism industries /,
479,Handbook of tourism economics :,
479,Handbook on the tourist experience :,"Offering an overview of current issues around design, marketing, and management of experiences from the tourist perspective, this comprehensive handbook critically reviews the key debates and developments within the field. Empirical chapters by international contributors explore a range of perspectives, challenges, opportunities for future research and best managerial practices.Conceptual and practical in its approach, the handbook focuses on the tourist experience from a managerial approach, covering key aspects such as motivations, sensory stimuli, brand experiences and storytelling. Responsible management approaches to tourism experiences including sustainable behaviours, accessible experiences and diversity are thoroughly analysed and worldwide case examples are used to provide an in-depth illustration."
479,Handbook on tourism and rural community development,"This Handbook brings together experts from around the world to reflect critically on the relationship between tourism and rural community development. It first orients the reader in the important conceptual and epistemological foundations of the topic, before moving to consider key concepts and the most significant and salient theoretical and methodological developments in the field.Chapters written by a range of well-established, leading and emerging scholars in the field consider crucial issues facing tourism development in rural communities across different geographical settings. The Handbook represents a variety of traditional and emerging forms of scholarly writing, including theoretically driven chapters, empirical case studies and first-person narratives, to offer a detailed study of the topic. With a forward-looking angle, it studies tourism development in rural areas, including working with rural communities, tourism governance and ethical considerations. Chapters also consider new directions in the field, examining food and tourism, degrowth, landscapes, animals, social impacts and women social entrepreneurs.This comprehensive and innovative Handbook offers a wealth of empirical and theoretical knowledge on tourism and rural community development, and as such will be a critical resource for tourism, development studies and human geography scholars and students."
479,Heritage tourism /,"Heritage tourism has become an increasingly significant component of the global tourism industry, particularly in countries striving to diversify away from sea, sand and sun. This growth has had profound influences on the presentation and representation of both tangible and intangible heritage within tourism context. The concept of heritage continues to evolve with its fast-changing political, economic and socio-cultural surroundings. Therefore it is essential that heritage tourism engages with the new form of globalised communities and societies, which have become more assimilated to each other but yet strive to sustain their own distinctive locality."
479,Hospitality marketing /,
479,Hospitality sales and marketing :,"""Hospitality Sales and Marketing: An Evolutionary Journey with Howard Feiertag showcases a collection of the best ""Sales Clinic"" columns written by Howard Feiertag over the course of 35 years. The volume provides an eye-opening account from one of the industry's true leaders, defining how hospitality sales have evolved from the beginning of his career till now. The articles, originally published in Hotel Management, reflect the history, development, and growth of hotel sales in the industry, which has changed so dramatically in the last 35 years. The columns cover the history of sales operations, effective techniques, growth of the fields, and the importance of the sales component of hotel operations. Grouped by general topic, these columns provide an abundance of juicy nuggets of tips, tactics, and techniques for professionals and newbies alike in the hospitality sales field. In Howard Feiertag's light-hearted yet serious prose, readers will take the journey down the road of the development of hospitality sales from the pre-technology era (when knowing how to use a typewriter was a must) to today's reliance on digital technology. Readers will rediscover many of the old techniques that are still applicable today. Hospitality Sales and Marketing: Through a Period of Evolutions provides a ready reference for those doing research, teaching, and operations in the area of hotel sales and will serve as a guide for new, or even experienced, sales people on how to improve their job performance in hospitality sales. Topics include: Selling hospitality packages to groups, Techniques for increasing sales, Planning your sales calls, Working with travel agents, The sales negotiation process, Hospitality sales training, Developing and using a hospitality sales network, Knowing your product, and much more.""--"
479,Human resources management in the hospitality industry /,"""Today's hospitality professional must be an expert at managing many functions. In every segment of the hospitality industry, recruiting, selecting, orienting, training, and retaining outstanding staff members are always challenging tasks, but every manager must master them. Hospitality managers now need to be familiar with rising labor costs, increasing competition for quality staff, changing employees' attitudes, evolving guest expectations and a proliferation of new laws that impact human resources policies and activities. ""--"
479,Industrial development and eco-tourisms :,"""Eco-tourism and extractive industries may seem unlikely bedfellows but the reality is that, in many parts of the world, governments pursue both. By examining the politics and cultures of oil and tourism in the North Atlantic, Stoddart, Mattoni and McLevey shed new light on how contradictions and conflicts between the two development paths are managed and, critically, where opportunities to promote more positive social and ecological futures lie. I thoroughly recommend it."" - Stewart Lockie, Distinguished Professor of Sociology, James Cook University, Australia This book examines the ""oil-tourism interface"", the broad range of direct and indirect contact points between offshore oil extraction and nature-based tourism. Offshore oil extraction and nature-based tourism are pursued as development paths across the North Atlantic region. Offshore oil promises economic benefits from employment and royalty payments to host societies, but is based on fossil fuel-intensive resource extraction. Nature-based tourism, instead, is based on experiencing natural environments and encountering wildlife, including whales, seals, or seabirds. They share social-ecological space, such as oceans, coastlines, cities and towns where tourism and offshore oil operations and offices are located. However, they rarely share cultural or political space, in terms of media coverage, public debate, or policy discussion that integrates both modes of development. Through a comparative analysis of Denmark, Iceland, Newfoundland and Labrador, Norway, and Scotland, this book offers important lessons for how coastal societies can better navigate relationships between resource extraction and nature-based tourism in the interests of social-ecological wellbeing. Mark C.J. Stoddart is Professor in the Department of Sociology, Memorial University of Newfoundland, Canada. His work appears in: Global Environmental Change, Organization & Environment, Energy Research & Social Science, Environmental Politics, and Environmental Communication. Alice Mattoni is Associate Professor in the Department of Political and Social Sciences at the University of Bologna, Italy. Her work appears in: Communication Theory, European Journal of Communication, Information, Communication and Society, and Social Movement Studies. John McLevey is Associate Professor in the Departments of Knowledge Integration, Sociology, and Geography & Environmental Management at the University of Waterloo, Canada. His substantive research interests are primarily in the fields of political, cognitive, and environmental social science. ."
479,Information and Communication Technologies in Tourism 2014 :,
479,Information and communication technologies in tourism 2016 :,
479,International cases in tourism management /,
479,International cultural tourism :,"International Cultural Tourism: management, implications and cases provides a comprehensive exploration of the management, operations and marketing of cultural tourism attractions and resources in a global context. Topics explored include: * For the first time, an evaluation of the use and transformational impact of global media and new ICT in the management and marketing of cultural tourism attractions and resources. * The changing nature of the global cultural tourism marketplace (including demand, supply, product development and political changes). * Consumer behaviour, profiles and motivations of cultural tourists. * Environmental performance, management and wider issues of social and cultural sustainability."
479,International cultural tourism :,"International Cultural Tourism: management, implications and cases provides a comprehensive exploration of the management, operations and marketing of cultural tourism attractions and resources in a global context. Topics explored include: * For the first time, an evaluation of the use and transformational impact of global media and new ICT in the management and marketing of cultural tourism attractions and resources. * The changing nature of the global cultural tourism marketplace (including demand, supply, product development and political changes). * Consumer behaviour, profiles and motivations of cultural tourists. * Environmental performance, management and wider issues of social and cultural sustainability."
479,International handbook on ecotourism /,"This Handbook brings together contributions from over forty international experts in the field of ecotourism. It provides a critical review and discussion of current issues and concepts - it challenges readers to consider the boundaries of what ecotourism is, and could be. The Handbook provides practical information regarding the business of ecotourism; insights into ecotourist behaviour and visitor experiences; and reflections on the practice of ecotourism in a range of different contexts. The Handbook is designed to be a valuable reference book for tourism scholars and researchers."
479,International tourism management /,
479,Issues in cultural tourism studies /,
479,Key concepts in leisure /,
479,Key concepts in tourism research /,
479,Knowledge management in tourism :,
479,"Knowledge, service, tourism & hospitality :",
479,Leisure and death :,"""Interdisciplinary study of dark tourism that examines the relationship between leisure and death, specifically how leisure practice is used to meditate upon and mediate life. Grounded in international anthropological case studies, the authors theorize on the links between spaces of death and leisure""--Provided by publisher."
479,Lithuania :,"Lithuania restored her independence, after half a century of Soviet occupation, in the immediate aftermath of the failed Moscow coup in August 1991. As the multi-national Soviet state disintegrated, Lithuania evolved, without war or violence, from a communist state and a command economy to a liberal democracy, a free market, and a society guaranteeing human and minority rights. Lithuania therefore offers a notable example of peaceful transition, all the more impressive in the light of the bloody conflict elsewhere in the former Soviet Union of Yugoslavia, where the aspirations to independence of the constituent republics were either violently resisted or dissolved into inter-ethnic violence. Equally remarkable has been Lithuania's determination to 'return to Europe' after half a century of separation, even at the price of submerging its recently restored sovereign rights in the supranational European Union. The cost of membership in western economic and security organizations are judged to be worth paying to prevent Lithuania's being drawn once again into a putative Russian sphere of influence. On the threshold of a new millennium therefore, Lithuania has made a pragmatic accommodation to the demands of becoming a modern European state, whilst vigorously resisting the dilution of her rich cultural and historical traditions. These twin themes of accommodation and resistance are Lithuania's historical legacy to the current generations of Lithuanians as they integrate into European institutions and continue the modernization process."
479,Lonely Planet's 1000 ultimate sights :,
479,"Management and technology in knowledge, service, tourism & hospitality /",
479,The management of international tourism /,"International tourism is one of today's major growth industries necessitating increasingly more sophisticated management techniques. In the light of this expansion and growing significant economic importance, this book provides a comprehensive overview of international tourism, placing particular emphasis on the management of tourism. The book will be of value and interest to both students and academics, as well as managers in the fields of tourism, travel, hospitality and consultancy."
479,Managing sustainability in the hospitality and tourism industry :,
479,Marketing for sustainable tourism /,"Tourism marketing has typically been seen as exploitative and fuelling hedonistic consumerism. Sustainability marketing can, however, use marketing skills and techniques to good purpose, by understanding market needs, designing more sustainable products and identifying more persuasive methods of communication to bring behavioural change. This book summarises the latest research on the theories, methods and results of marketing that seeks to make tourist destinations better places to live in, and better places to visit. It shares evidence on the motivations, mechanisms and barriers that businesses encounter, and on successes in changing consumer behaviour and pursuing sustainability goals. Particular attention is given to the methodologies of sustainable tourism marketing, to the subject's breadth and complexity, and to its many innovations. Further research is called for to fully understand what contextual aspects influence these pro-sustainability interventions to achieve which outcomes in other settings, in order to validate some of the exploratory studies discussed, and establish the feasibility of scaling up pilot studies for more general use."
479,Marketing places and spaces /,"Marketing Places and Spaces' covers a broad range of issues that hospitality and tourism executives will benefit from addressing, but frequently forget to do so. To provide an indication of the broad range and exciting coverage of issues, here are a few titles of the 21 chapters in the volume: Conceptualizing the Value Co-creation Challenges for Tourist Destinations: a Supply-Side Perspective; The Emotional Attachment Built through the Attitudes and Managerial Approach to Place Marketing and Branding - The Golden City of Kremnica, Slovakia; Events as a Differentiation Strategy for Tourist Destinations; How do Tourists Turn Space into Place? - A Conceptualisation for Sustainable Place Marketing; the Influence of Slow City in the Context of Sustainable Destination Marketing; Wedding-based Tourism Development: Insights from an Italian Context.Authors include tourism researchers working in Finland, UK, Macau, Japan, New Zealand, and beyond. A practical strategy guide and an in-depth complement with extensions to Elizabeth Gilbert's 'Eat Pray Love' for hospitality and tourism professionals and educators is the relevant perspective that 'Marketing Places and Spaces' provides."
479,Marketing tourism places /,"Tourism is well established as an important part of the new service economy, and the rewards it offers have stimulated intense competition in the tourism industry. Many destinations compete to attract potential tourists, each place having to work hard to distinguish itself from rivals offering similar or alternative attractions. This book explores how destinations invest increasing amounts of time and money into developing and promoting their 'products'. The contributors, from both academic institutes and the tourism industry, provide a multidisciplinary and professional analysis of what can be done to sell tourism places. Using both theoretical and empirical approaches, they give examples from different areas of the industry and evaluate different strategies a destination can adopt for maintaining and increasing its market share. All the contributors emphasize that selling tourism places must be a dynamic activity in which the place products are constantly monitored, so that they can be revitalized, repositioned, or renewed in the market context."
479,A modern guide to tourism economics /,"""This Modern Guide captures the evolution of foundational tenets, theories, frameworks and models that buttressed tourism economics into an evolving discipline, shining light on both new and old approaches. It systematically examines current and future trends and issues related to new economic perspectives, consolidating the notion of tourism economics as a discipline. Chapters delve into the theoretical underpinnings of specific topics within the field, providing a range of examples of how to leverage economic theories to better understand, manage, and promote tourism activities to different stakeholders. Offering a kaleidoscope of economic perspectives, the Modern Guide looks at tourism economics from trade theory, choice theory, behavioural economics, public choice, institutional economics, environmental economics, developmental economics, cultural economics and more, with each chapter ending with insights into future research and directions. Written in an accessible style, this will be an invigorating read for hospitality and tourism management scholars, as well as tourism geographies, tourism marketing and sustainable tourism students. It will also be a useful tool for tourism economists and applied economists looking for a wide range of perspectives on the topic""--"
479,New business opportunities in the growing e-tourism industry /,"""This book offers case studies and research that highlights the impact of globalization on travel and tourism and offers solutions to potential problems""--"
479,New perspectives in Caribbean tourism /,
479,Older tourist behavior and marketing tools /,"This book provides an in-depth analysis of the older-tourist market, and of the challenges and opportunities created by population ageing from a tourism marketing perspective, by combining a demand-side and a supply-side approach to older tourists. The book is divided into three parts, the first of which defines older tourists and presents a critical review of segmentation approaches. The second part then focuses on the behavior of older tourists in terms of the travel planning process, the use of information and communication technologies for travel purposes, and accommodation choices. The final part analyzes the marketing strategies and operative practices of three tourism companies that focus on the older-adult market. Practical implications for tourism suppliers willing to target older tourists are derived. The book is intended primarily for academics, researchers, and professionals in the tourism and hospitality industry. In addition, it will be useful for students attending advanced tourism and hospitality courses."
479,Oscan in the Greek alphabet /,"""Oscan was spoken in Southern Italy in the second half of the first millennium BC. Here, for the first time, all the evidence for the spelling of Oscan in the Greek alphabet is collected and examined. Understanding the orthography of these inscriptions has far-reaching implications for the historical phonology and morphology of Oscan and the Italic languages (for example providing unique evidence for the reconstruction of the genitive plural). A striking discovery is the lack of a standardised orthography for Oscan in the Greek alphabet, which seriously problematises attempts to date inscriptions by assuming the consistent chronological development of spelling features. There are also intriguing insights into the linguistic situation in South Italy. Rather than a separate community of Oscan-speakers who had adopted and subsequently adapted the Greek alphabet in isolation, we should posit groups who were in touch with contemporary developments in Greek orthography due to widespread Greek-Oscan bilingualism""--"
479,Overtourism as destination risk :,
479,Passport :,
479,Political ecology and tourism /,"Political ecology explicitly addresses the relations between the social and the natural, arguing that social and environmental conditions are deeply and inextricably linked. Its emphasis on the material state of nature as the outcome of political processes, as well as the construction and understanding of nature itself as political is greatly relevant to tourism. Very few tourism scholars have used political ecology as a lens to examine tourism-centric natural resource management issues. This book brings together experts in the field, with a foreword from Piers Blaikie, to provide a global exploration of the application of political ecology to tourism. It addresses the underlying issues of power, ownership, and policies that determine the ways in which tourism development decisions are made and implemented. Furthermore, contributions document the complex array of relationships between tourism stakeholders, including indigenous communities, and multiple scales of potential conflicts and compromises. This groundbreaking book covers 15 contributions organized around four cross-cutting themes of communities and livelihoods; class, representation, and power; dispossession and displacement; and, environmental justice and community empowerment. This book will be of great interest to students and scholars in tourism, geography, anthropology, sociology, environmental studies, and natural resources management."
479,The politics and power of tourism in Palestine /,"Tourism in Palestine has been receiving an increasingly important profile given its economic and religious importance and the significant role it plays in Israeli-Palestinian relations, representation of Palestinian statehood and identity, and wider Middle Eastern politics. Nevertheless, Palestine, like much of the Middle East as a whole, remains extremely underrepresented in tourism literature. This title aims to fill this void by being the first book dedicated to exploring the significance of tourism in relationship to Palestine."
479,Positive tourism /,"Tourism affects millions of individuals, numerous societies and environments in multiple, nuanced and overlapping ways. While it can be viewed as a frivolous leisure pursuit or simply a large industry, with potentially destructive impacts, it might also be understood in terms of its effects on human fulfilment, the good life and greater well-being. This book calls for positive tourism, principally grounded in theories from positive psychology (the study of what makes life worth living), and the development of a body of knowledge that explains what characterises optimal tourist experiences, what enables host communities to flourish and what encourages workers in tourism to thrive. Through original research studies reported in this international volume we aim to further develop this knowledge. The intersections between ongoing and traditionally inspired applications of psychology in tourism and this new thrust in psychological inquiry promise to refresh and challenge tourism research. This book will appeal to researchers and academics in tourism, leisure, positive psychology, management and related fields as well as graduate students, professionals and policy makers."
479,Poverty alleviation through tourism development :,"""The book offers a comprehensive and integrated approach to the topic of tourism development and its contribution to the fight against poverty. Tourism development is credited to be a powerful source of regional development and improvement in developing countries, and the focus of the book is on the world's poorest areas and how tourism connects to the poor and unlocks opportunities to escape the poverty trap. This book takes an all-embracing and unique approach that combines a decade of empirical research on the effects of tourism development on poverty reduction in Latin America. The book identifies, explores, confirms, and advances the theoretical concepts of poverty and its impact on development at the macro and micro levels. The book then goes on to prove relevancy of tourism development theory by working in a real world environment and by quantifying its effects on growth, inequality, and poverty reduction. More specifically the book presents how these dynamic relationships affect the most vulnerable groups of society. The research also documents how the poor perceive tourism development on their lives and if they see it as an important vehicle to help them escape from poverty. Lastly, the authors map the conditions under which tourism can reach the poor and how tourism can offer opportunities for impoverished areas and their residents. Combining tourism dynamics, development economics, poverty reduction, business practices, and a sustainable perspective, the book takes a broad look at this important issue. The book will be informative and valuable to a higher educational audience, including academia and researchers, as well as practitioners, policymakers, international organizations, and graduate students.""--"
479,Practical tourism research /,"Training in research methods is increasingly important for students of tourism, and this broad, accessible textbook outlines the concepts and tools essential to understand, manage, and conduct research. Taking a practical approach throughout, this new edition provides advice on the use and cautions associated with some of the more common research designs and tools used by tourism researchers. Also including an increased use of handy pedagogical features to aid learning, this new edition is an essential overview for undergraduate and postgraduate students of tourism research, as well as a useful resource for researchers, consultants and managers."
479,The practice of sustainable tourism :,
479,Principles of animal locomotion /,
479,Report on the development of cruise industry in China ... :,"This book is an annual research report prepared by the cruise industry experts and scholars at home and abroad invited by Shanghai International Cruise Business Institute based on the current development situations of the international cruise industry, is an important part of the ""X Book Series"" of the Social Science Academic Press (China). This book consists of five parts, i.e., ""General Report"", ""Special Articles for High-quality Tourism: Common Value and Government Management"", ""The Cruise Industry"", ""Policy Suggestions"" and ""Appendix"", and it has richer and more perfect contents in comparison with the previous versions. Under the Book, the development environment of the cruise industry at home and abroad during 2017-2018 as well as the development situations, strategic paths and future trends is analyzed in the form of the General Report and the current development trend of the cruise industry in China is introduced based on the top ten hot topics. With the economic development trend from the high-speed growth to the high-quality development in China, the new topic ""Special Articles for High-quality Tourism: Common Value and Government Management"" is presented in the Book to discuss the quality development patterns and paths of the cruise tourism in China, the high-quality development mechanism of the cruise tourism as well as the cruise tourism market cultivation and standardization system, so as to better enhance the quality of the cruise market development in China. In Part 3 and Part 4 under the Book, the whole picture of the cruise economy in China in the new era is presented, problems during the industrial development are analyzed and corresponding policy suggestions are given."
479,A research agenda for creative tourism /,"Original and thought-provoking, this book investigates how creative experiences, interactions, and place-specific dynamics and contexts are shaping the expanding field of creative tourism across the globe. Exploring the evolution of research in this field, the authors investigate pathways for future research that advance conceptual questions and pragmatic issues. Bringing together an array of international perspectives and research approaches, this book investigates the growing synergies between creativity and tourism. Contributors from a variety of disciplines utilize key case studies to examine the development of creative tourism in both the global North and South, including: World Heritage Sites in Malaysia; small communities in Thailand; small town 'creative outposts' in Canada; community-engaged projects in rural Russia; Gangneung, Korea's 'coffee city'; the pioneering creative tourism city of Santa Fe; and a participatory museum in Croatia."
479,Responsible tourism and csr :,
479,The Routledge handbook of cultural tourism /,
479,The Routledge handbook of halal hospitality and Islamic tourism /,"The Routledge Handbook of Halal Hospitality and Islamic Tourism provides a greater understanding of the current debates associated with Islamic tourism and halal hospitality in the context of businesses, communities, destinations, and the wider socio-political context. It therefore sheds substantial light on one of the most significant travel and consumer markets in the world today and the important role of religion in contemporary hospitality and tourism. The book examines halal hospitality and lodging, Islamic markets, product developments, heritage, certification, and emerging and future trends and issues. It integrates case studies from a range of countries and destinations and in doing so emphasises the significant differences that exist with respect to regulating and commodifying halal, as well as stressing that the Islamic market is not monolithic. Written by highly regarded international academics, it offers a range of perspectives and enables a comprehensive discussion of this integral part of Islam and contemporary society. This handbook will be of significant interest to upper level students, researchers, and academics in the various disciplines of Tourism, Hospitality, Food Studies, Marketing, Religious Studies, Geography, Sociology, and Islamic Studies."
479,The Routledge handbook of tourism and the environment /,"The Routledge Handbook of Tourism and the Environment explores and critically evaluates the debates and controversies inherent to tourism's relationship with nature, especially pertinent at a time of major re-evaluation of our relationship with the environment as a consequence of the environmental problems we now face. It brings together leading specialists from range of disciplinary backgrounds and geographical regions, to provide state-of-the-art theoretical reflection and empirical research on this complex relationship and future direction.The book is divided in to five interrelated sections. Section one evaluates the philosophical basis, rationale and complexity of what is meant by the term 'environment' considering the major influences in the construction of how we understand our surroundings and the types of values we place upon them. Section two evaluates the types of eco-systems that are used as natural resources for tourism and the negative and positive impacts upon them. Section three evaluates relevant environmental policy and management mechanisms for the impacts of tourism on the natural environment. Section four focuses on the changing tourism-environment relationship, and the types of tourism that have become established in the tourism industry, market and policy. Section five, analyzes contemporary and future issues of the tourism-environment relationship, based upon themes of environmental and social welfare.This timely book will provide an invaluable resource for all those with an interest in tourism's relationship with the natural environment, encouraging dialogue across disciplinary boundaries and areas of study. The book is international in its focus, emphasizing that issues of tourism and the natural environment are not only localized but transcend national boundaries that sometimes require both international and global responses. This is essential reading for student, researchers and academics of Tourism as well as those of Geography, Environmental Studies and Development Studies."
479,Rural tourism :,"Tourism has many potential benefits for rural areas. Tourism can be an important source of jobs for non-metro communities, especially for those that are economically underdeveloped. Because jobs in the tourist industry often do not require advanced training, local residents with few skills can readily work as food servers, retail clerks, and hospitality workers. Tourism also not only offers business opportunities to local residents, but it can serve as a vehicle for marketing a place to potential residents and firms, as today's tourist may return later to retire or start a business locally."
479,Rural tourism :,"This book describes, analyses, celebrates and interrogates the rise of rural tourism in the developed world over the last thirty years, while explaining its need to enter a new, second generation of development if it is to remain sustainable in all senses of that word. Contributors include 29 leading researchers, practitioners and commentators from ten countries around the world. Subjects covered include the ongoing evolution of rural tourism as a genre; its numerous niche markets, and market trends; community involvement, and its impacts on rural landscape conservation and society. Special attention is paid to product development in rural tourism, including food and beverage tourism, avitourism and landscape appreciation. Management Issues are also dealt with, as is the impact of internet booking systems on both commercial performance and regional and national rural tourism governance. There is a review of trends in academic research in rural tourism with an analysis of 1848 refereed and published research papers since 2000. This book is a worthy successor to Bramwell & Lane's pioneering 1994 publication, Rural Tourism and Sustainable Rural Development. This book was originally published as a special issue of the Journal of Sustainable Tourism."
479,The SAGE handbook of tourism management /,"The SAGE Handbook of Tourism Management is a critical, authoritative review of tourism management, written by leading international thinkers and academics in the field. Arranged over two volumes, the chapters are framed as critical synoptic pieces covering key developments, current issues and debates, and emerging trends and future considerations for the field."
479,The SAGE handbook of tourism studies /,
479,Scotland and tourism :,"Tourism has long been important to Scotland. It has become all the more significant as the financial sector has faltered and other mainstays are in apparent long-term decline. Yet there is no assessment of this industry and its place over the long run, no one account of what it has meant to previous generations and continues to mean to the present one, of what led to growth or what indeed has led people of late to look elsewhere. This book brings together work from many periods and perspectives. It draws on a wide range of source material, academic and non-academic, from local studies and general analyses, visitors' accounts, hotel records, newspaper and journal commentaries, photographs and even cartoons. It reviews arguments over the cultural and economic impact of tourism, and retrieves the experience of the visited, of the host communities as well as the visitors. It questions some of the orthodoxies - that Scott made Scott-land, or that it was charter air flights that pulled the rug from under the mass market - and sheds light on what in the Scottish package appealed, and what did not, and to whom; how provision changed, or failed to change; and what marketing strategies may have achieved. It charts changes in accommodation, from inn to hotel, holiday camp, caravanning and timeshare. The role of transport is a central feature: that of the steamship and the railway in opening up Scotland, and later of motor transport in reshaping patterns of holidaymaking. Throughout there is an emphasis on the comparative: asking what was distinctive about the forms and nature of tourism in Scotland as against competing destinations elsewhere in the UK and Europe. It concludes by reflecting on whether Scotland's past can inform the making and shaping of tourism policy and what cautions history might offer for the future."
479,Selling the Amish :,
479,Sicherheitspolitische Stabilisierung der baltischen Staaten :,
479,Smart tourism as a driver for culture and sustainability :,"This book explores the latest developments in the field of smart tourism, focusing in particular on the important cultural and sustainability synergies that have emerged during the digital era. The aim is to elucidate how ICTs can promote innovation and creativity in the tourism and leisure sector in ways that take into account cultural and social responsibilities, foster sustainable tourism management, and enhance cultural tourism, cultural heritage, and sustainable development. The book is based on the proceedings of the Fifth International Conference of the International Association of Cultural and Digital Tourism (IACuDiT), attended by academics and industry practitioners from cultural, heritage, communication, and innovational tourism backgrounds, and is edited in collaboration with IACuDiT. It will have broad appeal to professionals from academia, industry, government, and other organizations who wish to learn about novel perspectives in the fields of tourism, travel, hospitality, culture and heritage, leisure, and sports within the context of a knowledge society and smart economy in which sustainability is becoming ever more important."
479,Social tourism :,
479,Soil science,
479,Sport tourism development /,
479,"Sport, education and corporatisation :",
479,Stats means business :,"Stats Means Business is an introductory and comprehensive textbook written especially for Hospitality, Business and Tourism students who take statistics or quantitative methods modules. By minimising technical language, providing clear definitions of key terms and giving emphasis to interpretation rather than technique, this book caters to beginners in the subject. This book enables readers to appreciate the importance of statistical analysis in hospitality, tourism and other fields of business, understand statistical techniques, develop judgement in the selection of appropriate statistical techniques and interpret the results of statistical analysis."
479,Strategic marketing in tourism services /,
479,Sustainability in the hospitality industry :,"Sustainability is one of the single most important global issues facing the world. A clear understanding of the issues surrounding climate change, global warming, air and water pollution, ozone depletion, deforestation, the loss of biodiversity and global poverty is essential for every future manager in the hospitality industry. Present and future hospitality executives need to know how sustainable management systems can be integrated into their businesses while maintaining and hopefully improving the bottom line."
479,Sustainability in the hospitality industry :,
479,Sustainability-oriented Innovation in Smart Tourism :,"This book combines research on technology-driven and social-driven innovation in tourism destinations and the multifaceted concept of sustainability, providing an integrative understanding of the nexus between smartness and sustainability within destinations. It engages theoretically and empirically with the research question of how, and to what extent, smart technologies drive tourism innovation focussed on sustainability. Although innovation and technology are widely considered the way to sustainable tourism growth, further studies need to size the role of technology and critically address modalities, challenges, opportunities and pitfalls of technology deployment in rebalancing tourism disequilibria within local systems. Local, national, and supranational policymakers' attention to technology investments, the widening technological frontiers, and the enthusiasm for new technological opportunities to build, manage, and market destinations suggest the relevance of this research agenda. This book provides scholars, postgraduate students, and practitioners with conceptual and empirical insights into smart solutions and innovative destination models for multi-stakeholder engagement to manage and address tourism impacts and imbalances. The book outlines scenarios of sustainability-oriented innovation, encompassing and intertwining technological, social, human, and cultural co-drivers as the necessary conditions for smart technologies to enhance sustainable destinations effectively and improve human wellbeing and societal development. ."
479,Sustainable hospitality and tourism as motors for development :,
479,Sustainable tourism :,
479,Sustainable tourism in the global south :,
479,Temas de turismo :,
479,Thinking through tourism /,
479,Tourism :,
479,Tourism :,"""The 12th Edition of Tourism: Principles, Practices, Philosophies explores major concepts in tourism, what makes tourism possible, and how tourism can become an important factor in the wealth of any nation. It is written in global terms, making it appropriate not only in the US but also for our subsidiary markets. It provides an overview of the principles, practices, and philosophies that affect the cultural, social, economic, psychological, and marketing aspects of human travel and the tourism industry. It looks at all aspects of the industry that serves travelers.The 12th Edition is an overall update of this leading comprehensive tourism text. Because the tourism industry changes so rapidly, the revision involves adding new developments, updating data, updating profiles, expanding some sectors, adding new web sites, adding selected references, and expanding the glossary. B&Bs, time share, meetings and conventions, sustainable tourism, climate change, social media, mobile marketing are some topics given expanded coverage in this new 12th Edition""--Provided by publisher."
479,Tourism :,
479,Tourism /,
479,Tourism and degrowth :,"Rapid and uneven expansion of tourism as a response to the 2008 economic crisis has proceeded in parallel with the rise of social discontent concerning so-called ""overtourism."" Meanwhile, despite decades of concerted global effort to achieve sustainable development, socioecological conflicts and inequality have rarely reversed, but in fact increased in many places. Degrowth, understood as both social theory and social movement, has emerged within the context of this global crisis. However, thus far the vibrant degrowth discussion has yet to engage systematically with the tourism industry in particular, while, by the same token, tourism research has largely neglected explicit discussion of degrowth. This volume brings the two discussions together to interrogate their complementarity. Identifying a growth imperative in the basic structure of the capitalist economy, the contributors contend that mounting critique of overtourism can be understood as a structural response to the ravages of capitalist development more broadly. Debate concerning overtourism thus offers a valuable opportunity to re-politicise discussion of tourism development generally. Exploring of the potential for degrowth to facilitate a truly sustainable tourism, Tourism and Degrowth will be of great interest to scholars of tourism, environmental sustainability and development. The chapters were originally published as a special issue of the Journal of Sustainable Tourism."
479,Tourism and ethnodevelopment :,"Ethnodevelopment is a well-established concept in the field of development studies. Despite its relevance to tourism initiatives and processes in the Global South, it continues to be an underutilised concept in the field. This book bridges this gap, presenting an original conceptual framework to study the relationship between tourism and ethnodevelopment. It focuses on the processes of inclusion, empowerment, self-expression and self-determination to explore the effects of tourism initiatives on the identities, cultural resilience, livelihoods and economic opportunities of ethnic minority communities. Chapters explore a range of concepts and issues such as gender, authenticity, indigenous knowledge, tradition, the commodification of culture, community-based tourism, local entrepreneurship, cultural heritage, and tourism and the environment. Drawing on rich primary research conducted across South East Asia and South and Central America the book offers detailed evaluations of the successes and failures of various tourism policies and practices. This book makes a valuable contribution for students, scholars, practitioners and policy-makers alike interested in tourism, development studies, geography and anthropology."
479,Tourism and hospitality :,
479,Tourism and hospitality marketing :,
479,Tourism and monarchy in Southeast Asia /,"""Monarchies around the world play a significant role in tourism development and the tourist experience. Debates about the level of finance required to support monarchies often refer to the positive tourist attraction provided by royal pageantry, palaces, temples and churches, architecture, museum collections, and historical legacies. Up to now, the literature on tourism and monarchy has been primarily devoted to the history and experiences of Western Europe, particularly the United Kingdom. There has been little attention devoted to the relationship between monarchy and tourism development in Southeast Asia, and this is the first collection of essays to address this neglected field of study. The need to shift the focus from European to Asian royalty is important not only to begin to fill gaps in the literature on monarchy and tourism outside Europe, but also to avoid the increasing criticism of tourism studies that its major perspectives, orientations and paradigms have been based on an overly Eurocentric preoccupation. Case studies are taken from Thailand, Laos, Myanmar, Vietnam, Malaysia, Indonesia, Brunei Darussalam and Singapore.""--Publisher description."
479,Tourism and opportunities for economic development in Asia /,"""This book provides new theories, research findings, and case studies, to enhance understanding and collaboration in issues of tourism and key tourism priorities now and in the future. The book focuses on tourism in Asia, with a special attention to South East Asian nations""--"
479,Tourism and political boundaries /,"The importance of political boundaries in the development, function and flow of tourism cannot be overemphasized. In light of today's political transformations and processes of globalization, this book provides a systematic examination of the relationships between boundaries and tourism, and offers a basis upon which tourism can be better managed and researched in a geo-political context."
479,Tourism and the creative economy.,"As the significance of the creative economy continues to grow, important synergies with tourism are emerging, offering considerable potential to grow demand and develop new products, experiences and markets.These new links are driving a shift from conventional models of cultural tourism to new models of creative tourism based on intangible culture and contemporary creativity. This report examines the growing relationship between the tourism and creative sectors to guide the development of effective policies in this area. Drawing on recent case studies, it considers how to strengthen these link."
479,Tourism and the creative industries :,"This book focuses on the theoretical, policy and practice linkages and disjunctures between tourism and the creative industries. There are clear and strong intersections between the sectors, for example in the development and application of new and emerging media in tourism; festivals and cultural events showcasing the creative identity of place; tours and place identities associated with film, TV, music and arts tourism; as well as particular destinations being promoted on the basis of their 'creative' endowments such as theatre breaks, art exhibitions and fashion shows. Tourism and the Creative Industries explores a variety of relationships in one volume and offers innovative and critical insights into how creative industries and tourism together contribute to place identity, tourist experience, destination marketing and management. The book is aligned with the sectors that have been demarcated by the UK Government Department of Culture, Media and Sport as comprising the creative industries: advertising and marketing; architecture; design and designer fashion; film, TV, video, radio and photography; IT, software and computer services; publishing and music; performing and visual arts. The title of this volume demonstrates how the exclusion of tourism from the creative industries is arguably perverse, given that much of the work by destination managers and of private sector tourism is characterised by creativity and innovation. Interdisciplinary research and international context bring a broader perspective on how the creative industries operate in varying cultural and policy contexts in relation to tourism. This book brings together the parallel and disparate inter-disciplinary fields of tourism and the creative industries and will be of interest to students, academics and researchers interested in tourism, creative industries, marketing and management."
479,Tourism and Tibetan culture in transition :,
479,Tourism as an instrument for development: a theoretical and practical study /,
479,Tourism in Central Asia :,"This book will be a major resource for all academic researchers and practitioners interested in issues dealing with the development of tourism, its potential and challenges, and policy and regulatory issues in the Central Asian countries of Kazakhstan, Uzbekistan, Turkmenistan, Kyrgyzstan, and Tajikistan. These countries are gaining more attention as emerging destinations. There is limited research that focuses on these countries with respect to their potential and characteristics as tourism destinations. This book aims to be an invaluable source for both practitioners and academicians who are in international marketing and tourism."
479,Tourism in the age of globalisation /,"The revolutionary progress achieved in information and communication technology is gradually transforming the world into a global village. This volume, edited by an eminent board of international specialists, evaluates the nature and resilience of the emerging global economy and its implications for tourism."
479,Tourism in the green economy /,"""This book provides consensus about what the green economy entails, what role tourism can play in a green economy, early responses from many countries, on-going and emerging research initiatives that will enable tourism's transition to a green economy""--"
479,Tourism in the USA :,
479,Tourism management :,
479,Tourism management :,"This text offers a concise introduction to all the core topics of tourism management. Covering both key theory and practice, it introduces general management issues across the whole tourism sector, focusing particularly on the challenges of managing tourism in the 21st century."
479,Tourism management /,
479,Tourism management /,
479,Tourism planning and development :,"""Academically complex and challenging to apply, development and planning are increasingly relevant to the growing tourism industry. This collection contains critical studies on tourism development and planning, and calls for proactive, holistic and responsible thinking. It addresses conceptual and contemporary issues in development and planning research including political trust, innovation networks, sustainability, moral encounters, enclavisation and evolutionary economics. It argues that recognition of the contextual and historical dimensions around tourism development and planning is essential to help both researchers and practitioners better understand destination and place-based decision-making. In addition, it will lead to improvements in stakeholder relations, and explains how tourism best works with localities and localities with tourism. This book was originally published as a special issue of Tourism Geographies.""--Provided by publisher."
479,Tourism policy and planning :,
479,Tourism sector :,"Tourism is travel for recreational, leisure or business purposes. The world tourism industry is an industry, which is flourishing all over the world. A growing number of travelers want their journeys to be less invasive and more beneficial to the local community. They want to better understand the culture of the people they meet the places they visit. Travelers should be mindful that we are entering a place that is someone else home. Interpretation begins long before the trip and ends long afterward. Those who enjoy a trip will look back fondly for the rest of their lives. Table of Contents: Preface Major challenges of global tourism Challenges to Indian tourism industry Culture shock: an impediment to tourism Encouraging responsible tourism Safety for tourists Current scenario of Indian tourism sector Current trends in tourism sector How terrorism affecting tourism?"
479,Tourism social media :,
479,"Tourism, anthropology and China :",
479,The tourist :,
479,The tourist :,
479,Tourist behaviour :,"""Comprehensive and accessible, this Companion offers a thorough investigation into both traditional and fresh topics in tourist behaviour and experience. Arranged chronologically, the chapters examine tourist experience from the very idea of a tourist visit to the aftermath of returning home. With contributions from leading experts and emerging scholars across the globe, this Companion establishes the importance of studying tourist behaviour. Innovative topics including packing and preparation, dreaming and longing for trips, and memory are explored in detail. The book incorporates a selection of illustrative key case studies to ensure that it is highly accessible and readable to a range of audiences, while ensuring academic rigour. It examines both positive and negative impacts of the tourist experience on tourists themselves and the communities and environments they visit. The concluding chapter includes a vision for how tourism and sustainable development goals can be integrated to maximise the benefits of tourist behaviour and experience. Students and researchers of tourism and sustainability will greatly benefit from the research directions and suggestions indicated in each chapter of the book. This timely Companion will also prove to be a valuable resource for stakeholders looking to improve and expand upon the tourist experience""--"
479,Travel industry economics :,
479,"Travel marketing, tourism economics and the airline product :","This book provides a comprehensive introduction to travel marketing, tourism economics and the airline product. At the same time, it provides an overview on the political, socio-economic, environmental and technological impacts of tourism and its related sectors. This publication covers both theory and practice in an engaging style, that will spark the readers' curiosity. Yet, it presents tourism and airline issues in a concise, yet accessible manner. This will allow prospective tourism practitioners to critically analyze future situations, and to make appropriate decisions in their workplace environments. Moreover, the book prepares undergraduate students and aspiring managers alike with a thorough exposure to the latest industry developments."
479,Trends and issues in global tourism 2012 /,
479,Vietnam tourism /,"Vietnam Tourism presents a unique ethnographic-semiotic analysis of some of the most important touristic icons in Vietnamese culture. In addition, it offers a firsthand analysis of many aspects of daily life in Vietnam and a semiotic analysis of Vietnam's dominant cultural symbols. A twelve-page photo section brings vibrant images of this unique country to life. Vietnam Tourism also presents an essential overview of what Vietnam has to offer tourists, looking at the exciting possibilities-and the potential pitfalls-of visiting this extraordinary country. Although Vietnam is a Third World country, it has excellent tourism companies and many wonderful sites-from Halong Bay and Hue to extraordinary temples and beautiful beaches. The book paints a vivid portrait of this country's hidden gems and popular tourist destinations, exploring the problems and possibilities Vietnam faces in developing its tourism industry."
479,Voluntourism and language learning/teaching :,"This excellent volume exposes anew the entanglements of language, tourism, and neoliberal/ neocolonial capitalism. Each of the eight case studies reminds us how tourism discourse is to global inequality as color blindness is to racism: both are slights of hand conveniently serving the interests of the privileged. In this case, we witness travelers-by-choice exploiting their linguistic capital and reasserting their symbolic power, all under the earnest guise of philanthropy. Crispin Thurlow, University of Bern, Switzerland Jakubiak and Schedel have put together an excellent collection of work that will be essential reading for scholars of voluntourism. In focusing on language as a motivation for travel, the authors, collectively and individually, have achieved that rare thing: a coherent edited collection that truly advances our understanding. Jim Butcher, Canterbury Christ Church University, UK This edited volume extends current voluntourism theorizing by critically examining the intersections among various forms of work-leisure travel and language learning/teaching. The books contributors investigate volunteer tourism and its cognates such as working holidaymaking, international internships, and gap year labor, as discursive fields in which powerful ideas about language(s), their speakers, and pedagogical practices are propagated worldwide. The various authors chapters shed light on the hegemony of global English, the social consequences of linguistic commodification and neoliberal rationalities, the ways in which speaker identity positions can alter the exchange value of languages, and how language competencies are tied to power in the labor market, among related topics. This volume will be of interest to readers in Applied Linguistics, Critical Sociolinguistics, Educational and Linguistic Anthropology, Tourism and Leisure Studies, Migration and Mobility Studies, and Language Teaching and Learning. Larissa Semiramis Schedel is a postdoctoral researcher in critical sociolinguistics at the University of Bonn, Germany. Her research interests include language and work (especially in the tourism industry), language travel, and on-the-job language learning. Cori Jakubiak is an associate professor of education at Grinnell College, USA. Her research program examines ideologies of global citizenship, native speakerism, and language as a commodity within English-language voluntourism and language tourism."
479,War tourism :,"""This book addresses the linkages between tourism and war, focusing on tourism by German personnel and French civilians during the Second World War and on postwar memory tourism""--"
479,The Wiley Blackwell companion to tourism /,
479,World Heritage sites :,
479,Visiting Buddhist Sites along the Silk Road :,
836,Adaptive and learning control :,
836,Adaptive control /,
836,Adaptive control =,
836,"Adaptive control, filtering, and signal processing /",
836,Adaptive fuzzy systems and control :,
836,Advanced methods in adaptive control for industrial application /,
836,Applications of adaptive control /,
836,Audit and accounting guide :,"Stay up-to-date on current GAAP and statutory accounting and audit guidance for property and liability insurance entities. This guide provides a good grounding on the industry, its products and regulatory issues, and the related transaction cycles that a property and liability insurance entity is involved with."
836,Cerebral palsy :,
836,Correspondence 1930-1940 /,
836,Drawing the landscape :,
836,Essentials of mechanical ventilation /,
836,Focus on cerebral palsy research /,
836,Foundations of adaptive control /,
836,Identification and stochastic adaptive control /,
836,Implementation of self-tuning controllers /,
836,Intelligent adaptive control :,
836,"Letters of Thomas Mann, 1889-1955 /",
836,Letters of Wolfgang Amadeus Mozart /,
836,Local stabilizability of nonlinear control systems /,
836,Nonlinear and optimal control systems /,
836,Nonlinear control systems /,
836,Recommended practice on accounting for general insurance business /,
836,Relays :,"""This book examines how one aspect of the social and technological situation of literature - namely, the postal system - determined how literature was produced and what was produced within literature. Language itself has the structure of a relay, where what is transmitted depends on a prior withholding. The social arrangements and technologies for achieving this transmission thus have had a particularly powerful impact on the imagination of literature.""--BOOK JACKET."
836,Self-tuning systems :,
836,Stability of stationary sets in control systems with discontinuous nonlinearities /,
836,Stability of stationary sets in control systems with discontinuous nonlinearities /,
850,A history of Italian literature /,
850,Adonis :,"""A detailed treatment of the myth of Adonis in the Italian literary culture of the Renaissance and early Baroque""--"
850,"The Americas in Italian literature and culture, 1700-1825 /","The curiosity with which Europeans approached the New World was reflected in the writings of Italian historians, missionaries, travelers, and explorers, who described with fascination the customs of the peoples they encountered in their travels. In this study Stefania Buccini examines the representation of the Americas in Italian literature during the Age of the Enlightenment."
850,Antologia italiana,
850,Contemporary women writers in Italy :,
850,Florence and Tuscany :,
850,Futurist women :,"Futurist Women broadens current debates on Futurism and literary studies by demonstrating the expanding global impact of women Futurist artists and writers in the period succeeding the First World War. This study initially focuses on the local: the making of the self in the work by the women who were affiliated with the journal L'Italia futurista during World War I in Florence. But then it broadens its field of inquiry to the global. It compares the achievements of these women with those of key precursors and followers. It also conceives these women's work as an ongoing dialogue with contemporary political and scientific trends in Europe and North America, especially first wave feminism, eugenics, naturism and esotericism. Finally, it examines the vital importance and repercussions of these women's ideas in current debates on gender and the posthuman condition. This ground-breaking study will prove invaluable for all scholars and upper-level students of modern European literature, Futurism, and gender studies."
850,Gendered contexts :,
850,A history of Italian literature /,
850,Hollow men :,"""Analyzes texts and art objects from the 15th to the late 16th centuries to show that Renaissance theories of emulating classical heroes generated a deep skepticism about representation, as these theories forced men to construct a public image that seemed fixed but could adapt to changing circumstances""--"
850,Imagining the woman reader in the age of Dante /,"This book brings to light a new character in medieval literature: that of the woman reader and interlocutor. It does so by establishing a dialogue between literary studies, gender studies, the history of literacy, and the material culture of the book in medieval times. From Guittone d'Arezzo's piercing critic, the 'villainous woman', to the mysterious Lady who bids Guido Cavalcanti to write his grand philosophical song, to Dante's female co-editors in the 'Vita Nova' and his great characters of female readers, such as Francesca and Beatrice in the 'Comedy', all the way to Boccaccio's overtly female audience, this particular interlocutor appears to be central to the construct of textuality and the construction of literary authority. This volume explores the figure of the woman reader by contextualizing her within the history of female literacy, the material culture of the book, and the ways in which writers and poets of earlier traditions imagined her."
850,Italian Gothic :,"The first critical study that theorises the Italian Gothic and examines its main forms and manifestations across arts, media, and disciplines. Offers a new account of the historical developments of Gothic narratives in the Italian context from the second half of the eighteenth century to the present day Explores how, and with what implications, the Gothic has infiltrated a variety of media, including poetry, periodicals and magazines, cinema, comics, and music Examines some of the major themes of the Italian Gothic, such as the Gothic body, the female Gothic, Gothic criminology, and folk horror and the ecogothic This companion constitutes the first, systematic theorisation of the Italian Gothic. Through an interdisciplinary, trans-medial approach that encompasses prose fiction, poetry, journalism, film, music, and comics, it explores the varied and complex metamorphoses of the Gothic in Italy from the late eighteenth century to the present day. Although the last thirty years have seen a burgeoning in the academic study of the Gothic at college and university levels and in related publications, scholars have long struggled to even acknowledge the very existence of this mode in the Italian context. This companion does not only fill in a historical and critical gap in the scholarship, but it also contributes to revitalising the field of Gothic Studies, opening new channels of communication, and paving the way to the exploration of the fruitful interchanges between Italian and other European and American configurations of the Gothic."
850,Italian literature :,"In this Very Short Introduction to Italian Literature, Peter Hainsworth and David Robey examine Italian literature from the Middle Ages up to the present day, looking at themes and issues which have recurred throughout its history and continue to be of importance today."
850,The Italian literature of the Axis War :,
850,Italian women writers from the Renaissance to the present :,
850,"Italian women's writing, 1860-1994 /",
850,Landscapes in between :,"Since its economic boom in the late 1950s, Italy has grappled with the environmental legacy of rapid industrial growth and haphazard urban planning. One notable effect is a preponderance of interstitial landscapes such as abandoned fields, polluted riverbanks, and makeshift urban gardens. Landscapes in Between analyses authors and filmmakers - Italo Calvino, Pier Paolo Pasolini, Gianni Celati, Simona Vinci, and the duo Daniele Cipri and Franco Maresco - who turn to these spaces as productive models for coming to terms with the modified natural environment. Considering the ways in which sixty years' worth of Italian literary and cinematic representations engage in the ongoing dialogue between nature and culture, Monica Seger contributes to the transnational expansion of environmental humanities. Her book also introduces an ecocritical framework to Italian studies in English. Rejecting a stark dichotomy between human construction and unspoilt nature, Landscapes in Between will be of interest to all those studying the fraught relationship between humanity and environment."
850,Literary imitation in the Italian Renaissance :,"This is the first book to offer a comprehensive survey of Italian Renaissance ideas on literary imitation, the key critical concept of the period. Covering both theory and practice, and both Latin and the vernacular, McLaughlin charts the development of the concept from the fourteenth to the early sixteenth century, offering fresh insights into major works of Italian literature from Dante to Bembo."
850,Literary imitation in the Italian Renaissance :,
850,Manuscript culture in Renaissance Italy /,"""Even after the arrival of printing in the fifteenth century, texts continued to be circulated within Italian society by means of manuscript. Scribal culture offered rapidity, flexibility and a sense of private, privileged communication. This is the first detailed treatment of the continuing use of scribal transmission in Renaissance Italy. Brian Richardson explores the uses of scribal culture within specific literary genres, its methods and its audiences. He also places it within the wider system of textual communication and of self-presentation, examining the relationships between manuscript and print and between manuscript and the spoken or sung performance of verse. An important contribution to a lively area of the history of the book, this study will be of interest both for the abundance of new material on the circulation of texts in Italy and as a model for how to study the cultures of manuscript and print in early modern Europe""--Provided by publisher."
850,The Oxford companion to Italian literature /,"Embracing the whole of Italian literature, from the early thirteenth century to the present, The Oxford Companion to Italian Literature takes a broad view of what constitutes literature, covering historical writing, travel writing, theatre, and philosophy as well as the novel, poetry, literary dialogues, and critical theory. Providing generous coverage of canonical figures - from Dante and Petrarch to Montale and Calvino - it also contains a wealth of short entries on significant minor figures. The Companion also explores Latin literature written by Italian authors - a major feature of Renaissance culture - and Italian dialect literature; and highlights articles which place the writers and their works in their wider social, historical, artistic, and political context. The 2,400 alphabetically-arranged entries provide clear, up-to-date coverage of Italian literature, making this an essential reference for specialists and non-specialists alike. Written by expert contributors, the entries reflect the current state of international scholarship, which has developed in many different and exciting directions in recent years."
850,Politics of the visible :,
850,"The prince and other works, including Reform in Florence, Castruccio Castracani, On fortune, Letters, Ten discourses on Livy /",
850,Redreaming the Renaissance :,"""Redreaming the Renaissance seeks to remedy the dearth of conversations between scholars of history and literary studies by building on the pathbreaking work of Guido Ruggiero to explore the cross-fertilization between these two disciplines, using the textual world of the Italian Renaissance as proving ground. In this volume, these disciplines blur, as they did for early moderns, who did not always distinguish between the historical and literary significance of the texts they read and produced. Literature here is broadly conceived to include not only belles lettres, but also other forms of artful writing that flourished in the period, including philosophical writings on dreams and prophecy; life-writing; religious debates; menu descriptions and other food writing; diaries, news reports, ballads, and protest songs; and scientific discussions. The twelve essays in this collection examine the role that the volume's dedicatee has played in bringing the disciplines of history and literary studies into provocative conversation, as well as the methodology needed to sustain and enrich this conversation""--"
850,The Renaissance dialogue :,
850,The Renaissance dialogue :,"The Renaissance dialogue is the first full-length study of the use of the dialogue form in Italy from the early sixteenth century until Galileo. Drawing on a wide range of literary, philosophical and scientific sources, it examines the characteristics which determined the genre's unrivalled popularity in the period as a vehicle for polemic, debate, technical exposition and comic drama. Particular attention is paid to reception and to the place that the dialogue occupied within the evolving cultural economy of the Italian courts. More than simply an account of the development of an individual literary genre, however, The Renaissance dialogue is a contribution to the broader social and cultural history of the period. As representations of conversation, miniature dramas of persuasion, the dialogues of the Italian Renaissance constitute an extraordinarily rich - and largely untapped - source of information about the ideals and practice of communication in the early modern age. The Renaissance dialogue draws on this evidence to trace a history of cultural dialogue, charting the effect of factors such as the cultural policies of the Counter-Reformation, the realignment of social and intellectual practice which came with the consolidation of absolutist rule throughout Italy, and the gradual internalization of the psychological norms of a typographic culture."
850,A short history of Italian literature /,
850,"Women's writing in Italy, 1400-1650 /",
850,Writers and politics in modern Italy /,
850,Writers and politics in modern Italy /,
856,Alleineltern und Eineltern :,
856,Single Parents in the New Federal States :,
856,Balanceakt alleinerziehend :,
856,Belong :,"How is it that the internet connects us to a world of people, yet so many of us feel more isolated than ever? That we have hundreds, even thousands of friends on social media, but not a single person to truly confide in? Radha Agrawal calls this ""community confusion,"" and in Belong she offers every reader a blueprint to find their people and build and nurture community, because connectedness--as more and more studies show--is our key to happiness, fulfillment, and success. A book that's equal parts inspiring and interactive, and packed with prompts, charts, quizzes, and full-color illustrations, Belong takes readers on a two-part journey. Part one is Going IN--a gentle but intentional process of self-discovery and finding out your true energy levels and VIA (values, interests, and abilities). Part two is Going OUT--building on all that you've learned about yourself to find those few special people who feed your soul, and discovering, or creating, the ever-widening groups that align with your aims and desires."
856,The body electric :,
856,Community nutrition :,
856,Food fix :,"""Our most powerful tool to reverse the global epidemic of chronic disease, heal the environment, reform politics, and revive economies is food. What we eat has tremendous implications not just for our waistlines, but also for the planet, society, and the global economy. What we do to our bodies, we do to the planet; and what we do to the planet, we do to our bodies. In Food Fix, #1 bestselling author Mark Hyman explains how our food and agriculture policies are corrupted by money and lobbies that drive our biggest global crises: the spread of obesity and food-related chronic disease, climate change, poverty, violence, educational achievement gaps, and more. Pairing the latest developments in nutritional and environmental science with an unflinching look at the dark realities of the global food system and the policies that make it possible, Food Fix is a hard-hitting manifesto that will change the way you think about -- and eat -- food forever, and will provide solutions for citizens, businesses, and policy makers to create a healthier world, society, and planet.""--"
856,Food policy :,
856,Food policy :,
856,Food policy old and new /,
856,Food wars :,
856,Global challenges for future food and agricultural policies /,"This book examines the current and future challenges facing the food and agricultural system and their implications for policymaking at the national and international level.The growth in global population and income is expected to result in increasing demand for food and agricultural raw materials, intensifying concerns over food security and increasing pressure on the planet's natural resources. Moreover, climate change - a challenge on its own - is likely to increase the urgency for reforms in the food and agricultural sector. As a substantial contributor to greenhouse gas emissions, the sector will need to participate in efforts to slow global warming and to adjust to the effects of climate change, while ensuring global food security and resource sustainability. These pressures define a new set of priorities for policymaking at the national and international level."
856,Growing up with a single parent :,"Nonwhite and white, rich and poor, born to an unwed mother or weathering divorce, over half of all children in the current generation will live in a single-parent family--and these children simply will not fare as well as their peers who live with both parents. This is the clear and urgent message of this powerful book. Based on four national surveys and drawing on more than a decade of research, Growing Up with a Single Parent sharply demonstrates the connection between family structure and a child's prospects for success. What are the chances that the child of a single parent will graduate from high school, go on to college, find and keep a job? Will she become a teenage mother? Will he be out of school and out of work? These are the questions the authors pursue across the spectrum of race, gender, and class. Children whose parents live apart, the authors find, are twice as likely to drop out of high school as those in two-parent families, one and a half times as likely to be idle in young adulthood, twice as likely to become single parents themselves. This study shows how divorce--particularly an attendant drop in income, parental involvement, and access to community resources--diminishes children's chances for well-being. The authors provide answers to other practical questions that many single parents may ask: Does the gender of the child or the custodial parent affect these outcomes? Does having a stepparent, a grandmother, or a nonmarital partner in the household help or hurt? Do children who stay in the same community after divorce fare better? Their data reveal that some of the advantages often associated with being white are really a function of family structure, and that some of the advantages associated with having educated parents evaporate when those parents separate. In a concluding chapter, McLanahan and Sandefur offer clear recommendations for rethinking our current policies."
856,Guillain-Barre syndrome :,
856,Instrument interfacing with Lotus :,
856,Integrating nutrition into agricultural and rural development projects :,
856,Integrating nutrition into agricultural and rural development projects :,
856,Italo Calvino :,
856,Land of refuge :,"""After the First World War, tens of thousands of Jews immigrated to Palestine. They went there not to found a Zionist state but primarily to seek refuge from the violence and persecution of the Russian Civil War and its aftermath. Fleeing to the United States was not an option due to heavily restrictive immigration laws enacted there in the early 1920s. In Land of Refuge, the experiences of this generation of Jewish immigrants come vividly to life through a wealth of previously unstudied archival sources. Historian Gur Alroey skillfully weaves together the riveting and remarkable stories of many: the survivors of pogroms and riots in Ukraine and Uramia, including orphans and widows, rape survivors, and the mentally frail; those who endured a harrowing journey by boat, who fell ill on the way, were detained or sent back, or whose luggage was broken into or stolen; survivors of the famine in Russia during Lenin and Stalin's regimes; and, lastly, marginalized Jews such as the mentally ill, thieves, prostitutes, and those with falsified entry visas. The stories of the people at the core of this book form an important but little appreciated part of the history of the Jewish settlement in the Land of Israel""--"
856,Local food environments :,
856,"Blemish, Toil, Privilege? :",
856,Many mouths :,"""In 1968 Magnus Pyke argued that what ""human communities choose to eat is only partly dependent on their physiological requirements, and even less on intellectual reasoning and a knowledge of what these physiological requirements are."" Pyke, a nutritional scientist who had worked under the Chief Scientific Advisor to Britain's Ministry of Food during the Second World War, illustrated his point by recounting that in preparing the nation for war, military officials had demanded that land be allocated to grow gherkins. They had insisted, Pyke recalled, that the British soldier ""could not fight without a proper supply of pickles to eat with his cold meat."" The Ministry of War had apparently been ""unmoved to learn from the nutritional experts"" that pickles offered little of material value to the diet, as they had almost no calories, vitamins, or minerals. The Ministry of Food, Pyke asserted, nevertheless designated precious agricultural land for gherkin cultivation. For what the human body requires, this former government official conceded, often needs to be subordinate to what ""the human being to whom the body belongs"" desires.1 This pickle episode exemplifies why a book about government feeding must be more than merely a study of the impact of food science on state policy. The nutritional sciences, which began to emerge in the late eighteenth century and made significant advances from the 1840s,2 established that the nutritive and energy potential of food could be measured, calibrated, and deployed. Food science might have been one of the ""engine sciences"" that Patrick Carroll positions as central to modern state formation, particularly in the British Isles.3 But if science was integral to modern forms of governance, it must nevertheless be understood not as preceding and dictating state action but rather, as Christopher Hamlin has argued, as ""a resource parties appeal to (or make up as they go along) for use wherever authority is needed: to authorize themselves to act, to compete for the public's interest and money, to neutralize real or potential critics.""4 That there was ""a sharp division"" between ""theoretical knowledge"" of nutrition and ""its practical implementation""5 was thus often strategic""--"
856,"Parents, single or otherwise :",
856,The single parent /,
856,"Touch, temperature, and pain in health and disease :",
856,The welfare of food :,
856,The welfare of food :,
864,Art and anger :,
864,The Cambridge old English reader /,"""The period of English history which we now call 'Anglo-Saxon' lasted from the mid-fifth century until until the end of the eleventh, when the Normans arrived. Most surviving Anglo-Saxon manuscripts date from the latter part of this period and the many of them are in Latin, but England was unique in early medieval Europe in having a thriving vernacular literature also. This was written in what we now call 'Old English' (OE), to distinguish it from the 'Middle English' stage of the evolving language, which culminated in the works of Chaucer and Malory. The fifty-seven reading texts which make up the major part of this book have been chosen to illustrate the range and variety of OE literature""--"
864,DNA replication and mutation /,
864,The Return of the 25 :,"A Chinese ecologist, a South African mother, a Peruvian shaman, a Filipino fisherman, a Maori of New Zealand, a future Russian cosmonaut. And all of the same age. What do they have in common? How do they live? How do they face the future? These are the questions that Marc Serena has raised to 25 young people of age 25, and from 25 different countries."
864,On Argentina /,"""The twenty selections chosen for this collection will flesh out the vision of the young Borges between 1925 and 1930. These essays constitute an important intellectual biography of one of the most influential Latin American authors of all time""--Provided by the publisher."
864,On writing /,
864,The Oxford book of Latin American essays /,
864,Pollination services to agriculture :,
864,Selected non-fictions /,
864,Spanish women writers and the essay :,
864,Testaments betrayed :,"Kundera's essay has been written like a novel. In the course of nine separate sections, the same characters meet and cross paths with each other. Stravinsky and Kafka with their odd friends Ansermet and Brod; Hemingway with his biographer; Janacek with his little nation; and Rabelais with his heirs - the great novelists. In the light of their wisdom this book examines some of the great situations of our time. The moral trial of the twentieth century's art, from Celine to Mayakovsky; the passage of time which blurs the boundaries between the 'I' of the present day and the 'I' of the past; modesty as an essential concept in an age based on the individual and indiscretion which, as it becomes the habit and the norm, heralds the twilight of individualism; the testaments, the betrayed testaments - of Europe, of art, of the art of the novel and of artists."
864,The threshold of Anglo-Saxon /,
864,Testaments betrayed :,"Kundera's essay has been written like a novel. In the course of nine separate sections, the same characters meet and cross paths with each other. Stravinsky and Kafka with their odd friends Ansermet and Brod; Hemingway with his biographer; Janacek with his little nation; and Rabelais with his heirs - the great novelists. In the light of their wisdom this book examines some of the great situations of our time. The moral trial of the twentieth century's art, from Celine to Mayakovsky; the passage of time which blurs the boundaries between the 'I' of the present day and the 'I' of the past; modesty as an essential concept in an age based on the individual and indiscretion which, as it becomes the habit and the norm, heralds the twilight of individualism; the testaments, the betrayed testaments - of Europe, of art, of the art of the novel and of artists."
864,The threshold of Anglo-Saxon /,
877,Behind closed doors in white South Africa :,
877,The Cambridge companion to Roman satire /,
877,Chemical sensors and biosensors for medical and biological applications /,
877,Epigrams /,"""The poet we call Martial, Marcus Valerius Martialis, lived by his wits in first-century Rome. Pounding the mean streets of the Empire's capital, he takes apart the pretensions, addictions, and cruelties of its inhabitants with perfect comic timing and killer punchlines. Social climers and sex-offenders, rogue traders and two-faced preachers - all are subject to his forensic annihilations and often foul-mouthed verses. Packed with incident and detail, Martial's epigrams bring Rome vividly to life in all its variety; biting satire rubs alongside tender friendship, lust for life beside sorrow for loss. Gossipy, clever, and above all entertaining, they express amusement as much as indigtation at the vices they expose."""
877,Essays on Roman satire /,
877,Figuring out Roman nobility :,
877,Gene knockout protocols.,
877,Horizontal gene transfer :,
877,I love coffee! :,
877,Insecure prosperity :,"This captivating story of the Jewish community in pre-World War II Johnstown, a steel town in western Pennsylvania, reveals a pattern of adaptation to American life quite different from that followed by big-city settlers. Whereas the majority of turn-of-the-century East European Jewish immigrants settled in major cities, no less than one-quarter made their lives in small towns; unlike that of metropolitan residents, the experience of small-town Jews has been investigated very little. Based on fine-grained historical ethnographic research, Ewa Morawska's study shows why and how, rather than climbing up the mainstream educational and occupational success ladder as did metropolitan Jews, their Johnstown fellow ethnics created in the local economy a tightly knit entrepreneurial niche and through the interwar period pursued within it their main life goals: achieving a satisfactory standard of living against the recurrent slumps in local mills and coal mines, and enjoying the company of their fellow congregants. And it reveals why and how, rather than quickly secularizing and diversifying their ethnic group institutions and activities as did big-city Jews, the Johnstowners devoted their energies to creating and maintaining an inclusive, multi-purpose religious congregation in which changes were introduced only slowly and at half-measures."
877,Juvenal and the satiric emotions /,
877,JUVENAL THE SATIRIST : A STUDY.,
877,"Juvenal's satires, with The satires of Persius.",
877,"A primer on auction design, management, and strategy /",
877,Roman comedy /,
877,Roman satire :,
877,Roman satire /,
877,The satires /,
877,THE SATIRES OF JUVENAL : A NEW TRANSLATION WITH AN INTROD /,
877,THE SATIRES OF JUVENAL : A NEW TRANSLATION WITH AN INTROD /,
906,Building citizenship from below :,"Focusing on what can be referred to as the 'precarity-agency-migration nexus', this comprehensive volume leverages the political, economic, and social dynamics of migration to better understand both deepening inequality and popular resistance. Drawing on rich ethnographic and interview-based studies of the United States and Latin America, the authors show how migrants are navigating and challenging conditions of insecurity and structures of power. Detailed case studies illuminate collective survival strategies along the migrant trail, efforts by nannies and dairy workers in the northeast United States to assert dignity and avoid deportation, strategies of reintegration used by deportees in Guatemala and Mexico, and grassroots organizing and public protest in California. In doing so they reveal varied moments of agency without presenting an overly idyllic picture or presuming limitless potential for change. Anchoring the study of migration in the opposition between precarity and agency, the authors thus provide a new window into the continuously unfolding relationship between national borders, global capitalism, and human freedom."
906,The Canarian;,
906,The Catholic epistles :,"""Designed as a reference volume for researchers and graduate students focusing on the catholic Epistles, this work brings together the best scholarship concentrating upon the Letters of James, Peter, John, and Jude in one convenient volume""--"
906,Created equal :,
906,Cultures in refuge :,
906,The displaced :,"Pulitzer Prize-winning author Viet Thanh Nguyen, himself a refugee, brings together a host of prominent refugee writers from around the world to explore and illuminate their experiences. Poignant and insightful, this collection of essays reveals moments of uncertainty, resilience in the face of trauma, and a reimagining of identity. The Displaced is a powerful look at what it means to be forced to leave home and find a place of refuge."
906,Diversities old and new :,"""How can people live together, with ever more diverse characteristics, in the world's rapidly expanding cities? The UN estimates a doubling of the world's urban population by 2050. Meanwhile, global migration flows show profound diversification of migrants' nationality, ethnicity, language, gender balance, age, human capital and legal status. Everywhere, migrants with complex 'new diversity' traits dwell in cities alongside people from previous, 'old diversity' waves. That is, since new migrants tend to inhabit those urban spaces which still play host to migrants from previous waves, these new patterns of diversification are 'layered' on top of pre-existing patterns of diversity. How do prior conditions of diversity affect the incorporation of new migrants who are characterized by significantly different traits? With these issues in mind, this book address the core research question: In public spaces compared across cities, what accounts for similarities and differences in social and spatial patterns that arise under conditions of diversification, when new diversity-meets-old diversity? Based on a five-year comparative research project carried out by a multi-disciplinary team, Diversities Old and New provides findings from New York (a classic city of immigration, with new global migrant flows in a broadly supportive political context), Singapore (dominated by racial-cultural politics, and wholly dependent on new, highly restricted migrants), and Johannesburg (emerging from Apartheid with tensions around unregulated new, pan-African migrant flows). Spanning sociology, anthropology and human geography, the book seeks to analyze the changing nature of diversity and it's socio-spatial patterns in major cities around the world. In addition to rich ethnographic descriptions and robust sociological examination concerning some of the key urban processes of our age, Diversities Old And New also provides methodological innovations, including visual methods, which have been utilized to gather and analyze data. More information on these innovations can be found using the QR code below""--"
906,The domestic abroad :,
906,Empire of refugees :,"""Between the 1850s and World War I, about one million North Caucasian Muslims sought refuge in the Ottoman Empire. This resettlement of Muslim refugees from Russia changed the Ottoman state. Circassians, Chechens, Dagestanis, and others established hundreds of refugee villages throughout the Ottoman Balkans, Anatolia, and the Levant. Most villages still exist today, including what is now the city of Amman. Muslim refugee resettlement reinvigorated regional economies, but also intensified competition over land and, at times, precipitated sectarian tensions, setting in motion fundamental shifts in the borderlands of the Russian and Ottoman empires. Empire of Refugees reframes late Ottoman history through mass displacement and reveals the origins of refugee resettlement in the modern Middle East. Vladimir Hamed-Troyansky offers a historiographical corrective: the nineteenth-century Ottoman Empire created a refugee regime, predating refugee systems set up by the League of Nations and the United Nations. Grounded in archival research in over twenty public and private archives across ten countries, this book contests the boundaries typically assumed between forced and voluntary migration, and refugees and immigrants, rewriting the history of Muslim migration in the nineteenth and early twentieth centuries""--"
906,Escape from North Korea :,
906,Ethnic and cultural diversity among lesbians and gay men /,"A broad range of culture-related topics specific to the lesbian and gay community are explored in this volume. Along with empirical, clinical and theoretical discussions, personal narrative offers poignant insight into additional complexities, pressures and losses that lesbians and gay men must cope with in a world that often handles diversity with bigotry."
906,Europe and the refugee response :,"""This book explores how the rising numbers of refugees entering Europe from 2015 onwards played into fears of cultural, religious, and ethnic differences across the continent. The migrant, or refugee crisis, prompted fierce debate about European norms and values, with some commentators questioning whether mostly Muslim refugees would be able to adhere to these values, and be able to integrate into a predominantly Christian European society. In this volume, philosophers, legal scholars, anthropologists and sociologists, analyze some of these debates and discuss practical strategies to reconcile the values that underpin the European project with multiculturalism and religious pluralism, whilst at the same time safeguarding the rights of refugees to seek asylum. Country case studies in the book are drawn from France, Germany, Greece, Hungary, Italy, Netherlands, Poland, Spain, Sweden, and the United Kingdom; representing states with long histories of immigration, countries with a more recent refugee arrivals, and countries that want to keep refugees at bay and refuse to admit even the smallest number of asylum seekers. Contributors in the book explore the roles which national and local governments, civil society, and community leaders play in these debates and practices, and ask what strategies are being used to educate refugees about European values, and to facilitate their integration. At a time when debates on refugees and European norms continue to rage, this book provides an important interdisciplinary analysis which will be of interest to European policy makers, and researchers across the fields of migration, law, philosophy, anthropology, sociology, and political science""--"
906,Everyone who is gone is here :,"""An epic, heartbreaking, and deeply reported history of the disastrous humanitarian crisis at the southern border that tells the story of the migrants forced to risk everything and the policy makers determining their fate""--"
906,Expatriates in China :,"""The number of Western expatriates in China has grown exponentially over the past three decades, and their ability to manage cross-cultural relations has become increasingly crucial: to date, China ranks second amongst the international destinations for expatriation, occupying the top position in terms of challenges faced by expatriates and failure of assignments. Expatriates in China, aimed at both scholars and business professionals, draws from academic literature and explores the world of Western expatriates in the Chinese business context through the author's first-hand experience as an expatriate in conjunction with testimonials from interviewees. This study analyses numerous factors that can affect Western expatriates and their performance in China from the selection stage until after repatriation: pre-arrival linguistic and cultural training, expatriate recruitment and selection, culture shock, matters of international human resources management, expatriate identity issues, work practices, understanding 'the Chinese way' and the effective management of expatriate repatriation. ""--"
906,Greeks without Greece :,"Faced with discrimination in Turkey, the Greeks of Istanbul and Imbros overwhelmingly left the country of their birth in the years c.1940-1980 to resettle in Greece, where they received something of a lukewarm reception from the government and segments of the population. This book explores the myriad ways in which the expatriated Greeks of Turkey daily understand their contemporary difficulties through the lens of historical experience, and reimagine the past according to present concerns and conceptions. It demonstrates how the Greeks of Turkey draw upon the particularities of their own local heritages in order simultaneously to establish their legitimacy as residents of Greece and maintain a sense of their distinctiveness vis-a-vis other Greeks; and how expatriate memory activists respond to their persecution in Turkey and their marginalisation in Greece by creating linkages between their experiences and both Greek national history and the histories of other persecuted communities. Greeks without Greece shows that in a broad spectrum of different domains - from commemorative ceremonies and the minutiae of citizenship to everyday expressions of national identity and stereotypes about others - the past is a realm of active and varied use capable of sustaining multiple and changeable identities, memories, and meanings."
906,Home away from home :,"Home Away from Home: Immigrant Narratives, Domesticity, and Coloniality in Contemporary Spanish Culture examines ideological, emotional, economic, and cultural phenomena brought about by migration through readings of works of literature and film featuring domestic workers. In the past thirty years, Spain has experienced a massive increase in immigration. Since the 1990s, immigrants have been increasingly female, as bilateral trade agreements, migration quotas, and immigration policies between Spain and its former colonies (including the Dominican Republic, Ecuador, Equatorial Guinea, and the Philippines) have created jobs for foreign women in the domestic service sector. These migrations reveal that colonial histories continue to be structuring elements of Spanish national culture, even in a democratic era in which its former colonies are now independent. Migration has also transformed the demographic composition of Spain and has created complex new social relations around the axes of gender, race, and nationality. Representations of migrant domestic workers provide critical responses to immigration and its feminization, alongside profound engagements with how the Spanish nation has changed since the end of the Franco era in 1975. Throughout Home Away from Home, readings of works of literature and film show that texts concerning the transnational nature of domestic work uniquely provide a nuanced account of the cultural shifts occurring in late twentieth- through twenty-first-century Spain."
906,Human cargo :,
906,The immigrant war :,
906,Immigrants and their children in the United States :,
906,Immigration and acculturation :,
906,Ingredients in meat products :,
906,The Iraqi refugees :,"Since 2003, over 4 million Iraqis have been forced to flee their homes, in what amounts to one of the largest people movements in modern times, far exceeding the Palestinian outflow after 1948. Despite media reports of an improved security situation in Iraq, the majority of refugees are still afraid to return. The social, economic, political and security consequences of such an event are huge. In this rigorous and timely book, Joseph Sassoon explores the underlying trends of Iraq's refugee flow: which class, ethnic and sectarian groups are going where and how. Based on extensive original research, he examines the economic impact of this exodus on Iraq itself, and on the host countries of the region: Jordan, Syria and Lebanon. He analyzes international policy on the refugee issue, and assesses the options for return and resettlement. The Iraqi Refugees is the first definitive guide to what will come to be seen as one of the most significant issues affecting the Middle East."
906,"Job loss, identity, and mental health /","Our jobs are often a big part of our identities, and when we are fired, we can feel confused, hurt, and powerless - at sea in terms of who we are. Drawing on extensive, real-life interviews, Job Loss, Identity, and Mental Health shines a light on the experiences of unemployed, middle-class professional men and women, showing how job loss can affect both identity and mental health."
906,Migrant and refugee integration in Mexico :,"""Although Mexican emigration to the U.S. is still relevant, it has also become a return, transit, and recipient country for thousands of refugees. Now, many of these migrants, refugees, and their families stay on Mexican soil territory, trying to integrate within Mexican society. This volume brings together leading experts in Mexico and covers the political dimension of integration for migrants in Mexico analysing integration policies, civil society efforts, and public opinion from various angles. In this context, many questions arise. Among the most relevant: What has the federal government done to assist these migrant groups, who often arrive in conditions of great vulnerability? What policies have been implemented at the sub-national level of government to adequately integrate these population groups? What actions have been implemented by other local actors, such as civil society organizations? What do Mexicans think about newcomers? Immigrant Integration in Mexico will be of interest to students and scholars across a range of disciplines including International Relations, Development Studies, Anthropology, International Studies, Sociology, and Latin American Studies""--"
906,Migrant Britain :,
906,Migrant mobilization and securitization in the US and Europe :,
906,Migrants and militants /,"""France's leading philosopher gives a powerful account of our obligations to migrants""--"
906,Migrants and the making of the urban-maritime world :,"""This volume explores the mutually transformative relations between migrants and port cities. Throughout the ages of sail and steam, port cities served as nodes of long-distance transmissions and exchanges. Commercial goods, people, animals, seeds, bacteria and viruses; technological and scientific knowledge and fashions all arrived in, and moved through, these microcosms of the global. Migrants made vital contributions to the construction of the urban-maritime world in terms of the built environment, the particular sociocultural milieu, and contemporary representations of these spaces. Port cities, in turn, conditioned the lives of these mobile people, be they seafarers, traders, passers-through, or people in search of a new home. By focusing on migrants-their actions and how they were acted upon-the authors seek to capture the contradictions and complexities that characterized port cities: mobility and immobility, acceptance and rejection, nationalism and cosmopolitanism, diversity and homogeneity, segregation and interaction. The book offers a wide geographical perspective, covering port cities on three continents. Its chapters deal with agency in a widened sense, considering the activities of individuals and collectives as well as the decisive impact of sailing and steamboats, trains, the built environment, goods or microbes in shaping urban-maritime spaces""--"
906,Migration and security in the global age :,"The book illustrates that within this globalised world, migrants have become key actors, living in the spaces between states, as well as within them. Arguing that migrants and their descendants are vital and complex constituencies for the achievement of security in this global age, the volume uses a number of case studies, including Palestinian, Sri Lankan, Irish and Somali diaspora communities, to explore the different ways that such groups intersect with issues of security, and how these attitudes and behaviours have evolved in the context of political transnationalism and the global economy.Comparative and econometric studies of migration can provide a wide lens but at times fail to capture the depth and complexity of these communities and attitudes within them. At the same time, empirically focused studies are often case-specific and, while rich in local detail, lack comparative breadth or the ability to make connections and see irregularities across a number of contexts that might be of interest to scholars beyond that specific area. This book connects these literatures together more thoroughly. In particular, it demonstrates that political, cultural, economic and social factors all play important roles in helping us understand the actual (and potential) roles of migrant communities in conflict and the establishment of sustainable security within contemporary society. Lastly, given this context, the book seeks to examine the challenges and opportunities that exist, for such a sustainable security strategy to be developed."
906,Narratives of forced mobility and displacement in contemporary literature and culture /,
906,The new odyssey :,"Europe is facing a wave of migration unmatched since the end of World War II - and no one has reported on this crisis in more depth or breadth than the Guardian's migration correspondent, Patrick Kingsley. Throughout 2015, Kingsley travelled to 17 countries along the migrant trail, meeting hundreds of refugees making epic odysseys across deserts, seas and mountains to reach the holy grail of Europe. This is Kingsley's unparalleled account of who these voyagers are. It's about why they keep coming, and how they do it. It's about the smugglers who help them on their way, and the coastguards who rescue them at the other end. The volunteers that feed them, the hoteliers that house them, and the border guards trying to keep them out. And the politicians looking the other way."
906,Newcomers and global migration in contemporary South Korea :,"""This book analyzes the intersections of race, class, gender and inequalities in global migration through an examination of migration policies and migrants in South Korea from undocumented workers to white elite migrants. The chapters reveal the differentiation and divergence of migration experiences due to race, class, gender, and place of origin""--"
906,Nomadic societies in the Middle East and North Africa :,"A scholarly volume devoted to an understanding of contemporary nomadic and pastoral societies in the Middle East and North Africa. This volume recognizes the variable mobile quality of the ways of life of these societies which persist in accommodating the 'nation-state' of the 20th and 21st century but remain firmly transnational and highly adaptive. Composed of four sections around the theme of contestation it includes examinations of contested authority and power, space and social transformation, development and economic transformation, and cultures and engendered spaces."
906,Nomadism in Iran :,"The classic images of Iranian nomads in circulation today and in years past suggest that Western awareness of nomadism is a phenomenon of considerable antiquity. Though nomadism has certainly been a key feature of Iranian history, it has not been in the way most modern archaeologists have envisaged it. Nomadism in Iran recasts our understanding of this ""timeless"" tradition.Far from constituting a natural adaptation on the Iranian Plateau, nomadism is a comparatively late introduction, which can only be understood within the context of certain political circumstances. Since the early Holocene, most, if not all, agricultural communities in Iran had kept herds of sheep and goat, but the communities themselves were sedentary: only a few of their members were required to move with the herds seasonally. Though the arrival of Iranian speaking groups, attested in written sources beginning in the time of Herodutus, began to change the demography of the plateau, it wasn't until later in the eleventh century that an influx of Turkic speaking Oghuz nomadic groups--""true"" nomads of the steppe--began the modification of the demography of the Iranian Plateau that accelerated with the Mongol conquest. The massive, unprecedented violence of this invasion effected the widespread distribution of largely Turkic-speaking nomadic groups across Iran. Thus, what has beeninterpreted in the past as an enduring pattern of nomadic land use is, by archaeological standards, very recent. Iran's demographic profile since the eleventh century AD, and more particularly in the nineteenth and twentieth centuries, has been used by some scholars as a proxy for ancient social organization. Nomadism in Iran argues that this modernist perspective distorts the historical reality of the land. Assembling a wealth of material in several languages and disciplines, Nomadism in Iran will be invaluable to archaeologists, anthropologists, and historians of the Middle East and Central Asia."
906,Nomads as agents of cultural change :,
906,Nor is it over yet :,
906,Ossian Bingley Hart :,
906,Portraits of the eighteenth century :,
906,Putting family first :,"""When migrants reach their new home, we often interpret their settlement and integration as an individual process driven largely by the labour market. But family plays a crucial role. Putting Family First is the fruit of a four-year academic-community partnership to investigate the experience of immigrant families settling in Greater Toronto. Contributors explore the integration trajectory of immigrant families, from newcomers' initial reception to their deep involvement in and attachment to their receiving society. Chapters examine the interrelated themes of the policy environment, children and youth, gender, labour markets and work, and community supports, making insightful connections between concepts such as neoliberalism, resilience, and social capital. Putting Family First applies rigorous academic research to solve practical problems, illustrating how the family context can be mobilized to facilitate the successful integration of newcomers and offering important guidance to practitioners and policy-makers in Canada and beyond.""--"
906,Queer studies :,
906,Refugees :,"Refugees and other forced migrants are one of the great contemporary challenges the world is confronting. Throughout the world people leave their home countries to escape war, natural disasters, and cultural and political oppression. Unfortunately, even today, the international community struggles to provide an adequate response to this vast population in need. a."
906,Refugees and the violence of welfare bureaucracies in northern Europe /,"Refugees have moved into the spotlight of public debate in Europe and North America, where they are targeted by multiple welfare state interventions. This volume analyses the tensions that emerge within the strong welfare states of Northern Europe when faced with an increased immigration of protection-seeking people. Examining the encounter between refugees and the welfare states, this book explores the daily strategies and experiences of newly settled groups and the role of media discourses and welfare policies in shaping those experiences.Building on both textual analyses and ethnographic fieldwork in welfare institutions, asylum centres, and refugee communities, this volume provides an in-depth understanding of the complex realities faced by refugees: deterrence and categorisation, struggle and success, mobility and stagnation. As social phenomena, Northern Europe's asylum systems and integration programmes must be understood in the context of the bureaucratisation of everyday life."
906,"Refugees in Europe, 1919-1959 :","This volume offers a new history of Europe's mid-20th century as seen through the lens of its recurrent refugee crises. Borrowing from and adapting E. H. Carr's The Twenty Years' Crisis, the editors of this volume conceive of the two post-war eras as a single 'forty years' crisis', which enables them not only to explore the continuities and disjunctures across the period but also to challenge established historiographical certainties and master narratives. As the essays in this volume show, the story of the 'forty years' crisis' can be told in very different ways: as one of upheaval, disintegration and suffering, or as one of newly emerging national and international solutions and possibilities; as a 'top-down' history of nations, institutions and policies, or as a 'bottom-up' history of refugees, relief workers and refugee advocates; by assessing the historical developments themselves or their historiographical afterlives. This volume is unique in that it brings these different perspectives together and provides a coherent intellectual framework within which they can be made sense of."
906,Resisting the dehumanization of refugees /,"Refugees face distinct challenges and are often subject to dehumanization by politicians, media, and the public. In this context, Resisting the Dehumanization of Refugees provides urgent insights and policy relevant perspectives to improve refugees' social well-being and integration. Taking a transdisciplinary approach, scholars from the social sciences, arts, and humanities, alongside practitioners and refugees, explore what it means to experience dehumanization. They consider how refugees' experiences of dehumanization inform both epistemological and practical approaches to humanizing (or re-humanizing) refugees before, during, and after resettlement. By addressing these important issues, contributors marshall rich and multidimensional responses that draw upon our shared humanity and reveal new possibilities for change."
906,Solomon's vineyard :,
906,The Song of Songs :,"""The Song of Songs has been embraced for centuries as the ultimate song of love. But the kind of love readers have found in this ancient poem is strikingly varied. Ilana Pardes invites us to explore the dramatic shift from readings of the Song as a poem on divine love to celebrations of its exuberant account of human love. With a refreshingly nuanced approach, she reveals how allegorical and literal interpretations are inextricably intertwined in the Song's tumultuous life. The body in all its aspects -- pleasure and pain, even erotic fervor -- is key to many allegorical commentaries. And although the literal, sensual Song thrives in modernity, allegory has not disappeared. New modes of allegory have emerged in modern settings, from the literary and the scholarly to the communal. Offering rare insights into the story of this remarkable poem, Pardes traces a diverse line of passionate readers. She looks at Jewish and Christian interpreters of late antiquity who were engaged in disputes over the Song's allegorical meaning, at medieval Hebrew poets who introduced it into the opulent world of courtly banquets, and at kabbalists who used it as a springboard to the celestial spheres. She shows how feminist critics have marveled at the Song's egalitarian representation of courtship, and how it became a song of America for Walt Whitman, Herman Melville, and Toni Morrison. Throughout these explorations of the Song's reception, Pardes highlights the unparalleled beauty of its audacious language of love."" --"
906,The Song of songs and the fashioning of identity in early Latin Christianity /,
906,Theorising integration and assimilation /,"Theorising Integration and Assimilation discusses the current theories of integration and assimilation, particularly those focused on the native-born children of immigrants, the second generation. Using empirical research to challenge many of the dominant perspectives on the assimilation of immigrants and their children in the western world in political and media discourse, the book covers a wide range of topics including: transatlantic perspectives and a focus on the lessons to be mutually learnt from American and European approaches to integration and assimilation; rich empirical data on the assimilation/integration of second generations in various contexts; a new theoretical approach to integration processes in urban settings on both sides of the Atlantic. This volume brings together leading scholars in Migration and Integration Studies to provide a summary of the central theories in this area. It will be an important introduction for scholars, researchers and students of Migration, Integration, and Ethnic Studies. This book was originally published as a special issue of Ethnic and Racial Studies."
906,Understanding inequalities :,
906,Villainy in Western culture :,"""This book explores how western societies have used villains to sort insiders from outsiders and establish behavioral norms to support harmony and well-being. The author also discusses two related phenomena: the dramatic paring down of what is considered villainous in the West, and the proliferation of over-the-top villains in pop culture and mass media""--"
906,Villainy in Western culture :,"""This book explores how western societies have used villains to sort insiders from outsiders and establish behavioral norms to support harmony and well-being. The author also discusses two related phenomena: the dramatic paring down of what is considered villainous in the West, and the proliferation of over-the-top villains in pop culture and mass media""--"
906,What's new about the "new" Immigration? :,"""Historians commonly point to the 1965 Immigration and Nationality Act as the inception of a new chapter in the story of American immigration. Whereas the previous system (itself based on the Immigration Act of 1924) limited newcomers and gave priority to applicants from northwestern Europe, the 1965 measure eliminated national quotas and took into account education, jobs, and professional. As a result, the national and ethnic profile of immigrants to the U.S. changed dramatically, including large numbers of arrivals from the Caribbean, Central America, South America, South Asia, East Asia, Africa, the Middle East, and the former Soviet Union. This wide-ranging interdisciplinary volume brings together scholars from varied disciplines to probe this subject, considering what is genuinely new about post-1965 immigration (both documented and undocumented), and what continuities have persisted. The result is a rich and nuanced portrait of American society in the twentieth and twenty-first centuries, one that has been defined not simply by the fortunes of postwar liberalism, but also by the fall of the Soviet Union and the War on Terrorism""--"
991,Behar proverbs /,
991,"Cities, citadels and sights of the Near East :",
991,Discourses of empire and commonwealth /,"""In Discourses of Empire and Commonwealth a range of prominent writers and critics reflect on the legacy of imperialism and the role of writers in forging a new, more cosmopolitan identity. The contributors, writing about a wide range of countries, affirm the freedom of the human spirit, even within unjust or oppressive social systems. They show the power of words to illuminate injustices and unite different peoples. Salman Rushdie famously declared that Commonwealth Literature has had its day: this book provides a vital antidote to this idea. Editors Sandra Robinson and Alastair Niven have put together this mixture of personal reflections, critical overviews, historical re-evaluations and creative works to illustrate the vitality of this genre.""--"
991,Ginostra /,
991,Gothic literature /,
991,Indonesia :,
991,Indonesia /,
991,Iris Murdoch :,"Dame Iris Murdoch, a literary giant, has been pivotal in English culture for nearly five decades. A.S. Byatt lauds her as 'absolutely central'. Her life, as a novelist, thinker, and private individual, holds great significance. The term 'Murdochian' describes intricate, strange interactions among small groups. Her life, like Virginia Woolf's, is emotionally captivating but less known. It's been adventurous, filled with intense emotional and intellectual experiences. Her books depict a real world, both toned down and mythicized. Peter Conradi, close to Murdoch and her husband, offers an intimate, meticulous account of her formative years. Her life, amidst leading European and British intellectuals, was marked by extraordinary passions and profound relationships. This biography, drawing from diaries, papers, and recollections, is a comprehensive history of a generation that has deeply influenced our world."
991,Key concepts in postcolonial literature /,
991,Key concepts in postcolonial literature =,
991,New developments in postcolonial studies /,
991,The Oxford handbook of early Southeast Asia /,"""Southeast Asia is one of the most significant regions in the world for tracing human prehistory over a period of 2 million years. Migrations from the African homeland saw settlement by Homo erectus and Homo floresiensis. Anatomically Modern Humans reached Southeast Asia at least 60,000 years ago to establish a hunter-gatherer tradition, adapting as climatic change saw sea levels fluctuate by over 100 metres. From about 2000 BC, settlement was affected by successive innovations that took place to the north and west. The first rice and millet farmers came by riverine and coastal routes to integrate with indigenous hunters. A millennium later, knowledge of bronze casting penetrated along similar pathways. Copper mines were identified, and metals were exchanged over hundreds of kilometres as elites commanded access to this new material. This Bronze Age ended with the rise of a maritime exchange network that circulated new ideas, religions and artefacts with adjacent areas of present-day India and China. Port cities were founded as knowledge of iron forging rapidly spread, as did exotic ornaments fashioned from glass, carnelian, gold and silver. In the Mekong Delta, these developments led to an early transition into the state known as Funan. However, the transition to early states in inland regions arose as a sharp decline in monsoon rains stimulated an agricultural revolution involving permanent ploughed rice fields. These twin developments illuminate how the great early kingdoms of Angkor, Champa and Central Thailand came to be, a vital stage in understanding the roots of modern states""--"
991,The Philippines /,
991,The syntax of the Albanian verb complex /,"This work, first published in 1985, is an analysis of the syntax of the Albanian verb complex. The term ""verb complex"" is defined here as the verb stem and its conjugational endings, together with the perfect auxiliaries and verb clitics. In a wider sense the verb includes the verb and its central arguments: subject, direct object, and indirect object. The analysis is presented in a somewhat expanded version of the relational grammar framework of Perlmutter and Postal (1977). It is argued that by assuming the existence of multiple levels in the syntactic structure of a clause, it is possible to account for the distribution of active and non-active verb forms over the various constructions of Albanian with a single generalisation. This title will be of interest to students of language and linguistics."
991,Teach me how to whisper :,"""This is the first book of Albanian poet Gjeke Marinaj's work available in English. The poems cover a vast array of subjects, from rebellious anthems of freedom to Nostos, the longing for home""--"
991,Teach me how to whisper :,"""This is the first book of Albanian poet Gjeke Marinaj's work available in English. The poems cover a vast array of subjects, from rebellious anthems of freedom to Nostos, the longing for home""--"
