DDC,Title,description,remark
0,New Studies in general knowledge for young readers: Historical Development and Key Themes,"This volume introduces general knowledge for young readers, with particular attention to its historical development. It places the subject within the broader field of general works and introductory knowledge and explains how evidence, interpretation, and practice shape the field. By combining historical background with close discussion of representative examples. The discussion also highlights connections with related fields and points to further avenues of study.",ai-generated
36,Reading knowledge organization: Historical Development and Key Themes,"The volume brings together research on knowledge organization, with particular attention to its historical development. It places the subject within the broader field of reference works and encyclopedic knowledge and explains how evidence, interpretation, and practice shape the field. By placing specialized questions within a broader cultural and intellectual setting. The result is a focused reference work that combines context, analysis, and practical orientation.",ai-generated
36,Researching reference skills: Concepts and Terminology,"The study traces reference skills, with particular attention to its major concepts and terminology. It places the subject within the broader field of reference works and encyclopedic knowledge and explains how evidence, interpretation, and practice shape the field. With attention to the ways the subject has changed across periods, regions, and communities. Examples are used throughout to clarify terminology and demonstrate how the larger themes can be applied.",ai-generated
36,Contexts of visual dictionaries: Methods of Study,"This volume introduces visual dictionaries, with particular attention to its methods of study and interpretation. It places the subject within the broader field of reference works and encyclopedic knowledge and explains how evidence, interpretation, and practice shape the field. With attention to the ways the subject has changed across periods, regions, and communities. The discussion also highlights connections with related fields and points to further avenues of study.",ai-generated
39,"Reading travel accounts: Texts, Practices, and Examples","The collection focuses on travel accounts, with particular attention to its representative texts, practices, or examples. It places the subject within the broader field of customs, travel, folklore, and cultural traditions and explains how evidence, interpretation, and practice shape the field. Through a balanced discussion of evidence, methods, and competing interpretations. Short sections make the material useful to students, researchers, and general readers.",ai-generated
50,A Guide to periodical research: Methods of Study,"This collection explores periodical research, with particular attention to its methods of study and interpretation. It places the subject within the broader field of serial publications, magazines, and periodicals and explains how evidence, interpretation, and practice shape the field. By placing specialized questions within a broader cultural and intellectual setting. The discussion also highlights connections with related fields and points to further avenues of study.",ai-generated
50,"The Making of periodical research: Texts, Practices, and Examples","The volume brings together research on periodical research, with particular attention to its representative texts, practices, or examples. It places the subject within the broader field of serial publications, magazines, and periodicals and explains how evidence, interpretation, and practice shape the field. Through a balanced discussion of evidence, methods, and competing interpretations. Taken together, the chapters provide a varied view of the field without assuming specialist knowledge.",ai-generated
62,The Making of organizational history: Methods of Study,"The study traces organizational history, with particular attention to its methods of study and interpretation. It places the subject within the broader field of organizations, associations, and institutional history and explains how evidence, interpretation, and practice shape the field. While showing how established ideas continue to shape present-day scholarship and practice. Taken together, the chapters provide a varied view of the field without assuming specialist knowledge.",ai-generated
62,"Contexts of organizational history: Texts, Practices, and Examples","This volume introduces organizational history, with particular attention to its representative texts, practices, or examples. It places the subject within the broader field of organizations, associations, and institutional history and explains how evidence, interpretation, and practice shape the field. With attention to the ways the subject has changed across periods, regions, and communities. Examples are used throughout to clarify terminology and demonstrate how the larger themes can be applied.",ai-generated
62,institutional networks: Change Across Periods and Regions,"This collection explores institutional networks, with particular attention to its changes across periods and regions. It places the subject within the broader field of organizations, associations, and institutional history and explains how evidence, interpretation, and practice shape the field. With attention to the ways the subject has changed across periods, regions, and communities. Taken together, the chapters provide a varied view of the field without assuming specialist knowledge.",ai-generated
62,Contexts of institutional networks: Connections with Related Fields,"The volume brings together research on institutional networks, with particular attention to its relationships with neighboring fields. It places the subject within the broader field of organizations, associations, and institutional history and explains how evidence, interpretation, and practice shape the field. While showing how established ideas continue to shape present-day scholarship and practice. Examples are used throughout to clarify terminology and demonstrate how the larger themes can be applied.",ai-generated
63,"Approaches to ancient civilizations: Texts, Practices, and Examples","The collection focuses on ancient civilizations, with particular attention to its representative texts, practices, or examples. It places the subject within the broader field of archaeology, numismatics, and antiquities and explains how evidence, interpretation, and practice shape the field. While showing how established ideas continue to shape present-day scholarship and practice. Taken together, the chapters provide a varied view of the field without assuming specialist knowledge.",ai-generated
65,Exploring academic societies: Connections with Related Fields,"This study examines academic societies, with particular attention to its relationships with neighboring fields. It places the subject within the broader field of libraries, museums, and cultural organizations and explains how evidence, interpretation, and practice shape the field. By combining historical background with close discussion of representative examples. The discussion also highlights connections with related fields and points to further avenues of study.",ai-generated
65,Researching cultural networks: Current Scholarly Debates,"The book surveys cultural networks, with particular attention to its current scholarly debates. It places the subject within the broader field of libraries, museums, and cultural organizations and explains how evidence, interpretation, and practice shape the field. By combining historical background with close discussion of representative examples. The result is a focused reference work that combines context, analysis, and practical orientation.",ai-generated
65,The Making of cultural networks: Teaching and Introductory Use,"This accessible guide considers cultural networks, with particular attention to its teaching and introductory use. It places the subject within the broader field of libraries, museums, and cultural organizations and explains how evidence, interpretation, and practice shape the field. While showing how established ideas continue to shape present-day scholarship and practice. The discussion also highlights connections with related fields and points to further avenues of study.",ai-generated
65,Critical Studies in public cultural institutions: Institutions and Communities,"The collection focuses on public cultural institutions, with particular attention to its the role of institutions and communities. It places the subject within the broader field of libraries, museums, and cultural organizations and explains how evidence, interpretation, and practice shape the field. While showing how established ideas continue to shape present-day scholarship and practice. The result is a focused reference work that combines context, analysis, and practical orientation.",ai-generated
65,Questions in museums and archives: Theory and Practice,"This study examines museums and archives, with particular attention to its connections between theory and practice. It places the subject within the broader field of libraries, museums, and cultural organizations and explains how evidence, interpretation, and practice shape the field. With attention to the ways the subject has changed across periods, regions, and communities. Taken together, the chapters provide a varied view of the field without assuming specialist knowledge.",ai-generated
65,Reading cultural networks: Material and Cultural Contexts,"The book surveys cultural networks, with particular attention to its material and cultural contexts. It places the subject within the broader field of libraries, museums, and cultural organizations and explains how evidence, interpretation, and practice shape the field. While showing how established ideas continue to shape present-day scholarship and practice. Short sections make the material useful to students, researchers, and general readers.",ai-generated
65,Questions in professional organizations: Questions for Further Research,"This accessible guide considers professional organizations, with particular attention to its questions raised by recent research. It places the subject within the broader field of libraries, museums, and cultural organizations and explains how evidence, interpretation, and practice shape the field. While showing how established ideas continue to shape present-day scholarship and practice. The discussion also highlights connections with related fields and points to further avenues of study.",ai-generated
73,Approaches to public figures: Concepts and Terminology,"This study examines public figures, with particular attention to its major concepts and terminology. It places the subject within the broader field of journalism, public communication, and military history and explains how evidence, interpretation, and practice shape the field. While showing how established ideas continue to shape present-day scholarship and practice. Short sections make the material useful to students, researchers, and general readers.",ai-generated
73,Contexts of news during conflict: Methods of Study,"The book surveys news during conflict, with particular attention to its methods of study and interpretation. It places the subject within the broader field of journalism, public communication, and military history and explains how evidence, interpretation, and practice shape the field. Through a balanced discussion of evidence, methods, and competing interpretations. Taken together, the chapters provide a varied view of the field without assuming specialist knowledge.",ai-generated
73,"Perspectives on news during conflict: Texts, Practices, and Examples","This accessible guide considers news during conflict, with particular attention to its representative texts, practices, or examples. It places the subject within the broader field of journalism, public communication, and military history and explains how evidence, interpretation, and practice shape the field. With attention to the ways the subject has changed across periods, regions, and communities. Examples are used throughout to clarify terminology and demonstrate how the larger themes can be applied.",ai-generated
73,Reading war reporting: Change Across Periods and Regions,"The collection focuses on war reporting, with particular attention to its changes across periods and regions. It places the subject within the broader field of journalism, public communication, and military history and explains how evidence, interpretation, and practice shape the field. By placing specialized questions within a broader cultural and intellectual setting. Examples are used throughout to clarify terminology and demonstrate how the larger themes can be applied.",ai-generated
73,Exploring public figures: Connections with Related Fields,"This study examines public figures, with particular attention to its relationships with neighboring fields. It places the subject within the broader field of journalism, public communication, and military history and explains how evidence, interpretation, and practice shape the field. Through a balanced discussion of evidence, methods, and competing interpretations. Examples are used throughout to clarify terminology and demonstrate how the larger themes can be applied.",ai-generated
73,Contexts of war reporting: Current Scholarly Debates,"The book surveys war reporting, with particular attention to its current scholarly debates. It places the subject within the broader field of journalism, public communication, and military history and explains how evidence, interpretation, and practice shape the field. With attention to the ways the subject has changed across periods, regions, and communities. The result is a focused reference work that combines context, analysis, and practical orientation.",ai-generated
79,cross-cultural media in Context: Teaching and Introductory Use,"The collection focuses on cross-cultural media, with particular attention to its teaching and introductory use. It places the subject within the broader field of communication, translation, and mass media and explains how evidence, interpretation, and practice shape the field. By combining historical background with close discussion of representative examples. Examples are used throughout to clarify terminology and demonstrate how the larger themes can be applied.",ai-generated
79,Researching cross-cultural media: Institutions and Communities,"This study examines cross-cultural media, with particular attention to its the role of institutions and communities. It places the subject within the broader field of communication, translation, and mass media and explains how evidence, interpretation, and practice shape the field. By placing specialized questions within a broader cultural and intellectual setting. Short sections make the material useful to students, researchers, and general readers.",ai-generated
79,Modern Studies in communication theory: Theory and Practice,"The book surveys communication theory, with particular attention to its connections between theory and practice. It places the subject within the broader field of communication, translation, and mass media and explains how evidence, interpretation, and practice shape the field. With attention to the ways the subject has changed across periods, regions, and communities. Taken together, the chapters provide a varied view of the field without assuming specialist knowledge.",ai-generated
79,The Making of journalism and communication: Material and Cultural Contexts,"This accessible guide considers journalism and communication, with particular attention to its material and cultural contexts. It places the subject within the broader field of communication, translation, and mass media and explains how evidence, interpretation, and practice shape the field. While showing how established ideas continue to shape present-day scholarship and practice. Short sections make the material useful to students, researchers, and general readers.",ai-generated
79,Questions in media exchange: Questions for Further Research,"The collection focuses on media exchange, with particular attention to its questions raised by recent research. It places the subject within the broader field of communication, translation, and mass media and explains how evidence, interpretation, and practice shape the field. By combining historical background with close discussion of representative examples. The discussion also highlights connections with related fields and points to further avenues of study.",ai-generated
79,Perspectives on media exchange: Historical Development and Key Themes,"This study examines media exchange, with particular attention to its historical development. It places the subject within the broader field of communication, translation, and mass media and explains how evidence, interpretation, and practice shape the field. By combining historical background with close discussion of representative examples. Taken together, the chapters provide a varied view of the field without assuming specialist knowledge.",ai-generated
79,Exploring journalism and communication: Concepts and Terminology,"The book surveys journalism and communication, with particular attention to its major concepts and terminology. It places the subject within the broader field of communication, translation, and mass media and explains how evidence, interpretation, and practice shape the field. By combining historical background with close discussion of representative examples. Taken together, the chapters provide a varied view of the field without assuming specialist knowledge.",ai-generated
118,religious metaphysics: Material and Cultural Contexts,"The study traces religious metaphysics, with particular attention to its material and cultural contexts. It places the subject within the broader field of metaphysics and philosophical questions of existence and explains how evidence, interpretation, and practice shape the field. By combining historical background with close discussion of representative examples. Examples are used throughout to clarify terminology and demonstrate how the larger themes can be applied.",ai-generated
118,Exploring force and causation: Questions for Further Research,"This volume introduces force and causation, with particular attention to its questions raised by recent research. It places the subject within the broader field of metaphysics and philosophical questions of existence and explains how evidence, interpretation, and practice shape the field. By placing specialized questions within a broader cultural and intellectual setting. The result is a focused reference work that combines context, analysis, and practical orientation.",ai-generated
118,Exploring reason and existence: Historical Development and Key Themes,"This collection explores reason and existence, with particular attention to its historical development. It places the subject within the broader field of metaphysics and philosophical questions of existence and explains how evidence, interpretation, and practice shape the field. By combining historical background with close discussion of representative examples. Short sections make the material useful to students, researchers, and general readers.",ai-generated
164,Approaches to decision logic: Institutions and Communities,"The volume brings together research on decision logic, with particular attention to its the role of institutions and communities. It places the subject within the broader field of logic and formal reasoning and explains how evidence, interpretation, and practice shape the field. By placing specialized questions within a broader cultural and intellectual setting. The result is a focused reference work that combines context, analysis, and practical orientation.",ai-generated
164,Approaches to mathematical logic: Theory and Practice,"The study traces mathematical logic, with particular attention to its connections between theory and practice. It places the subject within the broader field of logic and formal reasoning and explains how evidence, interpretation, and practice shape the field. By combining historical background with close discussion of representative examples. Short sections make the material useful to students, researchers, and general readers.",ai-generated
164,symbolic logic in Context: Material and Cultural Contexts,"This volume introduces symbolic logic, with particular attention to its material and cultural contexts. It places the subject within the broader field of logic and formal reasoning and explains how evidence, interpretation, and practice shape the field. Through a balanced discussion of evidence, methods, and competing interpretations. The discussion also highlights connections with related fields and points to further avenues of study.",ai-generated
164,A Guide to logical systems: Questions for Further Research,"This collection explores logical systems, with particular attention to its questions raised by recent research. It places the subject within the broader field of logic and formal reasoning and explains how evidence, interpretation, and practice shape the field. With attention to the ways the subject has changed across periods, regions, and communities. The result is a focused reference work that combines context, analysis, and practical orientation.",ai-generated
182,Reading the rise of rational inquiry: Methods of Study,"The study traces the rise of rational inquiry, with particular attention to its methods of study and interpretation. It places the subject within the broader field of ancient greek philosophy and explains how evidence, interpretation, and practice shape the field. By combining historical background with close discussion of representative examples. The result is a focused reference work that combines context, analysis, and practical orientation.",ai-generated
182,"Reading Presocratic thought: Texts, Practices, and Examples","This volume introduces presocratic thought, with particular attention to its representative texts, practices, or examples. It places the subject within the broader field of ancient greek philosophy and explains how evidence, interpretation, and practice shape the field. With attention to the ways the subject has changed across periods, regions, and communities. The result is a focused reference work that combines context, analysis, and practical orientation.",ai-generated
182,Contexts of Presocratic thought: Change Across Periods and Regions,"This collection explores presocratic thought, with particular attention to its changes across periods and regions. It places the subject within the broader field of ancient greek philosophy and explains how evidence, interpretation, and practice shape the field. Through a balanced discussion of evidence, methods, and competing interpretations. The discussion also highlights connections with related fields and points to further avenues of study.",ai-generated
182,Questions in Greek cosmology: Connections with Related Fields,"The volume brings together research on greek cosmology, with particular attention to its relationships with neighboring fields. It places the subject within the broader field of ancient greek philosophy and explains how evidence, interpretation, and practice shape the field. Through a balanced discussion of evidence, methods, and competing interpretations. The discussion also highlights connections with related fields and points to further avenues of study.",ai-generated
183,"Reading Socratic ethics: Texts, Practices, and Examples","The collection focuses on socratic ethics, with particular attention to its representative texts, practices, or examples. It places the subject within the broader field of socrates and socratic philosophy and explains how evidence, interpretation, and practice shape the field. With attention to the ways the subject has changed across periods, regions, and communities. The discussion also highlights connections with related fields and points to further avenues of study.",ai-generated
183,The Making of Socratic irony: Change Across Periods and Regions,"This study examines socratic irony, with particular attention to its changes across periods and regions. It places the subject within the broader field of socrates and socratic philosophy and explains how evidence, interpretation, and practice shape the field. By combining historical background with close discussion of representative examples. The discussion also highlights connections with related fields and points to further avenues of study.",ai-generated
189,Reading cultural universals: Theory and Practice,"This accessible guide considers cultural universals, with particular attention to its connections between theory and practice. It places the subject within the broader field of modern and contemporary western philosophy and explains how evidence, interpretation, and practice shape the field. Through a balanced discussion of evidence, methods, and competing interpretations. The discussion also highlights connections with related fields and points to further avenues of study.",ai-generated
189,academic philosophy: Material and Cultural Contexts,"The collection focuses on academic philosophy, with particular attention to its material and cultural contexts. It places the subject within the broader field of modern and contemporary western philosophy and explains how evidence, interpretation, and practice shape the field. Through a balanced discussion of evidence, methods, and competing interpretations. Short sections make the material useful to students, researchers, and general readers.",ai-generated
189,A Guide to philosophical interpretation: Questions for Further Research,"This study examines philosophical interpretation, with particular attention to its questions raised by recent research. It places the subject within the broader field of modern and contemporary western philosophy and explains how evidence, interpretation, and practice shape the field. By combining historical background with close discussion of representative examples. The discussion also highlights connections with related fields and points to further avenues of study.",ai-generated
189,Exploring philosophy of education: Historical Development and Key Themes,"The book surveys philosophy of education, with particular attention to its historical development. It places the subject within the broader field of modern and contemporary western philosophy and explains how evidence, interpretation, and practice shape the field. Through a balanced discussion of evidence, methods, and competing interpretations. Examples are used throughout to clarify terminology and demonstrate how the larger themes can be applied.",ai-generated
189,Reading philosophy of education: Concepts and Terminology,"This accessible guide considers philosophy of education, with particular attention to its major concepts and terminology. It places the subject within the broader field of modern and contemporary western philosophy and explains how evidence, interpretation, and practice shape the field. With attention to the ways the subject has changed across periods, regions, and communities. Short sections make the material useful to students, researchers, and general readers.",ai-generated
189,The Making of philosophy of education: Methods of Study,"The collection focuses on philosophy of education, with particular attention to its methods of study and interpretation. It places the subject within the broader field of modern and contemporary western philosophy and explains how evidence, interpretation, and practice shape the field. By combining historical background with close discussion of representative examples. The result is a focused reference work that combines context, analysis, and practical orientation.",ai-generated
189,"Researching cultural universals: Texts, Practices, and Examples","This study examines cultural universals, with particular attention to its representative texts, practices, or examples. It places the subject within the broader field of modern and contemporary western philosophy and explains how evidence, interpretation, and practice shape the field. By placing specialized questions within a broader cultural and intellectual setting. Taken together, the chapters provide a varied view of the field without assuming specialist knowledge.",ai-generated
199,Questions in comparative philosophy: Teaching and Introductory Use,"The collection focuses on comparative philosophy, with particular attention to its teaching and introductory use. It places the subject within the broader field of other modern philosophical traditions and studies and explains how evidence, interpretation, and practice shape the field. With attention to the ways the subject has changed across periods, regions, and communities. Short sections make the material useful to students, researchers, and general readers.",ai-generated
216,Questions in resistance to evil: Historical Development and Key Themes,"This volume introduces resistance to evil, with particular attention to its historical development. It places the subject within the broader field of ethics and moral philosophy and explains how evidence, interpretation, and practice shape the field. While showing how established ideas continue to shape present-day scholarship and practice. The discussion also highlights connections with related fields and points to further avenues of study.",ai-generated
216,Selected Studies in human character and action: Concepts and Terminology,"This collection explores human character and action, with particular attention to its major concepts and terminology. It places the subject within the broader field of ethics and moral philosophy and explains how evidence, interpretation, and practice shape the field. Through a balanced discussion of evidence, methods, and competing interpretations. Examples are used throughout to clarify terminology and demonstrate how the larger themes can be applied.",ai-generated
216,A Guide to moral responsibility: Methods of Study,"The volume brings together research on moral responsibility, with particular attention to its methods of study and interpretation. It places the subject within the broader field of ethics and moral philosophy and explains how evidence, interpretation, and practice shape the field. Through a balanced discussion of evidence, methods, and competing interpretations. The result is a focused reference work that combines context, analysis, and practical orientation.",ai-generated
216,"Questions in ethics in society: Texts, Practices, and Examples","The study traces ethics in society, with particular attention to its representative texts, practices, or examples. It places the subject within the broader field of ethics and moral philosophy and explains how evidence, interpretation, and practice shape the field. With attention to the ways the subject has changed across periods, regions, and communities. Examples are used throughout to clarify terminology and demonstrate how the larger themes can be applied.",ai-generated
216,Researching moral responsibility: Change Across Periods and Regions,"This volume introduces moral responsibility, with particular attention to its changes across periods and regions. It places the subject within the broader field of ethics and moral philosophy and explains how evidence, interpretation, and practice shape the field. By placing specialized questions within a broader cultural and intellectual setting. Taken together, the chapters provide a varied view of the field without assuming specialist knowledge.",ai-generated
219,"Questions in piano teaching: Texts, Practices, and Examples","The book surveys piano teaching, with particular attention to its representative texts, practices, or examples. It places the subject within the broader field of applied arts, music instruction, and performance studies and explains how evidence, interpretation, and practice shape the field. With attention to the ways the subject has changed across periods, regions, and communities. Short sections make the material useful to students, researchers, and general readers.",ai-generated
219,Perspectives on violin instruction: Change Across Periods and Regions,"This accessible guide considers violin instruction, with particular attention to its changes across periods and regions. It places the subject within the broader field of applied arts, music instruction, and performance studies and explains how evidence, interpretation, and practice shape the field. With attention to the ways the subject has changed across periods, regions, and communities. Taken together, the chapters provide a varied view of the field without assuming specialist knowledge.",ai-generated
219,A Guide to artists and artistic training: Connections with Related Fields,"The collection focuses on artists and artistic training, with particular attention to its relationships with neighboring fields. It places the subject within the broader field of applied arts, music instruction, and performance studies and explains how evidence, interpretation, and practice shape the field. By combining historical background with close discussion of representative examples. Short sections make the material useful to students, researchers, and general readers.",ai-generated
219,New Studies in performance practice: Current Scholarly Debates,"This study examines performance practice, with particular attention to its current scholarly debates. It places the subject within the broader field of applied arts, music instruction, and performance studies and explains how evidence, interpretation, and practice shape the field. Through a balanced discussion of evidence, methods, and competing interpretations. The discussion also highlights connections with related fields and points to further avenues of study.",ai-generated
219,Exploring piano teaching: Teaching and Introductory Use,"The book surveys piano teaching, with particular attention to its teaching and introductory use. It places the subject within the broader field of applied arts, music instruction, and performance studies and explains how evidence, interpretation, and practice shape the field. While showing how established ideas continue to shape present-day scholarship and practice. Examples are used throughout to clarify terminology and demonstrate how the larger themes can be applied.",ai-generated
219,Practical Studies in artists and artistic training: Institutions and Communities,"This accessible guide considers artists and artistic training, with particular attention to its the role of institutions and communities. It places the subject within the broader field of applied arts, music instruction, and performance studies and explains how evidence, interpretation, and practice shape the field. By placing specialized questions within a broader cultural and intellectual setting. Taken together, the chapters provide a varied view of the field without assuming specialist knowledge.",ai-generated
221,Approaches to Hebrew Bible: Connections with Related Fields,"This accessible guide considers hebrew bible, with particular attention to its relationships with neighboring fields. It places the subject within the broader field of the bible and old testament studies and explains how evidence, interpretation, and practice shape the field. With attention to the ways the subject has changed across periods, regions, and communities. Short sections make the material useful to students, researchers, and general readers.",ai-generated
221,Perspectives on Septuagint studies: Current Scholarly Debates,"The collection focuses on septuagint studies, with particular attention to its current scholarly debates. It places the subject within the broader field of the bible and old testament studies and explains how evidence, interpretation, and practice shape the field. While showing how established ideas continue to shape present-day scholarship and practice. Short sections make the material useful to students, researchers, and general readers.",ai-generated
221,Approaches to biblical translation: Teaching and Introductory Use,"This study examines biblical translation, with particular attention to its teaching and introductory use. It places the subject within the broader field of the bible and old testament studies and explains how evidence, interpretation, and practice shape the field. While showing how established ideas continue to shape present-day scholarship and practice. Short sections make the material useful to students, researchers, and general readers.",ai-generated
221,biblical translation: Institutions and Communities,"The book surveys biblical translation, with particular attention to its the role of institutions and communities. It places the subject within the broader field of the bible and old testament studies and explains how evidence, interpretation, and practice shape the field. With attention to the ways the subject has changed across periods, regions, and communities. The result is a focused reference work that combines context, analysis, and practical orientation.",ai-generated
221,Questions in Hebrew Bible: Theory and Practice,"This accessible guide considers hebrew bible, with particular attention to its connections between theory and practice. It places the subject within the broader field of the bible and old testament studies and explains how evidence, interpretation, and practice shape the field. Through a balanced discussion of evidence, methods, and competing interpretations. Examples are used throughout to clarify terminology and demonstrate how the larger themes can be applied.",ai-generated
288,New Studies in religious liberalism: Historical Development and Key Themes,"This volume introduces religious liberalism, with particular attention to its historical development. It places the subject within the broader field of other christian denominations and liberal religious traditions and explains how evidence, interpretation, and practice shape the field. While showing how established ideas continue to shape present-day scholarship and practice. The discussion also highlights connections with related fields and points to further avenues of study.",ai-generated
288,Exploring liberal theology: Concepts and Terminology,"This collection explores liberal theology, with particular attention to its major concepts and terminology. It places the subject within the broader field of other christian denominations and liberal religious traditions and explains how evidence, interpretation, and practice shape the field. By placing specialized questions within a broader cultural and intellectual setting. The discussion also highlights connections with related fields and points to further avenues of study.",ai-generated
288,spiritual development: Methods of Study,"The volume brings together research on spiritual development, with particular attention to its methods of study and interpretation. It places the subject within the broader field of other christian denominations and liberal religious traditions and explains how evidence, interpretation, and practice shape the field. Through a balanced discussion of evidence, methods, and competing interpretations. The result is a focused reference work that combines context, analysis, and practical orientation.",ai-generated
288,"Changing Studies in spiritual development: Texts, Practices, and Examples","The study traces spiritual development, with particular attention to its representative texts, practices, or examples. It places the subject within the broader field of other christian denominations and liberal religious traditions and explains how evidence, interpretation, and practice shape the field. With attention to the ways the subject has changed across periods, regions, and communities. The discussion also highlights connections with related fields and points to further avenues of study.",ai-generated
288,New Studies in religious communities: Change Across Periods and Regions,"This volume introduces religious communities, with particular attention to its changes across periods and regions. It places the subject within the broader field of other christian denominations and liberal religious traditions and explains how evidence, interpretation, and practice shape the field. Through a balanced discussion of evidence, methods, and competing interpretations. The discussion also highlights connections with related fields and points to further avenues of study.",ai-generated
288,religious liberalism: Connections with Related Fields,"This collection explores religious liberalism, with particular attention to its relationships with neighboring fields. It places the subject within the broader field of other christian denominations and liberal religious traditions and explains how evidence, interpretation, and practice shape the field. By combining historical background with close discussion of representative examples. The discussion also highlights connections with related fields and points to further avenues of study.",ai-generated
288,Researching religious communities: Current Scholarly Debates,"The volume brings together research on religious communities, with particular attention to its current scholarly debates. It places the subject within the broader field of other christian denominations and liberal religious traditions and explains how evidence, interpretation, and practice shape the field. While showing how established ideas continue to shape present-day scholarship and practice. Examples are used throughout to clarify terminology and demonstrate how the larger themes can be applied.",ai-generated
288,Approaches to religious liberalism: Teaching and Introductory Use,"The study traces religious liberalism, with particular attention to its teaching and introductory use. It places the subject within the broader field of other christian denominations and liberal religious traditions and explains how evidence, interpretation, and practice shape the field. By combining historical background with close discussion of representative examples. Examples are used throughout to clarify terminology and demonstrate how the larger themes can be applied.",ai-generated
298,Contemporary Studies in religion and culture: Material and Cultural Contexts,"This collection explores religion and culture, with particular attention to its material and cultural contexts. It places the subject within the broader field of other religious traditions and cultural beliefs and explains how evidence, interpretation, and practice shape the field. While showing how established ideas continue to shape present-day scholarship and practice. Taken together, the chapters provide a varied view of the field without assuming specialist knowledge.",ai-generated
298,Reading religion and culture: Questions for Further Research,"The volume brings together research on religion and culture, with particular attention to its questions raised by recent research. It places the subject within the broader field of other religious traditions and cultural beliefs and explains how evidence, interpretation, and practice shape the field. Through a balanced discussion of evidence, methods, and competing interpretations. Examples are used throughout to clarify terminology and demonstrate how the larger themes can be applied.",ai-generated
298,Questions in religious communities: Historical Development and Key Themes,"The study traces religious communities, with particular attention to its historical development. It places the subject within the broader field of other religious traditions and cultural beliefs and explains how evidence, interpretation, and practice shape the field. Through a balanced discussion of evidence, methods, and competing interpretations. The discussion also highlights connections with related fields and points to further avenues of study.",ai-generated
298,Contexts of oral traditions: Concepts and Terminology,"This volume introduces oral traditions, with particular attention to its major concepts and terminology. It places the subject within the broader field of other religious traditions and cultural beliefs and explains how evidence, interpretation, and practice shape the field. By placing specialized questions within a broader cultural and intellectual setting. Examples are used throughout to clarify terminology and demonstrate how the larger themes can be applied.",ai-generated
298,ritual practice: Methods of Study,"This collection explores ritual practice, with particular attention to its methods of study and interpretation. It places the subject within the broader field of other religious traditions and cultural beliefs and explains how evidence, interpretation, and practice shape the field. By placing specialized questions within a broader cultural and intellectual setting. Taken together, the chapters provide a varied view of the field without assuming specialist knowledge.",ai-generated
298,"Researching religious communities: Texts, Practices, and Examples","The volume brings together research on religious communities, with particular attention to its representative texts, practices, or examples. It places the subject within the broader field of other religious traditions and cultural beliefs and explains how evidence, interpretation, and practice shape the field. Through a balanced discussion of evidence, methods, and competing interpretations. Short sections make the material useful to students, researchers, and general readers.",ai-generated
313,leveled reading in Context: Concepts and Terminology,"This study examines leveled reading, with particular attention to its major concepts and terminology. It places the subject within the broader field of elementary reading, children's literature, and youth materials and explains how evidence, interpretation, and practice shape the field. By placing specialized questions within a broader cultural and intellectual setting. Examples are used throughout to clarify terminology and demonstrate how the larger themes can be applied.",ai-generated
313,Perspectives on children's stories: Methods of Study,"The book surveys children's stories, with particular attention to its methods of study and interpretation. It places the subject within the broader field of elementary reading, children's literature, and youth materials and explains how evidence, interpretation, and practice shape the field. By combining historical background with close discussion of representative examples. Taken together, the chapters provide a varied view of the field without assuming specialist knowledge.",ai-generated
313,"A Guide to early readers: Texts, Practices, and Examples","This accessible guide considers early readers, with particular attention to its representative texts, practices, or examples. It places the subject within the broader field of elementary reading, children's literature, and youth materials and explains how evidence, interpretation, and practice shape the field. By placing specialized questions within a broader cultural and intellectual setting. The discussion also highlights connections with related fields and points to further avenues of study.",ai-generated
313,Exploring leveled reading: Change Across Periods and Regions,"The collection focuses on leveled reading, with particular attention to its changes across periods and regions. It places the subject within the broader field of elementary reading, children's literature, and youth materials and explains how evidence, interpretation, and practice shape the field. With attention to the ways the subject has changed across periods, regions, and communities. The discussion also highlights connections with related fields and points to further avenues of study.",ai-generated
313,Contexts of children's stories: Connections with Related Fields,"This study examines children's stories, with particular attention to its relationships with neighboring fields. It places the subject within the broader field of elementary reading, children's literature, and youth materials and explains how evidence, interpretation, and practice shape the field. By combining historical background with close discussion of representative examples. The result is a focused reference work that combines context, analysis, and practical orientation.",ai-generated
313,early readers in Context: Current Scholarly Debates,"The book surveys early readers, with particular attention to its current scholarly debates. It places the subject within the broader field of elementary reading, children's literature, and youth materials and explains how evidence, interpretation, and practice shape the field. By placing specialized questions within a broader cultural and intellectual setting. Short sections make the material useful to students, researchers, and general readers.",ai-generated
459,"The Making of language teaching: Texts, Practices, and Examples","The book surveys language teaching, with particular attention to its representative texts, practices, or examples. It places the subject within the broader field of romanian language and related language studies and explains how evidence, interpretation, and practice shape the field. By combining historical background with close discussion of representative examples. The result is a focused reference work that combines context, analysis, and practical orientation.",ai-generated
459,Practical Studies in language teaching: Change Across Periods and Regions,"This accessible guide considers language teaching, with particular attention to its changes across periods and regions. It places the subject within the broader field of romanian language and related language studies and explains how evidence, interpretation, and practice shape the field. By combining historical background with close discussion of representative examples. The discussion also highlights connections with related fields and points to further avenues of study.",ai-generated
459,A Guide to Romanian grammar: Connections with Related Fields,"The collection focuses on romanian grammar, with particular attention to its relationships with neighboring fields. It places the subject within the broader field of romanian language and related language studies and explains how evidence, interpretation, and practice shape the field. By combining historical background with close discussion of representative examples. The discussion also highlights connections with related fields and points to further avenues of study.",ai-generated
459,Contexts of syntax: Current Scholarly Debates,"This study examines syntax, with particular attention to its current scholarly debates. It places the subject within the broader field of romanian language and related language studies and explains how evidence, interpretation, and practice shape the field. By combining historical background with close discussion of representative examples. The discussion also highlights connections with related fields and points to further avenues of study.",ai-generated
459,A Guide to language teaching: Teaching and Introductory Use,"The book surveys language teaching, with particular attention to its teaching and introductory use. It places the subject within the broader field of romanian language and related language studies and explains how evidence, interpretation, and practice shape the field. Through a balanced discussion of evidence, methods, and competing interpretations. Short sections make the material useful to students, researchers, and general readers.",ai-generated
459,Contexts of historical Romanian: Institutions and Communities,"This accessible guide considers historical romanian, with particular attention to its the role of institutions and communities. It places the subject within the broader field of romanian language and related language studies and explains how evidence, interpretation, and practice shape the field. Through a balanced discussion of evidence, methods, and competing interpretations. The discussion also highlights connections with related fields and points to further avenues of study.",ai-generated
459,Researching syntax: Theory and Practice,"The collection focuses on syntax, with particular attention to its connections between theory and practice. It places the subject within the broader field of romanian language and related language studies and explains how evidence, interpretation, and practice shape the field. By placing specialized questions within a broader cultural and intellectual setting. Short sections make the material useful to students, researchers, and general readers.",ai-generated
467,regional Spanish: Questions for Further Research,"The book surveys regional spanish, with particular attention to its questions raised by recent research. It places the subject within the broader field of spanish language and usage and explains how evidence, interpretation, and practice shape the field. By placing specialized questions within a broader cultural and intellectual setting. The result is a focused reference work that combines context, analysis, and practical orientation.",ai-generated
467,Exploring Spanish grammar: Historical Development and Key Themes,"This accessible guide considers spanish grammar, with particular attention to its historical development. It places the subject within the broader field of spanish language and usage and explains how evidence, interpretation, and practice shape the field. While showing how established ideas continue to shape present-day scholarship and practice. The result is a focused reference work that combines context, analysis, and practical orientation.",ai-generated
467,Historical Studies in regional Spanish: Concepts and Terminology,"The collection focuses on regional spanish, with particular attention to its major concepts and terminology. It places the subject within the broader field of spanish language and usage and explains how evidence, interpretation, and practice shape the field. By placing specialized questions within a broader cultural and intellectual setting. Taken together, the chapters provide a varied view of the field without assuming specialist knowledge.",ai-generated
467,The Making of Spanish vocabulary: Methods of Study,"This study examines spanish vocabulary, with particular attention to its methods of study and interpretation. It places the subject within the broader field of spanish language and usage and explains how evidence, interpretation, and practice shape the field. With attention to the ways the subject has changed across periods, regions, and communities. Short sections make the material useful to students, researchers, and general readers.",ai-generated
467,"Perspectives on regional Spanish: Texts, Practices, and Examples","The book surveys regional spanish, with particular attention to its representative texts, practices, or examples. It places the subject within the broader field of spanish language and usage and explains how evidence, interpretation, and practice shape the field. Through a balanced discussion of evidence, methods, and competing interpretations. Short sections make the material useful to students, researchers, and general readers.",ai-generated
467,Researching Spanish grammar: Change Across Periods and Regions,"This accessible guide considers spanish grammar, with particular attention to its changes across periods and regions. It places the subject within the broader field of spanish language and usage and explains how evidence, interpretation, and practice shape the field. With attention to the ways the subject has changed across periods, regions, and communities. Short sections make the material useful to students, researchers, and general readers.",ai-generated
467,Reading Spanish vocabulary: Connections with Related Fields,"The collection focuses on spanish vocabulary, with particular attention to its relationships with neighboring fields. It places the subject within the broader field of spanish language and usage and explains how evidence, interpretation, and practice shape the field. With attention to the ways the subject has changed across periods, regions, and communities. Taken together, the chapters provide a varied view of the field without assuming specialist knowledge.",ai-generated
472,Perspectives on business intelligence: Change Across Periods and Regions,"This volume introduces business intelligence, with particular attention to its changes across periods and regions. It places the subject within the broader field of data, business intelligence, and information analysis and explains how evidence, interpretation, and practice shape the field. While showing how established ideas continue to shape present-day scholarship and practice. Short sections make the material useful to students, researchers, and general readers.",ai-generated
472,real-time analysis in Context: Connections with Related Fields,"This collection explores real-time analysis, with particular attention to its relationships with neighboring fields. It places the subject within the broader field of data, business intelligence, and information analysis and explains how evidence, interpretation, and practice shape the field. By placing specialized questions within a broader cultural and intellectual setting. Short sections make the material useful to students, researchers, and general readers.",ai-generated
472,data warehousing in Context: Current Scholarly Debates,"The volume brings together research on data warehousing, with particular attention to its current scholarly debates. It places the subject within the broader field of data, business intelligence, and information analysis and explains how evidence, interpretation, and practice shape the field. By combining historical background with close discussion of representative examples. Examples are used throughout to clarify terminology and demonstrate how the larger themes can be applied.",ai-generated
478,Perspectives on Latin reading: Material and Cultural Contexts,"The study traces latin reading, with particular attention to its material and cultural contexts. It places the subject within the broader field of latin language and classical language study and explains how evidence, interpretation, and practice shape the field. By placing specialized questions within a broader cultural and intellectual setting. The discussion also highlights connections with related fields and points to further avenues of study.",ai-generated
478,A Guide to Roman texts: Questions for Further Research,"This volume introduces roman texts, with particular attention to its questions raised by recent research. It places the subject within the broader field of latin language and classical language study and explains how evidence, interpretation, and practice shape the field. While showing how established ideas continue to shape present-day scholarship and practice. Short sections make the material useful to students, researchers, and general readers.",ai-generated
478,Approaches to classical language instruction: Historical Development and Key Themes,"This collection explores classical language instruction, with particular attention to its historical development. It places the subject within the broader field of latin language and classical language study and explains how evidence, interpretation, and practice shape the field. By combining historical background with close discussion of representative examples. Short sections make the material useful to students, researchers, and general readers.",ai-generated
478,Perspectives on classical language instruction: Concepts and Terminology,"The volume brings together research on classical language instruction, with particular attention to its major concepts and terminology. It places the subject within the broader field of latin language and classical language study and explains how evidence, interpretation, and practice shape the field. Through a balanced discussion of evidence, methods, and competing interpretations. The result is a focused reference work that combines context, analysis, and practical orientation.",ai-generated
485,Perspectives on verb systems: Connections with Related Fields,"This accessible guide considers verb systems, with particular attention to its relationships with neighboring fields. It places the subject within the broader field of modern greek language and linguistics and explains how evidence, interpretation, and practice shape the field. With attention to the ways the subject has changed across periods, regions, and communities. Examples are used throughout to clarify terminology and demonstrate how the larger themes can be applied.",ai-generated
485,Exploring Greek syntax: Current Scholarly Debates,"The collection focuses on greek syntax, with particular attention to its current scholarly debates. It places the subject within the broader field of modern greek language and linguistics and explains how evidence, interpretation, and practice shape the field. With attention to the ways the subject has changed across periods, regions, and communities. Taken together, the chapters provide a varied view of the field without assuming specialist knowledge.",ai-generated
485,The Making of Greek syntax: Teaching and Introductory Use,"This study examines greek syntax, with particular attention to its teaching and introductory use. It places the subject within the broader field of modern greek language and linguistics and explains how evidence, interpretation, and practice shape the field. While showing how established ideas continue to shape present-day scholarship and practice. Examples are used throughout to clarify terminology and demonstrate how the larger themes can be applied.",ai-generated
485,Questions in Modern Greek grammar: Institutions and Communities,"The book surveys modern greek grammar, with particular attention to its the role of institutions and communities. It places the subject within the broader field of modern greek language and linguistics and explains how evidence, interpretation, and practice shape the field. By combining historical background with close discussion of representative examples. Taken together, the chapters provide a varied view of the field without assuming specialist knowledge.",ai-generated
485,A Guide to Greek language teaching: Theory and Practice,"This accessible guide considers greek language teaching, with particular attention to its connections between theory and practice. It places the subject within the broader field of modern greek language and linguistics and explains how evidence, interpretation, and practice shape the field. While showing how established ideas continue to shape present-day scholarship and practice. The discussion also highlights connections with related fields and points to further avenues of study.",ai-generated
485,Exploring Greek language teaching: Material and Cultural Contexts,"The collection focuses on greek language teaching, with particular attention to its material and cultural contexts. It places the subject within the broader field of modern greek language and linguistics and explains how evidence, interpretation, and practice shape the field. By combining historical background with close discussion of representative examples. Taken together, the chapters provide a varied view of the field without assuming specialist knowledge.",ai-generated
485,Greek syntax in Context: Questions for Further Research,"This study examines greek syntax, with particular attention to its questions raised by recent research. It places the subject within the broader field of modern greek language and linguistics and explains how evidence, interpretation, and practice shape the field. Through a balanced discussion of evidence, methods, and competing interpretations. Taken together, the chapters provide a varied view of the field without assuming specialist knowledge.",ai-generated
487,Researching biblical Greek grammar: Teaching and Introductory Use,"The collection focuses on biblical greek grammar, with particular attention to its teaching and introductory use. It places the subject within the broader field of koine and new testament greek and explains how evidence, interpretation, and practice shape the field. With attention to the ways the subject has changed across periods, regions, and communities. The discussion also highlights connections with related fields and points to further avenues of study.",ai-generated
487,Perspectives on New Testament vocabulary: Institutions and Communities,"This study examines new testament vocabulary, with particular attention to its the role of institutions and communities. It places the subject within the broader field of koine and new testament greek and explains how evidence, interpretation, and practice shape the field. By placing specialized questions within a broader cultural and intellectual setting. The result is a focused reference work that combines context, analysis, and practical orientation.",ai-generated
487,Modern Studies in biblical Greek grammar: Theory and Practice,"The book surveys biblical greek grammar, with particular attention to its connections between theory and practice. It places the subject within the broader field of koine and new testament greek and explains how evidence, interpretation, and practice shape the field. By placing specialized questions within a broader cultural and intellectual setting. Examples are used throughout to clarify terminology and demonstrate how the larger themes can be applied.",ai-generated
487,A Guide to New Testament vocabulary: Material and Cultural Contexts,"This accessible guide considers new testament vocabulary, with particular attention to its material and cultural contexts. It places the subject within the broader field of koine and new testament greek and explains how evidence, interpretation, and practice shape the field. By placing specialized questions within a broader cultural and intellectual setting. Taken together, the chapters provide a varied view of the field without assuming specialist knowledge.",ai-generated
487,Contexts of New Testament vocabulary: Questions for Further Research,"The collection focuses on new testament vocabulary, with particular attention to its questions raised by recent research. It places the subject within the broader field of koine and new testament greek and explains how evidence, interpretation, and practice shape the field. By placing specialized questions within a broader cultural and intellectual setting. Examples are used throughout to clarify terminology and demonstrate how the larger themes can be applied.",ai-generated
487,Contexts of Greek morphology: Historical Development and Key Themes,"This study examines greek morphology, with particular attention to its historical development. It places the subject within the broader field of koine and new testament greek and explains how evidence, interpretation, and practice shape the field. By combining historical background with close discussion of representative examples. Examples are used throughout to clarify terminology and demonstrate how the larger themes can be applied.",ai-generated
487,Questions in Hellenistic Greek: Concepts and Terminology,"The book surveys hellenistic greek, with particular attention to its major concepts and terminology. It places the subject within the broader field of koine and new testament greek and explains how evidence, interpretation, and practice shape the field. By combining historical background with close discussion of representative examples. The discussion also highlights connections with related fields and points to further avenues of study.",ai-generated
499,Approaches to constructed languages: Teaching and Introductory Use,"The book surveys constructed languages, with particular attention to its teaching and introductory use. It places the subject within the broader field of other languages and constructed languages and explains how evidence, interpretation, and practice shape the field. By placing specialized questions within a broader cultural and intellectual setting. The discussion also highlights connections with related fields and points to further avenues of study.",ai-generated
499,The Making of minority languages: Institutions and Communities,"This accessible guide considers minority languages, with particular attention to its the role of institutions and communities. It places the subject within the broader field of other languages and constructed languages and explains how evidence, interpretation, and practice shape the field. With attention to the ways the subject has changed across periods, regions, and communities. Short sections make the material useful to students, researchers, and general readers.",ai-generated
499,minority languages in Context: Theory and Practice,"The collection focuses on minority languages, with particular attention to its connections between theory and practice. It places the subject within the broader field of other languages and constructed languages and explains how evidence, interpretation, and practice shape the field. Through a balanced discussion of evidence, methods, and competing interpretations. The result is a focused reference work that combines context, analysis, and practical orientation.",ai-generated
499,Perspectives on invented linguistic systems: Material and Cultural Contexts,"This study examines invented linguistic systems, with particular attention to its material and cultural contexts. It places the subject within the broader field of other languages and constructed languages and explains how evidence, interpretation, and practice shape the field. While showing how established ideas continue to shape present-day scholarship and practice. The result is a focused reference work that combines context, analysis, and practical orientation.",ai-generated
499,Reading grammar description: Questions for Further Research,"The book surveys grammar description, with particular attention to its questions raised by recent research. It places the subject within the broader field of other languages and constructed languages and explains how evidence, interpretation, and practice shape the field. With attention to the ways the subject has changed across periods, regions, and communities. Short sections make the material useful to students, researchers, and general readers.",ai-generated
499,minority languages: Historical Development and Key Themes,"This accessible guide considers minority languages, with particular attention to its historical development. It places the subject within the broader field of other languages and constructed languages and explains how evidence, interpretation, and practice shape the field. With attention to the ways the subject has changed across periods, regions, and communities. Examples are used throughout to clarify terminology and demonstrate how the larger themes can be applied.",ai-generated
499,Contexts of constructed languages: Concepts and Terminology,"The collection focuses on constructed languages, with particular attention to its major concepts and terminology. It places the subject within the broader field of other languages and constructed languages and explains how evidence, interpretation, and practice shape the field. While showing how established ideas continue to shape present-day scholarship and practice. Taken together, the chapters provide a varied view of the field without assuming specialist knowledge.",ai-generated
499,Reading language invention: Methods of Study,"This study examines language invention, with particular attention to its methods of study and interpretation. It places the subject within the broader field of other languages and constructed languages and explains how evidence, interpretation, and practice shape the field. By placing specialized questions within a broader cultural and intellectual setting. The discussion also highlights connections with related fields and points to further avenues of study.",ai-generated
527,A Guide to longitude at sea: Questions for Further Research,"The collection focuses on longitude at sea, with particular attention to its questions raised by recent research. It places the subject within the broader field of astronomy, navigation, and related science resources and explains how evidence, interpretation, and practice shape the field. With attention to the ways the subject has changed across periods, regions, and communities. The discussion also highlights connections with related fields and points to further avenues of study.",ai-generated
527,Exploring field astronomy: Historical Development and Key Themes,"This study examines field astronomy, with particular attention to its historical development. It places the subject within the broader field of astronomy, navigation, and related science resources and explains how evidence, interpretation, and practice shape the field. While showing how established ideas continue to shape present-day scholarship and practice. The discussion also highlights connections with related fields and points to further avenues of study.",ai-generated
679,Questions in material preservation: Teaching and Introductory Use,"The collection focuses on material preservation, with particular attention to its teaching and introductory use. It places the subject within the broader field of crafts, conservation, and specialized manufacture and explains how evidence, interpretation, and practice shape the field. With attention to the ways the subject has changed across periods, regions, and communities. The result is a focused reference work that combines context, analysis, and practical orientation.",ai-generated
679,Contexts of broom making: Institutions and Communities,"This study examines broom making, with particular attention to its the role of institutions and communities. It places the subject within the broader field of crafts, conservation, and specialized manufacture and explains how evidence, interpretation, and practice shape the field. While showing how established ideas continue to shape present-day scholarship and practice. The result is a focused reference work that combines context, analysis, and practical orientation.",ai-generated
734,Romanesque sculpture: Methods of Study,"The study traces romanesque sculpture, with particular attention to its methods of study and interpretation. It places the subject within the broader field of sculpture and gothic or romanesque sculpture and explains how evidence, interpretation, and practice shape the field. With attention to the ways the subject has changed across periods, regions, and communities. The discussion also highlights connections with related fields and points to further avenues of study.",ai-generated
734,"Reading Romanesque sculpture: Texts, Practices, and Examples","This volume introduces romanesque sculpture, with particular attention to its representative texts, practices, or examples. It places the subject within the broader field of sculpture and gothic or romanesque sculpture and explains how evidence, interpretation, and practice shape the field. While showing how established ideas continue to shape present-day scholarship and practice. Taken together, the chapters provide a varied view of the field without assuming specialist knowledge.",ai-generated
754,Questions in seventeenth-century art: Material and Cultural Contexts,"This collection explores seventeenth-century art, with particular attention to its material and cultural contexts. It places the subject within the broader field of painting and genre painting and explains how evidence, interpretation, and practice shape the field. With attention to the ways the subject has changed across periods, regions, and communities. The discussion also highlights connections with related fields and points to further avenues of study.",ai-generated
754,Modern Studies in seventeenth-century art: Questions for Further Research,"The volume brings together research on seventeenth-century art, with particular attention to its questions raised by recent research. It places the subject within the broader field of painting and genre painting and explains how evidence, interpretation, and practice shape the field. By combining historical background with close discussion of representative examples. Taken together, the chapters provide a varied view of the field without assuming specialist knowledge.",ai-generated
766,printmaking materials: Material and Cultural Contexts,"The study traces printmaking materials, with particular attention to its material and cultural contexts. It places the subject within the broader field of printmaking and aquatint or mezzotint and explains how evidence, interpretation, and practice shape the field. While showing how established ideas continue to shape present-day scholarship and practice. The result is a focused reference work that combines context, analysis, and practical orientation.",ai-generated
766,The Making of tonal print effects: Questions for Further Research,"This volume introduces tonal print effects, with particular attention to its questions raised by recent research. It places the subject within the broader field of printmaking and aquatint or mezzotint and explains how evidence, interpretation, and practice shape the field. While showing how established ideas continue to shape present-day scholarship and practice. Examples are used throughout to clarify terminology and demonstrate how the larger themes can be applied.",ai-generated
766,Exploring aquatint technique: Historical Development and Key Themes,"This collection explores aquatint technique, with particular attention to its historical development. It places the subject within the broader field of printmaking and aquatint or mezzotint and explains how evidence, interpretation, and practice shape the field. While showing how established ideas continue to shape present-day scholarship and practice. The discussion also highlights connections with related fields and points to further avenues of study.",ai-generated
767,Exploring etching technique: Questions for Further Research,"The collection focuses on etching technique, with particular attention to its questions raised by recent research. It places the subject within the broader field of printmaking and etching and explains how evidence, interpretation, and practice shape the field. Through a balanced discussion of evidence, methods, and competing interpretations. Short sections make the material useful to students, researchers, and general readers.",ai-generated
767,etching technique in Context: Historical Development and Key Themes,"This study examines etching technique, with particular attention to its historical development. It places the subject within the broader field of printmaking and etching and explains how evidence, interpretation, and practice shape the field. By placing specialized questions within a broader cultural and intellectual setting. The result is a focused reference work that combines context, analysis, and practical orientation.",ai-generated
767,Questions in artist printmaking: Concepts and Terminology,"The book surveys artist printmaking, with particular attention to its major concepts and terminology. It places the subject within the broader field of printmaking and etching and explains how evidence, interpretation, and practice shape the field. With attention to the ways the subject has changed across periods, regions, and communities. Examples are used throughout to clarify terminology and demonstrate how the larger themes can be applied.",ai-generated
785,Questions in classical composers: Connections with Related Fields,"This study examines classical composers, with particular attention to its relationships with neighboring fields. It places the subject within the broader field of music, musicians, and musical analysis and explains how evidence, interpretation, and practice shape the field. Through a balanced discussion of evidence, methods, and competing interpretations. The discussion also highlights connections with related fields and points to further avenues of study.",ai-generated
785,jazz albums: Current Scholarly Debates,"The book surveys jazz albums, with particular attention to its current scholarly debates. It places the subject within the broader field of music, musicians, and musical analysis and explains how evidence, interpretation, and practice shape the field. While showing how established ideas continue to shape present-day scholarship and practice. The result is a focused reference work that combines context, analysis, and practical orientation.",ai-generated
803,Perspectives on politics and literature: Questions for Further Research,"The book surveys politics and literature, with particular attention to its questions raised by recent research. It places the subject within the broader field of literary theory, criticism, and cultural studies and explains how evidence, interpretation, and practice shape the field. By placing specialized questions within a broader cultural and intellectual setting. Examples are used throughout to clarify terminology and demonstrate how the larger themes can be applied.",ai-generated
803,Researching authors' notebooks: Historical Development and Key Themes,"This accessible guide considers authors' notebooks, with particular attention to its historical development. It places the subject within the broader field of literary theory, criticism, and cultural studies and explains how evidence, interpretation, and practice shape the field. While showing how established ideas continue to shape present-day scholarship and practice. The discussion also highlights connections with related fields and points to further avenues of study.",ai-generated
803,Contexts of critical methods: Concepts and Terminology,"The collection focuses on critical methods, with particular attention to its major concepts and terminology. It places the subject within the broader field of literary theory, criticism, and cultural studies and explains how evidence, interpretation, and practice shape the field. While showing how established ideas continue to shape present-day scholarship and practice. Short sections make the material useful to students, researchers, and general readers.",ai-generated
806,Critical Studies in literary organizations: Methods of Study,"The study traces literary organizations, with particular attention to its methods of study and interpretation. It places the subject within the broader field of literature, performance, and literary institutions and explains how evidence, interpretation, and practice shape the field. With attention to the ways the subject has changed across periods, regions, and communities. Taken together, the chapters provide a varied view of the field without assuming specialist knowledge.",ai-generated
806,"A Guide to literary organizations: Texts, Practices, and Examples","This volume introduces literary organizations, with particular attention to its representative texts, practices, or examples. It places the subject within the broader field of literature, performance, and literary institutions and explains how evidence, interpretation, and practice shape the field. With attention to the ways the subject has changed across periods, regions, and communities. Examples are used throughout to clarify terminology and demonstrate how the larger themes can be applied.",ai-generated
806,film adaptations in Context: Change Across Periods and Regions,"This collection explores film adaptations, with particular attention to its changes across periods and regions. It places the subject within the broader field of literature, performance, and literary institutions and explains how evidence, interpretation, and practice shape the field. By placing specialized questions within a broader cultural and intellectual setting. The discussion also highlights connections with related fields and points to further avenues of study.",ai-generated
806,Reading literary organizations: Connections with Related Fields,"The volume brings together research on literary organizations, with particular attention to its relationships with neighboring fields. It places the subject within the broader field of literature, performance, and literary institutions and explains how evidence, interpretation, and practice shape the field. Through a balanced discussion of evidence, methods, and competing interpretations. The result is a focused reference work that combines context, analysis, and practical orientation.",ai-generated
806,Researching film adaptations: Current Scholarly Debates,"The study traces film adaptations, with particular attention to its current scholarly debates. It places the subject within the broader field of literature, performance, and literary institutions and explains how evidence, interpretation, and practice shape the field. By placing specialized questions within a broader cultural and intellectual setting. Examples are used throughout to clarify terminology and demonstrate how the larger themes can be applied.",ai-generated
806,Perspectives on literary history: Teaching and Introductory Use,"This volume introduces literary history, with particular attention to its teaching and introductory use. It places the subject within the broader field of literature, performance, and literary institutions and explains how evidence, interpretation, and practice shape the field. Through a balanced discussion of evidence, methods, and competing interpretations. The discussion also highlights connections with related fields and points to further avenues of study.",ai-generated
806,Questions in film adaptations: Institutions and Communities,"This collection explores film adaptations, with particular attention to its the role of institutions and communities. It places the subject within the broader field of literature, performance, and literary institutions and explains how evidence, interpretation, and practice shape the field. By placing specialized questions within a broader cultural and intellectual setting. The result is a focused reference work that combines context, analysis, and practical orientation.",ai-generated
806,Exploring literary organizations: Theory and Practice,"The volume brings together research on literary organizations, with particular attention to its connections between theory and practice. It places the subject within the broader field of literature, performance, and literary institutions and explains how evidence, interpretation, and practice shape the field. While showing how established ideas continue to shape present-day scholarship and practice. Short sections make the material useful to students, researchers, and general readers.",ai-generated
807,"Contexts of cross-cultural literary study: Texts, Practices, and Examples","The collection focuses on cross-cultural literary study, with particular attention to its representative texts, practices, or examples. It places the subject within the broader field of comparative literature and literary theory and explains how evidence, interpretation, and practice shape the field. By combining historical background with close discussion of representative examples. Taken together, the chapters provide a varied view of the field without assuming specialist knowledge.",ai-generated
807,cross-cultural literary study in Context: Change Across Periods and Regions,"This study examines cross-cultural literary study, with particular attention to its changes across periods and regions. It places the subject within the broader field of comparative literature and literary theory and explains how evidence, interpretation, and practice shape the field. By placing specialized questions within a broader cultural and intellectual setting. Examples are used throughout to clarify terminology and demonstrate how the larger themes can be applied.",ai-generated
807,The Making of rhetoric: Connections with Related Fields,"The book surveys rhetoric, with particular attention to its relationships with neighboring fields. It places the subject within the broader field of comparative literature and literary theory and explains how evidence, interpretation, and practice shape the field. By combining historical background with close discussion of representative examples. Examples are used throughout to clarify terminology and demonstrate how the larger themes can be applied.",ai-generated
807,Perspectives on cross-cultural literary study: Current Scholarly Debates,"This accessible guide considers cross-cultural literary study, with particular attention to its current scholarly debates. It places the subject within the broader field of comparative literature and literary theory and explains how evidence, interpretation, and practice shape the field. With attention to the ways the subject has changed across periods, regions, and communities. The result is a focused reference work that combines context, analysis, and practical orientation.",ai-generated
807,A Guide to comparative literature: Teaching and Introductory Use,"The collection focuses on comparative literature, with particular attention to its teaching and introductory use. It places the subject within the broader field of comparative literature and literary theory and explains how evidence, interpretation, and practice shape the field. By combining historical background with close discussion of representative examples. Examples are used throughout to clarify terminology and demonstrate how the larger themes can be applied.",ai-generated
807,Exploring rhetoric: Institutions and Communities,"This study examines rhetoric, with particular attention to its the role of institutions and communities. It places the subject within the broader field of comparative literature and literary theory and explains how evidence, interpretation, and practice shape the field. Through a balanced discussion of evidence, methods, and competing interpretations. The discussion also highlights connections with related fields and points to further avenues of study.",ai-generated
807,A Guide to cross-cultural literary study: Theory and Practice,"The book surveys cross-cultural literary study, with particular attention to its connections between theory and practice. It places the subject within the broader field of comparative literature and literary theory and explains how evidence, interpretation, and practice shape the field. Through a balanced discussion of evidence, methods, and competing interpretations. Examples are used throughout to clarify terminology and demonstrate how the larger themes can be applied.",ai-generated
807,Reading comparative literature: Material and Cultural Contexts,"This accessible guide considers comparative literature, with particular attention to its material and cultural contexts. It places the subject within the broader field of comparative literature and literary theory and explains how evidence, interpretation, and practice shape the field. Through a balanced discussion of evidence, methods, and competing interpretations. The discussion also highlights connections with related fields and points to further avenues of study.",ai-generated
817,Researching cultural satire: Concepts and Terminology,"This study examines cultural satire, with particular attention to its major concepts and terminology. It places the subject within the broader field of american literature and literary humor and explains how evidence, interpretation, and practice shape the field. With attention to the ways the subject has changed across periods, regions, and communities. The result is a focused reference work that combines context, analysis, and practical orientation.",ai-generated
817,Approaches to literary language: Methods of Study,"The book surveys literary language, with particular attention to its methods of study and interpretation. It places the subject within the broader field of american literature and literary humor and explains how evidence, interpretation, and practice shape the field. While showing how established ideas continue to shape present-day scholarship and practice. Examples are used throughout to clarify terminology and demonstrate how the larger themes can be applied.",ai-generated
817,"Questions in literary wit: Texts, Practices, and Examples","This accessible guide considers literary wit, with particular attention to its representative texts, practices, or examples. It places the subject within the broader field of american literature and literary humor and explains how evidence, interpretation, and practice shape the field. With attention to the ways the subject has changed across periods, regions, and communities. The discussion also highlights connections with related fields and points to further avenues of study.",ai-generated
817,Perspectives on literary language: Change Across Periods and Regions,"The collection focuses on literary language, with particular attention to its changes across periods and regions. It places the subject within the broader field of american literature and literary humor and explains how evidence, interpretation, and practice shape the field. With attention to the ways the subject has changed across periods, regions, and communities. The result is a focused reference work that combines context, analysis, and practical orientation.",ai-generated
817,The Making of American writing: Connections with Related Fields,"This study examines american writing, with particular attention to its relationships with neighboring fields. It places the subject within the broader field of american literature and literary humor and explains how evidence, interpretation, and practice shape the field. Through a balanced discussion of evidence, methods, and competing interpretations. The result is a focused reference work that combines context, analysis, and practical orientation.",ai-generated
817,Reading literary wit: Current Scholarly Debates,"The book surveys literary wit, with particular attention to its current scholarly debates. It places the subject within the broader field of american literature and literary humor and explains how evidence, interpretation, and practice shape the field. By combining historical background with close discussion of representative examples. Short sections make the material useful to students, researchers, and general readers.",ai-generated
817,Reading American writing: Teaching and Introductory Use,"This accessible guide considers american writing, with particular attention to its teaching and introductory use. It places the subject within the broader field of american literature and literary humor and explains how evidence, interpretation, and practice shape the field. With attention to the ways the subject has changed across periods, regions, and communities. Taken together, the chapters provide a varied view of the field without assuming specialist knowledge.",ai-generated
817,Approaches to cultural satire: Institutions and Communities,"The collection focuses on cultural satire, with particular attention to its the role of institutions and communities. It places the subject within the broader field of american literature and literary humor and explains how evidence, interpretation, and practice shape the field. By placing specialized questions within a broader cultural and intellectual setting. Taken together, the chapters provide a varied view of the field without assuming specialist knowledge.",ai-generated
817,cultural satire in Context: Theory and Practice,"This study examines cultural satire, with particular attention to its connections between theory and practice. It places the subject within the broader field of american literature and literary humor and explains how evidence, interpretation, and practice shape the field. With attention to the ways the subject has changed across periods, regions, and communities. Examples are used throughout to clarify terminology and demonstrate how the larger themes can be applied.",ai-generated
826,Perspectives on authors' letters: Material and Cultural Contexts,"This collection explores authors' letters, with particular attention to its material and cultural contexts. It places the subject within the broader field of letters, correspondence, and life writing and explains how evidence, interpretation, and practice shape the field. Through a balanced discussion of evidence, methods, and competing interpretations. Short sections make the material useful to students, researchers, and general readers.",ai-generated
826,Approaches to personal correspondence: Questions for Further Research,"The volume brings together research on personal correspondence, with particular attention to its questions raised by recent research. It places the subject within the broader field of letters, correspondence, and life writing and explains how evidence, interpretation, and practice shape the field. Through a balanced discussion of evidence, methods, and competing interpretations. Short sections make the material useful to students, researchers, and general readers.",ai-generated
830,Researching literature and philosophy: Methods of Study,"The study traces literature and philosophy, with particular attention to its methods of study and interpretation. It places the subject within the broader field of german literature and literary studies and explains how evidence, interpretation, and practice shape the field. By placing specialized questions within a broader cultural and intellectual setting. The discussion also highlights connections with related fields and points to further avenues of study.",ai-generated
830,"Contexts of literature and observation: Texts, Practices, and Examples","This volume introduces literature and observation, with particular attention to its representative texts, practices, or examples. It places the subject within the broader field of german literature and literary studies and explains how evidence, interpretation, and practice shape the field. By placing specialized questions within a broader cultural and intellectual setting. Examples are used throughout to clarify terminology and demonstrate how the larger themes can be applied.",ai-generated
830,A Guide to literature and philosophy: Change Across Periods and Regions,"This collection explores literature and philosophy, with particular attention to its changes across periods and regions. It places the subject within the broader field of german literature and literary studies and explains how evidence, interpretation, and practice shape the field. With attention to the ways the subject has changed across periods, regions, and communities. Examples are used throughout to clarify terminology and demonstrate how the larger themes can be applied.",ai-generated
830,Perspectives on literature and philosophy: Connections with Related Fields,"The volume brings together research on literature and philosophy, with particular attention to its relationships with neighboring fields. It places the subject within the broader field of german literature and literary studies and explains how evidence, interpretation, and practice shape the field. By placing specialized questions within a broader cultural and intellectual setting. Short sections make the material useful to students, researchers, and general readers.",ai-generated
830,Reading German cultural history: Current Scholarly Debates,"The study traces german cultural history, with particular attention to its current scholarly debates. It places the subject within the broader field of german literature and literary studies and explains how evidence, interpretation, and practice shape the field. Through a balanced discussion of evidence, methods, and competing interpretations. Taken together, the chapters provide a varied view of the field without assuming specialist knowledge.",ai-generated
830,Historical Studies in literature and philosophy: Teaching and Introductory Use,"This volume introduces literature and philosophy, with particular attention to its teaching and introductory use. It places the subject within the broader field of german literature and literary studies and explains how evidence, interpretation, and practice shape the field. By combining historical background with close discussion of representative examples. The discussion also highlights connections with related fields and points to further avenues of study.",ai-generated
832,A Guide to stage representation: Change Across Periods and Regions,"This volume introduces stage representation, with particular attention to its changes across periods and regions. It places the subject within the broader field of german drama and theatre and explains how evidence, interpretation, and practice shape the field. With attention to the ways the subject has changed across periods, regions, and communities. The discussion also highlights connections with related fields and points to further avenues of study.",ai-generated
832,A Guide to political theatre: Connections with Related Fields,"This collection explores political theatre, with particular attention to its relationships with neighboring fields. It places the subject within the broader field of german drama and theatre and explains how evidence, interpretation, and practice shape the field. Through a balanced discussion of evidence, methods, and competing interpretations. The result is a focused reference work that combines context, analysis, and practical orientation.",ai-generated
832,dramatic performance in Context: Current Scholarly Debates,"The volume brings together research on dramatic performance, with particular attention to its current scholarly debates. It places the subject within the broader field of german drama and theatre and explains how evidence, interpretation, and practice shape the field. By combining historical background with close discussion of representative examples. The result is a focused reference work that combines context, analysis, and practical orientation.",ai-generated
832,avant-garde theatre in Context: Teaching and Introductory Use,"The study traces avant-garde theatre, with particular attention to its teaching and introductory use. It places the subject within the broader field of german drama and theatre and explains how evidence, interpretation, and practice shape the field. With attention to the ways the subject has changed across periods, regions, and communities. Examples are used throughout to clarify terminology and demonstrate how the larger themes can be applied.",ai-generated
832,Exploring stage representation: Institutions and Communities,"This volume introduces stage representation, with particular attention to its the role of institutions and communities. It places the subject within the broader field of german drama and theatre and explains how evidence, interpretation, and practice shape the field. With attention to the ways the subject has changed across periods, regions, and communities. The result is a focused reference work that combines context, analysis, and practical orientation.",ai-generated
832,Exploring political theatre: Theory and Practice,"This collection explores political theatre, with particular attention to its connections between theory and practice. It places the subject within the broader field of german drama and theatre and explains how evidence, interpretation, and practice shape the field. Through a balanced discussion of evidence, methods, and competing interpretations. Short sections make the material useful to students, researchers, and general readers.",ai-generated
832,theatre and identity: Material and Cultural Contexts,"The volume brings together research on theatre and identity, with particular attention to its material and cultural contexts. It places the subject within the broader field of german drama and theatre and explains how evidence, interpretation, and practice shape the field. By combining historical background with close discussion of representative examples. Examples are used throughout to clarify terminology and demonstrate how the larger themes can be applied.",ai-generated
832,Reading political theatre: Questions for Further Research,"The study traces political theatre, with particular attention to its questions raised by recent research. It places the subject within the broader field of german drama and theatre and explains how evidence, interpretation, and practice shape the field. Through a balanced discussion of evidence, methods, and competing interpretations. The discussion also highlights connections with related fields and points to further avenues of study.",ai-generated
835,Researching modern German writing: Teaching and Introductory Use,"The book surveys modern german writing, with particular attention to its teaching and introductory use. It places the subject within the broader field of german literature and explains how evidence, interpretation, and practice shape the field. By placing specialized questions within a broader cultural and intellectual setting. Examples are used throughout to clarify terminology and demonstrate how the larger themes can be applied.",ai-generated
835,social themes in German literature: Institutions and Communities,"This accessible guide considers social themes in german literature, with particular attention to its the role of institutions and communities. It places the subject within the broader field of german literature and explains how evidence, interpretation, and practice shape the field. While showing how established ideas continue to shape present-day scholarship and practice. Examples are used throughout to clarify terminology and demonstrate how the larger themes can be applied.",ai-generated
835,Exploring social themes in German literature: Theory and Practice,"The collection focuses on social themes in german literature, with particular attention to its connections between theory and practice. It places the subject within the broader field of german literature and explains how evidence, interpretation, and practice shape the field. Through a balanced discussion of evidence, methods, and competing interpretations. Short sections make the material useful to students, researchers, and general readers.",ai-generated
835,Questions in modern German writing: Material and Cultural Contexts,"This study examines modern german writing, with particular attention to its material and cultural contexts. It places the subject within the broader field of german literature and explains how evidence, interpretation, and practice shape the field. By combining historical background with close discussion of representative examples. The discussion also highlights connections with related fields and points to further avenues of study.",ai-generated
835,The Making of literary identity: Questions for Further Research,"The book surveys literary identity, with particular attention to its questions raised by recent research. It places the subject within the broader field of german literature and explains how evidence, interpretation, and practice shape the field. By combining historical background with close discussion of representative examples. Short sections make the material useful to students, researchers, and general readers.",ai-generated
838,Contemporary Studies in daily observation: Material and Cultural Contexts,"The study traces daily observation, with particular attention to its material and cultural contexts. It places the subject within the broader field of german literary diaries and personal writings and explains how evidence, interpretation, and practice shape the field. While showing how established ideas continue to shape present-day scholarship and practice. Examples are used throughout to clarify terminology and demonstrate how the larger themes can be applied.",ai-generated
838,Reading diaries: Questions for Further Research,"This volume introduces diaries, with particular attention to its questions raised by recent research. It places the subject within the broader field of german literary diaries and personal writings and explains how evidence, interpretation, and practice shape the field. Through a balanced discussion of evidence, methods, and competing interpretations. The result is a focused reference work that combines context, analysis, and practical orientation.",ai-generated
838,Exploring personal archives: Historical Development and Key Themes,"This collection explores personal archives, with particular attention to its historical development. It places the subject within the broader field of german literary diaries and personal writings and explains how evidence, interpretation, and practice shape the field. By combining historical background with close discussion of representative examples. Short sections make the material useful to students, researchers, and general readers.",ai-generated
838,Approaches to diaries: Concepts and Terminology,"The volume brings together research on diaries, with particular attention to its major concepts and terminology. It places the subject within the broader field of german literary diaries and personal writings and explains how evidence, interpretation, and practice shape the field. With attention to the ways the subject has changed across periods, regions, and communities. Taken together, the chapters provide a varied view of the field without assuming specialist knowledge.",ai-generated
838,Perspectives on personal archives: Methods of Study,"The study traces personal archives, with particular attention to its methods of study and interpretation. It places the subject within the broader field of german literary diaries and personal writings and explains how evidence, interpretation, and practice shape the field. While showing how established ideas continue to shape present-day scholarship and practice. The discussion also highlights connections with related fields and points to further avenues of study.",ai-generated
838,"Approaches to private notebooks: Texts, Practices, and Examples","This volume introduces private notebooks, with particular attention to its representative texts, practices, or examples. It places the subject within the broader field of german literary diaries and personal writings and explains how evidence, interpretation, and practice shape the field. While showing how established ideas continue to shape present-day scholarship and practice. The discussion also highlights connections with related fields and points to further avenues of study.",ai-generated
838,Questions in daily observation: Change Across Periods and Regions,"This collection explores daily observation, with particular attention to its changes across periods and regions. It places the subject within the broader field of german literary diaries and personal writings and explains how evidence, interpretation, and practice shape the field. With attention to the ways the subject has changed across periods, regions, and communities. Short sections make the material useful to students, researchers, and general readers.",ai-generated
838,daily observation: Connections with Related Fields,"The volume brings together research on daily observation, with particular attention to its relationships with neighboring fields. It places the subject within the broader field of german literary diaries and personal writings and explains how evidence, interpretation, and practice shape the field. Through a balanced discussion of evidence, methods, and competing interpretations. The result is a focused reference work that combines context, analysis, and practical orientation.",ai-generated
842,The Making of Racine and Shakespeare: Methods of Study,"This collection explores racine and shakespeare, with particular attention to its methods of study and interpretation. It places the subject within the broader field of french literature and theatre and explains how evidence, interpretation, and practice shape the field. While showing how established ideas continue to shape present-day scholarship and practice. Examples are used throughout to clarify terminology and demonstrate how the larger themes can be applied.",ai-generated
842,"Beckett and theatre in Context: Texts, Practices, and Examples","The volume brings together research on beckett and theatre, with particular attention to its representative texts, practices, or examples. It places the subject within the broader field of french literature and theatre and explains how evidence, interpretation, and practice shape the field. By placing specialized questions within a broader cultural and intellectual setting. Taken together, the chapters provide a varied view of the field without assuming specialist knowledge.",ai-generated
842,Reading Beckett and theatre: Change Across Periods and Regions,"The study traces beckett and theatre, with particular attention to its changes across periods and regions. It places the subject within the broader field of french literature and theatre and explains how evidence, interpretation, and practice shape the field. Through a balanced discussion of evidence, methods, and competing interpretations. Examples are used throughout to clarify terminology and demonstrate how the larger themes can be applied.",ai-generated
842,Perspectives on theatre as action: Connections with Related Fields,"This volume introduces theatre as action, with particular attention to its relationships with neighboring fields. It places the subject within the broader field of french literature and theatre and explains how evidence, interpretation, and practice shape the field. With attention to the ways the subject has changed across periods, regions, and communities. Examples are used throughout to clarify terminology and demonstrate how the larger themes can be applied.",ai-generated
842,A Guide to Racine and Shakespeare: Current Scholarly Debates,"This collection explores racine and shakespeare, with particular attention to its current scholarly debates. It places the subject within the broader field of french literature and theatre and explains how evidence, interpretation, and practice shape the field. By combining historical background with close discussion of representative examples. Taken together, the chapters provide a varied view of the field without assuming specialist knowledge.",ai-generated
842,Researching French drama: Teaching and Introductory Use,"The volume brings together research on french drama, with particular attention to its teaching and introductory use. It places the subject within the broader field of french literature and theatre and explains how evidence, interpretation, and practice shape the field. With attention to the ways the subject has changed across periods, regions, and communities. Short sections make the material useful to students, researchers, and general readers.",ai-generated
842,Approaches to French drama: Institutions and Communities,"The study traces french drama, with particular attention to its the role of institutions and communities. It places the subject within the broader field of french literature and theatre and explains how evidence, interpretation, and practice shape the field. While showing how established ideas continue to shape present-day scholarship and practice. The result is a focused reference work that combines context, analysis, and practical orientation.",ai-generated
842,Researching Racine and Shakespeare: Theory and Practice,"This volume introduces racine and shakespeare, with particular attention to its connections between theory and practice. It places the subject within the broader field of french literature and theatre and explains how evidence, interpretation, and practice shape the field. While showing how established ideas continue to shape present-day scholarship and practice. The result is a focused reference work that combines context, analysis, and practical orientation.",ai-generated
842,Critical Studies in Racine and Shakespeare: Material and Cultural Contexts,"This collection explores racine and shakespeare, with particular attention to its material and cultural contexts. It places the subject within the broader field of french literature and theatre and explains how evidence, interpretation, and practice shape the field. By combining historical background with close discussion of representative examples. The discussion also highlights connections with related fields and points to further avenues of study.",ai-generated
849,French cultural themes: Theory and Practice,"This study examines french cultural themes, with particular attention to its connections between theory and practice. It places the subject within the broader field of french literature and related french-language works and explains how evidence, interpretation, and practice shape the field. With attention to the ways the subject has changed across periods, regions, and communities. The result is a focused reference work that combines context, analysis, and practical orientation.",ai-generated
849,A Guide to short literary works: Material and Cultural Contexts,"The book surveys short literary works, with particular attention to its material and cultural contexts. It places the subject within the broader field of french literature and related french-language works and explains how evidence, interpretation, and practice shape the field. By placing specialized questions within a broader cultural and intellectual setting. Examples are used throughout to clarify terminology and demonstrate how the larger themes can be applied.",ai-generated
849,Selected Studies in literary imagination: Questions for Further Research,"This accessible guide considers literary imagination, with particular attention to its questions raised by recent research. It places the subject within the broader field of french literature and related french-language works and explains how evidence, interpretation, and practice shape the field. With attention to the ways the subject has changed across periods, regions, and communities. Examples are used throughout to clarify terminology and demonstrate how the larger themes can be applied.",ai-generated
849,French cultural themes in Context: Historical Development and Key Themes,"The collection focuses on french cultural themes, with particular attention to its historical development. It places the subject within the broader field of french literature and related french-language works and explains how evidence, interpretation, and practice shape the field. While showing how established ideas continue to shape present-day scholarship and practice. Examples are used throughout to clarify terminology and demonstrate how the larger themes can be applied.",ai-generated
849,Changing Studies in French cultural themes: Concepts and Terminology,"This study examines french cultural themes, with particular attention to its major concepts and terminology. It places the subject within the broader field of french literature and related french-language works and explains how evidence, interpretation, and practice shape the field. While showing how established ideas continue to shape present-day scholarship and practice. Short sections make the material useful to students, researchers, and general readers.",ai-generated
849,Exploring modern French writing: Methods of Study,"The book surveys modern french writing, with particular attention to its methods of study and interpretation. It places the subject within the broader field of french literature and related french-language works and explains how evidence, interpretation, and practice shape the field. By placing specialized questions within a broader cultural and intellectual setting. Examples are used throughout to clarify terminology and demonstrate how the larger themes can be applied.",ai-generated
861,poetry and painting in Context: Theory and Practice,"This accessible guide considers poetry and painting, with particular attention to its connections between theory and practice. It places the subject within the broader field of spanish literature and poetry and explains how evidence, interpretation, and practice shape the field. Through a balanced discussion of evidence, methods, and competing interpretations. Examples are used throughout to clarify terminology and demonstrate how the larger themes can be applied.",ai-generated
861,Questions in poetry and painting: Material and Cultural Contexts,"The collection focuses on poetry and painting, with particular attention to its material and cultural contexts. It places the subject within the broader field of spanish literature and poetry and explains how evidence, interpretation, and practice shape the field. By placing specialized questions within a broader cultural and intellectual setting. Short sections make the material useful to students, researchers, and general readers.",ai-generated
861,Exploring modern Spanish poets: Questions for Further Research,"This study examines modern spanish poets, with particular attention to its questions raised by recent research. It places the subject within the broader field of spanish literature and poetry and explains how evidence, interpretation, and practice shape the field. While showing how established ideas continue to shape present-day scholarship and practice. Short sections make the material useful to students, researchers, and general readers.",ai-generated
861,Questions in literary self-consciousness: Historical Development and Key Themes,"The book surveys literary self-consciousness, with particular attention to its historical development. It places the subject within the broader field of spanish literature and poetry and explains how evidence, interpretation, and practice shape the field. With attention to the ways the subject has changed across periods, regions, and communities. Short sections make the material useful to students, researchers, and general readers.",ai-generated
861,modern Spanish poets: Concepts and Terminology,"This accessible guide considers modern spanish poets, with particular attention to its major concepts and terminology. It places the subject within the broader field of spanish literature and poetry and explains how evidence, interpretation, and practice shape the field. Through a balanced discussion of evidence, methods, and competing interpretations. The discussion also highlights connections with related fields and points to further avenues of study.",ai-generated
861,Reading poetry and painting: Methods of Study,"The collection focuses on poetry and painting, with particular attention to its methods of study and interpretation. It places the subject within the broader field of spanish literature and poetry and explains how evidence, interpretation, and practice shape the field. By placing specialized questions within a broader cultural and intellectual setting. Examples are used throughout to clarify terminology and demonstrate how the larger themes can be applied.",ai-generated
861,"Approaches to poetry and painting: Texts, Practices, and Examples","This study examines poetry and painting, with particular attention to its representative texts, practices, or examples. It places the subject within the broader field of spanish literature and poetry and explains how evidence, interpretation, and practice shape the field. Through a balanced discussion of evidence, methods, and competing interpretations. Short sections make the material useful to students, researchers, and general readers.",ai-generated
862,Reading dramatic structure: Material and Cultural Contexts,"The study traces dramatic structure, with particular attention to its material and cultural contexts. It places the subject within the broader field of spanish and french literary criticism and comparative studies and explains how evidence, interpretation, and practice shape the field. By combining historical background with close discussion of representative examples. Examples are used throughout to clarify terminology and demonstrate how the larger themes can be applied.",ai-generated
862,literary plots in Context: Questions for Further Research,"This volume introduces literary plots, with particular attention to its questions raised by recent research. It places the subject within the broader field of spanish and french literary criticism and comparative studies and explains how evidence, interpretation, and practice shape the field. By placing specialized questions within a broader cultural and intellectual setting. The result is a focused reference work that combines context, analysis, and practical orientation.",ai-generated
862,Questions in literary plots: Historical Development and Key Themes,"This collection explores literary plots, with particular attention to its historical development. It places the subject within the broader field of spanish and french literary criticism and comparative studies and explains how evidence, interpretation, and practice shape the field. With attention to the ways the subject has changed across periods, regions, and communities. The discussion also highlights connections with related fields and points to further avenues of study.",ai-generated
868,literary spirituality in Context: Change Across Periods and Regions,"The volume brings together research on literary spirituality, with particular attention to its changes across periods and regions. It places the subject within the broader field of spanish literature and intellectual writing and explains how evidence, interpretation, and practice shape the field. By placing specialized questions within a broader cultural and intellectual setting. The result is a focused reference work that combines context, analysis, and practical orientation.",ai-generated
868,Contexts of mysticism: Connections with Related Fields,"The study traces mysticism, with particular attention to its relationships with neighboring fields. It places the subject within the broader field of spanish literature and intellectual writing and explains how evidence, interpretation, and practice shape the field. Through a balanced discussion of evidence, methods, and competing interpretations. The result is a focused reference work that combines context, analysis, and practical orientation.",ai-generated
870,A Guide to Latin literary culture: Current Scholarly Debates,"The study traces latin literary culture, with particular attention to its current scholarly debates. It places the subject within the broader field of latin literature and the latin literary tradition and explains how evidence, interpretation, and practice shape the field. By placing specialized questions within a broader cultural and intellectual setting. The result is a focused reference work that combines context, analysis, and practical orientation.",ai-generated
870,Researching medieval Latin: Teaching and Introductory Use,"This volume introduces medieval latin, with particular attention to its teaching and introductory use. It places the subject within the broader field of latin literature and the latin literary tradition and explains how evidence, interpretation, and practice shape the field. By combining historical background with close discussion of representative examples. Taken together, the chapters provide a varied view of the field without assuming specialist knowledge.",ai-generated
870,New Studies in Late Latin literature: Institutions and Communities,"This collection explores late latin literature, with particular attention to its the role of institutions and communities. It places the subject within the broader field of latin literature and the latin literary tradition and explains how evidence, interpretation, and practice shape the field. Through a balanced discussion of evidence, methods, and competing interpretations. The discussion also highlights connections with related fields and points to further avenues of study.",ai-generated
870,Reading Latin literary culture: Theory and Practice,"The volume brings together research on latin literary culture, with particular attention to its connections between theory and practice. It places the subject within the broader field of latin literature and the latin literary tradition and explains how evidence, interpretation, and practice shape the field. With attention to the ways the subject has changed across periods, regions, and communities. Examples are used throughout to clarify terminology and demonstrate how the larger themes can be applied.",ai-generated
870,Approaches to Late Latin literature: Material and Cultural Contexts,"The study traces late latin literature, with particular attention to its material and cultural contexts. It places the subject within the broader field of latin literature and the latin literary tradition and explains how evidence, interpretation, and practice shape the field. By placing specialized questions within a broader cultural and intellectual setting. Examples are used throughout to clarify terminology and demonstrate how the larger themes can be applied.",ai-generated
870,early modern Latin: Questions for Further Research,"This volume introduces early modern latin, with particular attention to its questions raised by recent research. It places the subject within the broader field of latin literature and the latin literary tradition and explains how evidence, interpretation, and practice shape the field. Through a balanced discussion of evidence, methods, and competing interpretations. Examples are used throughout to clarify terminology and demonstrate how the larger themes can be applied.",ai-generated
873,American cultural identity in Context: Theory and Practice,"This study examines american cultural identity, with particular attention to its connections between theory and practice. It places the subject within the broader field of american literature and immigration-related writing and explains how evidence, interpretation, and practice shape the field. By placing specialized questions within a broader cultural and intellectual setting. The result is a focused reference work that combines context, analysis, and practical orientation.",ai-generated
873,Contexts of migration narratives: Material and Cultural Contexts,"The book surveys migration narratives, with particular attention to its material and cultural contexts. It places the subject within the broader field of american literature and immigration-related writing and explains how evidence, interpretation, and practice shape the field. Through a balanced discussion of evidence, methods, and competing interpretations. Short sections make the material useful to students, researchers, and general readers.",ai-generated
873,American cultural identity: Questions for Further Research,"This accessible guide considers american cultural identity, with particular attention to its questions raised by recent research. It places the subject within the broader field of american literature and immigration-related writing and explains how evidence, interpretation, and practice shape the field. Through a balanced discussion of evidence, methods, and competing interpretations. Taken together, the chapters provide a varied view of the field without assuming specialist knowledge.",ai-generated
873,Contexts of American immigration: Historical Development and Key Themes,"The collection focuses on american immigration, with particular attention to its historical development. It places the subject within the broader field of american literature and immigration-related writing and explains how evidence, interpretation, and practice shape the field. By placing specialized questions within a broader cultural and intellectual setting. Taken together, the chapters provide a varied view of the field without assuming specialist knowledge.",ai-generated
875,Exploring Italian literary culture: Questions for Further Research,"The book surveys italian literary culture, with particular attention to its questions raised by recent research. It places the subject within the broader field of italian literature and related cultural writing and explains how evidence, interpretation, and practice shape the field. By combining historical background with close discussion of representative examples. The discussion also highlights connections with related fields and points to further avenues of study.",ai-generated
875,Perspectives on literary storytelling: Historical Development and Key Themes,"This accessible guide considers literary storytelling, with particular attention to its historical development. It places the subject within the broader field of italian literature and related cultural writing and explains how evidence, interpretation, and practice shape the field. Through a balanced discussion of evidence, methods, and competing interpretations. Examples are used throughout to clarify terminology and demonstrate how the larger themes can be applied.",ai-generated
875,Reading Italian literary culture: Concepts and Terminology,"The collection focuses on italian literary culture, with particular attention to its major concepts and terminology. It places the subject within the broader field of italian literature and related cultural writing and explains how evidence, interpretation, and practice shape the field. By combining historical background with close discussion of representative examples. Examples are used throughout to clarify terminology and demonstrate how the larger themes can be applied.",ai-generated
875,Questions in Italian literary culture: Methods of Study,"This study examines italian literary culture, with particular attention to its methods of study and interpretation. It places the subject within the broader field of italian literature and related cultural writing and explains how evidence, interpretation, and practice shape the field. By combining historical background with close discussion of representative examples. Short sections make the material useful to students, researchers, and general readers.",ai-generated
878,Researching literary adaptation: Methods of Study,"The study traces literary adaptation, with particular attention to its methods of study and interpretation. It places the subject within the broader field of greek literature and poetry and explains how evidence, interpretation, and practice shape the field. Through a balanced discussion of evidence, methods, and competing interpretations. The result is a focused reference work that combines context, analysis, and practical orientation.",ai-generated
878,"literary adaptation in Context: Texts, Practices, and Examples","This volume introduces literary adaptation, with particular attention to its representative texts, practices, or examples. It places the subject within the broader field of greek literature and poetry and explains how evidence, interpretation, and practice shape the field. By combining historical background with close discussion of representative examples. The discussion also highlights connections with related fields and points to further avenues of study.",ai-generated
878,The Making of epigrams: Change Across Periods and Regions,"This collection explores epigrams, with particular attention to its changes across periods and regions. It places the subject within the broader field of greek literature and poetry and explains how evidence, interpretation, and practice shape the field. With attention to the ways the subject has changed across periods, regions, and communities. The result is a focused reference work that combines context, analysis, and practical orientation.",ai-generated
878,Exploring Greek poetry: Connections with Related Fields,"The volume brings together research on greek poetry, with particular attention to its relationships with neighboring fields. It places the subject within the broader field of greek literature and poetry and explains how evidence, interpretation, and practice shape the field. With attention to the ways the subject has changed across periods, regions, and communities. Short sections make the material useful to students, researchers, and general readers.",ai-generated
878,Contexts of literary adaptation: Current Scholarly Debates,"The study traces literary adaptation, with particular attention to its current scholarly debates. It places the subject within the broader field of greek literature and poetry and explains how evidence, interpretation, and practice shape the field. By combining historical background with close discussion of representative examples. Short sections make the material useful to students, researchers, and general readers.",ai-generated
878,Exploring epigrams: Teaching and Introductory Use,"This volume introduces epigrams, with particular attention to its teaching and introductory use. It places the subject within the broader field of greek literature and poetry and explains how evidence, interpretation, and practice shape the field. While showing how established ideas continue to shape present-day scholarship and practice. Examples are used throughout to clarify terminology and demonstrate how the larger themes can be applied.",ai-generated
878,literary adaptation: Institutions and Communities,"This collection explores literary adaptation, with particular attention to its the role of institutions and communities. It places the subject within the broader field of greek literature and poetry and explains how evidence, interpretation, and practice shape the field. With attention to the ways the subject has changed across periods, regions, and communities. The discussion also highlights connections with related fields and points to further avenues of study.",ai-generated
878,Saint Brendan traditions and Greek travel literature: Theory and Practice,"The volume brings together research on saint brendan traditions and greek travel literature, with particular attention to its connections between theory and practice. It places the subject within the broader field of greek literature and poetry and explains how evidence, interpretation, and practice shape the field. Through a balanced discussion of evidence, methods, and competing interpretations. The discussion also highlights connections with related fields and points to further avenues of study.",ai-generated
884,Reading Pindar: Institutions and Communities,"The volume brings together research on pindar, with particular attention to its the role of institutions and communities. It places the subject within the broader field of ancient greek lyric poetry and explains how evidence, interpretation, and practice shape the field. Through a balanced discussion of evidence, methods, and competing interpretations. Examples are used throughout to clarify terminology and demonstrate how the larger themes can be applied.",ai-generated
884,Researching Hellenistic poetry: Theory and Practice,"The study traces hellenistic poetry, with particular attention to its connections between theory and practice. It places the subject within the broader field of ancient greek lyric poetry and explains how evidence, interpretation, and practice shape the field. By placing specialized questions within a broader cultural and intellectual setting. Examples are used throughout to clarify terminology and demonstrate how the larger themes can be applied.",ai-generated
888,The Making of classical literary development: Historical Development and Key Themes,"This volume introduces classical literary development, with particular attention to its historical development. It places the subject within the broader field of ancient greek literature and literary history and explains how evidence, interpretation, and practice shape the field. By placing specialized questions within a broader cultural and intellectual setting. Examples are used throughout to clarify terminology and demonstrate how the larger themes can be applied.",ai-generated
888,Selected Studies in ancient literary genres: Concepts and Terminology,"This collection explores ancient literary genres, with particular attention to its major concepts and terminology. It places the subject within the broader field of ancient greek literature and literary history and explains how evidence, interpretation, and practice shape the field. By placing specialized questions within a broader cultural and intellectual setting. The discussion also highlights connections with related fields and points to further avenues of study.",ai-generated
888,Practical Studies in Greek biography: Methods of Study,"The volume brings together research on greek biography, with particular attention to its methods of study and interpretation. It places the subject within the broader field of ancient greek literature and literary history and explains how evidence, interpretation, and practice shape the field. By combining historical background with close discussion of representative examples. Examples are used throughout to clarify terminology and demonstrate how the larger themes can be applied.",ai-generated
888,"Perspectives on Greek biography: Texts, Practices, and Examples","The study traces greek biography, with particular attention to its representative texts, practices, or examples. It places the subject within the broader field of ancient greek literature and literary history and explains how evidence, interpretation, and practice shape the field. Through a balanced discussion of evidence, methods, and competing interpretations. Short sections make the material useful to students, researchers, and general readers.",ai-generated
888,A Guide to Greek epigram: Change Across Periods and Regions,"This volume introduces greek epigram, with particular attention to its changes across periods and regions. It places the subject within the broader field of ancient greek literature and literary history and explains how evidence, interpretation, and practice shape the field. With attention to the ways the subject has changed across periods, regions, and communities. Examples are used throughout to clarify terminology and demonstrate how the larger themes can be applied.",ai-generated
888,Approaches to Greek epigram: Connections with Related Fields,"This collection explores greek epigram, with particular attention to its relationships with neighboring fields. It places the subject within the broader field of ancient greek literature and literary history and explains how evidence, interpretation, and practice shape the field. While showing how established ideas continue to shape present-day scholarship and practice. Short sections make the material useful to students, researchers, and general readers.",ai-generated
893,Reading technological imagination: Connections with Related Fields,"This accessible guide considers technological imagination, with particular attention to its relationships with neighboring fields. It places the subject within the broader field of literature and technology or speculative cultural studies and explains how evidence, interpretation, and practice shape the field. With attention to the ways the subject has changed across periods, regions, and communities. Examples are used throughout to clarify terminology and demonstrate how the larger themes can be applied.",ai-generated
893,The Making of robotics and society: Current Scholarly Debates,"The collection focuses on robotics and society, with particular attention to its current scholarly debates. It places the subject within the broader field of literature and technology or speculative cultural studies and explains how evidence, interpretation, and practice shape the field. By combining historical background with close discussion of representative examples. The result is a focused reference work that combines context, analysis, and practical orientation.",ai-generated
894,The Making of translation and identity: Current Scholarly Debates,"The study traces translation and identity, with particular attention to its current scholarly debates. It places the subject within the broader field of other literatures and european literary studies and explains how evidence, interpretation, and practice shape the field. By combining historical background with close discussion of representative examples. The result is a focused reference work that combines context, analysis, and practical orientation.",ai-generated
897,Exploring cultural memory: Theory and Practice,"This study examines cultural memory, with particular attention to its connections between theory and practice. It places the subject within the broader field of literature of north american indigenous peoples and related traditions and explains how evidence, interpretation, and practice shape the field. Through a balanced discussion of evidence, methods, and competing interpretations. Taken together, the chapters provide a varied view of the field without assuming specialist knowledge.",ai-generated
897,Indigenous literature: Material and Cultural Contexts,"The book surveys indigenous literature, with particular attention to its material and cultural contexts. It places the subject within the broader field of literature of north american indigenous peoples and related traditions and explains how evidence, interpretation, and practice shape the field. By combining historical background with close discussion of representative examples. The result is a focused reference work that combines context, analysis, and practical orientation.",ai-generated
897,Approaches to Mesoamerican literature: Questions for Further Research,"This accessible guide considers mesoamerican literature, with particular attention to its questions raised by recent research. It places the subject within the broader field of literature of north american indigenous peoples and related traditions and explains how evidence, interpretation, and practice shape the field. By placing specialized questions within a broader cultural and intellectual setting. Examples are used throughout to clarify terminology and demonstrate how the larger themes can be applied.",ai-generated
897,Reading translation of Native texts: Historical Development and Key Themes,"The collection focuses on translation of native texts, with particular attention to its historical development. It places the subject within the broader field of literature of north american indigenous peoples and related traditions and explains how evidence, interpretation, and practice shape the field. While showing how established ideas continue to shape present-day scholarship and practice. Examples are used throughout to clarify terminology and demonstrate how the larger themes can be applied.",ai-generated
897,The Making of Indigenous literature: Concepts and Terminology,"This study examines indigenous literature, with particular attention to its major concepts and terminology. It places the subject within the broader field of literature of north american indigenous peoples and related traditions and explains how evidence, interpretation, and practice shape the field. Through a balanced discussion of evidence, methods, and competing interpretations. Examples are used throughout to clarify terminology and demonstrate how the larger themes can be applied.",ai-generated
897,Perspectives on Mesoamerican literature: Methods of Study,"The book surveys mesoamerican literature, with particular attention to its methods of study and interpretation. It places the subject within the broader field of literature of north american indigenous peoples and related traditions and explains how evidence, interpretation, and practice shape the field. While showing how established ideas continue to shape present-day scholarship and practice. The discussion also highlights connections with related fields and points to further avenues of study.",ai-generated
