DDC,Title,description,source
450,Italian: A Linguistic Introduction,"A comprehensive linguistic overview detailing the historical evolution, dialectology, phonology, and morphosyntactic structures of the Italian language.",ai
450,Grammatica Italiana,A foundational and authoritative reference grammar outlining the prescriptive and descriptive rules of the standard Italian language.,ai
450,The Dialects of Italy,A scholarly reference work analyzing the diverse regional Romance languages and dialects spoken across the Italian peninsula.,ai
450,Romance Languages: A Historical Introduction,"A comparative philological study examining the evolution of Italian, Romanian, and other Romance sister languages from Vulgar Latin.",ai
450,Modern Italian Grammar: A Practical Guide,"A widely utilized pedagogical reference manual focusing on contemporary Italian usage, syntax, and communication structures.",ai
450,History of the Italian Language,A detailed historical account tracing the transformation of Italian from its Latin roots through the Renaissance to the modern national standard.,ai
450,Italian Syntax and Universal Grammar,A generative grammar approach examining the complex structural properties of Italian clause formation and word order.,ai
450,The Oxford Companion to the Italian Language,"An exhaustive reference guide exploring the history, structure, vocabulary, and cultural context of Italian and its regional variants.",ai
450,Phonological Variation and Change in Contemporary Italian,An empirical sociolinguistic study investigating phonetic trends and phonological shifts across modern Italian speech communities.,ai
450,Colloquial Italian: The Complete Course for Beginners,A structured language textbook designed for English speakers to master basic conversational and structural Italian.,ai
450,Italian Lexicology and Semantics,"A detailed academic investigation into word formation, meaning evolution, and semantic fields within the Italian lexicon.",ai
450,Advanced Italian Grammar,"A thorough reference text aimed at advanced learners focusing on stylistic nuances, idiomatic expressions, and complex syntactic patterns.",ai
450,Italo-Romance Languages and Dialects,A comparative linguistic survey mapping out the structural similarities and differences among major Italic linguistic groups.,ai
450,The Sounds of Italian,"An acoustic and articulatory phonetics guide analyzing the vowel systems, consonant clusters, and intonation contours of Italian.",ai
450,Sociolinguistics of the Italian Language,"An analytical text exploring how social class, region, and context influence language variation in Italy.",ai
450,Medieval Italian Texts and Linguistic Evolution,A philological analysis of early Italian literary and administrative documents from the 10th to the 13th centuries.,ai
450,Teaching Italian as a Second Language,A pedagogical handbook presenting methodological frameworks for modern foreign language instruction in Italian.,ai
450,Italian Translation Theory and Practice,"A professional study addressing the linguistic challenges, stylistic choices, and semantic shifts involved in English-Italian translation.",ai
450,Etymological Dictionary of the Italian Language,A comprehensive etymological reference mapping the historical origins and developmental shifts of thousands of Italian words.,ai
450,Pragmatics of Spoken Italian,"A discourse-analytical exploration of how context, interaction, and interpersonal dynamics shape everyday Italian conversation.",ai
450,Italian Morphological Structures,"A specialized linguistic study detailing inflectional paradigms, derivational morphology, and word-building rules in Italian.",ai
450,Romanian and Italian: A Comparative Typology,A structural linguistic comparison highlighting the shared traits and divergences between the two primary East/Italo-Romance branches.,ai
450,Business Italian: Communication Strategies,"A practical manual focusing on corporate terminology, commercial correspondence, and professional discourse in Italy.",ai
450,Dialectology in Southern Italy,A field study cataloging the distinct phonological and lexical features of regional dialects spoken in the Mezzogiorno.,ai
450,The Genesis of Standard Italian,A historical-linguistic study tracking how the Florentine literary standard rose to become the national language of unified Italy.,ai
450,Corpus Linguistics and Modern Italian,"An empirical investigation utilizing large electronic text corpora to analyze frequency, collocation, and usage patterns in modern Italian.",ai
450,Cognitive Approaches to Italian Grammar,A linguistic study interpreting Italian grammatical phenomena through the lens of cognitive linguistics and conceptual structures.,ai
450,Italian Slang and Informal Discourse,"A descriptive analysis of colloquial expressions, youth slang, and non-standard idioms prevalent in contemporary Italian cities.",ai
450,Historical Phonology of Italian,A diachronic analysis tracking sound shifts from Classical and Vulgar Latin into the modern Italian vowel and consonant inventories.,ai
450,The Future of the Italian Language in Europe,"A sociolinguistic evaluation concerning the status, vitality, and regulatory influences on Italian within the European Union framework.",ai
756,Dinosaurs Before Dark,"The first installment in the popular Magic Tree House series, following siblings Jack and Annie as they discover a tree house filled with books that transports them back to the prehistoric time of dinosaurs.",ai
756,Because of Winn-Dixie,"A heartwarming children's novel about a lonely young girl named India Opal Buloni who adopts a scruffy, smiling stray dog named Winn-Dixie, helping her make new friends in a small Florida town.",ai
756,Bead Weaving with Treasure Beads Book 1,A dedicated guide and pattern book featuring intricate bead-weaving projects and designs utilizing precision-crafted Toho treasure beads.,ai
756,Number the Stars,"A gripping historical fiction novel set in 1943 Copenhagen, detailing the courageous efforts of ten-year-old Annemarie Johansen and her family as they help smuggle her Jewish best friend and family away to safety in neutral Sweden.",ai
756,Portland Bead Society Presents: Beaded Treasures...,A compilation collection presenting nine distinct jewelry and decorative patterns for beaded creations designed by skilled members of the Portland Bead Society.,ai
756,Craft Cord Corral: Bead Stringing Projects for Everyone,An accessible crafting guide introducing beginners and enthusiasts alike to fundamental bead stringing techniques using various cords to create custom jewelry.,ai
756,From the Flowering Fields - Create 3-D Flowers with Seed Beads,"An instructional craft book detailing step-by-step methods for creating lifelike, three-dimensional botanical flowers and arrangements using tiny seed beads.",ai
756,Plateau Pictorial Beadwork,A scholarly and visually rich examination of historical pictorial beadwork created by Indigenous peoples of the Columbia Plateau region.,ai
756,Bead All You Can Bead : An Open and Shut Case! : Volume II,"The second volume in an advanced crafting series focused on inventive, structural beadwork projects that feature creative closures and dimensional designs.",ai
756,Cheyenne Stitch Earrings Needle Weaving Made Easy Vol. 2,"A focused needle-weaving instruction manual exploring specific Cheyenne stitch techniques to craft unique, traditional-style beaded earrings.",ai
756,Beads Journal of the Society of Bead Researchers Volume 19,"An academic journal publication compiling peer-reviewed research papers and historical analyses on beads, beadwork, and trade beads worldwide.",ai
756,Beads & Chain,A practical jewelry-making guide exploring creative combinations of loose beads and metallic chains to construct fashionable modern accessories.,ai
756,Beadcats presents Czech pressed glass bead jewelry...,A specialty craft booklet offering six original jewelry design patterns explicitly built around traditional Bohemian Czech pressed glass components.,ai
756,The Silver Ghost: A Supernatural Car,A suspenseful fiction work revolving around the mysterious and supernatural occurrences tied to a classic vintage automobile.,ai
756,"The Beadecked Ornament, book four","The fourth installment of a holiday crafting series dedicated to elaborate, beaded decoration techniques used to embellish festive ornaments.",ai
756,Beaded Bags & More 2nd Edition,"An updated pattern collection and instruction manual outlining how to design, construct, and embellish elegant handmade beaded purses and accessories.",ai
756,The Beads of St. Catherines Island...,An anthropological research paper investigating trade beads recovered from archaeological excavations on St. Catherines Island.,ai
756,Two-Hole Bead Stitching: 25 new jewelry designs,A comprehensive instructional guide featuring twenty-five contemporary jewelry projects engineered specifically around versatile multi-hole and two-hole beads.,ai
756,Beautiful Beadwork from Nature: 16 Stunning Jewelry Projects...,"A design compilation book showcasing sixteen elegant beadweaving projects inspired directly by organic shapes, textures, and color palettes found in nature.",ai
756,Finishing Techniques for Bead Embroidery Projects,"A specialized needlework manual teaching professional-grade backing, edging, and closure techniques to cleanly finish complex bead embroidery pieces.",ai
756,Rivoli Beadwork,A masterclass style crafting guide highlighting distinct geometric beadwork patterns built around sparkling circular Rivoli crystal chatons.,ai
756,Lush & Layered Beadweaving: Stitch jewelry with textures & dimension...,An advanced jewelry design book focusing on complex stitching approaches that add deep tactile textures and three-dimensional layering to beadwork.,ai
756,Exquisite Stitching with Multi-Hole Beads,"A modern pattern book demonstrating how contemporary multi-hole beads can be seamlessly integrated into intricate, interlocking stitch structures.",ai
756,Patterns for the Beadfuddled Beader (Volume II - Peyote & Brickstitch...),A user-friendly pattern volume tailored to help intermediate crafters master traditional peyote and brick stitch beadweaving techniques.,ai
756,Bead N bugs,"A creative craft book combining bead embroidery and wirework instructions to fashion whimsical, miniature insect sculptures and jewelry.",ai
756,Art Clay Silver: 18 Projects,A comprehensive studio handbook guiding artisans through eighteen distinct metal clay projects utilizing silver powder binders to form fine silver jewelry.,ai
756,Designing with Wire! Project Book Three,A hands-on metal crafting guide presenting creative wire-wrapping and shaping projects for jewelry and decorative components.,ai
756,Beads in Indonesia,"A cultural exploration catalog documenting the historical significance, trade circulation, and artistic heritage of indigenous and ancient beads across Indonesia.",ai
756,Anatolske Glasperler,"A specialized study detailing the archaeological origins, historical development, and aesthetic properties of traditional glass beads from Anatolia.",ai
756,Kiffa Beads Mauritanian Powdered Glass Beads,"A detailed examination of traditional powdered glass Kiffa beads crafted by women artisans in Mauritania, capturing their unique heritage.",ai
756,Beaded Splendor,"A visually striking exploration of African beadwork traditions, analyzing how garments and objects adorned with beads express status and identity.",ai
756,Understanding Jade,"An informative mineralogical and cultural reference text explaining the physical properties, history, carving styles, and symbolic value of jade.",ai
756,Create Your Style with Swarovski,"A corporate design collection featuring official jewelry projects, branding inspiration, and crystal application methods utilizing authentic Swarovski components.",ai
756,Bloomin' (Blooming) Beads: Forty-two Full Color Beading Charts,A vibrant pattern book offering forty-two colorful graphic charts designed to translate floral motifs into beaded projects.,ai
768,The Littles Take a Trip,"A classic children's chapter book following the tiny Little family as they embark on a rare, adventurous, and perilous journey across the neighborhood to attend a family gathering.",ai
768,Commando 768 FLY TO GLORY,"A classic digest-sized British war comic book presenting a thrilling, action-packed narrative of aerial combat and military heroics during wartime.",ai
768,Little Hotchpotch (Bloomsbury Paperbacks),A charming and playful children's book featuring whimsical poetry and vivid illustrations that explore imagination and daily adventures.,ai
768,Three Men in a Boat [Oxford Bookworms],An adapted and simplified reader version of Jerome K. Jerome's classic humorous Victorian novel detailing a mishaps-filled boating holiday on the River Thames.,ai
768,The Oxford Handbook of Civil Society,"An authoritative edited volume that explores the evolution, diverse organizational forms, global geographical contexts, and theoretical foundations of civil society.",ai
768,"Constitutional Law: Principles and Policy, Cases and Materials",A comprehensive legal casebook designed for law students that provides deep insights into American constitutional law through judicial opinions and policy analysis.,ai
768,Kamo,"A touching and whimsical children's novel by acclaimed author Daniel Pennac that explores childhood friendship, school life, and imaginative escapades.",ai
768,The Baby-Sitters Remember,"A nostalgic entry in the beloved Baby-sitters Club series where the members look back on their friendship, adventures, and milestones running their babysitting enterprise.",ai
768,Systematic Theology Volume III,"A foundational theological text by a prominent 19th-century Calvinist scholar focusing on soteriology, ecclesiology, and Christian eschatology.",ai
768,Romance of the Sea,"A historical narrative exploring humanity's long relationship with the oceans, detailing maritime exploration, naval navigation, and the age of discovery.",ai
768,"Pray Love, Remember",A poignant young adult novel following a young woman striving to look beyond the constraints of her small-town life and troubled family circumstances in search of broader horizons.,ai
768,Ghosts Don't Get Goosebumps,"A fun, spooky children's chapter book blending humor and gentle chills as young characters navigate mysterious and supernatural playground occurrences.",ai
768,Elfangor's Secret (Animorphs Megamorphs #3),A feature-length installment in the popular sci-fi Animorphs series that uncovers hidden secrets regarding the Andalite warrior Elfangor and the ongoing war against the Yeerks.,ai
768,Vampire World 2: The Last Aerie,"A dark, imaginative fantasy-horror novel blending cosmic horror and vampire lore as protagonists battle ancient evils across alternative dimensions.",ai
768,I'm a Manatee,"A whimsical, rhyming children's picture book written by actor John Lithgow that imagines the cozy, surreal underwater adventures of a young boy transforming into a manatee.",ai
768,A Damsel in Distress,"A classic, lighthearted romantic comedy novel by P. G. Wodehouse filled with mistaken identities, witty banter, and upper-class British eccentricities.",ai
768,Andersonville,"A monumental, Pulitzer Prize-winning historical novel depicting the brutal conditions, suffering, and human resilience inside the infamous Civil War prisoner-of-war camp.",ai
768,When I Was Little: A Four-Year-Old's Memoir of Her Youth,A charming and humorous picture book written by Jamie Lee Curtis that looks at childhood through the nostalgic perspective of a little girl recalling her toddler years.,ai
768,Hop on Pop,"A classic, highly accessible beginner reader book by Dr. Seuss featuring simple rhyming words, phonics practice, and signature playful illustrations.",ai
768,William Shakespeare: The Sonnets,"A timeless collection of lyrical poems by William Shakespeare exploring complex themes of love, beauty, mortality, and human desire.",ai
768,Natasha's Dance: A Cultural History of Russia,"A sweeping, masterly cultural history exploring Russia's artistic soul, literature, music, and the tension between Western influences and native traditions.",ai
768,The Art of Looking Sideways,"A visually striking, eclectic compendium of design philosophy, visual puns, and witty observations compiled by legendary graphic designer Alan Fletcher.",ai
768,Gravity's Rainbow,"A dense, highly complex, and postmodern masterpiece set near the end of World War II, tracking paranoia, V-2 rockets, and bureaucratic absurdity.",ai
768,The Children's Book of Virtues,"An inspiring compilation of classic stories, poems, and fables carefully selected to teach children moral values, integrity, and character.",ai
768,Metamorphoses [in translation],A monumental epic poem in classical mythology that chronicles the history of the world from its creation to the deification of Julius Caesar through transformative myths.,ai
768,Say What?,"A witty and engaging children's book that plays with language, animal sounds, and communication misunderstandings through humorous visual storytelling.",ai
768,Read-Aloud Bible Stories: Volume 4,"A gentle, engaging children's book adapting key biblical narratives into simple, accessible language tailored for young listeners.",ai
768,The World of Greek Dance,"An insightful cultural study documenting the historical evolution, regional variations, and social significance of traditional Greek folk dances.",ai
768,Rebecca's Reward,"An inspiring historical fiction novel set in the American frontier, following themes of faith, perseverance, and community-building among early settlers.",ai
768,Feminine Personality and Conflict,"A psychological study examining the cultural expectations, internal conflicts, and identity development experienced by women.",ai
855,I Don't Want to Go to Bed!,A relatable and comforting children's picture book following a little tiger who tries every trick in the book to delay bedtime.,ai
855,Magic Fire Music,"A dramatic and celebrated orchestral excerpt from Richard Wagner's opera Die Walküre, capturing the blazing magical circle created by Wotan.",ai
855,"Mendelssohn : Piano concerto no.1 in G minor, Op.25 [score : solo piano]",A solo piano reduction score of Felix Mendelssohn's brilliant and virtuosic Romantic piano concerto.,ai
855,Commando 855 FLOATING FORTRESS,A classic digest-sized British war comic book presenting a thrilling narrative of naval warfare and military action against heavy odds.,ai
855,The territorial papers of the United States,"A foundational historical compilation of official government documents, correspondence, and administrative records concerning U.S. territories.",ai
855,Guilt,A gripping psychological suspense thriller by bestselling author Jonathan Kellerman featuring psychologist Alex Delaware and detective Milo Sturgis.,ai
855,Criminal Law Case Studies,An educational legal textbook examining complex criminal law issues through the analysis of real-world judicial cases.,ai
855,The Book-Method of Bible Study,A practical theological manual outlining systematic approaches and methods for studying scriptural texts effectively.,ai
855,Saint Nicolas: A Cantata (Full Score),A majestic and moving choral composition by Benjamin Britten detailing the legendary life and miraculous deeds of Saint Nicholas.,ai
855,Otto Grows Down,"A clever and imaginative children's time-travel story about a young boy who wishes time would move backward, only to face chaotic consequences.",ai
855,A Little Spot of Color,A vibrant and creative children's picture book that introduces young readers to the wonderful world of colors and artistic expression.,ai
855,The Trouble with Tyrannosaurus Rex,"A fun, engaging prehistoric children's story addressing identity, self-acceptance, and the physical challenges of having tiny arms.",ai
855,Rough Roads and Rainbows,An inspiring Christian fiction and adventure book filled with character-building lessons for young readers.,ai
855,I'd Be Your Princess: A Royal Tale of Godly Character,"A heartwarming story designed to teach young girls about spiritual identity, grace, and inner royal character.",ai
855,Rough-Hewn,"A rich, character-driven early 20th-century American novel exploring personal growth, romance, and the journey to self-discovery.",ai
855,The Social Behavior of the Bees,"A definitive, masterly scientific study by Charles D. Michener detailing the complex evolutionary biology and social structures of bees.",ai
855,The puzzle duck,A whimsical and visually delightful children's book filled with quirky characters and playful visual puzzles.,ai
855,God's Handmaiden,"A historical Christian fiction novel by Gilbert Morris depicting faith, perseverance, and dramatic historical settings.",ai
855,Catalogue of the Universe,"An accessible astronomy book exploring cosmic phenomena, celestial bodies, and the vast scale of space.",ai
855,Tidings of Great Joy,A touching holiday romance and contemporary fiction novel by bestselling author Sandra Brown exploring love and redemption.,ai
855,Kittens in the Kitchen,A sweet and comforting children's animal rescue story from the popular Animal Ark series focusing on veterinary care and animal welfare.,ai
855,Japanland: A Year in Search of Wa,An engaging travel memoir and cultural observation chronicle tracking a traveler's deep dive into traditional and modern Japanese harmony.,ai
855,The Romance of Tristan and Iseult,"A classic medieval tragic romance retold by Joseph Bédier, detailing an ill-fated love story bound by a magic potion.",ai
855,Via del Corso,"A travel and cultural exploration book capturing the vibrant atmosphere, history, and daily life along one of Rome's most famous streets.",ai
855,Lettere della resistenza europea,A historical collection of moving underground letters written by European resistance fighters during World War II.,ai
855,Bouwen aan boerderĳen,"An architectural and historical guide focusing on the preservation, restoration, and adaptive reuse of traditional farmhouses.",ai
855,Poniente: La increíble hazaña de Juan Sebastián Elcano,A historical narrative documenting the epic first circumnavigation of the globe by the surviving crew of the Victoria.,ai
855,La patria en la cartera,"A critical analytical text examining the historical roots, mechanisms, and contemporary impacts of political corruption in Spain.",ai
855,1938 Horch Type 855,"A specialized automotive history book detailing the engineering, design, and heritage of the ultra-rare classic Horch luxury automobile.",ai
855,Uyar Kalvi Thandha Uthamargal,A historical and biographical work in Tamil exploring visionaries and pioneers who shaped higher education systems.,ai
857,The Way Mothers Are,A tender and comforting children's picture book exploring the unconditional nature of maternal love across different animal families.,ai
857,P.D.Q. Bach on the Air,"A hilarious satirical music book by Peter Schickele chronicling the comical, fictitious discoveries and broadcast works of the fictional composer P.D.Q. Bach.",ai
857,"Mendelssohn : Symphony no.3 in A minor, Op.56 'Scottish' {score : study}",A standard orchestral study score of Felix Mendelssohn's evocative and romantic masterpiece inspired by his travels in Scotland.,ai
857,I Funny,A humorous and heartwarming middle-grade novel by James Patterson following a wheelchair-bound boy with big dreams of becoming a professional stand-up comedian.,ai
857,The Magnificat,A classical choral music score of Giovanni Battista Pergolesi's sublime setting of the biblical canticle of Mary.,ai
857,Nature's golden treasure: Honey cookbook,"A practical culinary guide and recipe collection highlighting the versatile uses of honey in cooking, baking, and health.",ai
857,Criminal Law Case Studies,An educational legal textbook examining complex criminal law issues through the detailed analysis of real-world judicial cases.,ai
857,Pirate Latitudes,"A swashbuckling, action-packed posthumous adventure novel by Michael Crichton set in the Caribbean during the 17th-century age of buccaneers.",ai
857,The Urban Homestead: Your Guide to Self-sufficient Living in the Heart of the City,"A comprehensive manual providing practical instructions for organic gardening, canning, energy conservation, and micro-livestock keeping in urban settings.",ai
857,Othello and Other Stories from Shakespeare,An accessible reader adaptation introducing young or language-learning audiences to classic Shakespearean plots and dramatic themes.,ai
857,Classic Mysteries: A Collection of Mind-Bending Masterpieces,"An engaging anthology featuring intricate, suspenseful puzzle-plots and classic short stories from the masters of mystery fiction.",ai
857,The Hippo-Not-Amus,"A playful, whimsical children's picture book centered on identity, self-worth, and a hippopotamus who wants to be something else.",ai
857,How to Draw: Heroic Anatomy,"A detailed instructional comic book art guide breaking down muscular structure, dynamic action poses, and heroic proportions.",ai
857,Who Brought the Bread: A Bible Mystery,An imaginative children's book exploring historical biblical settings and daily life through a clever mystery framework.,ai
857,The First Epistle to the Corinthians,A scholarly yet accessible New Testament commentary by Gordon D. Fee analyzing Paul's letters and early church theology.,ai
857,Frosty's New Friends,A festive wintertime children's story featuring cheerful holiday illustrations and friendly interactions with everyone's favorite snowman.,ai
857,"It's Check-up Time, Elmo!",A reassuring Sesame Street children's book designed to help young kids overcome anxiety about visiting the doctor's office.,ai
857,The Three Bears' Christmas,A cozy holiday-themed variation of the classic fairy tale featuring festive traditions and family warmth.,ai
857,A Rap on Race,"A powerful, unscripted dialogue transcript between anthropologist Margaret Mead and writer James Baldwin tackling systemic racism and human relations.",ai
857,The Crippled Lamb,A moving Christian children's allegory by Max Lucado about a special-needs lamb who discovers he has an important purpose during the first Christmas.,ai
857,On Asking God Why: And Other Reflections on Trusting God in a Twisted World,A thoughtful spiritual reflection book by Elisabeth Elliot offering comfort and biblical perspective amidst human suffering and confusion.,ai
857,Venice: Lion City: The Religion of Empire,"A brilliant cultural history by Garry Wills examining how Venetian art, architecture, and civic life were deeply intertwined with religious devotion to Saint Mark.",ai
857,The Ancient City: Life in Classical Athens and Rome,"A vividly illustrated historical study by Peter Connolly exploring the daily infrastructure, architecture, and social structures of classical antiquity.",ai
857,Whispers at Midnight,"A thrilling romantic suspense novel by Karen Robards blending high-stakes danger, courtroom drama, and a blossoming romance.",ai
857,Grant: A Biography,"A definitive, critically acclaimed biographical work by William S. McFeely reassessing the military triumphs and political struggles of Ulysses S. Grant.",ai
857,The Summer Book,"A luminous, quiet masterpiece by Tove Jansson depicting the unique bond between a young girl and her grandmother sharing a tiny island in the Gulf of Finland.",ai
857,The Cat Who Sniffed Glue,A charming cozy mystery novel by Lilian Jackson Braun featuring investigative journalist Qwilleran and his remarkably intuitive Siamese cats.,ai
857,Fancy That!,"A delightfully humorous children's book by Pamela Allen celebrating farm life, clever animals, and unexpected twists.",ai
857,Fratelli Tutti: On Fraternity and Social Friendship,"An encyclical letter by Pope Francis addressing global solidarity, human fraternity, peace, and the responsibility to build a more inclusive society.",ai
857,Maple Glory,An engaging creative work cataloged under international English-language literary distribution records.,ai
865,The Princess and the Pea,"A timeless fairy tale by Hans Christian Andersen about a delicate prince's quest for a true princess, tested by a single pea hidden beneath a mountain of mattresses.",ai
865,Music of England's Golden Age,A curated musical collection and historical recording overview celebrating the rich polyphonic and choral masterworks of Renaissance England.,ai
865,"Duet No. 1 for Violin and Viola, G Major, K. 423. Duet No. 2 for Violin and Viola, Bb Major, K. 424. Divertimento in Eb Major for String Trio, K. 563",A chamber music score compilation showcasing Wolfgang Amadeus Mozart's brilliant ingenuity in writing for small string ensembles without accompaniment.,ai
865,Commando 865 HERO'S HERITAGE,"A classic digest-sized British war comic book presenting a thrilling action-packed narrative of battlefield heroics, military duty, and wartime legacy.",ai
865,Good Morning Doctor Houston,A classic romance and medical fiction novel by Lucy Gillen blending professional drama with emotional entanglements.,ai
865,The Damnation of Faust: Finale to Part II,A dramatic orchestral and choral score excerpt from Hector Berlioz's legendary concert work capturing intense romantic and atmospheric passion.,ai
865,Insane City,"A hilarious, fast-paced satirical comedy novel by Dave Barry set against the chaotic backdrop of a wild destination wedding in Miami.",ai
865,Samuel's kisses,"A heartwarming children's picture book exploring themes of affection, family connection, and emotional expression.",ai
865,Criminal Law Case Studies,An educational legal textbook examining complex criminal law issues through the detailed analysis of real-world judicial cases.,ai
865,No Place for a Lady,A historical Christian romance novel by Maggie Brendan following a strong-willed woman navigating the challenges of the American frontier.,ai
865,A Pearl in the Storm: How I Found My Heart in the Middle of the Ocean,"An inspiring memoir by Tori Murden McClure detailing her harrowing, historic solo row across the Atlantic Ocean and her journey of personal resilience.",ai
865,James to the Rescue: A Book About Friendliness,"A charming character-building children's book focusing on social values, kindness, and the importance of being a good friend.",ai
865,Shortest Kid in the World,"A relatable children's chapter book addressing self-esteem, growth, and the universal experience of feeling different from one's peers.",ai
865,Blow-Up [1967 film],"A cinematic study and screenplay exploration of Michelangelo Antonioni's iconic mystery-drama film about perception, reality, and swinging London.",ai
865,Science Vocabulary Readers: Colorful Leaves,An educational non-fiction book for early readers designed to introduce seasonal nature concepts and fundamental science vocabulary.,ai
865,The Basic Laws of Human Stupidity,A witty and sharply observed sociological essay by Carlo M. Cipolla analyzing the constant and destructive role of irrational human behavior in society.,ai
865,Cheerios Counting Book,An interactive and playful early learning book that uses familiar cereal pieces to help young children master basic counting skills.,ai
865,Invention (Eyewitness Books),"A richly illustrated non-fiction reference book exploring the history of human technological breakthroughs, tools, and mechanical innovations.",ai
865,Viking Tales,"A captivating collection of historical legends and adventure stories by Jennie Hall detailing the Norse voyages, myths, and daily life of early explorers.",ai
865,Jesus and His Times,"A comprehensive, illustrated historical reference work produced by Reader's Digest examining the cultural, political, and religious world of first-century Judea.",ai
865,The Mutt in the Iron Muzzle,An adventurous middle-grade novel from the popular Wishbone series blending literary adaptation with the playful imagination of a beloved literary dog.,ai
865,True Stories About Abraham Lincoln,"A biographical children's book chronicling the humble origins, political career, and enduring legacy of America's 16th president.",ai
865,The Book of the City of Ladies,A foundational proto-feminist masterpiece by Christine de Pizan defending women's intellectual and moral capabilities by constructing an allegorical city of famous heroines.,ai
865,Skating Shoes,A beloved children's classic novel by Noel Streatfeild following a sickly girl who discovers a passion and talent for ice skating in post-war England.,ai
865,"Word Biblical Commentary, Volume 35A: Luke 1-9:20","A rigorous, scholarly theological commentary providing deep linguistic, historical, and exegetical analysis of the Gospel of Luke.",ai
865,Charlie Chan: Five Complete Novels,"An omnibus collection of classic mystery novels by Earl Derr Biggers featuring the iconic, astute Honolulu detective solving complex international crimes.",ai
865,Mission from Mount Yoda,An action-packed science fiction novel written by Paul Davids expanding on classic universe lore and galactic adventures.,ai
865,Summerland,"A masterly, genre-bending fantasy novel by Michael Chabon weaving American folklore, baseball, and mythological dimensions together in the Pacific Northwest.",ai
865,Civilization and Its Discontents,A seminal psychoanalytic and philosophical essay by Sigmund Freud examining the inherent conflict between individual desires and the repressive demands of civilization.,ai
865,The Garden of the Princes,"An evocative modern literary work exploring historical memory, identity, and narrative depth within European literature.",ai
866,"Klavierkoncert in A Major, KV 488",A classical piano concerto score featuring Wolfgang Amadeus Mozart's brilliant melodic invention and sophisticated dialogue between soloist and orchestra.,ai
866,Fire,"A gripping and emotional survival novel depicting the terror, intensity, and community resilience during a devastating Australian bushfire.",ai
866,"Deck Thyself, My Soul, With Gladness / Jesus Bread of Life from Heaven",A sacred choral and organ music score collection featuring Johann Sebastian Bach's deeply spiritual and intricate Lutheran compositions.,ai
866,Deep Zone,An action-packed sports fiction novel following a talented young football player navigating high-stakes games and personal challenges.,ai
866,Criminal Law Case Studies,An educational legal textbook examining complex criminal law issues through the detailed analysis of real-world judicial cases.,ai
866,The Unknown Kurt Weill: A Collection of 14 Songs as Sung by Teresa Stratas,"A specialized musical album and score collection showcasing rare, expressive vocal compositions by Kurt Weill interpreted by soprano Teresa Stratas.",ai
866,The Viking's Defiant Bride,"A historical romance novel set in the medieval era, blending political tension, fierce loyalty, and a passionate enemies-to-lovers storyline.",ai
866,Pathway of Roses,"An uplifting collection of inspirational poetry and prose focused on spiritual reflection, nature, and emotional healing.",ai
866,Where Do Insects Live?,An engaging non-fiction early reader book introducing children to the diverse natural habitats and homes of various insects.,ai
866,The End of Manners: A Novel,"A contemporary psychological novel exploring expatriate life, moral ambiguity, cultural displacement, and complex relationships in East Africa.",ai
866,Queer Images: A History of Gay and Lesbian Film in America,"A comprehensive film studies text analyzing the historical representation, evolution, and cultural impact of gay and lesbian cinema in the United States.",ai
866,Rhigas Velestinlis: The Proto-martyr of the Greek Revolution,"A biographical and historical study detailing the life, revolutionary vision, and martyrdom of the Greek intellectual Rhigas Velestinlis.",ai
866,Senior Prom,"A classic, lighthearted young adult romance novel capturing the social anxieties, dating dynamics, and milestone excitement of high school senior year.",ai
866,Insects and Spiders,"A visually striking educational book detailing the physical characteristics, behaviors, and classifications of arthropods.",ai
866,"The Prayerful Spirit: Passion for God, Compassion for People","A spiritual guidebook emphasizing the transformative power of deep prayer, faith, and compassionate service toward others.",ai
866,The Joys of Beekeeping,"A practical and reflective manual detailing the traditional methods, philosophy, and personal rewards of managing honeybee colonies.",ai
866,Leaves! Leaves! Leaves!,"A colorful children's picture book exploring botanical science, seasonal changes, and the different shapes and types of tree leaves.",ai
866,The Prayer of Jabez for Young Hearts,"An adapted children's book presenting a biblical prayer focused on personal character, protection, and spiritual growth for young readers.",ai
866,Music,"A richly illustrated reference book from the Eyewitness series exploring the history, instruments, theory, and cultural importance of global music.",ai
866,Arthur and the Scare-Your-Pants-Off Club,"A beloved children's chapter book featuring Arthur navigating a trendy, scary book club and learning to deal with spooky stories.",ai
866,Sebastian Lives in a Hat,"A heartwarming, true Australian children's story about the rescue, rehabilitation, and care of an orphaned wombat joey.",ai
866,Clifford's Family,"A charming classic children's picture book following Clifford the Big Red Dog as he visits his mother, father, and siblings across the country.",ai
866,The Seance,"A suspenseful young adult mystery novel dealing with teenage curiosity, psychological tension, and unexplained supernatural occurrences.",ai
866,If You Grew Up with George Washington,"An informative historical children's book answering common questions about daily life, clothing, and schooling in 18th-century America.",ai
866,The Moon Book,"An accessible, beautifully illustrated non-fiction introduction to lunar phases, space exploration, and scientific facts about Earth's moon.",ai
866,The World as I See It,"A collection of essays, letters, and reflections by Albert Einstein offering his personal views on science, religion, pacifism, and human society.",ai
866,Lon Po Po: A Red-Riding Hood Story from China,A Caldecott Medal-winning picture book retelling a traditional Chinese variant of the Little Red Riding Hood fable featuring clever siblings and a cunning wolf.,ai
866,"Word Biblical Commentary, Volume 36: John","A rigorous, scholarly theological commentary providing deep linguistic, historical, and exegetical analysis of the Gospel of John.",ai
866,It Happened to Nancy,"A cautionary, diary-based young adult novel addressing the tragic real-world consequences of drug abuse and a hidden teenage diagnosis.",ai
866,The Last Kingdom,"A sweeping historical fiction epic set in 9th-century Anglo-Saxon England, chronicling the adventures of Uhtred of Bebbanburg amid Viking invasions.",ai
867,A First Look at Bird Nests,"An engaging and educational science book for young readers that explores how various bird species build their unique homes, providing fascinating insights into avian behavior and natural history.",ai
867,The Itsy Bitsy Spider,A beautifully illustrated and expanded picture book version of the classic nursery rhyme that follows the resilient little spider on a charming journey through nature and daily adventures.,ai
867,"Symphony No.4 in F Minor, Op.36","A monumental classical music recording capturing Peter Ilich Tchaikovsky's deeply emotional and dramatic orchestration, famous for its powerful exploration of fate and human suffering.",ai
867,Magic Flute: An Opera In Two Acts,"A timeless libretto and performance edition of Wolfgang Amadeus Mozart's beloved operatic masterpiece, blending enchanting fairy-tale elements with profound philosophical themes.",ai
867,Next Door to Romance,"A classic romantic fiction novel that explores the delicate nuances of human emotion, unexpected neighborhood connections, and the transformative power of finding love close to home.",ai
867,Commando 867 THE LOST ARMY,"A thrilling and action-packed digest-sized British war comic book presenting a gripping historical narrative of military survival, camaraderie, and intense combat against overwhelming odds.",ai
867,"Middle School: My Brother Is a Big, Fat Liar","A humorous and relatable middle-grade novel by James Patterson that chronicles the chaotic school experiences, sibling rivalry, and artistic escapades of an imaginative young protagonist.",ai
867,The Big Sleep Book,A comforting and whimsical children's bedtime book featuring delightful illustrations and gentle storytelling designed to help young readers transition smoothly into a peaceful night's rest.,ai
867,Urban Style,"A visually inspiring architecture and design compendium showcasing innovative sustainable building strategies, modern eco-friendly urban living spaces, and contemporary architectural aesthetics.",ai
867,Colonial Christmas Brides,"A heartwarming historical romance collection featuring four distinct novellas set against the backdrop of early American colonial settlements, highlighting faith, resilience, and holiday romance.",ai
867,Love : What is it By James P. Gills,"A deeply reflective spiritual and philosophical book examining the true meaning of unconditional love, emotional healing, and compassionate living through a faith-based perspective.",ai
867,Silence of the Songbirds,A compelling and urgent environmental book by Bridget Stutchbury detailing the alarming global decline of songbird populations and outlining critical conservation actions needed to protect them.,ai
867,The Sweet Far Thing,"A rich, atmospheric historical fantasy novel by Libba Bray that concludes the captivating Gemma Doyle trilogy with dark magic, Victorian society secrets, and high-stakes choices.",ai
867,The Unwritten Places,"An evocative travel and cultural exploration book by Tim Salmon that journeys deep into the lesser-known historical landscapes, traditions, and hidden geographies of Greece.",ai
867,The Perfectly True Tales of a Perfect Size 12,"A witty and contemporary chick-lit novel by Robin Gold that humorously addresses body image, professional pressures, romance, and the challenges of fashion industry standards.",ai
867,Property Law and Policy: A Comparative Institutional Perspective,"A rigorous legal textbook and casebook providing a comprehensive institutional analysis of property law systems, land use policies, and economic implications across jurisdictions.",ai
867,The Mystery of the Vanishing Present,An engaging and suspenseful children's mystery novel by Elspeth Campbell Murphy that blends clever puzzle-solving with character-building moral lessons for young readers.,ai
867,"One to watch, one to pray","A thoughtful spiritual guidebook emphasizing the importance of balancing active watchfulness with deep, persistent prayer in personal and community faith lives.",ai
867,An American Architecture,"A foundational architectural monograph collecting the visionary writings, innovative design philosophies, and iconic structural drawings of the legendary architect Frank Lloyd Wright.",ai
867,Native Guard,"A Pulitzer Prize-winning collection of evocative poetry by Natasha Trethewey that explores personal history, racial identity, and the forgotten legacy of Black Civil War soldiers.",ai
867,Somewhere In The Darkness,A powerful young adult novel by Walter Dean Myers following an ill father and his teenage son on a poignant cross-country journey addressing trust and family bonds.,ai
867,Arthur and the Lost Diary,A beloved children's chapter book featuring Marc Brown's iconic aardvark Arthur as he navigates a humorous school mystery involving a missing personal journal.,ai
867,Ten Timid Ghosts,A fun and festive Halloween-themed counting book by Jennifer O'Connell that utilizes delightful illustrations to help young children learn numbers while spooky creatures find a new home.,ai
867,Firefighters A to Z,"An alphabet-based educational picture book by Chris L. Demarest that introduces young readers to the heroic tools, equipment, and daily routines of professional firefighters.",ai
867,The Canterville Ghost,"A classic satirical ghost story by Oscar Wilde that humorously details the clash between an ancient, haunted English manor and a modern, pragmatic American family.",ai
867,Scuffy the Tugboat,A nostalgic Little Golden Book classic by Gertrude Crampton chronicling the adventurous journey of a little toy tugboat who discovers that home is the best place to be.,ai
867,If You Give a Pig a Pancake,A delightfully chaotic and circular children's picture book by Laura Numeroff demonstrating how one small request from a persistent pig leads to a series of hilarious events.,ai
867,Vagina Monologues,"A groundbreaking and provocative theatrical play by Eve Ensler consisting of powerful, humorous, and deeply moving personal interviews celebrating female sexuality, identity, and empowerment.",ai
867,Heart of Darkness,"A powerful, psychological novella by Joseph Conrad set deep within the Congo Free State, exploring themes of imperialism, moral corruption, and the dark recesses of human nature.",ai
867,Colonial Christmas Brides,"A sweet multi-author historical romance collection highlighting early American holiday traditions, courtships, and enduring pioneer faith.",ai
879,Mississippi Bridge,"A powerful and poignant historical fiction novel by Mildred D. Taylor set in the American South, examining racial prejudice and human tragedy through the eyes of a young boy during the Jim Crow era.",ai
879,"On Tyranny, Graphic Edition: Twenty Lessons from the Twentieth Century","A compelling graphic adaptation of Timothy Snyder's essential political guide, offering striking visual insights into how authoritarian regimes rise and how citizens can resist democratic erosion.",ai
879,Spanish Song of the Renaissance,"A rich musical compilation capturing the elegant polyphony, courtly melodies, and vibrant cultural expressions of Renaissance Spain.",ai
879,Commando 879 TOP BOMBER,"A thrilling and action-packed digest-sized British war comic book presenting an intense historical narrative of aerial warfare, bravery, and high-stakes bombing missions during wartime.",ai
879,Symphonie No. 25 g-Moll (K.V. 183),"A dramatic and passionate classical orchestral score of Wolfgang Amadeus Mozart's iconic early symphony, renowned for its driving intensity and Sturm und Drang style.",ai
879,The Milk Underground,"A striking bilingual poetry collection in translation by Ronny Someck that blends raw urban imagery with tender metaphors about life, conflict, and human resilience.",ai
879,4 Dogs In A Truck,"A delightful and playful children's picture book by Wendy Straw featuring cheerful illustrations and a fun, lighthearted road trip adventure with lovable canine characters.",ai
879,The Great Litany,A solemn and sacred service music composition providing traditional liturgical choral arrangements for Christian worship and spiritual reflection.,ai
879,The Summer without Men,"A sharp, witty, and deeply moving contemporary novel by Siri Hustvedt following a woman who retreats to a small town after a marital separation to explore female relationships and grief.",ai
879,Damage,"A gripping legal suspense thriller by John Lescroart featuring compelling courtroom drama, complex character relationships, and high-stakes investigations.",ai
879,The Swiss Family Robinson,An adapted and simplified reader edition of Johann David Wyss's classic adventure novel detailing a shipwrecked family's ingenious survival and resourcefulness on a deserted tropical island.,ai
879,The Lost Symbol,"A fast-paced, suspenseful thriller by Dan Brown that plunges symbologist Robert Langdon into a labyrinth of hidden Masonic secrets, ancient mysteries, and codes in Washington, D.C.",ai
879,Tar Pit Murders,"A suspenseful mystery thriller incorporating ancient scientific backdrops, forensic investigation, and modern crime-solving elements.",ai
879,Strategies for Sustainable Architecture,"A comprehensive architectural reference guide by Paola Sassi exploring eco-friendly building techniques, energy conservation methods, and sustainable material choices for modern urban design.",ai
879,Everybody Feels... Happy,"An engaging and accessible children's educational book by Jane Bingham designed to help young readers recognize, understand, and express positive emotional states.",ai
879,Jo Ann and the Surprise Party,"A charming early reader book by Marcia Leonard focusing on friendship, celebration, and the delightful excitement of planning a secret gathering for a friend.",ai
879,The American West: An Illustrated History,"A visually rich historical reference work by Liz Sonneborn chronicling the exploration, expansion, conflicts, and cultural transformation of the American western frontier.",ai
879,Killer Smile,"A gripping legal thriller by Lisa Scottoline featuring smart legal maneuvering, Philadelphia atmosphere, and a tenacious lawyer uncovering dangerous secrets.",ai
879,The Secret Garden,"A beloved classic children's novel by Frances Hodgson Burnett chronicling the transformative power of nature, friendship, and renewal inside a locked, neglected Yorkshire garden.",ai
879,The Most Beautiful Villages of Greece,"A stunning photographic and travel essay book by Mark Ottaway exploring the unique architecture, scenic landscapes, and timeless cultural traditions of rural Greek villages.",ai
879,102 Dalmatians,"A fun, illustrated children's storybook adaptation of the Disney film featuring adorable spotted puppies, clever animal schemes, and a classic villainous plot.",ai
879,Living Dead in Dallas,"A wildly entertaining urban fantasy novel by Charlaine Harris blending supernatural mystery, romance, and vampire intrigue in the quirky Louisiana town of Bon Temps.",ai
879,Life Without Limits: The Message of Mark's Gospel,"An inspiring theological study and commentary by Lloyd John Ogilvie examining the active, transformative ministry of Jesus as portrayed in the Gospel of Mark.",ai
879,Science Vocabulary Readers: Fantastic Bats,An educational non-fiction book for early readers by Justin McCory Martin introducing fascinating biological facts and key science vocabulary about nocturnal bats.,ai
879,Cezanne Landscapes,"An exquisite art history monograph by John Rewald examining Paul Cezanne's revolutionary approach to perspective, nature, and structure in his famous landscape paintings.",ai
879,Who Lives In The Arctic?,An engaging science emergent reader book by Susan Canizares introducing children to the specialized wildlife and survival adaptations of animals in polar regions.,ai
879,Classroom Peanuts,"A delightful compilation of Charles M. Schulz's classic comic strips highlighting school days, childhood philosophy, and the timeless antics of Charlie Brown and the Peanuts gang.",ai
879,Promise at Midnight,"A romantic fiction novel by Lilian Peake filled with emotional tension, personal growth, and unexpected paths to finding true love.",ai
879,A Different Beat,"A thoughtful young literary fiction novel by Candy Dawson Boyd exploring teenage identity, academic pressures, and personal independence.",ai
879,Ancient Egyptian Design Coloring Book,"A creative and historical activity book by Ed Sibbett Jr. featuring authentic motifs, hieroglyphics, and artistic patterns adapted from ancient Egyptian art.",ai
480,Practical Theology in Action,"A comprehensive resource exploring how theological reflection intersects with practical ministry, offering actionable insights for Christian leaders and communities addressing real-world challenges.",ai
480,The Shape of Practical Theology: Empowering Ministry with Theological Praxis,A profound theological work by Ray S. Anderson examining how dynamic theological praxis can effectively empower everyday church ministry and Christian leadership.,ai
480,Leadership Handbooks of Practical Theology: Volume 1: Word and Worship,"An essential guide edited by James D. Berkley providing practical, pastoral advice and operational wisdom focused on preaching, liturgy, and worship.",ai
480,Reordering Theological Reflection: Starting with Scripture,A rigorous theological study by Helen Collins advocating for a return to scriptural foundations as the primary starting point for meaningful theological reflection.,ai
480,The Alien (Animorphs #8),An action-packed science fiction novel by K. A. Applegate following a group of brave teenagers fighting a covert alien invasion using shape-shifting abilities.,ai
480,"Stanley, Flat Again!",A whimsical and delightful children's book by Jeff Brown continuing the entertaining adventures of Stanley Lambchop as he navigates life after being flattened.,ai
480,The Cow Went Over the Mountain,"A charming and humorous children's picture book exploring farm life, curiosity, and an adventurous cow who decides to explore the world beyond her pasture.",ai
480,Cam Jansen and the Mystery of the Gold Coins,An engaging juvenile mystery book by David A. Adler featuring a clever young sleuth with a photographic memory solving a puzzling theft.,ai
480,See It and Say It in Spanish,"A classic, highly practical language-learning guide by Margarita Madrigal designed to help beginners quickly master conversational Spanish using visual associations.",ai
480,In praise of Yiddish,"A culturally rich and affectionate literary tribute by Maurice Samuel celebrating the history, humor, idiomatic beauty, and spirit of the Yiddish language.",ai
480,On Being a Pastor: Understanding Our Calling and Work,"A deeply encouraging and practical pastoral manual by Derek J. Prime and Alistair Begg outlining the core duties, spiritual disciplines, and responsibilities of Christian ministry.",ai
480,Norstrilia,A brilliant and satirical science fiction classic by Cordwainer Smith exploring a dystopian planet enriched by a life-extending drug harvested from giant sheep.,ai
480,Tipping the Velvet,"A rich, atmospheric historical fiction novel by Sarah Waters set in Victorian England, chronicling a young woman's journey through love, identity, and the London music hall scene.",ai
480,The Eye of the World,"A monumental epic fantasy masterpiece by Robert Jordan introducing readers to an expansive magical world, prophecies, and a group of youths thrust into an ancient struggle.",ai
480,Calvin's New Testament Commentaries vol 5 of 12,"A rigorous theological volume containing John Calvin's insightful, scholarly exegetical commentaries on foundational New Testament scriptural texts.",ai
480,What Is Politics? Why Should we Care? And Other Big Questions,"An accessible and engaging philosophical book by Michael Rosen introducing young readers to political theory, civic rights, and societal organization.",ai
480,How to Build a Human,"A fascinating and witty popular science book by Emma Byrne exploring the complex biology, psychology, and upbringing that shapes human development from infancy.",ai
480,Machines that Think,"An illuminating compilation from New Scientist examining the history, ethical implications, breakthroughs, and future trajectory of artificial intelligence and machine learning.",ai
480,"The Comrades and the Mullahs : China , Afghanistan and the New Asian Geopolitics","An insightful geopolitical analysis by Stanly Johny investigating the shifting strategic alliances and regional dynamics between China, Afghanistan, and surrounding nations.",ai
480,"Everyday Sisu: Tapping into Finnish Fortitude for a Happier, More Resilient Life",An inspiring lifestyle guide by Katja Pantzar exploring the Finnish concept of inner strength and resilience to improve mental well-being and daily happiness.,ai
480,"Sell More with Science: The Mindsets, Traits, and Behaviors That Create Sales Success",A data-driven business book by David Hoffeld applying behavioral psychology and cognitive science strategies to optimize modern sales techniques and success.,ai
480,The Nowhere Office: Reinventing Work and the Workplace of the Future,"A forward-thinking business and sociological analysis by Julia Hobsbawm exploring post-pandemic workplace evolution, remote work trends, and the future of productivity.",ai
480,Be a Triangle: How I Went from Being Lost to Getting My Life into Shape,An uplifting and reflective self-help guide by Lilly Singh offering personal anecdotes and mental wellness strategies to build a strong foundation for life.,ai
480,Brain Rules for Work: The Science of Thinking Smarter in the Office and at Home,"A practical neuroscience-based guide by John Medina translating cognitive science into actionable strategies for improving focus, learning, and workplace performance.",ai
480,Why the Universe Exists,"A captivating exploration from New Scientist delving into modern astrophysics, cosmology, and the profound mysteries surrounding the origin and structure of our universe.",ai
480,Stolen Focus: Why You Can't Pay Attention--and How to Think Deeply Again,A deeply researched investigative book by Johann Hari exposing the systemic external forces destroying human attention spans and offering solutions to reclaim deep focus.,ai
480,Flying Blind: India's Quest for Global Leadership,"A strategic foreign policy analysis by Mohamed Zeeshan evaluating India's economic diplomatic standing, governance challenges, and ambitions for international leadership.",ai
480,The Earthspinner: A Novel,"A lyrical and poignant contemporary novel by Anuradha Roy weaving themes of art, societal intolerance, and human connection across different cultural backdrops.",ai
480,A Human History of Emotion: How the Way We Feel Built the World We Know,A fascinating historical exploration by Richard Firth-Godbehere charting how cultural expressions and evolution of human emotions have shaped global history.,ai
480,The Painful Truth: The new science of why we hurt and how we can heal,A comprehensive medical and scientific book by Monty Lyman explaining the complex biological mechanisms of physical pain and modern pathways to healing.,ai
498,Just So Stories,"A whimsical collection of imaginative origin tales by Rudyard Kipling that explains how various animals, such as the leopard and the elephant, acquired their distinctive physical characteristics.",ai
498,The Promise and Power of Easter Bible Study Guide plus Streaming Video,A comprehensive Christian study resource by Christine Caine featuring guided reflections and video content focused deeply on the transformative significance of the cross and the resurrection of Jesus.,ai
498,"Meyer's Commentary on the New Testament, Volume 11: Revelation",An exhaustive theological reference and scholarly exegetical commentary by Heinrich August Wilhelm Meyer that provides a rigorous verse-by-verse examination of the biblical book of Revelation.,ai
498,The Last Interview,"A compelling contemporary fiction work by Eshkol Nevo exploring complex human emotions, personal confessions, and intimate relationships through a series of structured conversational interviews.",ai
498,Woman on the Edge,A tense and fast-paced psychological thriller by Samantha M. Bailey centered around a desperate mother who swaps babies with a stranger on a subway platform moments before a tragedy occurs.,ai
498,Hunt for the Meteor,A thrilling adventure novel in the classic Fitzroy Edition that follows an eccentric scientist and his fierce global race to locate a valuable celestial meteorite falling to Earth.,ai
498,Lieutenant Kije,A satirical and humorous literary work originally by Sergei Prokofiev that tells the farcical story of a fictional military officer accidentally created through an administrative clerical error.,ai
498,The Lonely City: Adventures in the Art of Being Alone,A deeply moving and critically acclaimed cultural memoir by Olivia Laing that investigates the profound experience of urban loneliness through the lives and works of famous modern artists.,ai
498,Explore My World: Penguins,"An engaging, beautifully illustrated children's non-fiction book by Jill Esbaum that introduces young readers to the charming daily lives, habitats, and survival behaviors of wild penguins.",ai
498,Flip Your Way to Fabulous Quilts: Take Folded Corners to New Heights,"A practical quilting guide by Donna Lynn Thomas that introduces innovative, efficient methods for utilizing folded corners to create intricate geometric blocks and stunning finished quilts.",ai
498,Elvis: The King of Rock 'n' Roll,"A rich biographical overview by Rupert Matthews that documents the meteoric rise, cultural impact, and enduring musical legacy of one of the most iconic performers in history.",ai
498,The Burning Wire,A gripping technological thriller by Jeffery Deaver featuring forensic mastermind Lincoln Rhyme as he races against time to track down a ruthless killer weaponizing New York City's electrical grid.,ai
498,Camille: The Lady of the Camellias,"A timeless romantic tragedy by Alexandre Dumas that portrays the passionate, doomed love affair between a Parisian courtesan and a young upper-class admirer.",ai
498,Mrs. Astor Regrets: The Hidden Betrayals of a Family Beyond Reproach,"A fascinating investigative biography by Meryl Gordon that exposes the dramatic family conflicts, financial betrayals, and dark secrets hidden behind the gilded facade of elite society.",ai
498,Temple and Worship in Biblical Israel,"An academic theological volume edited by John Day that offers a thorough historical analysis of ancient Israelite religious architecture, sacrificial practices, and sacred rituals.",ai
498,The Oxford Handbook of Biblical Studies,"A monumental reference book edited by J. W. Rogerson that provides authoritative academic essays covering the historical, literary, and archaeological contexts of biblical scholarship.",ai
498,The beginner's book of watercolour painting,"A classic instructional art manual by Adrian Hill designed to help novice painters master essential techniques, color mixing, brushwork, and composition using watercolors.",ai
498,When I'm Feeling Lonely,"A gentle, reassuring children's picture book by Trace Moroney that helps young readers understand, process, and cope with feelings of isolation or loneliness.",ai
498,The Culture of Building,"A thoughtful architectural study by Howard Davis that explores how traditional construction techniques, local materials, and community values deeply shape the built environment.",ai
498,Beer: A Connoisseur's Guide to the World's Best,"A comprehensive and informative beverage guide by Christopher Finch that highlights the finest brewing traditions, flavor profiles, and styles of beer found across the globe.",ai
498,Implementing Lean Software Development: From Concept to Cash,"A pioneering business and technology management book by Mary Poppendieck that translates foundational lean manufacturing principles into efficient, agile software engineering practices.",ai
498,This Is the Matzah,"A delightful and educational children's book by Abby Levine that introduces young readers to the traditions, history, and symbolism of the unleavened bread eaten during Passover.",ai
498,Finders Keepers,"An engaging contemporary fiction novel by Catherine Palmer that weaves together themes of unexpected romance, personal growth, and uncovering hidden treasures in everyday life.",ai
498,"Cases and Materials on Business Associations: Agency, Partnerships, and Corporations",A comprehensive legal study casebook by William A. Klein that explores the core statutory and common law frameworks governing modern corporate and commercial entities.,ai
498,Under the Red Robe,"A classic swashbuckling historical adventure novel by Stanley J. Weyman set in seventeenth-century France, following a notorious duellist sent on a dangerous undercover mission.",ai
498,The Debt,"A poignant historical fiction novel by Angela Hunt that explores profound themes of moral responsibility, forgiveness, and human redemption against a dramatic historical backdrop.",ai
498,The Proof House,"A dark, atmospheric fantasy novel by K. J. Parker featuring intricate political intrigue, military strategy, and characters trapped within a specialized manufacturing stronghold.",ai
498,"Jessie Bear, What Will You Wear?","A charming, rhythmic children's picture book by Nancy White Carlstrom that celebrates the cozy daily routine of a young bear getting dressed with the loving help of his parents.",ai
498,The Food of Love,"A romantic and mouth-watering culinary novel by Anthony Capella set in Rome, where a man uses elaborate gourmet cooking and secret recipes to win the heart of an aspiring chef.",ai
498,A Birthday for Frances,"A beloved children's story by Russell Hoban featuring the endearing badger Frances as she navigates sibling rivalry, jealousy, and generosity while trying to buy a birthday present for her sister.",ai
845,The Little Red Lighthouse and the Great Gray Bridge,A classic children's picture book by Hildegarde H. Swift celebrating the enduring importance of small things through the story of a brave lighthouse standing beneath a massive suspension bridge.,ai
845,What's That Noise?,An interactive and imaginative children's book by Isabel Minhós Martins that encourages young readers to explore the diverse sounds of their environment and tune into the world around them.,ai
845,The Exemplary Husband: A Biblical Perspective,A practical and spiritually grounded study guide by Dr. Stuart Scott designed to help Christian men understand and model biblical principles of servant leadership and Christ-like love in marriage.,ai
845,An Interpretation of the English Bible Vol 3,"A comprehensive scriptural commentary by B. H. Carroll providing deep theological exposition, historical context, and practical spiritual insights for biblical study.",ai
845,Commando 845 TEN TOUGH PARATROOPERS,A classic digest-sized British war comic book presenting a thrilling narrative of elite airborne troops executing dangerous tactical operations behind enemy lines.,ai
845,As If Women Matter: The Essential Gloria Steinem Reader,"A powerful and comprehensive essay collection by Gloria Steinem charting decades of feminist activism, social justice insights, and the ongoing struggle for gender equality.",ai
845,Easter Service Music,A sacred collection of traditional service music and choral compositions specifically arranged to enhance Christian worship and celebration during the Easter season.,ai
845,The Meaning of Marriage: Facing the Complexities of Commitment with the Wisdom of God,"A deeply insightful spiritual book by Timothy Keller exploring biblical foundations for building a resilient, loving, and deeply meaningful marital relationship.",ai
845,What Did You Expect?: Redeeming the Realities of Marriage,A thoughtful pastoral guide by Paul David Tripp addressing common marital disappointments and offering gospel-centered strategies to transform everyday expectations into grace-filled connections.,ai
845,In Defense of Thomas Jefferson: The Sally Hemings Sex Scandal,A meticulous historical and legal analysis by William G. Hyland Jr. evaluating the evidence surrounding Thomas Jefferson and the complex controversies of his personal life.,ai
845,This Momentary Marriage: A Parable of Permanence,A profound theological reflection by John Piper examining how earthly marriage serves as a temporary divine picture of our ultimate eternal relationship with God.,ai
845,The Global Spread Of Arms: Political Economy Of International Security,"A rigorous analytical study by Frederic S. Pearson exploring the complex economic drivers, political motivations, and international security consequences of the global arms trade.",ai
845,"Selected from "" Fatherhood "" and "" Time Flies ""","An accessible reader compilation featuring humorous observations and reflections on family life, parenting, and aging written by iconic entertainer Bill Cosby.",ai
845,Hot Mahogany,"A fast-paced and suspenseful contemporary mystery thriller by Stuart Woods featuring sharp legal maneuvers, high-stakes investigations, and witty protagonist Stone Barrington.",ai
845,The Oxford Handbook of Biblical Studies,"An exhaustive academic reference volume edited by J. W. Rogerson surveying modern scholarly methodologies, historical backgrounds, and critical interpretations of the Bible.",ai
845,Think Like an Architect,"A practical design guide by Hal Box introducing aspiring architects and enthusiasts to creative problem-solving, spatial thinking, and architectural principles.",ai
845,Buckingham Palace Gardens,A gripping Victorian mystery novel by Anne Perry featuring Inspector Thomas Pitt as he navigates high-society secrets and political intrigue near the royal residence.,ai
845,"The Law; or, Still in Pursuit","A witty and satirical organizational satire by C. Northcote Parkinson exploring bureaucratic behavior, institutional ambitions, and the pursuit of power.",ai
845,Messa Di Gloria,"A brilliant sacred choral and orchestral masterwork score composed by Giacomo Puccini, showcasing his early genius for dramatic expression within liturgical music.",ai
845,"When Sinners Say ""I Do"": Discovering the Power of the Gospel for Marriage","A transformative Christian relationship book by Dave Harvey teaching couples how to apply gospel grace, forgiveness, and humility to overcome marital conflict.",ai
845,"Observation Hives: How to Set up, Maintain and Use a Window to the World of Honey Bees","A practical manual by Tom Webster providing step-by-step instructions for constructing, managing, and studying observation beehives for education and science.",ai
845,Loving Libby,"A heartwarming inspirational romance novel by Robin Lee Hatcher exploring themes of faith, second chances, and emotional healing in a charming small town.",ai
845,The Marriage of Loti,"An evocative romantic novel by Pierre Loti capturing exotic island settings, cultural encounters, and the bittersweet complexities of passionate human relationships.",ai
845,Love That Lasts: When Marriage Meets Grace,"A practical pastoral guide by Gary and Betsy Ricucci offering biblical wisdom and grace-driven strategies for nurturing a lasting, Christ-centered marriage.",ai
845,Rock Crystal,"A classic Austrian novella by Adalbert Stifter depicting a harrowing winter journey by two children across a treacherous mountain glacier, emphasizing family and endurance.",ai
845,Million Dollar Baby,"A dramatic and emotionally stirring sports fiction narrative exploring human resilience, ambition, boxing culture, and complex ethical choices.",ai
845,Lasting Love: How to Avoid Marital Failure,A practical pastoral book by Alistair Begg offering foundational biblical counsel and proven relationship habits to protect marriages from common pitfalls.,ai
845,Junior High Ministry,"A comprehensive youth leadership manual by Wayne Rice providing effective programmatic strategies, psychological insights, and spiritual guidance for working with adolescents.",ai
845,Civil Procedure: A Modern Approach,"A rigorous legal casebook by Richard L. Marcus designed for law students to master the rules, policies, and constitutional framework of American civil litigation.",ai
845,"Wizard: Alex Ross, Millennium Edition","A visually stunning art compilation showcasing the celebrated hyper-realistic comic book illustrations, cover art, and creative processes of legendary artist Alex Ross.",ai
886,Picture Riddles,An engaging and playful children's book by Mike Thaler that challenges young readers to solve visual puzzles through clever clues and creative illustrations.,ai
886,Pete and Cleo,"A charming children's story focusing on friendship, sharing, and the delightful everyday adventures of two lovable animal characters.",ai
886,"Can We Talk About Israel?: A Guide for the Curious, Confused, and Conflicted","An accessible and balanced political guide by Daniel Sokatch explaining the complex history, conflicts, and perspectives surrounding the state of Israel.",ai
886,The Gauntlet and the Fist Beneath,"An immersive epic fantasy novel by Ian Green filled with political intrigue, dark magic, complex characters, and high-stakes world-building.",ai
886,Faces: Decorating the Body,"An artistic and cultural exploration examining historical traditions, body modification practices, face painting, and decorative body art across global societies.",ai
886,Hungarian/Rumanian Rhapsodies Nos. 1 & 2,A classical musical score collection featuring Franz Liszt's famous virtuosic piano rhapsodies celebrating fiery folk melodies and romantic technical brilliance.,ai
886,12 Sonatas of Three Parts,"A baroque chamber music collection by Henry Purcell featuring intricate counterpoint, elegant harmonies, and historical performance scores for strings.",ai
886,Commando # 886 Suicide Sub,"A classic digest-sized British war comic book presenting a thrilling, high-stakes underwater narrative of submarine warfare and military courage during wartime.",ai
886,God Be in My Head,"A sacred choral music composition by Richard Shephard providing serene, meditative liturgical arrangements for Christian worship and spiritual reflection.",ai
886,The Secret of Terror Castle,An adventurous and suspenseful juvenile mystery novel by Robert Arthur featuring the Three Investigators solving a chilling puzzle in an old Hollywood estate.,ai
886,Hardy Boys Secret Files: The Missing Mitt,"A fun, fast-paced children's mystery book by Franklin W. Dixon following Frank and Joe Hardy as they investigate a sports-related neighborhood theft.",ai
886,The Primrose Bride,"A classic historical romance novel by Kathryn Blair capturing emotional tension, family drama, and unexpected love in a charming setting.",ai
886,A Coloring Book of Ancient China,"An educational and creative activity book by Bellerophon Books featuring authentic historical artifacts, architecture, and traditional motifs from ancient Chinese civilization.",ai
886,Where Is My Heart?,"A classic coming-of-age young adult novel by Amelia Elizabeth Walden exploring romance, personal identity, and emotional growth in a theatrical setting.",ai
886,The Girl Who Kicked the Hornet's Nest,"A gripping, high-stakes political thriller and crime novel by Stieg Larsson concluding the Millennium trilogy with Lisbeth Salander fighting for her life and justice.",ai
886,Red Rockets and Rainbow Jelly,"A delightful and colorful children's picture book by Sue Heap exploring friendship, contrasting preferences, and how two very different kids get along.",ai
886,Home Gardener's Problem Solver,"A practical gardening manual by Ortho Books offering comprehensive troubleshooting guides, pest control solutions, and plant health care tips for home gardens.",ai
886,The Collectors,"A fast-paced, suspenseful legal and political thriller by David Baldacci featuring brilliant intelligence agents uncovering a dangerous conspiracy in Washington, D.C.",ai
886,The Biggest Leaf Pile,"A cozy and cheerful autumn-themed children's book by Steve Metzger celebrating outdoor fun, friendship, and the joy of playing in leaves.",ai
886,Prayer: My Soul's Adventure With God : The Spiritual Autobiography of Robert H. Schuller,"A deeply personal spiritual memoir by Robert H. Schuller detailing his lifelong journey of faith, ministry, and the transformative power of prayer.",ai
886,Studies in Contract Law,"A foundational legal casebook by Edward J. Murphy providing comprehensive analysis of contract law principles, judicial opinions, and commercial agreements.",ai
886,Sometimes I Have to Cry: Verses from the Psalms on Tears,A comforting devotional book by Elspeth Murphy offering spiritual encouragement and solace through biblical psalms during times of grief and sadness.,ai
886,Susanna Wesley,"A detailed historical and biographical work by Arnold A. Dallimore chronicling the remarkable life, profound faith, and maternal legacy of the mother of John and Charles Wesley.",ai
886,Robbing the Bees: A Biography of Honey the Sweet Liquid Gold That Seduced the World,"A fascinating cultural and natural history book by Holley Bishop exploring the ancient craft of beekeeping, honey production, and its deep ties to human history.",ai
886,Sacajawea,"A compelling historical fiction novel by Joseph Bruchac depicting the courage, endurance, and pivotal role of the Shoshone woman who guided the Lewis and Clark expedition.",ai
886,"Steps to an Ecology of Mind: Collected Essays in Anthropology, Psychiatry, Evolution, and Epistemology","A groundbreaking collection of essays by Gregory Bateson exploring cybernetics, systems theory, human communication, and the interconnected nature of mind and nature.",ai
886,"Armageddon, Oil, and the Middle East Crisis: What the Bible Says About the Future of the Middle East and the End of Western Civilization",A prophetic theological book by John F. Walvoord examining biblical eschatology in relation to modern geopolitical conflicts and Middle Eastern oil politics.,ai
886,The Snowy Day,"A beloved Caldecott Medal-winning children's picture book by Ezra Jack Keats capturing the quiet magic, wonder, and simple joy of a young boy experiencing a snowy city day.",ai
886,Bear Snores On,A cozy and rhythmic children's bedtime book by Karma Wilson describing a hibernating bear sleeping through a lively winter party hosted by his forest friends.,ai
886,Byzantine Armies 886-1118,"A detailed military history study by Ian Heath examining the tactics, armor, organization, and campaigns of the Byzantine Empire's armed forces during a pivotal era.",ai
59,"Paper brigade: Vol 2, 2018/5778","An insightful literary journal publication by the Jewish Book Council featuring contemporary reviews, essays, poetry, and cultural highlights from the Jewish community.",ai
59,Doctor Who and the Stones of Blood,A classic science fiction novelization by Terrance Dicks featuring the Fourth Doctor and K9 as they battle ancient alien artifacts and deadly geological forces on Earth.,ai
59,AniMalcolm,A hilarious and imaginative children's book by David Baddiel about a boy who dislikes animals but magically finds himself transforming into various creatures on a school trip.,ai
59,Paper Brigade: Vol. 1 2017/5777,"The inaugural edition of the Jewish Book Council's annual print magazine offering deep explorations of modern Jewish literature, art, history, and cultural commentary.",ai
59,Modern Selvage Quilting: Easy-Sew Methods • 17 Projects Small to Large,"A creative sewing and quilting guide by Riel Nason that teaches crafters how to repurpose colorful fabric selvages into seventeen unique, stylish home projects.",ai
59,Modern Romance: An Investigation,A witty and sociological exploration of modern dating and courtship culture written by comedian Aziz Ansari in collaboration with sociologist Eric Klinenberg.,ai
59,Tricks With Hats & Eggs,A vintage stage magic instruction book by Professor Hoffmann detailing classic sleight-of-hand routines and illusions involving everyday hats and eggs.,ai
59,Main Street / Babbitt,"A classic omnibus volume containing two major satirical novels by Sinclair Lewis that sharply critique provincial conformity, middle-class hypocrisy, and American materialism.",ai
59,Frontier Stories: The Strong Shall Live / Buckskin Run / War Party,A rugged collection of classic Western short stories and novellas by Louis L'Amour that capture the harsh survival challenges and drama of the American frontier.,ai
59,Chicken Soup for the Soul: Woman to Woman,"An uplifting anthology compiled by Jack Canfield filled with inspiring real-life stories written by and about women navigating friendship, love, resilience, and personal growth.",ai
59,Louis L'Amour: Four Complete Novels- The Tall Stranger / Kilkenny / Hondo / Showdown at Yellow Butte,An action-packed compilation volume containing four complete Western novels by master storyteller Louis L'Amour featuring courageous heroes and lawless frontier landscapes.,ai
59,Harry Potter and the Sorcerer's Stone,"The magical beginning of J.K. Rowling's legendary fantasy series, following a young orphan who discovers he is a wizard and attends Hogwarts School of Witchcraft and Wizardry.",ai
59,I'll Be Seeing You,A gripping suspense thriller by master of mystery Mary Higgins Clark centering on a journalist who uncovers a web of secrets and murder linked to a missing woman.,ai
59,Harry Potter and the Prisoner of Azkaban,The thrilling third installment of J.K. Rowling's fantasy saga as Harry Potter learns the truth about his past while a dangerous escaped convict hunts him down.,ai
59,"Walden; or, Life in the Woods","A transcendentalist masterpiece by Henry David Thoreau that chronicles his simple, self-sufficient lifestyle and philosophical reflections while living in a cabin near Walden Pond.",ai
59,Antique Automobiles,"An informative historical reference book by Anthony Bird that traces the early evolution, mechanical development, and design artistry of vintage motor cars.",ai
59,Roe v. Wade,A clear legal and historical overview by Deborah S. Romaine detailing the landmark Supreme Court case that established constitutional rights regarding abortion access in the United States.,ai
59,German E-boats 1939-45,"A military history study by Gordon Williamson examining the design, operational tactics, and wartime combat deployment of Nazi Germany's fast attack torpedo boats.",ai
59,Vittoria 1813: Wellington Sweeps the French from Spain,A detailed military campaign analysis by Ian Fletcher recounting how the Duke of Wellington decisively routed French forces during the Peninsular War.,ai
59,"German Infantryman (1), 1933–40","An illustrated military history resource by David Westwood exploring the uniforms, equipment, training, and early doctrine of the German soldier before World War II.",ai
59,Quaker Strongholds,"A thoughtful spiritual text by Caroline Emelia Stephen that explains the core beliefs, silent worship practices, and historical foundations of the Religious Society of Friends.",ai
59,Living with Art,"A comprehensive introductory art appreciation textbook by Mark Getlein that explores visual culture, artistic mediums, and historical context across global civilizations.",ai
59,The Lake House,A suspenseful psychological thriller and romance novel by James Patterson that follows a brilliant pediatrician racing against time to find her kidnapped children.,ai
59,"Progress, coexistence, and intellectual freedom","A landmark political essay by Soviet dissident Andrei D. Sakharov that advocated for human rights, nuclear disarmament, and democratic reform during the Cold War.",ai
59,Harry Potter and the Chamber of Secrets,The captivating second book in J.K. Rowling's series where Harry returns to Hogwarts to investigate a mysterious dark force terrorizing the school's students.,ai
59,Bumposaurus,A delightful children's picture book by Penny McKinlay about a clumsy baby dinosaur who feels awkward and out of place until he discovers his unique strengths.,ai
59,The Scourge of God,A historical fiction novel by William Dietrich set during the turbulent decline of the Roman Empire as the terrifying Hun leader Attila marches across Europe.,ai
59,Under the Sweetwater Rim,A classic Western adventure novel by Louis L'Amour that follows a vulnerable wagon train facing relentless perils across the dangerous and unforgiving Wyoming territory.,ai
59,Astra,"A heartwarming romance and inspirational novel by Grace Livingston Hill that explores themes of faith, personal integrity, and unexpected love in a changing world.",ai
59,On Guerrilla Warfare,"A foundational military strategy text translated by Mao Tse-Tung that outlines the tactical principles of irregular warfare, peasant mobilization, and guerrilla combat.",ai
450,The Magic Finger,A brilliant and imaginative children's novel by Roald Dahl about a young girl with a powerful magical finger who teaches cruel hunters a unforgettable lesson.,ai
450,"Sir Lancelot, Where Are You?",A humorous and engaging children's book by Kate McMullan that reimagines Arthurian legend through witty dialogue and fun adventures.,ai
450,The Pilgrim's Progress,"A classic Christian allegorical novel by John Bunyan depicting a journey of spiritual awakening, trials, and faith toward the Celestial City.",ai
450,Double Fudge,"A hilarious children's chapter book by Judy Blume chronicling the chaotic and funny family dynamics surrounding money, obsessions, and little brother Fudge.",ai
450,I Love My Family,"A warm and affirming children's book by Wade Hudson celebrating cultural heritage, unconditional love, and close familial bonds.",ai
450,The Big Blueberry Barf-Off!,"A humorous gross-out children's fiction book by R. L. Stine filled with funny competitions, school chaos, and unexpected laughs.",ai
450,The Usborne First Thousand Words in Italian,A vibrant and educational visual dictionary by Heather Amery designed to help beginners master foundational Italian vocabulary through detailed illustrations.,ai
450,Horrible Harry's Secret,A popular children's chapter book by Suzy Kline following the endearing and mischievous second-grader Harry as he shares a fun classroom secret.,ai
450,Horrible Harry and the Purple People,"A delightful school-themed children's book by Suzy Kline capturing classroom camaraderie, creative projects, and Harry's entertaining antics.",ai
450,Molly's Pilgrim,"A touching historical children's novel by Barbara Cohen exploring immigration, religious tolerance, and cultural identity through a school Thanksgiving project.",ai
450,The Contemporary Christian: Applying God's Word to Today's World,A profound theological work by John R. W. Stott exploring how biblical truth can effectively address modern ethical and cultural challenges.,ai
450,The Christian Life: A Doctrinal Introduction,"A clear and comprehensive theological guide by Sinclair B. Ferguson outlining the foundational doctrines, spiritual disciplines, and practices of Christian living.",ai
450,The Age of Dinosaurs: The Rise and Fall of the World's Most Remarkable Animals,"An engaging and authoritative paleontology book by Stephen L. Brusatte chronicling the evolutionary history, dominance, and extinction of dinosaurs.",ai
450,Tokyo Dreaming,"A charming and witty young adult novel by Emiko Jean following a Japanese-American princess as she navigates modern romance, family obligations, and identity.",ai
450,Tokyo Ever After,A delightful young adult novel by Emiko Jean about a regular high school student who discovers her father is the Crown Prince of Japan.,ai
450,What the Ladybird Heard at the Seaside,"A charming and rhythmic children's picture book by Julia Donaldson featuring clever animals, a fun seaside setting, and a brilliant farmyard plot.",ai
450,Amazing,"A heartwarming and inclusive children's picture book by Steve Antony celebrating friendship, pets, and children with physical disabilities.",ai
450,Supernova,"A high-stakes, action-packed young adult superhero novel by Marissa Meyer exploring justice, morality, chaos, and hidden identities in a futuristic city.",ai
450,Children of Ruin,"A breathtaking science fiction masterwork by Adrian Tchaikovsky exploring space exploration, alien intelligence, and the complex survival of sentient species.",ai
450,Archenemies,"A thrilling dystopian young adult novel by Marissa Meyer delving into corruption, loyalty, and the blurred lines between heroes and villains.",ai
450,Guillaume Tell: Overture [full score],"A majestic orchestral score collection of Gioachino Rossini's legendary opera overture, famous for its dramatic structure and iconic pastoral finale.",ai
450,The Silent Friend,"A gripping psychological suspense thriller by Diane Jeffrey exploring complex domestic secrets, betrayal, and unexpected twists in a quiet community.",ai
450,Any Way the Wind Blows,A witty and emotional contemporary young adult novel by Rainbow Rowell concluding the beloved Simon Snow trilogy with magical adventures and romance.,ai
450,Who's at the Zoo? A What the Ladybird Heard Book,An interactive lift-the-flap children's book by Julia Donaldson combining engaging animal sounds with fun puzzle-solving elements.,ai
450,The Verdict: Decoding India's Elections,"An insightful political analysis book by Prannoy Roy and Dorab R. Sopariwala examining statistical trends, voting behaviors, and historical patterns in Indian democracy.",ai
450,Trading Power,A strategic geopolitical book by Priyam Gandhi-Mody investigating India's evolving economic diplomacy and international trade partnerships on the global stage.,ai
450,Magicians of Mazda,"A fast-paced historical mystery thriller by Ashwin Sanghi blending ancient mythology, religious lore, scientific puzzles, and contemporary conspiracy.",ai
450,Building Alternatives: The Story of India's Oldest Construction Workers' Cooperative,"A detailed socioeconomic history book documenting the resilience, organization, and labor milestones of India's pioneer construction workers' cooperative.",ai
450,Indian Nationalism : The Essential Writings,"A curated historical compilation edited by Irfan Habib exploring the foundational political thoughts, anti-colonial movements, and intellectual evolution of Indian nationalism.",ai
450,"Automobile Quarterly, Volume 49 No. 1","A specialized automotive history publication by Gerry Durnell featuring in-depth features, rare classic cars, engineering marvels, and stunning vintage photography.",ai
586,The Magician's Nephew,"A beloved children's fantasy novel by C. S. Lewis serving as a prequel to The Chronicles of Narnia, chronicling the creation of Narnia and the origins of the wardrobe.",ai
586,Plants That Never Ever Bloom,"A visually engaging and educational science picture book by Ruth Heller exploring non-flowering plants like ferns, mosses, algae, and fungi for young readers.",ai
586,100 Favorite Hymns,"A treasured compilation by Thomas Nelson featuring a rich selection of classic Christian hymns designed for personal devotion, worship, and spiritual reflection.",ai
586,The Man Who Died Twice,"A witty and charming cozy mystery novel by Richard Osman following the Thursday Murder Club as they tackle diamonds, drug money, and murder.",ai
586,The Very First Christians,"An informative historical and religious book by Paul L. Maier detailing the origins, struggles, and expansion of the early Christian church.",ai
586,Robin Hood and his Merry Men,A classic adventure tale recounting the legendary exploits of the heroic outlaw of Sherwood Forest who robbed from the rich and gave to the poor.,ai
586,Boo's adventures at home,"A delightful children's story focusing on playful home escapades, curiosity, and everyday discoveries made by an endearing character.",ai
586,The Lie of You,"A gripping psychological suspense thriller by Jane Lythell exploring complex friendships, betrayal, dark secrets, and high-stakes family drama.",ai
586,Day by Day,"A sacred musical composition and collection by Martin How providing accessible, melodic anthems and liturgical service music for church choirs.",ai
586,Bean and Plant,An instructive and photographic children's science book by Christine Back documenting the fascinating germination process and lifecycle of a bean plant.,ai
586,The Bounds of Reason: Game Theory and the Unification of the Behavioral Sciences,"A rigorous academic book by Herbert Gintis examining how game theory can unify economics, sociology, and the broader behavioral sciences.",ai
586,Archaeology in the U.S.S.R.,"A comprehensive historical and archaeological study by A.L. Mongait exploring ancient civilizations, excavations, and cultural artifacts discovered across the Soviet Union.",ai
586,A Family is Special,"A heartwarming early reader book celebrating diversity in family structures, unconditional love, and the unique bonds shared by different households.",ai
586,Gardner's Art Through the Ages: Renaissance And Modern Art,"A foundational art history textbook by Helen Gardner providing thorough critical analysis of artistic movements, masters, and cultural shifts from the Renaissance onward.",ai
586,Dragon Tales Coloring Book,"A fun and creative fantasy activity book featuring delightful illustrations of friendly dragons, castles, and magical realms for young artists to color.",ai
586,The Oxford Handbook of Biblical Studies,"An exhaustive academic reference volume edited by J. W. Rogerson surveying modern scholarly methodologies, historical backgrounds, and critical interpretations of the Bible.",ai
586,The Art of Racing in the Rain,A poignant and deeply moving novel by Garth Stein told from the perspective of a philosophical dog named Enzo who understands human life through auto racing.,ai
586,"Football Friends, Level 3","An engaging early reader sports book by Jean Marzollo following young friends as they navigate teamwork, school sports, and camaraderie on the football field.",ai
586,The Shack,"A profound spiritual and emotional novel by William P. Young following a grieving father who experiences a miraculous, life-altering encounter with the Holy Trinity.",ai
586,The Epistle of St. Paul to the Romans,A rigorous theological commentary and biblical analysis by E. H. Gifford exploring the deep doctrinal arguments and historical context of Paul's letter.,ai
586,Duck at the Door,A humorous and heartwarming children's picture book by Jackie Urbanovic about a friendly duck who wanders into a warm home and becomes part of the family.,ai
586,The Enigma of Woman: Woman in Freud's Writings,"A sophisticated psychoanalytical critique by Sarah Kofman examining how Sigmund Freud conceptualized femininity, sexuality, and the psychological role of women.",ai
586,Christian Baptism,"A thorough theological study and instructional manual by Alfred P. Gibbs examining the historical practices, scriptural basis, and spiritual significance of Christian baptism.",ai
586,The Johannine Corpus in the Early Church,"A scholarly historical text by Charles E. Hill investigating how the writings attributed to John were received, utilized, and canonicalized in the early Christian church.",ai
586,Abby's Passion,"A compelling contemporary lesbian romance novel by Jackie Calhoun exploring themes of love, career ambitions, emotional vulnerability, and personal growth.",ai
586,Plants Without Seeds,"A specialized children's science book by Helen Challand explaining the unique biology, reproduction, and habitats of non-flowering plants like mosses and ferns.",ai
586,Professional Responsibility: Problems and Materials,"A standard legal casebook by Thomas D. Morgan exploring professional ethics, lawyer conduct, regulatory rules, and moral dilemmas in legal practice.",ai
586,It's Mine,A charming children's storybook featuring Mercer Mayer's beloved Little Critter dealing with the challenges of sharing toys and playing cooperatively.,ai
586,Little Chick's Big Day,A gentle and sweet early reader book by Mary Deball Kwitz capturing the reassuring outdoor adventures and milestones of a young farm chick.,ai
586,"Symphony No. 5 in E Minor, Op. 64","A majestic classical music recording capturing Pyotr Ilyich Tchaikovsky's emotionally charged masterpiece, renowned for its recurring fate motif and brilliant orchestration.",ai
680,Snow Treasure,A gripping historical fiction novel by Marie McSwigan following brave Norwegian children who smuggle millions in gold past Nazi guards on sleds during World War II.,ai
680,The Family Under the Bridge,A heartwarming children's classic by Natalie Savage Carlson about an old Parisian hobo who unexpectedly finds his heart warmed by a displaced family.,ai
680,Charlotte's Web,A beloved children's novel by E. B. White telling the tender story of a clever spider named Charlotte who saves the life of a pig named Wilbur.,ai
680,Mrs. Roopy Is Loopy!,"A hilarious and wacky children's book by Dan Gutman featuring eccentric teachers, school antics, and laugh-out-loud humor from the My Weird School series.",ai
680,Five Little Ducks,A charming and beautifully illustrated picture book version of the classic nursery rhyme following a mother duck and her adventurous little ducklings.,ai
680,Woodworking and Resin Art 4 Books In 1,"A comprehensive guide by Gabriel Andrews covering essential woodworking techniques, beginner-friendly epoxy resin art projects, and comprehensive furniture-making tips.",ai
680,The Call of the Wild,An adapted junior classic edition of Jack London's legendary adventure novel detailing a brave sled dog's survival and reversion to primal instincts in the Yukon.,ai
680,Brown Bears,"An informative early nature book by Lynn M. Stone exploring the natural habitat, diet, behavior, and lifecycle of brown bears in the wild.",ai
680,LEGO - AWESOME VACATIONS,"A creative idea-filled book from The LEGO Group inspiring young builders with vacation-themed brick models, travel builds, and imaginative holiday scenes.",ai
680,lego world adventures,"A fun-filled LEGO building book showcasing global travel scenarios, landmarks, and adventurous vehicles constructed entirely out of colorful plastic bricks.",ai
680,lego amazing animals,An engaging LEGO building guide by Jo Casey offering step-by-step instructions to create an array of fascinating wildlife and pets using bricks.,ai
680,Woodcraft: Master the Art of Green Woodworking with Key Techniques and Inspiring Projects,"A practical masterclass book by Barn The Spoon focusing on traditional green woodworking methods, hand tools, and crafting functional wooden objects.",ai
680,Wood Shop: Handy Skills and Creative Building Projects for Kids,"An instructive and safe hands-on guide by Margaret Larson teaching children basic carpentry skills, tool handling, and fun creative woodworking projects.",ai
680,Lego Make and Keep,"A creative project book by Dorling Kindersley providing practical LEGO building ideas that kids can construct, keep, and use for daily play.",ai
680,Make It Yourself! Collages & Sculptures,A maker-space craft book by Carol Hove teaching young creators how to design unique mixed-media collages and imaginative sculptures using accessible materials.,ai
680,Make It Yourself! Coloring & Doodling,"An engaging creative activity book by Paige V. Polinsky designed to inspire artistic expression, pattern design, and imaginative sketching for kids.",ai
680,Make It Yourself! from Junk to Jewelry,"An upcycling craft book by Carol Hove showing children how to transform ordinary household recycled items into stylish, wearable handmade jewelry pieces.",ai
680,"LEGO ""ONCE UPON A TIME"" Hard Cover","A story-driven LEGO inspiration book featuring fairy tale themes, castle builds, and magical scenarios to spark creative brick building.",ai
680,Make It Yourself! Comics & Graphic Novels,A step-by-step creative guide by Christa Schneider helping young writers and artists construct their own comic strips and graphic novel stories.,ai
680,Make It Yourself! Paper Pop-Up Art,"A creative craft book by Pam Chenevert demonstrating the mechanics of paper engineering, folding techniques, and how to make dynamic 3D pop-up art.",ai
680,Songs of a Wayfarer,"A poignant orchestral song cycle score by Gustav Mahler expressing profound romantic sorrow, wandering melancholy, and deep emotional resonance.",ai
680,Diary of a Minecraft Zombie: One Bad Apple,"A humorous unofficial Minecraft adventure novel by Herobrine Books capturing school life, monster antics, and funny gaming scenarios.",ai
680,Commando 680 ENEMY IN DISGUISE,A thrilling digest-sized British war comic book presenting an action-packed espionage narrative of military deception and undercover operations during wartime.,ai
680,Diary of a Minecraft Zombie: A Scare of A Dare,A funny and fast-paced children's gaming novel by Zack Zombie following a blocky protagonist through school troubles and spooky pixelated adventures.,ai
680,Cooper,A heartwarming middle-grade animal fiction novel by Ellen Miles following a lovable rescue puppy finding his forever home and helping others.,ai
680,Moby Dick,"An adapted classic adventure novel by Herman Melville recounting Captain Ahab's obsessive, perilous quest to hunt down the legendary white whale.",ai
680,Treasure Island,"A classic children's adventure edition of Robert Louis Stevenson's thrilling pirate tale featuring buried gold, mutiny, and young Jim Hawkins.",ai
680,The House of Hades,A fast-paced fantasy adventure novel by Rick Riordan taking demigods Percy Jackson and Annabeth Chase deep into the terrifying depths of the underworld.,ai
680,The Photographer's Handbook,"A comprehensive technical guide covering camera operations, lighting principles, composition techniques, and darkroom or digital editing methods for photographers.",ai
680,Stallion by Starlight,A magical time-travel adventure book by Mary Pope Osborne in the Magic Tree House series taking Jack and Annie back to ancient Greece.,ai
699,Katie's Adventure at Blueberry Pond by Josh McDowell,A wholesome children's story by Josh McDowell that teaches valuable moral lessons and explores the joys of outdoor discovery around a scenic pond.,ai
699,Hyperion by Dan Simmons,"A monumental science fiction masterwork by Dan Simmons weaving a complex, Canterbury Tales-style narrative of seven pilgrims journeying toward a mysterious time-tomb.",ai
699,You Like It Darker: Stories by Stephen King,"A chilling and gripping collection of dark short stories by Stephen King exploring the sinister edges of human nature, fate, and the supernatural.",ai
699,The Seasons in Stained Glass by Sonia Halliday,A visually stunning book by Sonia Halliday capturing the changing seasons of the year through exquisite photographs of historic stained glass windows.,ai
699,Influence Empire: Inside the Story of Tencent and China's Tech Ambition by Lulu Chen,A comprehensive corporate history by Lulu Chen detailing the meteoric rise of Tencent and its profound impact on China's digital economy.,ai
699,Re:Align: A Leadership Blueprint for Overcoming Disruption and Improving Performance by Jonathan Trevor,A strategic business guide by Jonathan Trevor providing a structured blueprint for leaders to adapt their organizations and navigate ongoing market disruptions.,ai
699,Working With Influence: Nine principles of persuasion to accelerate your career by Amanda Nimon-Peters,A practical career guide by Amanda Nimon-Peters outlining nine actionable principles of ethical persuasion to help professionals enhance workplace impact.,ai
699,Stress-Free Productivity by Alice Boyes,"A psychological self-help book by Alice Boyes offering evidence-based strategies to minimize burnout, optimize workflow, and achieve sustainable personal productivity.",ai
699,"Too Big to Jail: Inside HSBC, the Mexican drug cartels and the greatest banking scandal of the century by Chris Blackhurst",An investigative financial thriller by Chris Blackhurst exposing the massive money-laundering scandal involving HSBC and international drug cartels.,ai
699,The Crux: How Leaders Become Strategists by Richard Rumelt,A sharp management book by Richard Rumelt teaching executives how to identify critical organizational challenges and focus their resources for maximum strategic impact.,ai
699,A Brief History of Germany: Indispensable for Travellers (Brief Histories) by Jeremy Black,"A concise historical guide by Jeremy Black charting the complex political, cultural, and social evolution of Germany for travelers and history enthusiasts.",ai
699,Uniquely Human: A Different Way of Seeing Autism - Revised and Expanded by Dr. Barry M. Prizant Ph.D,An empathetic and revolutionary perspective on autism by Dr. Barry M. Prizant focusing on emotional regulation and understanding human behavior.,ai
699,The Sweet Remnants of Summer by Alexander McCall Smith,A charming and witty installment in the No. 1 Ladies' Detective Agency series by Alexander McCall Smith featuring cozy Botswana mysteries.,ai
699,The Science of Stuck: Breaking Through Inertia to Find Your Path Forward by Britt Frank,"A psychological self-help book by Britt Frank providing practical therapeutic tools to overcome mental inertia, emotional blocks, and personal stagnation.",ai
699,Love That Story: Observations from a Gorgeously Queer Life by Jonathan Van Ness,"A joyful and uplifting memoir-essay collection by Jonathan Van Ness exploring identity, self-love, mental health, and personal growth.",ai
699,Think Like an Artist by Alex Woolf,"An inspiring and creative guide by Alex Woolf examining the mindset, techniques, and philosophies of history's greatest visual artists and innovators.",ai
699,Cues: Master the Secret Language of Charismatic Communication by Vanessa Van Edwards,A practical communication guide by Vanessa Van Edwards decoding nonverbal body language and vocal cues to instantly boost personal charisma and presence.,ai
699,Why We Love: The New Science Behind Our Closest Relationships by Dr Anna Machin,"An evolutionary anthropology book by Dr. Anna Machin investigating the deep biological, neurological, and emotional drivers behind human romantic love.",ai
699,Trust and Inspire: How Truly Great Leaders Unleash Greatness in Others by Stephen M. R. Covey,"A visionary leadership book by Stephen M. R. Covey advocating for a shift from traditional command-and-control management to empowering, trust-based leadership models.",ai
699,"Indomitable: A Working Woman's Notes on Work, Life and Leadership by Arundhati Bhattacharya",An inspiring memoir and leadership guide by veteran banker Arundhati Bhattacharya sharing personal insights on navigating corporate challenges and gender barriers.,ai
699,Desperately Seeking Shah Rukh: India's Lonely Young Women and the Search for Intimacy and Independence by Shrayana Bhattacharya,"A sociological study by Shrayana Bhattacharya examining modern Indian women's aspirations, loneliness, and cultural fandom through the lens of actor Shah Rukh Khan.",ai
699,"Why Don't You Write Something I Might Read? Reading, Writing, and Arrhythmia by Suresh Menon","A delightful collection of literary reflections and essays by Suresh Menon celebrating the joys of reading, writing, and navigating life's rhythms.",ai
699,Trust No One: Inside the World of Deepfakes by Michael Grothaus,"A chilling investigative tech book by Michael Grothaus exploring the rise of hyper-realistic deepfakes, digital deception, and future cybersecurity threats.",ai
699,You Can't Be Serious by Kal Penn,"A witty, candid, and engaging memoir by actor and former White House staffer Kal Penn recounting his unconventional journey in Hollywood and politics.",ai
699,Science Comics: Whales: Diving into the Unknown by Casey Zakroff,"An educational and beautifully illustrated graphic novel by Casey Zakroff exploring the biology, behavior, and oceanic habitats of majestic whales.",ai
699,Fallen Idols: Twelve Statues That Made History by Alex Von Tunzelmann,A timely historical analysis by Alex Von Tunzelmann examining twelve controversial public monuments and what they reveal about changing political regimes and memory.,ai
699,The American Experiment: Dialogues on a Dream by David M. Rubenstein,"A curated collection of insightful interviews by David M. Rubenstein exploring the foundational ideals, challenges, and evolution of the American democratic dream.",ai
699,Maradona: The Boy. The Rebel. The God. by Guillem Balague,"A definitive and deeply researched biography by Guillem Balague tracking the turbulent life, brilliant athletic genius, and legacy of Diego Maradona.",ai
699,Human Frontiers: The Future of Big Ideas in an Age of Small Thinking by Michael Bhaskar,A thought-provoking book by Michael Bhaskar challenging modern short-termism and arguing for a return to ambitious innovation in science and society.,ai
699,Moonface's Story (The Magic Faraway Tree) by Emily Lamm,"A whimsical and magical children's story based on Enid Blyton's classic universe, following beloved characters on enchanting adventures up the Faraway Tree.",ai
80,Doctor Who: Arc of Infinity,An action-packed novelization of the classic television science fiction serial featuring the Fifth Doctor confronting an ancient enemy in Amsterdam.,ai
80,Writing With Power: Techniques for Mastering the Writing Process,A classic writing guide by Peter Elbow offering practical strategies and psychological insights to help writers overcome blocks and refine their craft.,ai
80,A Writer's Time: Making the Time to Write,"A valuable productivity guide for writers by Kenneth Atchity providing tactical frameworks for managing time, focus, and creative energy.",ai
80,The Smiths of Penrith,"A detailed historical and genealogical study chronicling the heritage, lineage, and lives of the Smith family from Penrith.",ai
80,Never,"A sweeping, high-stakes geopolitical thriller by Ken Follett exploring how a series of global crises could inadvertently push the world toward an unthinkable global war.",ai
80,The Invincible,"A philosophical and artistic exploration by Nicholas Roerich highlighting spiritual resilience, cultural preservation, and human endurance.",ai
80,How to Be a Fascist: A Manual,A provocative and razor-sharp satirical guide by Michela Murgia exposing the mechanics of authoritarianism and modern political manipulation.,ai
80,Nine-Patch Revolution: 20 Modern Quilt Projects,A creative quilting book featuring twenty contemporary pattern variations and innovative project designs based on the traditional nine-patch block.,ai
80,"You Can't Spell Truth Without Ruth: An Unauthorized Collection of Witty and Wise Quotes from the Queen of Supreme, Ruth Bader Ginsburg","An inspiring tribute book collecting memorable, witty, and powerful quotes from Supreme Court Justice Ruth Bader Ginsburg on law, equality, and life.",ai
80,More Magic For You,"A fascinating instructional magic guide by master illusionist P.C. Sorcar detailing classic stage tricks, sleight of hand, and performance techniques.",ai
80,The Blazing World,"A complex and intellectually rich contemporary novel by Siri Hustvedt exploring identity, gender politics, and the art world through the writings of an overlooked female artist.",ai
80,The Lincoln Motorcar Sixty Years of Excellence,"A comprehensive automotive history book detailing sixty years of luxury engineering, design evolution, and cultural legacy of Lincoln automobiles.",ai
80,Maya's Notebook,A gripping and atmospheric novel by Isabel Allende following a young runaway woman seeking refuge and redemption on a remote Chilean island.,ai
80,The Discourses of Epictetus,"A foundational Stoic philosophy text capturing the profound teachings of Epictetus on personal freedom, logic, and emotional resilience.",ai
80,Das Kapital,"A monumental economic and political treatise by Karl Marx analyzing the critique of capitalism, commodity production, and class struggle.",ai
80,Fundamentals of psychology,"An accessible educational textbook introducing foundational psychological theories, human behavior, cognitive development, and scientific research methods.",ai
80,The Virginia Experience,"An educational history and social studies book introducing young readers to the rich culture, historic landmarks, and heritage of Virginia.",ai
80,Double Indemnity,A quintessential noir crime novella by James M. Cain chronicling a doomed insurance agent entangled in an illicit affair and a murderous plot.,ai
80,The New Writer's Handbook 2007: A Practical Anthology of Best Advice for Your Craft and Career,"A comprehensive writer's guide featuring expert essays and practical advice on publishing, creative techniques, and navigating the literary industry.",ai
80,The Sum of Our Days: A Memoir,"A deeply personal and moving memoir by Isabel Allende recounting her family's triumphs, tragedies, and life lessons over a turbulent decade.",ai
80,The Catcher in the Rye,A classic coming-of-age novel by J. D. Salinger following the cynical and disillusioned teenager Holden Caulfield as he navigates alienation in New York City.,ai
80,New Vanguard 80: Chieftain Main Battle Tank 1965-2003,"A detailed military history book examining the design, combat deployment, and operational history of the British Chieftain main battle tank.",ai
80,Andrew Carnegie and the Age of Steel,An insightful historical biography exploring the rise of the American steel industry and industrialist Andrew Carnegie's profound economic impact.,ai
80,Unlock Your Creative Genius,A self-help guide offering psychological tools and cognitive strategies to overcome mental barriers and maximize personal creative potential.,ai
80,Club Dead,An entertaining urban fantasy novel by Charlaine Harris featuring telepathic cocktail waitress Sookie Stackhouse investigating supernatural disappearances at a vampire resort.,ai
80,The Writer's Sourcebook: From Writing Blocks to Writing Blockbusters,A creative writing guide utilizing depth psychology and therapeutic writing techniques to help authors conquer creative blocks and draft compelling stories.,ai
80,Toxic Feedback: Helping Writers Survive and Thrive,"A supportive guide for writers offering practical advice on how to receive, process, and benefit from editorial critique without losing creative confidence.",ai
80,The Muses Among Us: Eloquent Listening and Other Pleasures of the Writer's Craft,"A reflective and inspiring book on writing by Kim Robert Stafford celebrating the deep connections between listening, storytelling, and the creative life.",ai
80,Motivate Your Writing!: Using Motivational Psychology to Energize Your Writing Life,"A productivity handbook applying principles of behavioral psychology to help writers sustain motivation, build habits, and complete their projects.",ai
80,Silence,"A profound and haunting historical novel by Shusaku Endo exploring faith, persecution, and religious martyrdom among Jesuit missionaries in 17th-century Japan.",ai
626,Goldilocks and the Three Bears,A delightful and humorous children's picture book adaptation by James Marshall of the classic fairy tale featuring a mischievous young girl and a family of bears.,ai
626,Seek A guided Journey through the Old Testament,"An engaging spiritual study guide designed to help readers navigate and comprehend the historical, prophetic, and poetic texts of the Old Testament.",ai
626,HEATWAVE,"A high-stakes, action-packed suspense thriller featuring intense plot twists, gripping criminal investigations, and dramatic moments of danger.",ai
626,Luke's Gospel,A thorough and scholarly biblical commentary by Richard C.H. Lenski providing deep theological analysis and historical context for the Gospel of Luke.,ai
626,Ambulance - lift the giant flap book,An interactive and entertaining children's novelty book featuring large lift-the-flaps that reveal the inner workings and emergency gear inside a city ambulance.,ai
626,"Insight: The Surprising Truth About How Others See Us, How We See Ourselves, and Why the Answers Matter More Than We Think","An eye-opening organizational psychology book by Tasha Eurich exploring the mechanics of self-awareness, leadership, and emotional intelligence in modern life.",ai
626,Das Kantatenwerk/Complete Cantatas,A monumental classical musical collection presenting the complete sacred and secular cantatas composed by Johann Sebastian Bach across his prolific career.,ai
626,Piano sonatas no. 13–20,A classical music score compilation featuring Ludwig van Beethoven's expressive and technically demanding mid-career piano sonatas.,ai
626,The Gingerbread Man,An accessible and engaging early reader fairy tale adaptation by Mairi Mackinnon recounting the classic runaway baking adventure with vibrant illustrations.,ai
626,A Song of Peace,A sublime choral music composition by C. Villiers Stanford offering traditional harmonies and lyrical arrangements designed for uplifting sacred performances.,ai
626,Carte Blanche,A thrilling contemporary espionage novel by Jeffrey Deaver featuring iconic secret agent James Bond operating in a high-stakes modern international landscape.,ai
626,Mozart : Requiem,"A dramatic and haunting classical choral recording of Wolfgang Amadeus Mozart's final masterwork, renowned for its spiritual depth and powerful orchestration.",ai
626,Breathtaking Noses,A charming and unusual photographic picture book by Hana Machotka exploring the fascinating variety and adaptive functions of animal noses.,ai
626,The Oxford Handbook of Biblical Studies,"An exhaustive academic reference volume edited by J. W. Rogerson surveying modern scholarly methodologies, historical backgrounds, and critical interpretations of the Bible.",ai
626,Tearing Down the Kingdome,An engaging early reader literacy book by Ann Bingham following imaginative characters through an adventurous story designed to build reading skills.,ai
626,The White Tiger,"A darkly humorous and gripping debut novel by Aravind Adiga chronicling an ambitious driver's cynical, brilliant ascent from poverty to entrepreneurship in modern India.",ai
626,All Through the Week with Cat and Dog,A delightful early learning reader book by Rozanne Lanczak Williams introducing young children to days of the week through playful animal activities.,ai
626,Special Delivery,"A charming early reader story by Betty Brandt capturing the excitement, anticipation, and daily surprises of waiting for a special package to arrive.",ai
626,Tom Sawyer,An adapted classic literary edition of Mark Twain's beloved adventure novel detailing the mischievous boyhood escapades of Tom Sawyer along the Mississippi River.,ai
626,"Rags, Riches, and Real Success","A motivational business and personal finance guide by Dallen Peterson sharing principles of entrepreneurship, financial discipline, and achieving lasting career success.",ai
626,Counting to Tar Beach,A vibrant board book adaptation by Faith Ringgold encouraging young children to count objects while experiencing the whimsical magic of Harlem rooftops.,ai
626,The Sunday List of Dreams,A heartwarming contemporary fiction novel by Kris Radish following a group of spirited women as they embark on a journey of self-discovery and life-changing goals.,ai
626,Whispers in the Wind,"A poignant historical fiction novel by Al Lacy concluding the Orphan Trains Trilogy with powerful themes of faith, family restoration, and frontier perseverance.",ai
626,History and Prophecy: The Development of Late Judean Literary Traditions,"A rigorous theological study by Brian Peckham examining the historical evolution, composition, and prophetic literature of late Judean traditions.",ai
626,"Dinny Gordon, Senior","A classic young adult coming-of-age novel by Anne Emery exploring teenage romance, social dynamics, independence, and high school life.",ai
626,Subway,"A vibrant and rhythmic children's picture book by Anastasia Suen capturing the sights, sounds, and exciting underground journey of riding a city subway train.",ai
626,The Drummer Boys Battle,"A historical middle-grade fiction novel by Dave Jackson depicting courage, loyalty, and the turbulent realities of the American Civil War through young eyes.",ai
626,Healing of Memories,A compassionate Christian counseling and self-help book by David A. Seamands offering spiritual guidance to overcome emotional pain and past psychological trauma.,ai
626,Personal Finance,"A comprehensive educational textbook by Jack Kapoor providing practical strategies for budgeting, investing, tax planning, and managing individual financial assets.",ai
626,TONKA: If I Could Drive a LOADER!,"A fun-filled children's construction book by Michael Teitelbaum featuring heavy machinery, exciting engineering action, and imaginative play with Tonka loaders.",ai
879,Mississippi Bridge,A powerful and moving historical fiction novel by Mildred D. Taylor exploring racial tensions and courage in the segregated American South.,ai
879,"On Tyranny, Graphic Edition: Twenty Lessons from the Twentieth Century",A visually striking graphic adaptation of Timothy Snyder's essential political book offering critical lessons on resisting authoritarianism and defending democracy.,ai
879,Spanish Song of the Renaissance,"A brilliant classical music collection featuring vibrant, historically authentic vocal and instrumental performances of early Spanish Renaissance compositions.",ai
879,Commando 879 TOP BOMBER,"A fast-paced digest-sized British war comic book presenting a thrilling historical tale of aerial combat, strategic bombing missions, and military heroism.",ai
879,Symphonie No. 25 g-Moll (K.V. 183),"A classical music orchestral score of Wolfgang Amadeus Mozart's dramatic and intense early symphony in G minor, renowned for its Sturm und Drang energy.",ai
879,The Milk Underground,"A poignant and striking poetry collection by Ronny Someck exploring urban life, social struggles, and emotional resilience through vivid imagery.",ai
879,4 Dogs In A Truck,A delightful and playful children's picture book by Wendy Straw following a group of adventurous dogs on a fun-filled road trip.,ai
879,The Great Litany,A traditional liturgical music composition providing solemn and reverent choral settings for congregational prayer and Anglican worship services.,ai
879,The Summer without Men,"A sharp, witty, and emotionally resonant contemporary novel by Siri Hustvedt examining female identity, marriage, and aging during a summer away.",ai
879,Damage,"A high-stakes legal thriller novel by John Lescroart featuring complex courtroom drama, compelling characters, and intricate criminal investigations.",ai
879,The Swiss Family Robinson,An adapted classic adventure novel by J.R. Wyss detailing the resourcefulness and survival of a shipwrecked family on a deserted tropical island.,ai
879,The Lost Symbol,"A fast-paced conspiracy thriller novel by Dan Brown following symbologist Robert Langdon as he decodes ancient secrets hidden within Washington, D.C.",ai
879,Tar Pit Murders,"A suspenseful mystery novel featuring thrilling criminal investigations, forensic clues, and dangerous plots surrounding prehistoric fossil sites.",ai
879,Strategies for Sustainable Architecture,"An architectural technical guide by Paola Sassi examining eco-friendly design principles, resource efficiency, and sustainable building technologies.",ai
879,Contemporary Israeli Literature,"A rich literary anthology edited by Elliott Anderson showcasing diverse modern voices, short stories, and poetry from Israeli writers.",ai
879,Everybody Feels... Happy,"A gentle and engaging children's educational book by Jane Bingham helping young readers understand, identify, and express positive emotional states.",ai
879,Jo Ann and the Surprise Party,"A charming early reader children's story by Marcia Leonard focusing on friendship, planning secrets, and the excitement of celebrating a birthday party.",ai
879,The American West: An Illustrated History,"A comprehensive historical non-fiction book by Liz Sonneborn chronicling the exploration, expansion, culture, and mythos of the American frontier.",ai
879,Killer Smile,"A gritty legal thriller novel by Lisa Scottoline featuring smart dialogue, Pennsylvania courtroom drama, and a determined female defense attorney.",ai
879,The Secret Garden,A beloved classic children's novel by Frances Hodgson Burnett telling the transformative story of an orphaned girl who restores a neglected secret garden.,ai
879,The Most Beautiful Villages of Greece,"A visually stunning travel book by Mark Ottaway capturing the timeless architecture, scenic landscapes, and local charm of traditional Greek villages.",ai
879,102 Dalmatians,A fun-filled Disney junior novelization following mischievous spotted puppies and their clever animal friends as they outwit classic villains.,ai
879,Living Dead in Dallas,An entertaining urban fantasy novel by Charlaine Harris following telepathic waitress Sookie Stackhouse into dangerous vampire politics in Texas.,ai
879,Science Vocabulary Readers: Fantastic Bats,"An educational early reader science book by Justin McCory Martin introducing children to the fascinating traits, habitats, and behaviors of bats.",ai
879,Cezanne Landscapes,An exquisite art history book by John Rewald examining the revolutionary post-impressionist landscape paintings and techniques of Paul Cézanne.,ai
879,Who Lives In The Arctic?,An accessible science emergent reader book by Susan Canizares introducing young children to unique animals adapted for survival in the freezing Arctic.,ai
879,Classroom Peanuts,"A delightful collection of comic strips by Charles M. Schulz highlighting school days, humor, and classic philosophical moments with Charlie Brown and friends.",ai
879,Promise at Midnight,"A romantic fiction novel by Lilian Peake exploring complex emotional relationships, personal dilemmas, and unexpected twists of fate.",ai
879,A Different Beat,"A touching middle-grade coming-of-age novel by Candy Dawson Boyd focusing on young adult identity, academic pressure, and personal growth.",ai
879,Ancient Egyptian Design Coloring Book,"A creative and educational coloring book by Ed Sibbett Jr. featuring authentic historical motifs, hieroglyphs, and art inspired by ancient Egypt.",ai
845,The Little Red Lighthouse and the Great Gray Bridge,A classic and beloved children's picture book by Hildegarde H. Swift celebrating the enduring importance of small things against towering modern engineering marvels.,ai
845,What's That Noise?,"An interactive and playful children's book by Isabel Minhós Martins encouraging young readers to explore ambient sounds, imagination, and sensory awareness.",ai
845,The Exemplary Husband: A Biblical Perspective,A practical Christian guidebook by Dr. Stuart Scott offering scriptural principles and character traits for husbands seeking to honor God in marriage.,ai
845,An Interpretation of the English Bible Vol 3,"A comprehensive theological study volume by B. H. Carroll providing deep scholarly commentary, historical background, and scriptural exegesis of the Bible.",ai
845,Commando 845 TEN TOUGH PARATROOPERS,A fast-paced digest-sized British war comic book presenting a thrilling military action narrative about elite paratroopers on a high-risk combat mission.,ai
845,As If Women Matter: The Essential Gloria Steinem Reader,"A powerful essay collection by feminist icon Gloria Steinem chronicling decades of activism, social justice, and women's liberation movements.",ai
845,Easter Service Music,A traditional liturgical music compilation offering solemn and uplifting choral and organ arrangements designed for Christian Easter worship celebrations.,ai
845,The Meaning of Marriage: Facing the Complexities of Commitment with the Wisdom of God,"A profound theological exploration of marriage by Timothy Keller examining divine design, commitment, and personal transformation through Christian faith.",ai
845,What Did You Expect?: Redeeming the Realities of Marriage,A thoughtful Christian marriage counseling book by Paul David Tripp helping couples navigate unmet expectations and apply grace to everyday conflicts.,ai
845,In Defense of Thomas Jefferson: The Sally Hemings Sex Scandal,A historical analysis book by William G. Hyland Jr. reexamining the complex evidence surrounding Thomas Jefferson and Sally Hemings.,ai
845,This Momentary Marriage: A Parable of Permanence,A spiritually uplifting book by John Piper exploring the theological purpose of marriage as a reflection of Christ's eternal covenant with the church.,ai
845,The Global Spread Of Arms: Political Economy Of International Security,"A scholarly international relations book by Frederic S. Pearson analyzing the geopolitical, economic, and security implications of the global arms trade.",ai
845,"Selected from "" Fatherhood "" and "" Time Flies ""","A humorous and engaging literary selection featuring witty reflections on parenting, family life, and daily observations by Bill Cosby.",ai
845,Hot Mahogany,"A fast-paced mystery thriller novel by Stuart Woods featuring sharp dialogue, high society intrigue, and complex investigations handled by Stone Barrington.",ai
845,The Oxford Handbook of Biblical Studies,"An exhaustive academic reference text edited by J. W. Rogerson surveying modern scholarly approaches, historical backgrounds, and critical biblical interpretations.",ai
845,Think Like an Architect,"A creative design guide by Hal Box introducing architectural thinking, spatial awareness, and problem-solving methodologies for aspiring builders and designers.",ai
845,Buckingham Palace Gardens,"A gripping Victorian mystery novel by Anne Perry featuring intricate plots, royal secrets, and atmospheric detective work in late 19th-century London.",ai
845,"The Law; or, Still in Pursuit","A satirical and clever bureaucratic novel by C. Northcote Parkinson exploring organizational behavior, legal systems, and human ambition.",ai
845,Messa Di Gloria: SATB,A magnificent sacred choral composition by Giacomo Puccini featuring rich orchestral accompaniment and sublime vocal arrangements for traditional mass services.,ai
845,"When Sinners Say ""I Do"": Discovering the Power of the Gospel for Marriage",A Christian marital guide by Dave Harvey emphasizing how understanding personal sin and divine grace transforms daily marital relationships.,ai
845,"Observation Hives: How to Set up, Maintain and Use a Window to the World of Honey Bees",A practical beekeeping manual by Tom Webster detailing the construction and management of observation hives for studying honeybee behavior.,ai
845,Loving Libby,"A heartwarming inspirational romance novel by Robin Lee Hatcher exploring themes of faith, forgiveness, and unexpected love in a charming small town.",ai
845,The Marriage of Loti,"An exotic 19th-century romantic novel by Pierre Loti capturing colonial-era cultural encounters, passionate love, and tragic separation in Tahiti.",ai
845,Love That Lasts: When Marriage Meets Grace,A practical Christian marriage book by Gary and Betsy Ricucci offering biblical insights on building a Christ-centered relationship anchored in grace.,ai
845,Rock Crystal,A classic and atmospheric Austrian novella by Adalbert Stifter depicting two children lost in a freezing mountain snowstorm during Christmas eve.,ai
845,Million Dollar Baby,"A poignant and gritty cinematic tie-in or dramatic fiction highlighting the intense emotional stakes, boxing culture, and complex human resilience.",ai
845,Lasting Love: How to Avoid Marital Failure,A pastoral advice book by Alistair Begg providing timeless biblical strategies and relational principles to safeguard marriage against common pitfalls.,ai
845,Junior High Ministry,"A practical youth ministry resource guide by Wayne Rice offering creative programming ideas, leadership strategies, and counseling tips for adolescents.",ai
845,Civil Procedure: A Modern Approach,"A comprehensive legal textbook by Richard L. Marcus analyzing federal rules, jurisdictional frameworks, and judicial procedures governing modern civil litigation.",ai
845,"Wizard: Alex Ross, Millennium Edition","A stunning art collection celebrating the visionary comic book illustrations, hyper-realistic paintings, and iconic superhero designs of Alex Ross.",ai
59,"Paper brigade: Vol 2, 2018/5778","An engaging cultural and literary journal published by the Jewish Book Council featuring contemporary fiction, reviews, and essays on Jewish culture.",ai
59,Doctor Who and the Stones of Blood,An action-packed novelization of the classic television science fiction serial featuring the Fourth Doctor confronting ancient silicon-based entities on Earth.,ai
59,AniMalcolm,A hilarious and imaginative children's novel by David Baddiel about a boy who dislikes animals and magically transforms into various creatures.,ai
59,Paper Brigade: Vol. 1 2017/5777,"The inaugural issue of the Jewish Book Council's vibrant publication exploring modern Jewish literature, arts, history, and cultural criticism.",ai
59,Modern Selvage Quilting: Easy-Sew Methods • 17 Projects Small to Large,A creative quilting guide by Riel Nason showing crafters how to transform colorful fabric selvages into seventeen modern and functional sewing projects.,ai
59,Handy pottery: projects & techiques,A practical instructional guide providing step-by-step techniques and creative project ideas for working with clay and pottery making.,ai
59,Modern Romance: An Investigation,A humorous and sociological investigation into modern dating and courtship by comedian Aziz Ansari alongside sociologist Eric Klinenberg.,ai
59,Tricks With Hats & Eggs,A classic stage magic instruction manual by Professor Hoffmann detailing sleight-of-hand tricks and illusion performances involving everyday hats and eggs.,ai
59,Main Street / Babbitt,"A definitive omnibus collection of Sinclair Lewis's biting satirical novels examining provincial American life, conformity, and middle-class hypocrisy.",ai
59,Frontier Stories: The Strong Shall Live / Buckskin Run / War Party,A rugged collection of classic Western frontier tales by master storyteller Louis L'Amour capturing the danger and hardship of early American expansion.,ai
59,Chicken Soup for the Soul: Woman to Woman,"An uplifting collection of inspiring real-life stories compiled by Jack Canfield celebrating female friendship, resilience, and shared life experiences.",ai
59,"Phillips, Phoebe Australian Flower Garden Plann","A comprehensive horticultural planning guide offering expert advice on cultivating beautiful, resilient Australian flower gardens across diverse seasonal climates.",ai
59,Louis L'Amour: Four Complete Novels- The Tall Stranger / Kilkenny / Hondo / Showdown at Yellow Butte,"An expansive compilation of four complete Western novels by Louis L'Amour featuring legendary outlaws, lawmen, and frontier survivors.",ai
59,The Story of San Francisco,"A captivating historical non-fiction book by Charlotte E. Cobden Jackson charting the dramatic growth, gold rush origins, and rebuilding of San Francisco.",ai
59,Harry Potter and the Sorcerer's Stone,A magical coming-of-age fantasy novel by J. K. Rowling introducing an orphaned boy who discovers he is a wizard and attends Hogwarts School.,ai
59,I'll Be Seeing You,A tense suspense thriller novel by Mary Higgins Clark following a television journalist investigating a series of chilling mysteries and stolen identities.,ai
59,The Forger: An Extraordinary Story of Survival in Wartime Berlin,A harrowing and remarkable memoir by Cioma Schonhaus detailing his dangerous underground survival using forged identity papers in Nazi Berlin.,ai
59,Harry Potter and the Prisoner of Azkaban,The thrilling third installment of J. K. Rowling's fantasy series following Harry Potter's encounters with dark escaped convicts and soul-sucking Dementors at Hogwarts.,ai
59,"Walden; or, Life in the Woods","A philosophical masterpiece by Henry David Thoreau chronicling his reflective two-year experiment in simple, self-reliant living near Concord, Massachusetts.",ai
59,Antique Automobiles,"A richly illustrated automotive history book by Anthony Bird exploring the pioneering engineering, design evolution, and classic beauty of vintage cars.",ai
59,Roe v. Wade,An objective legal and historical overview by Deborah S. Romaine analyzing the landmark Supreme Court ruling on abortion rights and reproductive freedom.,ai
59,German E-boats 1939-45,"A detailed military history book by Gordon Williamson examining the design, tactics, and operational combat record of Nazi Germany's fast attack craft.",ai
59,Vittoria 1813: Wellington Sweeps the French from Spain,A focused military history study by Ian Fletcher detailing the decisive Napoleonic Wars campaign and Allied victory at the Battle of Vitoria.,ai
59,"German Infantryman (1), 1933–40","An illustrated military history guide by David Westwood detailing the uniforms, equipment, training, and early doctrine of German infantry soldiers.",ai
59,Quaker Strongholds,"A reflective spiritual exploration by Caroline Emelia Stephen outlining the foundational beliefs, practices, and peaceful philosophy of the Religious Society of Friends.",ai
59,Living with Art,"A comprehensive art appreciation textbook by Mark Getlein introducing readers to global artistic mediums, historical contexts, and visual analysis principles.",ai
59,The Lake House,"A suspenseful romance thriller novel by James Patterson featuring grief, hidden secrets, and a psychological cat-and-mouse game in a remote lakeside setting.",ai
59,"Progress, coexistence, and intellectual freedom","A landmark political essay by Soviet dissident Andrei D. Sakharov advocating for human rights, nuclear disarmament, and democratic reform during the Cold War.",ai
59,Harry Potter and the Chamber of Secrets,A spellbinding fantasy novel by J. K. Rowling following Harry Potter's second year at Hogwarts as he investigates a mysterious hidden chamber.,ai
59,Bumposaurus,A delightful children's picture book by Penny McKinlay telling the endearing story of a clumsy dinosaur who learns to embrace his unique traits.,ai
773,Mom I'll Stop Crying If You Stop Crying: A Courageous Battle Against A Deadly Disease,"An emotional and inspiring personal memoir detailing a family's resilient struggle, strength, and hope while confronting a life-threatening illness.",ai
773,Andy Church Mouse and the Butterfly,A charming and gentle children's picture book following a curious church mouse as he discovers nature's wonders through a playful encounter with a butterfly.,ai
773,Institutional Racism in America,"A foundational sociological study examining the deep-seated systemic discrimination, structural inequalities, and racial injustices embedded across American social institutions.",ai
773,Propers for All Souls' Day,A traditional liturgical music compilation providing solemn and reverent choral settings designed for Christian memorial services and All Souls' Day liturgies.,ai
773,I'm Not Ready!,"A delightful children's picture book featuring a stubborn little owl who hilariously delays bedtime, capturing relatable toddler behaviors and parental patience.",ai
773,"Connecticut Jewish History: Volume 2, Number 1, Fall 1991","A regional historical journal chronicling the rich heritage, community development, and historical milestones of Jewish populations across Connecticut.",ai
773,"Piano Concerto No. 3 in E major, Sz. 119, BB 127","A classical music orchestral score featuring Béla Bartók's brilliant, lyrical, and harmonically rich final piano concerto composed near the end of his life.",ai
773,Tooling,"An innovative architectural and design publication exploring the intersection of digital fabrication tools, geometry, and modern construction techniques.",ai
773,The Chicken Noodle Souper Bowl,A whimsical and humorous children's story blending sports fun with comforting food themes in an imaginative stadium setting.,ai
773,The Beach House,"A heartwarming contemporary fiction novel by Jane Green exploring complex family relationships, forgiveness, and new beginnings at a coastal retreat.",ai
773,"Dogmatic Theology, Volume 2B","A comprehensive and rigorous theological treatise by William G. T. Shedd examining foundational Christian doctrines, sin, and systematic redemption.",ai
773,Rome & the Vatican,"A detailed and visually engaging travel guide book offering historical insights, maps, and descriptions of major cultural landmarks in Rome and the Vatican.",ai
773,The great opportunity of the Sunday school,"An inspirational educational guide highlighting the vital role of Sunday schools in spiritual formation, youth mentorship, and community ministry.",ai
773,"Pearls, Girls and Monty Bodkin / Bachelors Anonymous","A witty comedic omnibus featuring classic P. G. Wodehouse stories filled with eccentric aristocrats, romantic entanglements, and humorous mishaps.",ai
773,Divide the Wind,"A captivating historical romance and frontier fiction novel depicting pioneer survival, emotional conflict, and enduring love in the American West.",ai
773,History and Prophecy: The Development of Late Judean Literary Traditions,"A scholarly theological text by Brian Peckham examining the historical evolution, composition, and prophetic literature of late Judean traditions.",ai
773,Hush! A Thai Lullaby,A gentle and rhythmic children's picture book by Minfong Ho featuring a mother asking various jungle animals to keep quiet so her baby can sleep.,ai
773,The Search for God at Harvard,A thought-provoking spiritual memoir and journalistic exploration by Ari L. Goldman investigating how college students navigate faith and religion at a secular university.,ai
773,Licence to Kill,"A fast-paced, high-stakes James Bond espionage thriller novel by John Gardner following 007 on a dangerous mission of vengeance and international crime.",ai
773,White Rabbit's Color Book,A bright and engaging early learning children's book by Alan Baker teaching young readers about primary colors and mixing through a playful rabbit's adventures.,ai
773,Three Little Kittens,"A classic nursery rhyme picture book illustrated by Paul Galdone following three mischievous kittens who lose, wash, and find their mittens.",ai
773,Shakespeare in Performance,"A critical theatrical study by Keith Parsons analyzing how various directors, actors, and historical eras have interpreted and staged Shakespeare's timeless plays.",ai
773,Ashworth Hall,"A gripping Victorian mystery novel by Anne Perry featuring intricate political plots, social intrigue, and atmospheric detective work in late 19th-century England.",ai
773,Ghost Canoe,"A suspenseful middle-grade mystery novel by Will Hobbs combining Pacific Northwest history, maritime danger, and an eerie indigenous canoe legend.",ai
773,The Hope Within,"A touching historical inspirational romance novel by Tracie Peterson exploring faith, community building, and healing hearts in the American frontier.",ai
773,The Pirate Coast,A thrilling historical non-fiction book by Richard Zacks recounting America's first war against Mediterranean pirates and the daring mission to rescue captured sailors.,ai
773,Schoolhouse Mystery,A classic mystery novel by Gertrude Chandler Warner following the Boxcar Children as they investigate unusual clues during an adventurous summer on an island.,ai
773,The Family Nobody Wanted,A heartwarming and autobiographical memoir by Helen Doss chronicling her family's extraordinary journey of adopting twelve children of diverse multi-ethnic backgrounds.,ai
773,Criminal Law and Its Processes: Cases and Materials,"A comprehensive academic law textbook by Sanford H. Kadish analyzing foundational legal principles, judicial processes, and criminal jurisprudence.",ai
773,The Complete Peanuts: 1953-1954 Dailies & Sundays,A delightful comic strip collection gathering Charles M. Schulz's beloved Peanuts newspaper strips showcasing early adventures of Charlie Brown and Snoopy.,ai
991,Journey to the Bright Kingdom,A magical and enchanting fantasy novel by Elizabeth Winthrop following a brave young girl who ventures into a shadow world to rescue her mother's sight.,ai
991,Greatest of These...Devotions in Poetry and Prayer,"A thoughtful and inspiring spiritual collection by Jane Merchant combining heartfelt Christian poetry, scripture reflections, and daily devotional prayers.",ai
991,The Virgin Mary Had a Baby Boy: Carol from the West Indies,A vibrant and festive choral arrangement by Brian Trant celebrating traditional Caribbean Christmas carol melodies with joyful and rhythmic vocal harmonies.,ai
991,Federal Individual Income Tax: With Commentary 2008-2009,"A comprehensive legal and tax reference resource providing detailed commentary, regulations, and analysis of federal individual income tax provisions.",ai
991,Red Velvet Cupcake Murder,A charming and cozy culinary mystery novel by Joanne Fluke featuring small-town sleuth Hannah Swensen solving crimes while baking delicious treats.,ai
991,Jacqueline Kennedy: Historic Conversations on Life with John F. Kennedy,"A fascinating historical transcript collection featuring intimate interviews with Jacqueline Onassis reflecting on her life, marriage, and White House years.",ai
991,How Did That Get in My Lunchbox?: The Story of Food,An engaging educational children's book by Chris Butterworth explaining the agricultural origins and journey of everyday foods from farm to table.,ai
991,Chinese Chrysanthemums,"A specialized horticultural and botanical study book documenting the history, cultivation varieties, and cultural significance of chrysanthemums in China.",ai
991,The Beeman,A delightful children's picture book by Laurie Krebs introducing young readers to the fascinating world of beekeeping through a grandfather and grandchild.,ai
991,"1,000 Restaurant Bar and Cafe Graphics: From Signage to Logos and Everything in Between","A visual design inspiration book by Luke Herriott showcasing creative branding, signage, menu designs, and visual identities for hospitality spaces.",ai
991,We Love Fall!,"A bright and cheerful seasonal children's book by Diane Muldrow celebrating autumn weather, falling leaves, outdoor fun, and harvest activities.",ai
991,You Hold Me And I'll Hold You,"A poignant and tender children's picture book by Jo Carson exploring themes of comfort, emotional support, and reassurance during difficult moments.",ai
991,The Battlefields of England,"A meticulous military history study by A.H. Burne analyzing tactical strategies, geography, and troop movements across major historic English battlefields.",ai
991,The Daydreamer,A whimsical and imaginative middle-grade novel by Ian McEwan following a young boy's extraordinary daydreams and boundary-pushing childhood adventures.,ai
991,The art of hunting,"A comprehensive outdoor and sporting guide by Norman Strung offering practical tips, tracking techniques, and insights into wildlife behavior and hunting skills.",ai
991,Better Homes and Gardens Decorating Ideas Under $100,"A practical home interior design guide featuring budget-friendly DIY projects, creative decor tips, and stylish makeover ideas for living spaces.",ai
991,What to Expect: Eating Well When You're Expecting,"An essential nutritional guide by Heidi Murkoff providing healthy dietary advice, recipes, and wellness tips for mothers during pregnancy.",ai
991,When I'm Feeling Angry,"A gentle and empathetic children's emotional education book by Trace Moroney helping young readers identify, understand, and manage feelings of anger.",ai
991,On Historical and Political Knowing: An Inquiry into Some Problems of Law and Human Freedom,"A scholarly philosophical treatise by Morton A. Kaplan exploring epistemology, political science, legal frameworks, and the nature of human freedom.",ai
991,A History of Preaching: Volume One,A rigorous theological and historical reference work by Edwin Charles Dargan tracing the evolution and impact of Christian sermon delivery from ancient times.,ai
991,The Abingdon Bible Commentary,A comprehensive scholarly biblical reference volume edited by Frederick Carl Eiselen providing verse-by-verse commentary and historical context for scriptures.,ai
991,Let us draw nigh: Meditations on Hebrews X : 19-25,"A devotional Christian commentary by Andrew Murray offering deep spiritual reflections on faith, grace, and communion with God based on the book of Hebrews.",ai
991,Geronimo: His Own Story: The Autobiography of a Great Patriot Warrior,"A powerful historical memoir dictated by the legendary Apache leader Geronimo detailing his life, resistance, and the struggles of his people.",ai
991,The Threepenny Opera,"A sharp and satirical musical drama masterpiece by Bertolt Brecht critiquing capitalism, bourgeois morality, and societal corruption through memorable songs.",ai
991,Death à L'Orange,"A lighthearted culinary mystery novel by Nancy Fairbanks featuring gourmet food recipes, international intrigue, and amateur sleuthing.",ai
991,The Postcard,"A touching Amish romance novel by Beverly Lewis exploring faith, family secrets, forgiveness, and unexpected love in a traditional community.",ai
991,Five Go Off in a Caravan,A classic adventure mystery novel by Enid Blyton following the Famous Five children as they embark on an exciting holiday in horse-drawn caravans.,ai
991,Before I Say Good-Bye,A suspenseful thriller novel by Mary Higgins Clark following a young woman investigating the suspicious death of her wealthy architect husband.,ai
991,Still Life with Crows,A gripping thriller novel by Douglas Preston and Lincoln Child featuring special agent Pendergast investigating ritualistic murders in a remote Kansas town.,ai
991,"Happy Birthday, Dear Beany","A classic family and youth novel by Lenora Mattingly Weber capturing the humorous daily trials, growth, and teenage milestones of Beany Malone.",ai
877,Mufaro's Beautiful Daughters: An African Tale,A Caldecott Honor-winning picture book by John Steptoe retelling a traditional African folktale about two sisters whose contrasting characters determine their fates.,ai
877,12 Rules for Life: An Antidote to Chaos,"A widely read self-help book by psychologist Jordan B. Peterson offering profound philosophical insights, practical rules, and psychological principles for living a meaningful life.",ai
877,"Sonatas For Violin And Piano, Vol IIl",A classical music collection featuring Wolfgang Amadeus Mozart's exquisite and expressive late-career sonatas composed for violin and piano.,ai
877,Ghosts: A Graphic Novel,"A touching and acclaimed graphic novel by Raina Telgemeier exploring family, illness, culture, and bravery through the story of two sisters moving to a coastal town.",ai
877,Commando 877 KILLER IN A KITTYHAWK,A fast-paced digest-sized British war comic book presenting a thrilling historical tale of aerial dogfights and military combat piloting Kittyhawk fighters.,ai
877,Unintended Consequences,"A suspenseful political and legal thriller novel by Stuart Woods featuring high-stakes intrigue, complex investigations, and dangerous criminal conspiracies.",ai
877,Christian Spirituality: Five Views of Sanctification,A comprehensive theological volume edited by Donald Alexander comparing and analyzing five distinct Protestant perspectives on spiritual formation and sanctification.,ai
877,The Lady in the Palazzo: At Home in Umbria,"A charming and evocative memoir by Marlena de Blasi recounting her experiences, local culture, and life-changing romance while restoring an ancient home in Italy.",ai
877,Stay Cool: A Design Guide for the Built Environment in Hot Climates,An architectural technical manual by Holger Koch-Nielsen outlining passive cooling strategies and sustainable building designs for hot geographic regions.,ai
877,One Shall Chase a Thousand,An inspiring missionary biography and Christian adventure book by Barbara Hibschman detailing courageous faith and overseas service in remote regions.,ai
877,Fergus's Big Splash,A charming and humorous children's picture book by Tony Maddox following a lovable character as he navigates watery adventures and fun outdoor play.,ai
877,The Faithful Rebel,"A classic romantic fiction novel by Margaret Malcolm exploring complex emotional choices, personal independence, and unexpected twists of romance.",ai
877,Noah and the Great Flood,A beautifully illustrated Caldecott-winning children's picture book by Mordicai Gerstein retelling the classic biblical story of the ark and the global flood.,ai
877,How Starbucks Saved My Life,A deeply moving and inspirational memoir by Michael Gates Gill recounting how a corporate executive found personal redemption and humility working at Starbucks.,ai
877,Mickey and Goofy Down Under: An Adventure in Australia,A fun-filled Disney comic adventure novel following Mickey Mouse and Goofy as they explore the unique landscapes and wildlife of Australia.,ai
877,"A Girl's Guide to Life: The Real Dish on Growing Up, Being True, and Making Your Teen Years Fabulous!","An empowering and practical self-help guide by Katie Meier offering teenage girls advice on confidence, friendship, style, and navigating adolescence.",ai
877,This Big Sky,"A lyrical and beautifully illustrated children's poetry book by Pat Mora celebrating the natural wonders, landscapes, and daily life of the American Southwest.",ai
877,Old Testament characters: Bible study guide,"A structured educational biblical study guide by Charles R. Swindoll analyzing the lives, flaws, and spiritual lessons of major figures in the Old Testament.",ai
877,Seven Families in Pueblo Pottery,A culturally rich art history book by the Maxwell Museum of Anthropology examining traditional pottery-making techniques and family legacies in Pueblo communities.,ai
877,A Place To Hide: True Stories Of Holocaust Rescues,A poignant and heroic historical non-fiction book by Jayne Pettit recounting courageous true accounts of individuals who sheltered Jews during World War II.,ai
877,Marvel: Five Fabulous Decades of the World's Greatest Comics,"A comprehensive and visually stunning coffee-table book by Les Daniels celebrating the fifty-year history, creators, and legendary characters of Marvel Comics.",ai
877,Giggle Bugs: A Lift-and-Laugh Book,"An interactive and playful novelty pop-up book by David A. Carter featuring humorous bug characters, tactile elements, and delightful surprises on every page.",ai
877,Stellaluna,A beloved children's picture book by Janell Cannon telling the heartwarming story of a displaced baby bat adopted by a bird family and learning to embrace differences.,ai
877,Tarry Awhile,"A classic family-focused coming-of-age novel by Lenora Mattingly Weber exploring teenage responsibilities, moral choices, and personal growth in a warm domestic setting.",ai
877,"Flash, Crash, Rumble, and Roll","An engaging science-for-beginners book by Franklyn M. Branley explaining the meteorological causes of thunderstorms, lightning, and thunder in terms kids can understand.",ai
877,The Talismans of Shannara,"A sweeping epic fantasy novel by Terry Brooks concluding the Heritage of Shannara series with high-stakes magic, dangerous quests, and final battles against evil.",ai
877,Architectural Design Fundamentals,"A practical manual outlining basic drafting standards, spatial organization, and blueprint reading principles for building designers.",ai
877,Advanced Calculus and Applications,"A rigorous mathematical textbook exploring multivariate calculus, differential equations, and scientific problem-solving techniques.",ai
877,Principles of Modern Psychology,"A comprehensive academic study evaluating human behavioral patterns, neurological development, and cognitive testing methodologies.",ai
877,World Environmental History,An exhaustive scholarly overview analyzing how human societies have shaped and interacted with global ecosystems over centuries.,ai
